CountryName,CountryCode,SeriesName,SeriesCode,Domain,Year,Value
Brunei Darussalam,BRN,Individuals using the Internet (% of population),IT.NET.USER.ZS,Công nghệ & Hạ tầng số,2015,71.19999695
Brunei Darussalam,BRN,Individuals using the Internet (% of population),IT.NET.USER.ZS,Công nghệ & Hạ tầng số,2016,90.0
Brunei Darussalam,BRN,Individuals using the Internet (% of population),IT.NET.USER.ZS,Công nghệ & Hạ tầng số,2017,94.86669922
Brunei Darussalam,BRN,Individuals using the Internet (% of population),IT.NET.USER.ZS,Công nghệ & Hạ tầng số,2018,95.0
Brunei Darussalam,BRN,Individuals using the Internet (% of population),IT.NET.USER.ZS,Công nghệ & Hạ tầng số,2019,95.0
Brunei Darussalam,BRN,Individuals using the Internet (% of population),IT.NET.USER.ZS,Công nghệ & Hạ tầng số,2020,96.30549622
Brunei Darussalam,BRN,Individuals using the Internet (% of population),IT.NET.USER.ZS,Công nghệ & Hạ tầng số,2021,97.62879944
Brunei Darussalam,BRN,Individuals using the Internet (% of population),IT.NET.USER.ZS,Công nghệ & Hạ tầng số,2022,98.97042579
Brunei Darussalam,BRN,Individuals using the Internet (% of population),IT.NET.USER.ZS,Công nghệ & Hạ tầng số,2023,98.97039795
Brunei Darussalam,BRN,Individuals using the Internet (% of population),IT.NET.USER.ZS,Công nghệ & Hạ tầng số,2024,96.29828801
Brunei Darussalam,BRN,Individuals using the Internet (% of population),IT.NET.USER.ZS,Công nghệ & Hạ tầng số,2025,
Brunei Darussalam,BRN,Mobile cellular subscriptions (per 100 people),IT.CEL.SETS.P2,Công nghệ & Hạ tầng số,2015,109.7514992
Brunei Darussalam,BRN,Mobile cellular subscriptions (per 100 people),IT.CEL.SETS.P2,Công nghệ & Hạ tầng số,2016,122.426818
Brunei Darussalam,BRN,Mobile cellular subscriptions (per 100 people),IT.CEL.SETS.P2,Công nghệ & Hạ tầng số,2017,125.8704352
Brunei Darussalam,BRN,Mobile cellular subscriptions (per 100 people),IT.CEL.SETS.P2,Công nghệ & Hạ tầng số,2018,129.2681757
Brunei Darussalam,BRN,Mobile cellular subscriptions (per 100 people),IT.CEL.SETS.P2,Công nghệ & Hạ tầng số,2019,129.8452607
Brunei Darussalam,BRN,Mobile cellular subscriptions (per 100 people),IT.CEL.SETS.P2,Công nghệ & Hạ tầng số,2020,119.9338853
Brunei Darussalam,BRN,Mobile cellular subscriptions (per 100 people),IT.CEL.SETS.P2,Công nghệ & Hạ tầng số,2021,133.5970654
Brunei Darussalam,BRN,Mobile cellular subscriptions (per 100 people),IT.CEL.SETS.P2,Công nghệ & Hạ tầng số,2022,116.1084393
Brunei Darussalam,BRN,Mobile cellular subscriptions (per 100 people),IT.CEL.SETS.P2,Công nghệ & Hạ tầng số,2023,118.6737524
Brunei Darussalam,BRN,Mobile cellular subscriptions (per 100 people),IT.CEL.SETS.P2,Công nghệ & Hạ tầng số,2024,118.1305798
Brunei Darussalam,BRN,Mobile cellular subscriptions (per 100 people),IT.CEL.SETS.P2,Công nghệ & Hạ tầng số,2025,
Brunei Darussalam,BRN,Fixed broadband subscriptions (per 100 people),IT.NET.BBND.P2,Công nghệ & Hạ tầng số,2015,8.153486874
Brunei Darussalam,BRN,Fixed broadband subscriptions (per 100 people),IT.NET.BBND.P2,Công nghệ & Hạ tầng số,2016,8.447858098
Brunei Darussalam,BRN,Fixed broadband subscriptions (per 100 people),IT.NET.BBND.P2,Công nghệ & Hạ tầng số,2017,9.490447626
Brunei Darussalam,BRN,Fixed broadband subscriptions (per 100 people),IT.NET.BBND.P2,Công nghệ & Hạ tầng số,2018,11.29531075
Brunei Darussalam,BRN,Fixed broadband subscriptions (per 100 people),IT.NET.BBND.P2,Công nghệ & Hạ tầng số,2019,12.24247764
Brunei Darussalam,BRN,Fixed broadband subscriptions (per 100 people),IT.NET.BBND.P2,Công nghệ & Hạ tầng số,2020,15.88676006
Brunei Darussalam,BRN,Fixed broadband subscriptions (per 100 people),IT.NET.BBND.P2,Công nghệ & Hạ tầng số,2021,17.58098472
Brunei Darussalam,BRN,Fixed broadband subscriptions (per 100 people),IT.NET.BBND.P2,Công nghệ & Hạ tầng số,2022,19.80499374
Brunei Darussalam,BRN,Fixed broadband subscriptions (per 100 people),IT.NET.BBND.P2,Công nghệ & Hạ tầng số,2023,20.2120497
Brunei Darussalam,BRN,Fixed broadband subscriptions (per 100 people),IT.NET.BBND.P2,Công nghệ & Hạ tầng số,2024,21.17712401
Brunei Darussalam,BRN,Fixed broadband subscriptions (per 100 people),IT.NET.BBND.P2,Công nghệ & Hạ tầng số,2025,
Brunei Darussalam,BRN,Secure Internet servers (per 1 million people),IT.NET.SECR.P6,Công nghệ & Hạ tầng số,2015,563.6978579
Brunei Darussalam,BRN,Secure Internet servers (per 1 million people),IT.NET.SECR.P6,Công nghệ & Hạ tầng số,2016,601.0796045
Brunei Darussalam,BRN,Secure Internet servers (per 1 million people),IT.NET.SECR.P6,Công nghệ & Hạ tầng số,2017,1589.751648
Brunei Darussalam,BRN,Secure Internet servers (per 1 million people),IT.NET.SECR.P6,Công nghệ & Hạ tầng số,2018,1948.333752
Brunei Darussalam,BRN,Secure Internet servers (per 1 million people),IT.NET.SECR.P6,Công nghệ & Hạ tầng số,2019,10492.90684
Brunei Darussalam,BRN,Secure Internet servers (per 1 million people),IT.NET.SECR.P6,Công nghệ & Hạ tầng số,2020,15399.95172
Brunei Darussalam,BRN,Secure Internet servers (per 1 million people),IT.NET.SECR.P6,Công nghệ & Hạ tầng số,2021,14092.76965
Brunei Darussalam,BRN,Secure Internet servers (per 1 million people),IT.NET.SECR.P6,Công nghệ & Hạ tầng số,2022,21094.93379
Brunei Darussalam,BRN,Secure Internet servers (per 1 million people),IT.NET.SECR.P6,Công nghệ & Hạ tầng số,2023,8774.395412
Brunei Darussalam,BRN,Secure Internet servers (per 1 million people),IT.NET.SECR.P6,Công nghệ & Hạ tầng số,2024,16128.5094
Brunei Darussalam,BRN,Secure Internet servers (per 1 million people),IT.NET.SECR.P6,Công nghệ & Hạ tầng số,2025,
Cambodia,KHM,Individuals using the Internet (% of population),IT.NET.USER.ZS,Công nghệ & Hạ tầng số,2015,6.43319107
Cambodia,KHM,Individuals using the Internet (% of population),IT.NET.USER.ZS,Công nghệ & Hạ tầng số,2016,32.39845171
Cambodia,KHM,Individuals using the Internet (% of population),IT.NET.USER.ZS,Công nghệ & Hạ tầng số,2017,32.90027854
Cambodia,KHM,Individuals using the Internet (% of population),IT.NET.USER.ZS,Công nghệ & Hạ tầng số,2018,65.0
Cambodia,KHM,Individuals using the Internet (% of population),IT.NET.USER.ZS,Công nghệ & Hạ tầng số,2019,52.30587822
Cambodia,KHM,Individuals using the Internet (% of population),IT.NET.USER.ZS,Công nghệ & Hạ tầng số,2020,56.37590027
Cambodia,KHM,Individuals using the Internet (% of population),IT.NET.USER.ZS,Công nghệ & Hạ tầng số,2021,60.76269913
Cambodia,KHM,Individuals using the Internet (% of population),IT.NET.USER.ZS,Công nghệ & Hạ tầng số,2022,65.49079895
Cambodia,KHM,Individuals using the Internet (% of population),IT.NET.USER.ZS,Công nghệ & Hạ tầng số,2023,68.92549896
Cambodia,KHM,Individuals using the Internet (% of population),IT.NET.USER.ZS,Công nghệ & Hạ tầng số,2024,68.47530365
Cambodia,KHM,Individuals using the Internet (% of population),IT.NET.USER.ZS,Công nghệ & Hạ tầng số,2025,
Cambodia,KHM,Mobile cellular subscriptions (per 100 people),IT.CEL.SETS.P2,Công nghệ & Hạ tầng số,2015,133.458414
Cambodia,KHM,Mobile cellular subscriptions (per 100 people),IT.CEL.SETS.P2,Công nghệ & Hạ tầng số,2016,125.6276445
Cambodia,KHM,Mobile cellular subscriptions (per 100 people),IT.CEL.SETS.P2,Công nghệ & Hạ tầng số,2017,115.5511924
Cambodia,KHM,Mobile cellular subscriptions (per 100 people),IT.CEL.SETS.P2,Công nghệ & Hạ tầng số,2018,119.3099435
Cambodia,KHM,Mobile cellular subscriptions (per 100 people),IT.CEL.SETS.P2,Công nghệ & Hạ tầng số,2019,129.9574415
Cambodia,KHM,Mobile cellular subscriptions (per 100 people),IT.CEL.SETS.P2,Công nghệ & Hạ tầng số,2020,126.0758948
Cambodia,KHM,Mobile cellular subscriptions (per 100 people),IT.CEL.SETS.P2,Công nghệ & Hạ tầng số,2021,117.2347852
Cambodia,KHM,Mobile cellular subscriptions (per 100 people),IT.CEL.SETS.P2,Công nghệ & Hạ tầng số,2022,113.3915066
Cambodia,KHM,Mobile cellular subscriptions (per 100 people),IT.CEL.SETS.P2,Công nghệ & Hạ tầng số,2023,120.8091194
Cambodia,KHM,Mobile cellular subscriptions (per 100 people),IT.CEL.SETS.P2,Công nghệ & Hạ tầng số,2024,116.0919611
Cambodia,KHM,Mobile cellular subscriptions (per 100 people),IT.CEL.SETS.P2,Công nghệ & Hạ tầng số,2025,
Cambodia,KHM,Fixed broadband subscriptions (per 100 people),IT.NET.BBND.P2,Công nghệ & Hạ tầng số,2015,0.534485428
Cambodia,KHM,Fixed broadband subscriptions (per 100 people),IT.NET.BBND.P2,Công nghệ & Hạ tầng số,2016,0.615922623
Cambodia,KHM,Fixed broadband subscriptions (per 100 people),IT.NET.BBND.P2,Công nghệ & Hạ tầng số,2017,0.831393686
Cambodia,KHM,Fixed broadband subscriptions (per 100 people),IT.NET.BBND.P2,Công nghệ & Hạ tầng số,2018,1.02122815
Cambodia,KHM,Fixed broadband subscriptions (per 100 people),IT.NET.BBND.P2,Công nghệ & Hạ tầng số,2019,1.118716092
Cambodia,KHM,Fixed broadband subscriptions (per 100 people),IT.NET.BBND.P2,Công nghệ & Hạ tầng số,2020,1.397700298
Cambodia,KHM,Fixed broadband subscriptions (per 100 people),IT.NET.BBND.P2,Công nghệ & Hạ tầng số,2021,1.980894063
Cambodia,KHM,Fixed broadband subscriptions (per 100 people),IT.NET.BBND.P2,Công nghệ & Hạ tầng số,2022,2.963830835
Cambodia,KHM,Fixed broadband subscriptions (per 100 people),IT.NET.BBND.P2,Công nghệ & Hạ tầng số,2023,3.641818011
Cambodia,KHM,Fixed broadband subscriptions (per 100 people),IT.NET.BBND.P2,Công nghệ & Hạ tầng số,2024,4.145661601
Cambodia,KHM,Fixed broadband subscriptions (per 100 people),IT.NET.BBND.P2,Công nghệ & Hạ tầng số,2025,
Cambodia,KHM,Secure Internet servers (per 1 million people),IT.NET.SECR.P6,Công nghệ & Hạ tầng số,2015,10.11313202
Cambodia,KHM,Secure Internet servers (per 1 million people),IT.NET.SECR.P6,Công nghệ & Hạ tầng số,2016,20.37494568
Cambodia,KHM,Secure Internet servers (per 1 million people),IT.NET.SECR.P6,Công nghệ & Hạ tầng số,2017,54.93557917
Cambodia,KHM,Secure Internet servers (per 1 million people),IT.NET.SECR.P6,Công nghệ & Hạ tầng số,2018,80.98548148
Cambodia,KHM,Secure Internet servers (per 1 million people),IT.NET.SECR.P6,Công nghệ & Hạ tầng số,2019,159.3320529
Cambodia,KHM,Secure Internet servers (per 1 million people),IT.NET.SECR.P6,Công nghệ & Hạ tầng số,2020,188.4550477
Cambodia,KHM,Secure Internet servers (per 1 million people),IT.NET.SECR.P6,Công nghệ & Hạ tầng số,2021,166.3691091
Cambodia,KHM,Secure Internet servers (per 1 million people),IT.NET.SECR.P6,Công nghệ & Hạ tầng số,2022,183.4699824
Cambodia,KHM,Secure Internet servers (per 1 million people),IT.NET.SECR.P6,Công nghệ & Hạ tầng số,2023,223.1994252
Cambodia,KHM,Secure Internet servers (per 1 million people),IT.NET.SECR.P6,Công nghệ & Hạ tầng số,2024,817.2891117
Cambodia,KHM,Secure Internet servers (per 1 million people),IT.NET.SECR.P6,Công nghệ & Hạ tầng số,2025,
Indonesia,IDN,Individuals using the Internet (% of population),IT.NET.USER.ZS,Công nghệ & Hạ tầng số,2015,22.0627426
Indonesia,IDN,Individuals using the Internet (% of population),IT.NET.USER.ZS,Công nghệ & Hạ tầng số,2016,25.4473537
Indonesia,IDN,Individuals using the Internet (% of population),IT.NET.USER.ZS,Công nghệ & Hạ tầng số,2017,32.33580625
Indonesia,IDN,Individuals using the Internet (% of population),IT.NET.USER.ZS,Công nghệ & Hạ tầng số,2018,39.90463864
Indonesia,IDN,Individuals using the Internet (% of population),IT.NET.USER.ZS,Công nghệ & Hạ tầng số,2019,47.69064898
Indonesia,IDN,Individuals using the Internet (% of population),IT.NET.USER.ZS,Công nghệ & Hạ tầng số,2020,53.72649449
Indonesia,IDN,Individuals using the Internet (% of population),IT.NET.USER.ZS,Công nghệ & Hạ tầng số,2021,62.10447842
Indonesia,IDN,Individuals using the Internet (% of population),IT.NET.USER.ZS,Công nghệ & Hạ tầng số,2022,66.48461277
Indonesia,IDN,Individuals using the Internet (% of population),IT.NET.USER.ZS,Công nghệ & Hạ tầng số,2023,69.20836554
Indonesia,IDN,Individuals using the Internet (% of population),IT.NET.USER.ZS,Công nghệ & Hạ tầng số,2024,72.78075544
Indonesia,IDN,Individuals using the Internet (% of population),IT.NET.USER.ZS,Công nghệ & Hạ tầng số,2025,
Indonesia,IDN,Mobile cellular subscriptions (per 100 people),IT.CEL.SETS.P2,Công nghệ & Hạ tầng số,2015,129.4687977
Indonesia,IDN,Mobile cellular subscriptions (per 100 people),IT.CEL.SETS.P2,Công nghệ & Hạ tầng số,2016,145.7042513
Indonesia,IDN,Mobile cellular subscriptions (per 100 people),IT.CEL.SETS.P2,Công nghệ & Hạ tầng số,2017,162.7825118
Indonesia,IDN,Mobile cellular subscriptions (per 100 people),IT.CEL.SETS.P2,Công nghệ & Hạ tầng số,2018,118.3302169
Indonesia,IDN,Mobile cellular subscriptions (per 100 people),IT.CEL.SETS.P2,Công nghệ & Hạ tầng số,2019,125.2443481
Indonesia,IDN,Mobile cellular subscriptions (per 100 people),IT.CEL.SETS.P2,Công nghệ & Hạ tầng số,2020,129.4036211
Indonesia,IDN,Mobile cellular subscriptions (per 100 people),IT.CEL.SETS.P2,Công nghệ & Hạ tầng số,2021,132.1994443
Indonesia,IDN,Mobile cellular subscriptions (per 100 people),IT.CEL.SETS.P2,Công nghệ & Hạ tầng số,2022,122.8730122
Indonesia,IDN,Mobile cellular subscriptions (per 100 people),IT.CEL.SETS.P2,Công nghệ & Hạ tầng số,2023,125.2381948
Indonesia,IDN,Mobile cellular subscriptions (per 100 people),IT.CEL.SETS.P2,Công nghệ & Hạ tầng số,2024,122.5149465
Indonesia,IDN,Mobile cellular subscriptions (per 100 people),IT.CEL.SETS.P2,Công nghệ & Hạ tầng số,2025,
Indonesia,IDN,Fixed broadband subscriptions (per 100 people),IT.NET.BBND.P2,Công nghệ & Hạ tầng số,2015,1.521394739
Indonesia,IDN,Fixed broadband subscriptions (per 100 people),IT.NET.BBND.P2,Công nghệ & Hạ tầng số,2016,1.975378455
Indonesia,IDN,Fixed broadband subscriptions (per 100 people),IT.NET.BBND.P2,Công nghệ & Hạ tầng số,2017,2.325042343
Indonesia,IDN,Fixed broadband subscriptions (per 100 people),IT.NET.BBND.P2,Công nghệ & Hạ tầng số,2018,3.287295913
Indonesia,IDN,Fixed broadband subscriptions (per 100 people),IT.NET.BBND.P2,Công nghệ & Hạ tầng số,2019,3.774225609
Indonesia,IDN,Fixed broadband subscriptions (per 100 people),IT.NET.BBND.P2,Công nghệ & Hạ tầng số,2020,3.929937691
Indonesia,IDN,Fixed broadband subscriptions (per 100 people),IT.NET.BBND.P2,Công nghệ & Hạ tầng số,2021,4.487463279
Indonesia,IDN,Fixed broadband subscriptions (per 100 people),IT.NET.BBND.P2,Công nghệ & Hạ tầng số,2022,4.821515079
Indonesia,IDN,Fixed broadband subscriptions (per 100 people),IT.NET.BBND.P2,Công nghệ & Hạ tầng số,2023,4.816639558
Indonesia,IDN,Fixed broadband subscriptions (per 100 people),IT.NET.BBND.P2,Công nghệ & Hạ tầng số,2024,4.921966854
Indonesia,IDN,Fixed broadband subscriptions (per 100 people),IT.NET.BBND.P2,Công nghệ & Hạ tầng số,2025,
Indonesia,IDN,Secure Internet servers (per 1 million people),IT.NET.SECR.P6,Công nghệ & Hạ tầng số,2015,17.45230369
Indonesia,IDN,Secure Internet servers (per 1 million people),IT.NET.SECR.P6,Công nghệ & Hạ tầng số,2016,302.6670502
Indonesia,IDN,Secure Internet servers (per 1 million people),IT.NET.SECR.P6,Công nghệ & Hạ tầng số,2017,1267.736064
Indonesia,IDN,Secure Internet servers (per 1 million people),IT.NET.SECR.P6,Công nghệ & Hạ tầng số,2018,1272.123177
Indonesia,IDN,Secure Internet servers (per 1 million people),IT.NET.SECR.P6,Công nghệ & Hạ tầng số,2019,1672.329389
Indonesia,IDN,Secure Internet servers (per 1 million people),IT.NET.SECR.P6,Công nghệ & Hạ tầng số,2020,1868.763533
Indonesia,IDN,Secure Internet servers (per 1 million people),IT.NET.SECR.P6,Công nghệ & Hạ tầng số,2021,2189.146778
Indonesia,IDN,Secure Internet servers (per 1 million people),IT.NET.SECR.P6,Công nghệ & Hạ tầng số,2022,2496.408849
Indonesia,IDN,Secure Internet servers (per 1 million people),IT.NET.SECR.P6,Công nghệ & Hạ tầng số,2023,2722.389906
Indonesia,IDN,Secure Internet servers (per 1 million people),IT.NET.SECR.P6,Công nghệ & Hạ tầng số,2024,2939.490218
Indonesia,IDN,Secure Internet servers (per 1 million people),IT.NET.SECR.P6,Công nghệ & Hạ tầng số,2025,
Lao PDR,LAO,Individuals using the Internet (% of population),IT.NET.USER.ZS,Công nghệ & Hạ tầng số,2015,18.20000076
Lao PDR,LAO,Individuals using the Internet (% of population),IT.NET.USER.ZS,Công nghệ & Hạ tầng số,2016,21.87000084
Lao PDR,LAO,Individuals using the Internet (% of population),IT.NET.USER.ZS,Công nghệ & Hạ tầng số,2017,25.51040077
Lao PDR,LAO,Individuals using the Internet (% of population),IT.NET.USER.ZS,Công nghệ & Hạ tầng số,2018,36.27130127
Lao PDR,LAO,Individuals using the Internet (% of population),IT.NET.USER.ZS,Công nghệ & Hạ tầng số,2019,47.03229904
Lao PDR,LAO,Individuals using the Internet (% of population),IT.NET.USER.ZS,Công nghệ & Hạ tầng số,2020,54.0
Lao PDR,LAO,Individuals using the Internet (% of population),IT.NET.USER.ZS,Công nghệ & Hạ tầng số,2021,62.0
Lao PDR,LAO,Individuals using the Internet (% of population),IT.NET.USER.ZS,Công nghệ & Hạ tầng số,2022,64.54000092
Lao PDR,LAO,Individuals using the Internet (% of population),IT.NET.USER.ZS,Công nghệ & Hạ tầng số,2023,64.39800262
Lao PDR,LAO,Individuals using the Internet (% of population),IT.NET.USER.ZS,Công nghệ & Hạ tầng số,2024,65.59269714
Lao PDR,LAO,Individuals using the Internet (% of population),IT.NET.USER.ZS,Công nghệ & Hạ tầng số,2025,
Lao PDR,LAO,Mobile cellular subscriptions (per 100 people),IT.CEL.SETS.P2,Công nghệ & Hạ tầng số,2015,54.79794961
Lao PDR,LAO,Mobile cellular subscriptions (per 100 people),IT.CEL.SETS.P2,Công nghệ & Hạ tầng số,2016,57.29661959
Lao PDR,LAO,Mobile cellular subscriptions (per 100 people),IT.CEL.SETS.P2,Công nghệ & Hạ tầng số,2017,52.88878959
Lao PDR,LAO,Mobile cellular subscriptions (per 100 people),IT.CEL.SETS.P2,Công nghệ & Hạ tầng số,2018,51.37924915
Lao PDR,LAO,Mobile cellular subscriptions (per 100 people),IT.CEL.SETS.P2,Công nghệ & Hạ tầng số,2019,64.06685829
Lao PDR,LAO,Mobile cellular subscriptions (per 100 people),IT.CEL.SETS.P2,Công nghệ & Hạ tầng số,2020,63.1139886
Lao PDR,LAO,Mobile cellular subscriptions (per 100 people),IT.CEL.SETS.P2,Công nghệ & Hạ tầng số,2021,64.71014977
Lao PDR,LAO,Mobile cellular subscriptions (per 100 people),IT.CEL.SETS.P2,Công nghệ & Hạ tầng số,2022,63.35460465
Lao PDR,LAO,Mobile cellular subscriptions (per 100 people),IT.CEL.SETS.P2,Công nghệ & Hạ tầng số,2023,64.75880669
Lao PDR,LAO,Mobile cellular subscriptions (per 100 people),IT.CEL.SETS.P2,Công nghệ & Hạ tầng số,2024,
Lao PDR,LAO,Mobile cellular subscriptions (per 100 people),IT.CEL.SETS.P2,Công nghệ & Hạ tầng số,2025,
Lao PDR,LAO,Fixed broadband subscriptions (per 100 people),IT.NET.BBND.P2,Công nghệ & Hạ tầng số,2015,0.213918839
Lao PDR,LAO,Fixed broadband subscriptions (per 100 people),IT.NET.BBND.P2,Công nghệ & Hạ tầng số,2016,0.353548994
Lao PDR,LAO,Fixed broadband subscriptions (per 100 people),IT.NET.BBND.P2,Công nghệ & Hạ tầng số,2017,0.387808919
Lao PDR,LAO,Fixed broadband subscriptions (per 100 people),IT.NET.BBND.P2,Công nghệ & Hạ tầng số,2018,0.636626172
Lao PDR,LAO,Fixed broadband subscriptions (per 100 people),IT.NET.BBND.P2,Công nghệ & Hạ tầng số,2019,1.05393529
Lao PDR,LAO,Fixed broadband subscriptions (per 100 people),IT.NET.BBND.P2,Công nghệ & Hạ tầng số,2020,1.672108463
Lao PDR,LAO,Fixed broadband subscriptions (per 100 people),IT.NET.BBND.P2,Công nghệ & Hạ tầng số,2021,2.02268987
Lao PDR,LAO,Fixed broadband subscriptions (per 100 people),IT.NET.BBND.P2,Công nghệ & Hạ tầng số,2022,2.381860475
Lao PDR,LAO,Fixed broadband subscriptions (per 100 people),IT.NET.BBND.P2,Công nghệ & Hạ tầng số,2023,2.720211225
Lao PDR,LAO,Fixed broadband subscriptions (per 100 people),IT.NET.BBND.P2,Công nghệ & Hạ tầng số,2024,
Lao PDR,LAO,Fixed broadband subscriptions (per 100 people),IT.NET.BBND.P2,Công nghệ & Hạ tầng số,2025,
Lao PDR,LAO,Secure Internet servers (per 1 million people),IT.NET.SECR.P6,Công nghệ & Hạ tầng số,2015,4.116651192
Lao PDR,LAO,Secure Internet servers (per 1 million people),IT.NET.SECR.P6,Công nghệ & Hạ tầng số,2016,8.250344995
Lao PDR,LAO,Secure Internet servers (per 1 million people),IT.NET.SECR.P6,Công nghệ & Hạ tầng số,2017,16.2436039
Lao PDR,LAO,Secure Internet servers (per 1 million people),IT.NET.SECR.P6,Công nghệ & Hạ tầng số,2018,20.20189266
Lao PDR,LAO,Secure Internet servers (per 1 million people),IT.NET.SECR.P6,Công nghệ & Hạ tầng số,2019,30.94933207
Lao PDR,LAO,Secure Internet servers (per 1 million people),IT.NET.SECR.P6,Công nghệ & Hạ tầng số,2020,52.26955354
Lao PDR,LAO,Secure Internet servers (per 1 million people),IT.NET.SECR.P6,Công nghệ & Hạ tầng số,2021,82.24661803
Lao PDR,LAO,Secure Internet servers (per 1 million people),IT.NET.SECR.P6,Công nghệ & Hạ tầng số,2022,273.9777857
Lao PDR,LAO,Secure Internet servers (per 1 million people),IT.NET.SECR.P6,Công nghệ & Hạ tầng số,2023,274.1033162
Lao PDR,LAO,Secure Internet servers (per 1 million people),IT.NET.SECR.P6,Công nghệ & Hạ tầng số,2024,301.6801292
Lao PDR,LAO,Secure Internet servers (per 1 million people),IT.NET.SECR.P6,Công nghệ & Hạ tầng số,2025,
Malaysia,MYS,Individuals using the Internet (% of population),IT.NET.USER.ZS,Công nghệ & Hạ tầng số,2015,71.06406781
Malaysia,MYS,Individuals using the Internet (% of population),IT.NET.USER.ZS,Công nghệ & Hạ tầng số,2016,78.78830993
Malaysia,MYS,Individuals using the Internet (% of population),IT.NET.USER.ZS,Công nghệ & Hạ tầng số,2017,80.14047901
Malaysia,MYS,Individuals using the Internet (% of population),IT.NET.USER.ZS,Công nghệ & Hạ tầng số,2018,81.20104862
Malaysia,MYS,Individuals using the Internet (% of population),IT.NET.USER.ZS,Công nghệ & Hạ tầng số,2019,84.18714501
Malaysia,MYS,Individuals using the Internet (% of population),IT.NET.USER.ZS,Công nghệ & Hạ tầng số,2020,89.55501192
Malaysia,MYS,Individuals using the Internet (% of population),IT.NET.USER.ZS,Công nghệ & Hạ tầng số,2021,96.7514278
Malaysia,MYS,Individuals using the Internet (% of population),IT.NET.USER.ZS,Công nghệ & Hạ tầng số,2022,97.3986404
Malaysia,MYS,Individuals using the Internet (% of population),IT.NET.USER.ZS,Công nghệ & Hạ tầng số,2023,97.69272633
Malaysia,MYS,Individuals using the Internet (% of population),IT.NET.USER.ZS,Công nghệ & Hạ tầng số,2024,98.0206059
Malaysia,MYS,Individuals using the Internet (% of population),IT.NET.USER.ZS,Công nghệ & Hạ tầng số,2025,
Malaysia,MYS,Mobile cellular subscriptions (per 100 people),IT.CEL.SETS.P2,Công nghệ & Hạ tầng số,2015,141.2105313
Malaysia,MYS,Mobile cellular subscriptions (per 100 people),IT.CEL.SETS.P2,Công nghệ & Hạ tầng số,2016,136.7251673
Malaysia,MYS,Mobile cellular subscriptions (per 100 people),IT.CEL.SETS.P2,Công nghệ & Hạ tầng số,2017,130.8535228
Malaysia,MYS,Mobile cellular subscriptions (per 100 people),IT.CEL.SETS.P2,Công nghệ & Hạ tầng số,2018,128.8731504
Malaysia,MYS,Mobile cellular subscriptions (per 100 people),IT.CEL.SETS.P2,Công nghệ & Hạ tầng số,2019,133.3729219
Malaysia,MYS,Mobile cellular subscriptions (per 100 people),IT.CEL.SETS.P2,Công nghệ & Hạ tầng số,2020,129.0179117
Malaysia,MYS,Mobile cellular subscriptions (per 100 people),IT.CEL.SETS.P2,Công nghệ & Hạ tầng số,2021,137.6849386
Malaysia,MYS,Mobile cellular subscriptions (per 100 people),IT.CEL.SETS.P2,Công nghệ & Hạ tầng số,2022,138.2084411
Malaysia,MYS,Mobile cellular subscriptions (per 100 people),IT.CEL.SETS.P2,Công nghệ & Hạ tầng số,2023,142.7320921
Malaysia,MYS,Mobile cellular subscriptions (per 100 people),IT.CEL.SETS.P2,Công nghệ & Hạ tầng số,2024,139.6646513
Malaysia,MYS,Mobile cellular subscriptions (per 100 people),IT.CEL.SETS.P2,Công nghệ & Hạ tầng số,2025,
Malaysia,MYS,Fixed broadband subscriptions (per 100 people),IT.NET.BBND.P2,Công nghệ & Hạ tầng số,2015,9.80955981
Malaysia,MYS,Fixed broadband subscriptions (per 100 people),IT.NET.BBND.P2,Công nghệ & Hạ tầng số,2016,8.552459705
Malaysia,MYS,Fixed broadband subscriptions (per 100 people),IT.NET.BBND.P2,Công nghệ & Hạ tầng số,2017,8.307051468
Malaysia,MYS,Fixed broadband subscriptions (per 100 people),IT.NET.BBND.P2,Công nghệ & Hạ tầng số,2018,8.191798193
Malaysia,MYS,Fixed broadband subscriptions (per 100 people),IT.NET.BBND.P2,Công nghệ & Hạ tầng số,2019,8.864973579
Malaysia,MYS,Fixed broadband subscriptions (per 100 people),IT.NET.BBND.P2,Công nghệ & Hạ tầng số,2020,9.911017429
Malaysia,MYS,Fixed broadband subscriptions (per 100 people),IT.NET.BBND.P2,Công nghệ & Hạ tầng số,2021,10.89217823
Malaysia,MYS,Fixed broadband subscriptions (per 100 people),IT.NET.BBND.P2,Công nghệ & Hạ tầng số,2022,12.17535661
Malaysia,MYS,Fixed broadband subscriptions (per 100 people),IT.NET.BBND.P2,Công nghệ & Hạ tầng số,2023,13.02870004
Malaysia,MYS,Fixed broadband subscriptions (per 100 people),IT.NET.BBND.P2,Công nghệ & Hạ tầng số,2024,13.54644327
Malaysia,MYS,Fixed broadband subscriptions (per 100 people),IT.NET.BBND.P2,Công nghệ & Hạ tầng số,2025,
Malaysia,MYS,Secure Internet servers (per 1 million people),IT.NET.SECR.P6,Công nghệ & Hạ tầng số,2015,226.6527642
Malaysia,MYS,Secure Internet servers (per 1 million people),IT.NET.SECR.P6,Công nghệ & Hạ tầng số,2016,912.7803563
Malaysia,MYS,Secure Internet servers (per 1 million people),IT.NET.SECR.P6,Công nghệ & Hạ tầng số,2017,4727.645044
Malaysia,MYS,Secure Internet servers (per 1 million people),IT.NET.SECR.P6,Công nghệ & Hạ tầng số,2018,5473.069205
Malaysia,MYS,Secure Internet servers (per 1 million people),IT.NET.SECR.P6,Công nghệ & Hạ tầng số,2019,6424.167799
Malaysia,MYS,Secure Internet servers (per 1 million people),IT.NET.SECR.P6,Công nghệ & Hạ tầng số,2020,7157.514418
Malaysia,MYS,Secure Internet servers (per 1 million people),IT.NET.SECR.P6,Công nghệ & Hạ tầng số,2021,7998.185891
Malaysia,MYS,Secure Internet servers (per 1 million people),IT.NET.SECR.P6,Công nghệ & Hạ tầng số,2022,8416.741621
Malaysia,MYS,Secure Internet servers (per 1 million people),IT.NET.SECR.P6,Công nghệ & Hạ tầng số,2023,8082.519826
Malaysia,MYS,Secure Internet servers (per 1 million people),IT.NET.SECR.P6,Công nghệ & Hạ tầng số,2024,7475.461063
Malaysia,MYS,Secure Internet servers (per 1 million people),IT.NET.SECR.P6,Công nghệ & Hạ tầng số,2025,
Myanmar,MMR,Individuals using the Internet (% of population),IT.NET.USER.ZS,Công nghệ & Hạ tầng số,2015,10.89999962
Myanmar,MMR,Individuals using the Internet (% of population),IT.NET.USER.ZS,Công nghệ & Hạ tầng số,2016,16.0
Myanmar,MMR,Individuals using the Internet (% of population),IT.NET.USER.ZS,Công nghệ & Hạ tầng số,2017,23.62108195
Myanmar,MMR,Individuals using the Internet (% of population),IT.NET.USER.ZS,Công nghệ & Hạ tầng số,2018,29.37899971
Myanmar,MMR,Individuals using the Internet (% of population),IT.NET.USER.ZS,Công nghệ & Hạ tầng số,2019,36.54050064
Myanmar,MMR,Individuals using the Internet (% of population),IT.NET.USER.ZS,Công nghệ & Hạ tầng số,2020,45.4477005
Myanmar,MMR,Individuals using the Internet (% of population),IT.NET.USER.ZS,Công nghệ & Hạ tầng số,2021,
Myanmar,MMR,Individuals using the Internet (% of population),IT.NET.USER.ZS,Công nghệ & Hạ tầng số,2022,
Myanmar,MMR,Individuals using the Internet (% of population),IT.NET.USER.ZS,Công nghệ & Hạ tầng số,2023,
Myanmar,MMR,Individuals using the Internet (% of population),IT.NET.USER.ZS,Công nghệ & Hạ tầng số,2024,
Myanmar,MMR,Individuals using the Internet (% of population),IT.NET.USER.ZS,Công nghệ & Hạ tầng số,2025,
Myanmar,MMR,Mobile cellular subscriptions (per 100 people),IT.CEL.SETS.P2,Công nghệ & Hạ tầng số,2015,80.23972297
Myanmar,MMR,Mobile cellular subscriptions (per 100 people),IT.CEL.SETS.P2,Công nghệ & Hạ tầng số,2016,98.2342602
Myanmar,MMR,Mobile cellular subscriptions (per 100 people),IT.CEL.SETS.P2,Công nghệ & Hạ tầng số,2017,92.39179552
Myanmar,MMR,Mobile cellular subscriptions (per 100 people),IT.CEL.SETS.P2,Công nghệ & Hạ tầng số,2018,116.9721363
Myanmar,MMR,Mobile cellular subscriptions (per 100 people),IT.CEL.SETS.P2,Công nghệ & Hạ tầng số,2019,155.6694169
Myanmar,MMR,Mobile cellular subscriptions (per 100 people),IT.CEL.SETS.P2,Công nghệ & Hạ tầng số,2020,148.1582081
Myanmar,MMR,Mobile cellular subscriptions (per 100 people),IT.CEL.SETS.P2,Công nghệ & Hạ tầng số,2021,127.2406451
Myanmar,MMR,Mobile cellular subscriptions (per 100 people),IT.CEL.SETS.P2,Công nghệ & Hạ tầng số,2022,107.5350895
Myanmar,MMR,Mobile cellular subscriptions (per 100 people),IT.CEL.SETS.P2,Công nghệ & Hạ tầng số,2023,121.0276268
Myanmar,MMR,Mobile cellular subscriptions (per 100 people),IT.CEL.SETS.P2,Công nghệ & Hạ tầng số,2024,114.3290421
Myanmar,MMR,Mobile cellular subscriptions (per 100 people),IT.CEL.SETS.P2,Công nghệ & Hạ tầng số,2025,
Myanmar,MMR,Fixed broadband subscriptions (per 100 people),IT.NET.BBND.P2,Công nghệ & Hạ tầng số,2015,0.064438458
Myanmar,MMR,Fixed broadband subscriptions (per 100 people),IT.NET.BBND.P2,Công nghệ & Hạ tầng số,2016,0.174162128
Myanmar,MMR,Fixed broadband subscriptions (per 100 people),IT.NET.BBND.P2,Công nghệ & Hạ tầng số,2017,0.214986286
Myanmar,MMR,Fixed broadband subscriptions (per 100 people),IT.NET.BBND.P2,Công nghệ & Hạ tầng số,2018,0.246880529
Myanmar,MMR,Fixed broadband subscriptions (per 100 people),IT.NET.BBND.P2,Công nghệ & Hạ tầng số,2019,0.922960523
Myanmar,MMR,Fixed broadband subscriptions (per 100 people),IT.NET.BBND.P2,Công nghệ & Hạ tầng số,2020,1.299245922
Myanmar,MMR,Fixed broadband subscriptions (per 100 people),IT.NET.BBND.P2,Công nghệ & Hạ tầng số,2021,1.672761709
Myanmar,MMR,Fixed broadband subscriptions (per 100 people),IT.NET.BBND.P2,Công nghệ & Hạ tầng số,2022,2.096946382
Myanmar,MMR,Fixed broadband subscriptions (per 100 people),IT.NET.BBND.P2,Công nghệ & Hạ tầng số,2023,2.798298024
Myanmar,MMR,Fixed broadband subscriptions (per 100 people),IT.NET.BBND.P2,Công nghệ & Hạ tầng số,2024,2.869657594
Myanmar,MMR,Fixed broadband subscriptions (per 100 people),IT.NET.BBND.P2,Công nghệ & Hạ tầng số,2025,
Myanmar,MMR,Secure Internet servers (per 1 million people),IT.NET.SECR.P6,Công nghệ & Hạ tầng số,2015,1.076551503
Myanmar,MMR,Secure Internet servers (per 1 million people),IT.NET.SECR.P6,Công nghệ & Hạ tầng số,2016,21.10856022
Myanmar,MMR,Secure Internet servers (per 1 million people),IT.NET.SECR.P6,Công nghệ & Hạ tầng số,2017,10.19367245
Myanmar,MMR,Secure Internet servers (per 1 million people),IT.NET.SECR.P6,Công nghệ & Hạ tầng số,2018,9.450521612
Myanmar,MMR,Secure Internet servers (per 1 million people),IT.NET.SECR.P6,Công nghệ & Hạ tầng số,2019,12.59481421
Myanmar,MMR,Secure Internet servers (per 1 million people),IT.NET.SECR.P6,Công nghệ & Hạ tầng số,2020,14.42946408
Myanmar,MMR,Secure Internet servers (per 1 million people),IT.NET.SECR.P6,Công nghệ & Hạ tầng số,2021,12.66223441
Myanmar,MMR,Secure Internet servers (per 1 million people),IT.NET.SECR.P6,Công nghệ & Hạ tầng số,2022,14.8260349
Myanmar,MMR,Secure Internet servers (per 1 million people),IT.NET.SECR.P6,Công nghệ & Hạ tầng số,2023,20.17224064
Myanmar,MMR,Secure Internet servers (per 1 million people),IT.NET.SECR.P6,Công nghệ & Hạ tầng số,2024,23.59629088
Myanmar,MMR,Secure Internet servers (per 1 million people),IT.NET.SECR.P6,Công nghệ & Hạ tầng số,2025,
Philippines,PHL,Individuals using the Internet (% of population),IT.NET.USER.ZS,Công nghệ & Hạ tầng số,2015,36.90000153
Philippines,PHL,Individuals using the Internet (% of population),IT.NET.USER.ZS,Công nghệ & Hạ tầng số,2016,39.20000076
Philippines,PHL,Individuals using the Internet (% of population),IT.NET.USER.ZS,Công nghệ & Hạ tầng số,2017,41.59999847
Philippines,PHL,Individuals using the Internet (% of population),IT.NET.USER.ZS,Công nghệ & Hạ tầng số,2018,44.09999847
Philippines,PHL,Individuals using the Internet (% of population),IT.NET.USER.ZS,Công nghệ & Hạ tầng số,2019,43.02661187
Philippines,PHL,Individuals using the Internet (% of population),IT.NET.USER.ZS,Công nghệ & Hạ tầng số,2020,53.76490021
Philippines,PHL,Individuals using the Internet (% of population),IT.NET.USER.ZS,Công nghệ & Hạ tầng số,2021,66.90779877
Philippines,PHL,Individuals using the Internet (% of population),IT.NET.USER.ZS,Công nghệ & Hạ tầng số,2022,75.21114422
Philippines,PHL,Individuals using the Internet (% of population),IT.NET.USER.ZS,Công nghệ & Hạ tầng số,2023,77.86699677
Philippines,PHL,Individuals using the Internet (% of population),IT.NET.USER.ZS,Công nghệ & Hạ tầng số,2024,67.26300914
Philippines,PHL,Individuals using the Internet (% of population),IT.NET.USER.ZS,Công nghệ & Hạ tầng số,2025,
Philippines,PHL,Mobile cellular subscriptions (per 100 people),IT.CEL.SETS.P2,Công nghệ & Hạ tầng số,2015,111.8931974
Philippines,PHL,Mobile cellular subscriptions (per 100 people),IT.CEL.SETS.P2,Công nghệ & Hạ tầng số,2016,112.5179988
Philippines,PHL,Mobile cellular subscriptions (per 100 people),IT.CEL.SETS.P2,Công nghệ & Hạ tầng số,2017,110.9621371
Philippines,PHL,Mobile cellular subscriptions (per 100 people),IT.CEL.SETS.P2,Công nghệ & Hạ tầng số,2018,122.9604569
Philippines,PHL,Mobile cellular subscriptions (per 100 people),IT.CEL.SETS.P2,Công nghệ & Hạ tầng số,2019,151.0066429
Philippines,PHL,Mobile cellular subscriptions (per 100 people),IT.CEL.SETS.P2,Công nghệ & Hạ tầng số,2020,133.4562091
Philippines,PHL,Mobile cellular subscriptions (per 100 people),IT.CEL.SETS.P2,Công nghệ & Hạ tầng số,2021,144.42429
Philippines,PHL,Mobile cellular subscriptions (per 100 people),IT.CEL.SETS.P2,Công nghệ & Hạ tầng số,2022,147.4289264
Philippines,PHL,Mobile cellular subscriptions (per 100 people),IT.CEL.SETS.P2,Công nghệ & Hạ tầng số,2023,117.2755217
Philippines,PHL,Mobile cellular subscriptions (per 100 people),IT.CEL.SETS.P2,Công nghệ & Hạ tầng số,2024,115.2987496
Philippines,PHL,Mobile cellular subscriptions (per 100 people),IT.CEL.SETS.P2,Công nghệ & Hạ tầng số,2025,
Philippines,PHL,Fixed broadband subscriptions (per 100 people),IT.NET.BBND.P2,Công nghệ & Hạ tầng số,2015,2.753696334
Philippines,PHL,Fixed broadband subscriptions (per 100 people),IT.NET.BBND.P2,Công nghệ & Hạ tầng số,2016,2.797050536
Philippines,PHL,Fixed broadband subscriptions (per 100 people),IT.NET.BBND.P2,Công nghệ & Hạ tầng số,2017,3.144007262
Philippines,PHL,Fixed broadband subscriptions (per 100 people),IT.NET.BBND.P2,Công nghệ & Hạ tầng số,2018,3.46090446
Philippines,PHL,Fixed broadband subscriptions (per 100 people),IT.NET.BBND.P2,Công nghệ & Hạ tầng số,2019,5.697307035
Philippines,PHL,Fixed broadband subscriptions (per 100 people),IT.NET.BBND.P2,Công nghệ & Hạ tầng số,2020,7.08108895
Philippines,PHL,Fixed broadband subscriptions (per 100 people),IT.NET.BBND.P2,Công nghệ & Hạ tầng số,2021,8.508977157
Philippines,PHL,Fixed broadband subscriptions (per 100 people),IT.NET.BBND.P2,Công nghệ & Hạ tầng số,2022,7.639465251
Philippines,PHL,Fixed broadband subscriptions (per 100 people),IT.NET.BBND.P2,Công nghệ & Hạ tầng số,2023,6.539308551
Philippines,PHL,Fixed broadband subscriptions (per 100 people),IT.NET.BBND.P2,Công nghệ & Hạ tầng số,2024,7.138933012
Philippines,PHL,Fixed broadband subscriptions (per 100 people),IT.NET.BBND.P2,Công nghệ & Hạ tầng số,2025,
Philippines,PHL,Secure Internet servers (per 1 million people),IT.NET.SECR.P6,Công nghệ & Hạ tầng số,2015,20.31088434
Philippines,PHL,Secure Internet servers (per 1 million people),IT.NET.SECR.P6,Công nghệ & Hạ tầng số,2016,39.36826434
Philippines,PHL,Secure Internet servers (per 1 million people),IT.NET.SECR.P6,Công nghệ & Hạ tầng số,2017,85.45159299
Philippines,PHL,Secure Internet servers (per 1 million people),IT.NET.SECR.P6,Công nghệ & Hạ tầng số,2018,90.46703545
Philippines,PHL,Secure Internet servers (per 1 million people),IT.NET.SECR.P6,Công nghệ & Hạ tầng số,2019,108.6145429
Philippines,PHL,Secure Internet servers (per 1 million people),IT.NET.SECR.P6,Công nghệ & Hạ tầng số,2020,111.0265851
Philippines,PHL,Secure Internet servers (per 1 million people),IT.NET.SECR.P6,Công nghệ & Hạ tầng số,2021,133.6505131
Philippines,PHL,Secure Internet servers (per 1 million people),IT.NET.SECR.P6,Công nghệ & Hạ tầng số,2022,100.1892364
Philippines,PHL,Secure Internet servers (per 1 million people),IT.NET.SECR.P6,Công nghệ & Hạ tầng số,2023,305.4977257
Philippines,PHL,Secure Internet servers (per 1 million people),IT.NET.SECR.P6,Công nghệ & Hạ tầng số,2024,131.5566056
Philippines,PHL,Secure Internet servers (per 1 million people),IT.NET.SECR.P6,Công nghệ & Hạ tầng số,2025,
Singapore,SGP,Individuals using the Internet (% of population),IT.NET.USER.ZS,Công nghệ & Hạ tầng số,2015,79.012957
Singapore,SGP,Individuals using the Internet (% of population),IT.NET.USER.ZS,Công nghệ & Hạ tầng số,2016,84.45226789
Singapore,SGP,Individuals using the Internet (% of population),IT.NET.USER.ZS,Công nghệ & Hạ tầng số,2017,84.45226789
Singapore,SGP,Individuals using the Internet (% of population),IT.NET.USER.ZS,Công nghệ & Hạ tầng số,2018,88.16563603
Singapore,SGP,Individuals using the Internet (% of population),IT.NET.USER.ZS,Công nghệ & Hạ tầng số,2019,88.94925269
Singapore,SGP,Individuals using the Internet (% of population),IT.NET.USER.ZS,Công nghệ & Hạ tầng số,2020,92.00434653
Singapore,SGP,Individuals using the Internet (% of population),IT.NET.USER.ZS,Công nghệ & Hạ tầng số,2021,96.92468156
Singapore,SGP,Individuals using the Internet (% of population),IT.NET.USER.ZS,Công nghệ & Hạ tầng số,2022,95.95386476
Singapore,SGP,Individuals using the Internet (% of population),IT.NET.USER.ZS,Công nghệ & Hạ tầng số,2023,94.28518987
Singapore,SGP,Individuals using the Internet (% of population),IT.NET.USER.ZS,Công nghệ & Hạ tầng số,2024,94.37757178
Singapore,SGP,Individuals using the Internet (% of population),IT.NET.USER.ZS,Công nghệ & Hạ tầng số,2025,
Singapore,SGP,Mobile cellular subscriptions (per 100 people),IT.CEL.SETS.P2,Công nghệ & Hạ tầng số,2015,149.006215
Singapore,SGP,Mobile cellular subscriptions (per 100 people),IT.CEL.SETS.P2,Công nghệ & Hạ tầng số,2016,151.6817171
Singapore,SGP,Mobile cellular subscriptions (per 100 people),IT.CEL.SETS.P2,Công nghệ & Hạ tầng số,2017,149.5678683
Singapore,SGP,Mobile cellular subscriptions (per 100 people),IT.CEL.SETS.P2,Công nghệ & Hạ tầng số,2018,152.073817
Singapore,SGP,Mobile cellular subscriptions (per 100 people),IT.CEL.SETS.P2,Công nghệ & Hạ tầng số,2019,159.3473783
Singapore,SGP,Mobile cellular subscriptions (per 100 people),IT.CEL.SETS.P2,Công nghệ & Hạ tầng số,2020,150.2593347
Singapore,SGP,Mobile cellular subscriptions (per 100 people),IT.CEL.SETS.P2,Công nghệ & Hạ tầng số,2021,157.9776752
Singapore,SGP,Mobile cellular subscriptions (per 100 people),IT.CEL.SETS.P2,Công nghệ & Hạ tầng số,2022,173.0052913
Singapore,SGP,Mobile cellular subscriptions (per 100 people),IT.CEL.SETS.P2,Công nghệ & Hạ tầng số,2023,173.199933
Singapore,SGP,Mobile cellular subscriptions (per 100 people),IT.CEL.SETS.P2,Công nghệ & Hạ tầng số,2024,170.782563
Singapore,SGP,Mobile cellular subscriptions (per 100 people),IT.CEL.SETS.P2,Công nghệ & Hạ tầng số,2025,
Singapore,SGP,Fixed broadband subscriptions (per 100 people),IT.NET.BBND.P2,Công nghệ & Hạ tầng số,2015,26.89789226
Singapore,SGP,Fixed broadband subscriptions (per 100 people),IT.NET.BBND.P2,Công nghệ & Hạ tầng số,2016,28.53926098
Singapore,SGP,Fixed broadband subscriptions (per 100 people),IT.NET.BBND.P2,Công nghệ & Hạ tầng số,2017,26.33260993
Singapore,SGP,Fixed broadband subscriptions (per 100 people),IT.NET.BBND.P2,Công nghệ & Hạ tầng số,2018,26.50873594
Singapore,SGP,Fixed broadband subscriptions (per 100 people),IT.NET.BBND.P2,Công nghệ & Hạ tầng số,2019,26.52761774
Singapore,SGP,Fixed broadband subscriptions (per 100 people),IT.NET.BBND.P2,Công nghệ & Hạ tầng số,2020,26.86227236
Singapore,SGP,Fixed broadband subscriptions (per 100 people),IT.NET.BBND.P2,Công nghệ & Hạ tầng số,2021,27.52109969
Singapore,SGP,Fixed broadband subscriptions (per 100 people),IT.NET.BBND.P2,Công nghệ & Hạ tầng số,2022,27.55100325
Singapore,SGP,Fixed broadband subscriptions (per 100 people),IT.NET.BBND.P2,Công nghệ & Hạ tầng số,2023,27.4343636
Singapore,SGP,Fixed broadband subscriptions (per 100 people),IT.NET.BBND.P2,Công nghệ & Hạ tầng số,2024,27.81365503
Singapore,SGP,Fixed broadband subscriptions (per 100 people),IT.NET.BBND.P2,Công nghệ & Hạ tầng số,2025,
Singapore,SGP,Secure Internet servers (per 1 million people),IT.NET.SECR.P6,Công nghệ & Hạ tầng số,2015,3585.18389
Singapore,SGP,Secure Internet servers (per 1 million people),IT.NET.SECR.P6,Công nghệ & Hạ tầng số,2016,19060.74653
Singapore,SGP,Secure Internet servers (per 1 million people),IT.NET.SECR.P6,Công nghệ & Hạ tầng số,2017,58690.33345
Singapore,SGP,Secure Internet servers (per 1 million people),IT.NET.SECR.P6,Công nghệ & Hạ tầng số,2018,84713.85836
Singapore,SGP,Secure Internet servers (per 1 million people),IT.NET.SECR.P6,Công nghệ & Hạ tầng số,2019,122481.3796
Singapore,SGP,Secure Internet servers (per 1 million people),IT.NET.SECR.P6,Công nghệ & Hạ tầng số,2020,128377.7307
Singapore,SGP,Secure Internet servers (per 1 million people),IT.NET.SECR.P6,Công nghệ & Hạ tầng số,2021,176692.0947
Singapore,SGP,Secure Internet servers (per 1 million people),IT.NET.SECR.P6,Công nghệ & Hạ tầng số,2022,212649.3386
Singapore,SGP,Secure Internet servers (per 1 million people),IT.NET.SECR.P6,Công nghệ & Hạ tầng số,2023,228648.4428
Singapore,SGP,Secure Internet servers (per 1 million people),IT.NET.SECR.P6,Công nghệ & Hạ tầng số,2024,209665.4552
Singapore,SGP,Secure Internet servers (per 1 million people),IT.NET.SECR.P6,Công nghệ & Hạ tầng số,2025,
Thailand,THA,Individuals using the Internet (% of population),IT.NET.USER.ZS,Công nghệ & Hạ tầng số,2015,39.31612674
Thailand,THA,Individuals using the Internet (% of population),IT.NET.USER.ZS,Công nghệ & Hạ tầng số,2016,47.50496562
Thailand,THA,Individuals using the Internet (% of population),IT.NET.USER.ZS,Công nghệ & Hạ tầng số,2017,52.89192934
Thailand,THA,Individuals using the Internet (% of population),IT.NET.USER.ZS,Công nghệ & Hạ tầng số,2018,56.81748093
Thailand,THA,Individuals using the Internet (% of population),IT.NET.USER.ZS,Công nghệ & Hạ tầng số,2019,66.65241946
Thailand,THA,Individuals using the Internet (% of population),IT.NET.USER.ZS,Công nghệ & Hạ tầng số,2020,77.84374066
Thailand,THA,Individuals using the Internet (% of population),IT.NET.USER.ZS,Công nghệ & Hạ tầng số,2021,85.26956666
Thailand,THA,Individuals using the Internet (% of population),IT.NET.USER.ZS,Công nghệ & Hạ tầng số,2022,87.97724503
Thailand,THA,Individuals using the Internet (% of population),IT.NET.USER.ZS,Công nghệ & Hạ tầng số,2023,89.53525238
Thailand,THA,Individuals using the Internet (% of population),IT.NET.USER.ZS,Công nghệ & Hạ tầng số,2024,90.86718789
Thailand,THA,Individuals using the Internet (% of population),IT.NET.USER.ZS,Công nghệ & Hạ tầng số,2025,
Thailand,THA,Mobile cellular subscriptions (per 100 people),IT.CEL.SETS.P2,Công nghệ & Hạ tầng số,2015,145.932577
Thailand,THA,Mobile cellular subscriptions (per 100 people),IT.CEL.SETS.P2,Công nghệ & Hạ tầng số,2016,168.8812708
Thailand,THA,Mobile cellular subscriptions (per 100 people),IT.CEL.SETS.P2,Công nghệ & Hạ tầng số,2017,170.7836996
Thailand,THA,Mobile cellular subscriptions (per 100 people),IT.CEL.SETS.P2,Công nghệ & Hạ tầng số,2018,175.2660019
Thailand,THA,Mobile cellular subscriptions (per 100 people),IT.CEL.SETS.P2,Công nghệ & Hạ tầng số,2019,181.2218742
Thailand,THA,Mobile cellular subscriptions (per 100 people),IT.CEL.SETS.P2,Công nghệ & Hạ tầng số,2020,162.3277374
Thailand,THA,Mobile cellular subscriptions (per 100 people),IT.CEL.SETS.P2,Công nghệ & Hạ tầng số,2021,168.4852854
Thailand,THA,Mobile cellular subscriptions (per 100 people),IT.CEL.SETS.P2,Công nghệ & Hạ tầng số,2022,176.2227925
Thailand,THA,Mobile cellular subscriptions (per 100 people),IT.CEL.SETS.P2,Công nghệ & Hạ tầng số,2023,168.6428083
Thailand,THA,Mobile cellular subscriptions (per 100 people),IT.CEL.SETS.P2,Công nghệ & Hạ tầng số,2024,160.6393123
Thailand,THA,Mobile cellular subscriptions (per 100 people),IT.CEL.SETS.P2,Công nghệ & Hạ tầng số,2025,
Thailand,THA,Fixed broadband subscriptions (per 100 people),IT.NET.BBND.P2,Công nghệ & Hạ tầng số,2015,8.830351288
Thailand,THA,Fixed broadband subscriptions (per 100 people),IT.NET.BBND.P2,Công nghệ & Hạ tầng số,2016,10.1877169
Thailand,THA,Fixed broadband subscriptions (per 100 people),IT.NET.BBND.P2,Công nghệ & Hạ tầng số,2017,11.53453967
Thailand,THA,Fixed broadband subscriptions (per 100 people),IT.NET.BBND.P2,Công nghệ & Hạ tầng số,2018,12.87406107
Thailand,THA,Fixed broadband subscriptions (per 100 people),IT.NET.BBND.P2,Công nghệ & Hạ tầng số,2019,14.13380596
Thailand,THA,Fixed broadband subscriptions (per 100 people),IT.NET.BBND.P2,Công nghệ & Hạ tầng số,2020,16.02181356
Thailand,THA,Fixed broadband subscriptions (per 100 people),IT.NET.BBND.P2,Công nghệ & Hạ tầng số,2021,17.31688556
Thailand,THA,Fixed broadband subscriptions (per 100 people),IT.NET.BBND.P2,Công nghệ & Hạ tầng số,2022,17.51258156
Thailand,THA,Fixed broadband subscriptions (per 100 people),IT.NET.BBND.P2,Công nghệ & Hạ tầng số,2023,14.5089452
Thailand,THA,Fixed broadband subscriptions (per 100 people),IT.NET.BBND.P2,Công nghệ & Hạ tầng số,2024,14.88704912
Thailand,THA,Fixed broadband subscriptions (per 100 people),IT.NET.BBND.P2,Công nghệ & Hạ tầng số,2025,
Thailand,THA,Secure Internet servers (per 1 million people),IT.NET.SECR.P6,Công nghệ & Hạ tầng số,2015,67.59209334
Thailand,THA,Secure Internet servers (per 1 million people),IT.NET.SECR.P6,Công nghệ & Hạ tầng số,2016,142.5772321
Thailand,THA,Secure Internet servers (per 1 million people),IT.NET.SECR.P6,Công nghệ & Hạ tầng số,2017,562.4352842
Thailand,THA,Secure Internet servers (per 1 million people),IT.NET.SECR.P6,Công nghệ & Hạ tầng số,2018,927.8318581
Thailand,THA,Secure Internet servers (per 1 million people),IT.NET.SECR.P6,Công nghệ & Hạ tầng số,2019,1366.581327
Thailand,THA,Secure Internet servers (per 1 million people),IT.NET.SECR.P6,Công nghệ & Hạ tầng số,2020,1859.020676
Thailand,THA,Secure Internet servers (per 1 million people),IT.NET.SECR.P6,Công nghệ & Hạ tầng số,2021,2134.318895
Thailand,THA,Secure Internet servers (per 1 million people),IT.NET.SECR.P6,Công nghệ & Hạ tầng số,2022,2746.247947
Thailand,THA,Secure Internet servers (per 1 million people),IT.NET.SECR.P6,Công nghệ & Hạ tầng số,2023,3002.534014
Thailand,THA,Secure Internet servers (per 1 million people),IT.NET.SECR.P6,Công nghệ & Hạ tầng số,2024,3149.996726
Thailand,THA,Secure Internet servers (per 1 million people),IT.NET.SECR.P6,Công nghệ & Hạ tầng số,2025,
Viet Nam,VNM,Individuals using the Internet (% of population),IT.NET.USER.ZS,Công nghệ & Hạ tầng số,2015,45.0
Viet Nam,VNM,Individuals using the Internet (% of population),IT.NET.USER.ZS,Công nghệ & Hạ tầng số,2016,53.0
Viet Nam,VNM,Individuals using the Internet (% of population),IT.NET.USER.ZS,Công nghệ & Hạ tầng số,2017,58.14
Viet Nam,VNM,Individuals using the Internet (% of population),IT.NET.USER.ZS,Công nghệ & Hạ tầng số,2018,69.84792868
Viet Nam,VNM,Individuals using the Internet (% of population),IT.NET.USER.ZS,Công nghệ & Hạ tầng số,2019,68.66158021
Viet Nam,VNM,Individuals using the Internet (% of population),IT.NET.USER.ZS,Công nghệ & Hạ tầng số,2020,70.30000012
Viet Nam,VNM,Individuals using the Internet (% of population),IT.NET.USER.ZS,Công nghệ & Hạ tầng số,2021,74.20999985
Viet Nam,VNM,Individuals using the Internet (% of population),IT.NET.USER.ZS,Công nghệ & Hạ tầng số,2022,78.58999918
Viet Nam,VNM,Individuals using the Internet (% of population),IT.NET.USER.ZS,Công nghệ & Hạ tầng số,2023,78.08
Viet Nam,VNM,Individuals using the Internet (% of population),IT.NET.USER.ZS,Công nghệ & Hạ tầng số,2024,84.15
Viet Nam,VNM,Individuals using the Internet (% of population),IT.NET.USER.ZS,Công nghệ & Hạ tầng số,2025,
Viet Nam,VNM,Mobile cellular subscriptions (per 100 people),IT.CEL.SETS.P2,Công nghệ & Hạ tầng số,2015,129.6270566
Viet Nam,VNM,Mobile cellular subscriptions (per 100 people),IT.CEL.SETS.P2,Công nghệ & Hạ tầng số,2016,128.2979627
Viet Nam,VNM,Mobile cellular subscriptions (per 100 people),IT.CEL.SETS.P2,Công nghệ & Hạ tầng số,2017,126.0979123
Viet Nam,VNM,Mobile cellular subscriptions (per 100 people),IT.CEL.SETS.P2,Công nghệ & Hạ tầng số,2018,146.1378408
Viet Nam,VNM,Mobile cellular subscriptions (per 100 people),IT.CEL.SETS.P2,Công nghệ & Hạ tầng số,2019,140.1925618
Viet Nam,VNM,Mobile cellular subscriptions (per 100 people),IT.CEL.SETS.P2,Công nghệ & Hạ tầng số,2020,141.6555587
Viet Nam,VNM,Mobile cellular subscriptions (per 100 people),IT.CEL.SETS.P2,Công nghệ & Hạ tầng số,2021,136.8063132
Viet Nam,VNM,Mobile cellular subscriptions (per 100 people),IT.CEL.SETS.P2,Công nghệ & Hạ tầng số,2022,137.8524228
Viet Nam,VNM,Mobile cellular subscriptions (per 100 people),IT.CEL.SETS.P2,Công nghệ & Hạ tầng số,2023,130.9914287
Viet Nam,VNM,Mobile cellular subscriptions (per 100 people),IT.CEL.SETS.P2,Công nghệ & Hạ tầng số,2024,127.6064717
Viet Nam,VNM,Mobile cellular subscriptions (per 100 people),IT.CEL.SETS.P2,Công nghệ & Hạ tầng số,2025,
Viet Nam,VNM,Fixed broadband subscriptions (per 100 people),IT.NET.BBND.P2,Công nghệ & Hạ tầng số,2015,8.249677392
Viet Nam,VNM,Fixed broadband subscriptions (per 100 people),IT.NET.BBND.P2,Công nghệ & Hạ tầng số,2016,9.67901774
Viet Nam,VNM,Fixed broadband subscriptions (per 100 people),IT.NET.BBND.P2,Công nghệ & Hạ tầng số,2017,11.84103168
Viet Nam,VNM,Fixed broadband subscriptions (per 100 people),IT.NET.BBND.P2,Công nghệ & Hạ tầng số,2018,13.50250728
Viet Nam,VNM,Fixed broadband subscriptions (per 100 people),IT.NET.BBND.P2,Công nghệ & Hạ tầng số,2019,15.23289576
Viet Nam,VNM,Fixed broadband subscriptions (per 100 people),IT.NET.BBND.P2,Công nghệ & Hạ tầng số,2020,17.02629154
Viet Nam,VNM,Fixed broadband subscriptions (per 100 people),IT.NET.BBND.P2,Công nghệ & Hạ tầng số,2021,19.53623273
Viet Nam,VNM,Fixed broadband subscriptions (per 100 people),IT.NET.BBND.P2,Công nghệ & Hạ tầng số,2022,21.36813808
Viet Nam,VNM,Fixed broadband subscriptions (per 100 people),IT.NET.BBND.P2,Công nghệ & Hạ tầng số,2023,22.6806675
Viet Nam,VNM,Fixed broadband subscriptions (per 100 people),IT.NET.BBND.P2,Công nghệ & Hạ tầng số,2024,23.71125921
Viet Nam,VNM,Fixed broadband subscriptions (per 100 people),IT.NET.BBND.P2,Công nghệ & Hạ tầng số,2025,
Viet Nam,VNM,Secure Internet servers (per 1 million people),IT.NET.SECR.P6,Công nghệ & Hạ tầng số,2015,32.67500189
Viet Nam,VNM,Secure Internet servers (per 1 million people),IT.NET.SECR.P6,Công nghệ & Hạ tầng số,2016,277.6379523
Viet Nam,VNM,Secure Internet servers (per 1 million people),IT.NET.SECR.P6,Công nghệ & Hạ tầng số,2017,1340.49225
Viet Nam,VNM,Secure Internet servers (per 1 million people),IT.NET.SECR.P6,Công nghệ & Hạ tầng số,2018,1756.657415
Viet Nam,VNM,Secure Internet servers (per 1 million people),IT.NET.SECR.P6,Công nghệ & Hạ tầng số,2019,2577.969184
Viet Nam,VNM,Secure Internet servers (per 1 million people),IT.NET.SECR.P6,Công nghệ & Hạ tầng số,2020,3082.335783
Viet Nam,VNM,Secure Internet servers (per 1 million people),IT.NET.SECR.P6,Công nghệ & Hạ tầng số,2021,3846.572225
Viet Nam,VNM,Secure Internet servers (per 1 million people),IT.NET.SECR.P6,Công nghệ & Hạ tầng số,2022,4713.442142
Viet Nam,VNM,Secure Internet servers (per 1 million people),IT.NET.SECR.P6,Công nghệ & Hạ tầng số,2023,5256.307705
Viet Nam,VNM,Secure Internet servers (per 1 million people),IT.NET.SECR.P6,Công nghệ & Hạ tầng số,2024,5733.748568
Viet Nam,VNM,Secure Internet servers (per 1 million people),IT.NET.SECR.P6,Công nghệ & Hạ tầng số,2025,
Timor-Leste,TLS,Individuals using the Internet (% of population),IT.NET.USER.ZS,Công nghệ & Hạ tầng số,2015,18.60000038
Timor-Leste,TLS,Individuals using the Internet (% of population),IT.NET.USER.ZS,Công nghệ & Hạ tầng số,2016,21.20000076
Timor-Leste,TLS,Individuals using the Internet (% of population),IT.NET.USER.ZS,Công nghệ & Hạ tầng số,2017,24.20000076
Timor-Leste,TLS,Individuals using the Internet (% of population),IT.NET.USER.ZS,Công nghệ & Hạ tầng số,2018,27.60000038
Timor-Leste,TLS,Individuals using the Internet (% of population),IT.NET.USER.ZS,Công nghệ & Hạ tầng số,2019,28.00460052
Timor-Leste,TLS,Individuals using the Internet (% of population),IT.NET.USER.ZS,Công nghệ & Hạ tầng số,2020,32.01269913
Timor-Leste,TLS,Individuals using the Internet (% of population),IT.NET.USER.ZS,Công nghệ & Hạ tầng số,2021,35.04199982
Timor-Leste,TLS,Individuals using the Internet (% of population),IT.NET.USER.ZS,Công nghệ & Hạ tầng số,2022,
Timor-Leste,TLS,Individuals using the Internet (% of population),IT.NET.USER.ZS,Công nghệ & Hạ tầng số,2023,
Timor-Leste,TLS,Individuals using the Internet (% of population),IT.NET.USER.ZS,Công nghệ & Hạ tầng số,2024,
Timor-Leste,TLS,Individuals using the Internet (% of population),IT.NET.USER.ZS,Công nghệ & Hạ tầng số,2025,
Timor-Leste,TLS,Mobile cellular subscriptions (per 100 people),IT.CEL.SETS.P2,Công nghệ & Hạ tầng số,2015,114.2339712
Timor-Leste,TLS,Mobile cellular subscriptions (per 100 people),IT.CEL.SETS.P2,Công nghệ & Hạ tầng số,2016,121.477605
Timor-Leste,TLS,Mobile cellular subscriptions (per 100 people),IT.CEL.SETS.P2,Công nghệ & Hạ tầng số,2017,124.3604913
Timor-Leste,TLS,Mobile cellular subscriptions (per 100 people),IT.CEL.SETS.P2,Công nghệ & Hạ tầng số,2018,115.0893563
Timor-Leste,TLS,Mobile cellular subscriptions (per 100 people),IT.CEL.SETS.P2,Công nghệ & Hạ tầng số,2019,109.5554385
Timor-Leste,TLS,Mobile cellular subscriptions (per 100 people),IT.CEL.SETS.P2,Công nghệ & Hạ tầng số,2020,103.9110051
Timor-Leste,TLS,Mobile cellular subscriptions (per 100 people),IT.CEL.SETS.P2,Công nghệ & Hạ tầng số,2021,102.6688363
Timor-Leste,TLS,Mobile cellular subscriptions (per 100 people),IT.CEL.SETS.P2,Công nghệ & Hạ tầng số,2022,108.1583589
Timor-Leste,TLS,Mobile cellular subscriptions (per 100 people),IT.CEL.SETS.P2,Công nghệ & Hạ tầng số,2023,112.647242
Timor-Leste,TLS,Mobile cellular subscriptions (per 100 people),IT.CEL.SETS.P2,Công nghệ & Hạ tầng số,2024,116.3823915
Timor-Leste,TLS,Mobile cellular subscriptions (per 100 people),IT.CEL.SETS.P2,Công nghệ & Hạ tầng số,2025,
Timor-Leste,TLS,Fixed broadband subscriptions (per 100 people),IT.NET.BBND.P2,Công nghệ & Hạ tầng số,2015,0.08530193
Timor-Leste,TLS,Fixed broadband subscriptions (per 100 people),IT.NET.BBND.P2,Công nghệ & Hạ tầng số,2016,
Timor-Leste,TLS,Fixed broadband subscriptions (per 100 people),IT.NET.BBND.P2,Công nghệ & Hạ tầng số,2017,0.267315809
Timor-Leste,TLS,Fixed broadband subscriptions (per 100 people),IT.NET.BBND.P2,Công nghệ & Hạ tầng số,2018,0.00548607
Timor-Leste,TLS,Fixed broadband subscriptions (per 100 people),IT.NET.BBND.P2,Công nghệ & Hạ tầng số,2019,0.006841181
Timor-Leste,TLS,Fixed broadband subscriptions (per 100 people),IT.NET.BBND.P2,Công nghệ & Hạ tầng số,2020,0.006259177
Timor-Leste,TLS,Fixed broadband subscriptions (per 100 people),IT.NET.BBND.P2,Công nghệ & Hạ tầng số,2021,0.010147103
Timor-Leste,TLS,Fixed broadband subscriptions (per 100 people),IT.NET.BBND.P2,Công nghệ & Hạ tầng số,2022,0.010005149
Timor-Leste,TLS,Fixed broadband subscriptions (per 100 people),IT.NET.BBND.P2,Công nghệ & Hạ tầng số,2023,0.005779153
Timor-Leste,TLS,Fixed broadband subscriptions (per 100 people),IT.NET.BBND.P2,Công nghệ & Hạ tầng số,2024,0.005997267
Timor-Leste,TLS,Fixed broadband subscriptions (per 100 people),IT.NET.BBND.P2,Công nghệ & Hạ tầng số,2025,
Timor-Leste,TLS,Secure Internet servers (per 1 million people),IT.NET.SECR.P6,Công nghệ & Hạ tầng số,2015,9.127638406
Timor-Leste,TLS,Secure Internet servers (per 1 million people),IT.NET.SECR.P6,Công nghệ & Hạ tầng số,2016,11.39775562
Timor-Leste,TLS,Secure Internet servers (per 1 million people),IT.NET.SECR.P6,Công nghệ & Hạ tầng số,2017,11.98367344
Timor-Leste,TLS,Secure Internet servers (per 1 million people),IT.NET.SECR.P6,Công nghệ & Hạ tầng số,2018,28.99779695
Timor-Leste,TLS,Secure Internet servers (per 1 million people),IT.NET.SECR.P6,Công nghệ & Hạ tầng số,2019,37.66492819
Timor-Leste,TLS,Secure Internet servers (per 1 million people),IT.NET.SECR.P6,Công nghệ & Hạ tầng số,2020,89.74000285
Timor-Leste,TLS,Secure Internet servers (per 1 million people),IT.NET.SECR.P6,Công nghệ & Hạ tầng số,2021,118.5063168
Timor-Leste,TLS,Secure Internet servers (per 1 million people),IT.NET.SECR.P6,Công nghệ & Hạ tầng số,2022,211.7878178
Timor-Leste,TLS,Secure Internet servers (per 1 million people),IT.NET.SECR.P6,Công nghệ & Hạ tầng số,2023,240.5572259
Timor-Leste,TLS,Secure Internet servers (per 1 million people),IT.NET.SECR.P6,Công nghệ & Hạ tầng số,2024,264.8792907
Timor-Leste,TLS,Secure Internet servers (per 1 million people),IT.NET.SECR.P6,Công nghệ & Hạ tầng số,2025,
Brunei Darussalam,BRN,"Population, female",SP.POP.TOTL.FE.IN,Dân số & Nhân khẩu học,2015,198528.0
Brunei Darussalam,BRN,"Population, female",SP.POP.TOTL.FE.IN,Dân số & Nhân khẩu học,2016,200827.0
Brunei Darussalam,BRN,"Population, female",SP.POP.TOTL.FE.IN,Dân số & Nhân khẩu học,2017,203062.0
Brunei Darussalam,BRN,"Population, female",SP.POP.TOTL.FE.IN,Dân số & Nhân khẩu học,2018,205214.0
Brunei Darussalam,BRN,"Population, female",SP.POP.TOTL.FE.IN,Dân số & Nhân khẩu học,2019,207287.0
Brunei Darussalam,BRN,"Population, female",SP.POP.TOTL.FE.IN,Dân số & Nhân khẩu học,2020,209300.0
Brunei Darussalam,BRN,"Population, female",SP.POP.TOTL.FE.IN,Dân số & Nhân khẩu học,2021,211320.0
Brunei Darussalam,BRN,"Population, female",SP.POP.TOTL.FE.IN,Dân số & Nhân khẩu học,2022,213203.0
Brunei Darussalam,BRN,"Population, female",SP.POP.TOTL.FE.IN,Dân số & Nhân khẩu học,2023,215060.0
Brunei Darussalam,BRN,"Population, female",SP.POP.TOTL.FE.IN,Dân số & Nhân khẩu học,2024,217022.0
Brunei Darussalam,BRN,"Population, female",SP.POP.TOTL.FE.IN,Dân số & Nhân khẩu học,2025,218895.0
Brunei Darussalam,BRN,"Population, female (% of total population)",SP.POP.TOTL.FE.ZS,Dân số & Nhân khẩu học,2015,47.0209278750959
Brunei Darussalam,BRN,"Population, female (% of total population)",SP.POP.TOTL.FE.ZS,Dân số & Nhân khẩu học,2016,46.9700442506853
Brunei Darussalam,BRN,"Population, female (% of total population)",SP.POP.TOTL.FE.ZS,Dân số & Nhân khẩu học,2017,46.9212425942529
Brunei Darussalam,BRN,"Population, female (% of total population)",SP.POP.TOTL.FE.ZS,Dân số & Nhân khẩu học,2018,46.8729514468638
Brunei Darussalam,BRN,"Population, female (% of total population)",SP.POP.TOTL.FE.ZS,Dân số & Nhân khẩu học,2019,46.8254721243336
Brunei Darussalam,BRN,"Population, female (% of total population)",SP.POP.TOTL.FE.ZS,Dân số & Nhân khẩu học,2020,46.7810899792804
Brunei Darussalam,BRN,"Population, female (% of total population)",SP.POP.TOTL.FE.ZS,Dân số & Nhân khẩu học,2021,46.7811918887807
Brunei Darussalam,BRN,"Population, female (% of total population)",SP.POP.TOTL.FE.ZS,Dân số & Nhân khẩu học,2022,46.8198318286928
Brunei Darussalam,BRN,"Population, female (% of total population)",SP.POP.TOTL.FE.ZS,Dân số & Nhân khẩu học,2023,46.8593391843956
Brunei Darussalam,BRN,"Population, female (% of total population)",SP.POP.TOTL.FE.ZS,Dân số & Nhân khẩu học,2024,46.9011631173793
Brunei Darussalam,BRN,"Population, female (% of total population)",SP.POP.TOTL.FE.ZS,Dân số & Nhân khẩu học,2025,46.9399352389938
Brunei Darussalam,BRN,"Population, male",SP.POP.TOTL.MA.IN,Dân số & Nhân khẩu học,2015,223684.0
Brunei Darussalam,BRN,"Population, male",SP.POP.TOTL.MA.IN,Dân số & Nhân khẩu học,2016,226737.0
Brunei Darussalam,BRN,"Population, male",SP.POP.TOTL.MA.IN,Dân số & Nhân khẩu học,2017,229710.0
Brunei Darussalam,BRN,"Population, male",SP.POP.TOTL.MA.IN,Dân số & Nhân khẩu học,2018,232596.0
Brunei Darussalam,BRN,"Population, male",SP.POP.TOTL.MA.IN,Dân số & Nhân khẩu học,2019,235393.0
Brunei Darussalam,BRN,"Population, male",SP.POP.TOTL.MA.IN,Dân số & Nhân khẩu học,2020,238104.0
Brunei Darussalam,BRN,"Population, male",SP.POP.TOTL.MA.IN,Dân số & Nhân khẩu học,2021,240401.0
Brunei Darussalam,BRN,"Population, male",SP.POP.TOTL.MA.IN,Dân số & Nhân khẩu học,2022,242167.0
Brunei Darussalam,BRN,"Population, male",SP.POP.TOTL.MA.IN,Dân số & Nhân khẩu học,2023,243889.0
Brunei Darussalam,BRN,"Population, male",SP.POP.TOTL.MA.IN,Dân số & Nhân khẩu học,2024,245699.0
Brunei Darussalam,BRN,"Population, male",SP.POP.TOTL.MA.IN,Dân số & Nhân khẩu học,2025,247435.0
Brunei Darussalam,BRN,"Population, male (% of total population)",SP.POP.TOTL.MA.ZS,Dân số & Nhân khẩu học,2015,52.9790721249041
Brunei Darussalam,BRN,"Population, male (% of total population)",SP.POP.TOTL.MA.ZS,Dân số & Nhân khẩu học,2016,53.0299557493147
Brunei Darussalam,BRN,"Population, male (% of total population)",SP.POP.TOTL.MA.ZS,Dân số & Nhân khẩu học,2017,53.0787574057471
Brunei Darussalam,BRN,"Population, male (% of total population)",SP.POP.TOTL.MA.ZS,Dân số & Nhân khẩu học,2018,53.1270485531362
Brunei Darussalam,BRN,"Population, male (% of total population)",SP.POP.TOTL.MA.ZS,Dân số & Nhân khẩu học,2019,53.1745278756664
Brunei Darussalam,BRN,"Population, male (% of total population)",SP.POP.TOTL.MA.ZS,Dân số & Nhân khẩu học,2020,53.2189100207196
Brunei Darussalam,BRN,"Population, male (% of total population)",SP.POP.TOTL.MA.ZS,Dân số & Nhân khẩu học,2021,53.2188081112193
Brunei Darussalam,BRN,"Population, male (% of total population)",SP.POP.TOTL.MA.ZS,Dân số & Nhân khẩu học,2022,53.1801681713072
Brunei Darussalam,BRN,"Population, male (% of total population)",SP.POP.TOTL.MA.ZS,Dân số & Nhân khẩu học,2023,53.1406608156044
Brunei Darussalam,BRN,"Population, male (% of total population)",SP.POP.TOTL.MA.ZS,Dân số & Nhân khẩu học,2024,53.0988368826207
Brunei Darussalam,BRN,"Population, male (% of total population)",SP.POP.TOTL.MA.ZS,Dân số & Nhân khẩu học,2025,53.0600647610062
Brunei Darussalam,BRN,"Population, total",SP.POP.TOTL,Dân số & Nhân khẩu học,2015,422212.0
Brunei Darussalam,BRN,"Population, total",SP.POP.TOTL,Dân số & Nhân khẩu học,2016,427564.0
Brunei Darussalam,BRN,"Population, total",SP.POP.TOTL,Dân số & Nhân khẩu học,2017,432772.0
Brunei Darussalam,BRN,"Population, total",SP.POP.TOTL,Dân số & Nhân khẩu học,2018,437810.0
Brunei Darussalam,BRN,"Population, total",SP.POP.TOTL,Dân số & Nhân khẩu học,2019,442680.0
Brunei Darussalam,BRN,"Population, total",SP.POP.TOTL,Dân số & Nhân khẩu học,2020,447404.0
Brunei Darussalam,BRN,"Population, total",SP.POP.TOTL,Dân số & Nhân khẩu học,2021,451721.0
Brunei Darussalam,BRN,"Population, total",SP.POP.TOTL,Dân số & Nhân khẩu học,2022,455370.0
Brunei Darussalam,BRN,"Population, total",SP.POP.TOTL,Dân số & Nhân khẩu học,2023,458949.0
Brunei Darussalam,BRN,"Population, total",SP.POP.TOTL,Dân số & Nhân khẩu học,2024,462721.0
Brunei Darussalam,BRN,"Population, total",SP.POP.TOTL,Dân số & Nhân khẩu học,2025,466330.0
Brunei Darussalam,BRN,Population growth (annual %),SP.POP.GROW,Dân số & Nhân khẩu học,2015,1.30210359279592
Brunei Darussalam,BRN,Population growth (annual %),SP.POP.GROW,Dân số & Nhân khẩu học,2016,1.25964272152269
Brunei Darussalam,BRN,Population growth (annual %),SP.POP.GROW,Dân số & Nhân khẩu học,2017,1.2107045656128
Brunei Darussalam,BRN,Population growth (annual %),SP.POP.GROW,Dân số & Nhân khẩu học,2018,1.15739958778106
Brunei Darussalam,BRN,Population growth (annual %),SP.POP.GROW,Dân số & Nhân khẩu học,2019,1.10621350885567
Brunei Darussalam,BRN,Population growth (annual %),SP.POP.GROW,Dân số & Nhân khẩu học,2020,1.06148281648515
Brunei Darussalam,BRN,Population growth (annual %),SP.POP.GROW,Dân số & Nhân khẩu học,2021,0.96027430523198
Brunei Darussalam,BRN,Population growth (annual %),SP.POP.GROW,Dân số & Nhân khẩu học,2022,0.804554269312164
Brunei Darussalam,BRN,Population growth (annual %),SP.POP.GROW,Dân số & Nhân khẩu học,2023,0.782881746925984
Brunei Darussalam,BRN,Population growth (annual %),SP.POP.GROW,Dân số & Nhân khẩu học,2024,0.81851878860359
Brunei Darussalam,BRN,Population growth (annual %),SP.POP.GROW,Dân số & Nhân khẩu học,2025,0.776925734682091
Brunei Darussalam,BRN,Urban population (% of total population),SP.URB.TOTL.IN.ZS,Dân số & Nhân khẩu học,2015,74.9484620568562
Brunei Darussalam,BRN,Urban population (% of total population),SP.URB.TOTL.IN.ZS,Dân số & Nhân khẩu học,2016,74.8816070556641
Brunei Darussalam,BRN,Urban population (% of total population),SP.URB.TOTL.IN.ZS,Dân số & Nhân khẩu học,2017,74.8476440654983
Brunei Darussalam,BRN,Urban population (% of total population),SP.URB.TOTL.IN.ZS,Dân số & Nhân khẩu học,2018,74.8172471714305
Brunei Darussalam,BRN,Urban population (% of total population),SP.URB.TOTL.IN.ZS,Dân số & Nhân khẩu học,2019,74.7923311783673
Brunei Darussalam,BRN,Urban population (% of total population),SP.URB.TOTL.IN.ZS,Dân số & Nhân khẩu học,2020,74.7748108912151
Brunei Darussalam,BRN,Urban population (% of total population),SP.URB.TOTL.IN.ZS,Dân số & Nhân khẩu học,2021,74.7667316936175
Brunei Darussalam,BRN,Urban population (% of total population),SP.URB.TOTL.IN.ZS,Dân số & Nhân khẩu học,2022,74.7772642014221
Brunei Darussalam,BRN,Urban population (% of total population),SP.URB.TOTL.IN.ZS,Dân số & Nhân khẩu học,2023,74.8199193881365
Brunei Darussalam,BRN,Urban population (% of total population),SP.URB.TOTL.IN.ZS,Dân số & Nhân khẩu học,2024,74.8983133873697
Brunei Darussalam,BRN,Urban population (% of total population),SP.URB.TOTL.IN.ZS,Dân số & Nhân khẩu học,2025,75.0109886586819
Brunei Darussalam,BRN,"Fertility rate, total (births per woman)",SP.DYN.TFRT.IN,Dân số & Nhân khẩu học,2015,1.947
Brunei Darussalam,BRN,"Fertility rate, total (births per woman)",SP.DYN.TFRT.IN,Dân số & Nhân khẩu học,2016,1.915
Brunei Darussalam,BRN,"Fertility rate, total (births per woman)",SP.DYN.TFRT.IN,Dân số & Nhân khẩu học,2017,1.881
Brunei Darussalam,BRN,"Fertility rate, total (births per woman)",SP.DYN.TFRT.IN,Dân số & Nhân khẩu học,2018,1.848
Brunei Darussalam,BRN,"Fertility rate, total (births per woman)",SP.DYN.TFRT.IN,Dân số & Nhân khẩu học,2019,1.819
Brunei Darussalam,BRN,"Fertility rate, total (births per woman)",SP.DYN.TFRT.IN,Dân số & Nhân khẩu học,2020,1.796
Brunei Darussalam,BRN,"Fertility rate, total (births per woman)",SP.DYN.TFRT.IN,Dân số & Nhân khẩu học,2021,1.778
Brunei Darussalam,BRN,"Fertility rate, total (births per woman)",SP.DYN.TFRT.IN,Dân số & Nhân khẩu học,2022,1.764
Brunei Darussalam,BRN,"Fertility rate, total (births per woman)",SP.DYN.TFRT.IN,Dân số & Nhân khẩu học,2023,1.747
Brunei Darussalam,BRN,"Fertility rate, total (births per woman)",SP.DYN.TFRT.IN,Dân số & Nhân khẩu học,2024,1.731
Brunei Darussalam,BRN,"Fertility rate, total (births per woman)",SP.DYN.TFRT.IN,Dân số & Nhân khẩu học,2025,
Brunei Darussalam,BRN,Population ages 0-14 (% of total population),SP.POP.0014.TO.ZS,Dân số & Nhân khẩu học,2015,23.5771645253623
Brunei Darussalam,BRN,Population ages 0-14 (% of total population),SP.POP.0014.TO.ZS,Dân số & Nhân khẩu học,2016,23.1364193430691
Brunei Darussalam,BRN,Population ages 0-14 (% of total population),SP.POP.0014.TO.ZS,Dân số & Nhân khẩu học,2017,22.7212019261875
Brunei Darussalam,BRN,Population ages 0-14 (% of total population),SP.POP.0014.TO.ZS,Dân số & Nhân khẩu học,2018,22.3246640376694
Brunei Darussalam,BRN,Population ages 0-14 (% of total population),SP.POP.0014.TO.ZS,Dân số & Nhân khẩu học,2019,21.9466657630794
Brunei Darussalam,BRN,Population ages 0-14 (% of total population),SP.POP.0014.TO.ZS,Dân số & Nhân khẩu học,2020,21.5994063524313
Brunei Darussalam,BRN,Population ages 0-14 (% of total population),SP.POP.0014.TO.ZS,Dân số & Nhân khẩu học,2021,21.3389695619304
Brunei Darussalam,BRN,Population ages 0-14 (% of total population),SP.POP.0014.TO.ZS,Dân số & Nhân khẩu học,2022,21.1818094975619
Brunei Darussalam,BRN,Population ages 0-14 (% of total population),SP.POP.0014.TO.ZS,Dân số & Nhân khẩu học,2023,21.0243633000217
Brunei Darussalam,BRN,Population ages 0-14 (% of total population),SP.POP.0014.TO.ZS,Dân số & Nhân khẩu học,2024,20.825269627627
Brunei Darussalam,BRN,Population ages 0-14 (% of total population),SP.POP.0014.TO.ZS,Dân số & Nhân khẩu học,2025,20.625929464189
Brunei Darussalam,BRN,Population ages 65 and above (% of total population),SP.POP.65UP.TO.ZS,Dân số & Nhân khẩu học,2015,4.15680292933755
Brunei Darussalam,BRN,Population ages 65 and above (% of total population),SP.POP.65UP.TO.ZS,Dân số & Nhân khẩu học,2016,4.40308351498255
Brunei Darussalam,BRN,Population ages 65 and above (% of total population),SP.POP.65UP.TO.ZS,Dân số & Nhân khẩu học,2017,4.67856053533962
Brunei Darussalam,BRN,Population ages 65 and above (% of total population),SP.POP.65UP.TO.ZS,Dân số & Nhân khẩu học,2018,4.97590847160694
Brunei Darussalam,BRN,Population ages 65 and above (% of total population),SP.POP.65UP.TO.ZS,Dân số & Nhân khẩu học,2019,5.28835727839523
Brunei Darussalam,BRN,Population ages 65 and above (% of total population),SP.POP.65UP.TO.ZS,Dân số & Nhân khẩu học,2020,5.61350101195006
Brunei Darussalam,BRN,Population ages 65 and above (% of total population),SP.POP.65UP.TO.ZS,Dân số & Nhân khẩu học,2021,5.92302098310792
Brunei Darussalam,BRN,Population ages 65 and above (% of total population),SP.POP.65UP.TO.ZS,Dân số & Nhân khẩu học,2022,6.20177679884138
Brunei Darussalam,BRN,Population ages 65 and above (% of total population),SP.POP.65UP.TO.ZS,Dân số & Nhân khẩu học,2023,6.51107912979343
Brunei Darussalam,BRN,Population ages 65 and above (% of total population),SP.POP.65UP.TO.ZS,Dân số & Nhân khẩu học,2024,6.8678459937565
Brunei Darussalam,BRN,Population ages 65 and above (% of total population),SP.POP.65UP.TO.ZS,Dân số & Nhân khẩu học,2025,7.23853575950962
Brunei Darussalam,BRN,Age dependency ratio (% of working-age population),SP.POP.DPND,Dân số & Nhân khẩu học,2015,38.3778628456063
Brunei Darussalam,BRN,Age dependency ratio (% of working-age population),SP.POP.DPND,Dân số & Nhân khẩu học,2016,38.0062295240708
Brunei Darussalam,BRN,Age dependency ratio (% of working-age population),SP.POP.DPND,Dân số & Nhân khẩu học,2017,37.7404970830031
Brunei Darussalam,BRN,Age dependency ratio (% of working-age population),SP.POP.DPND,Dân số & Nhân khẩu học,2018,37.5528221562436
Brunei Darussalam,BRN,Age dependency ratio (% of working-age population),SP.POP.DPND,Dân số & Nhân khẩu học,2019,37.4287523749208
Brunei Darussalam,BRN,Age dependency ratio (% of working-age population),SP.POP.DPND,Dân số & Nhân khẩu học,2020,37.387149472443
Brunei Darussalam,BRN,Age dependency ratio (% of working-age population),SP.POP.DPND,Dân số & Nhân khẩu học,2021,37.4799511828422
Brunei Darussalam,BRN,Age dependency ratio (% of working-age population),SP.POP.DPND,Dân số & Nhân khẩu học,2022,37.7100640209512
Brunei Darussalam,BRN,Age dependency ratio (% of working-age population),SP.POP.DPND,Dân số & Nhân khẩu học,2023,37.998646921747
Brunei Darussalam,BRN,Age dependency ratio (% of working-age population),SP.POP.DPND,Dân số & Nhân khẩu học,2024,38.2994748624391
Brunei Darussalam,BRN,Age dependency ratio (% of working-age population),SP.POP.DPND,Dân số & Nhân khẩu học,2025,38.6277832278011
Brunei Darussalam,BRN,"Age dependency ratio, old (% of working-age population)",SP.POP.DPND.OL,Dân số & Nhân khẩu học,2015,5.75223849290106
Brunei Darussalam,BRN,"Age dependency ratio, old (% of working-age population)",SP.POP.DPND.OL,Dân số & Nhân khẩu học,2016,6.07652954182335
Brunei Darussalam,BRN,"Age dependency ratio, old (% of working-age population)",SP.POP.DPND.OL,Dân số & Nhân khẩu học,2017,6.44412829057299
Brunei Darussalam,BRN,"Age dependency ratio, old (% of working-age population)",SP.POP.DPND.OL,Dân số & Nhân khẩu học,2018,6.84449471385708
Brunei Darussalam,BRN,"Age dependency ratio, old (% of working-age population)",SP.POP.DPND.OL,Dân số & Nhân khẩu học,2019,7.26787865241093
Brunei Darussalam,BRN,"Age dependency ratio, old (% of working-age population)",SP.POP.DPND.OL,Dân số & Nhân khẩu học,2020,7.7122204070603
Brunei Darussalam,BRN,"Age dependency ratio, old (% of working-age population)",SP.POP.DPND.OL,Dân số & Nhân khẩu học,2021,8.14309148956244
Brunei Darussalam,BRN,"Age dependency ratio, old (% of working-age population)",SP.POP.DPND.OL,Dân số & Nhân khẩu học,2022,8.54046142261388
Brunei Darussalam,BRN,"Age dependency ratio, old (% of working-age population)",SP.POP.DPND.OL,Dân số & Nhân khẩu học,2023,8.98534165225889
Brunei Darussalam,BRN,"Age dependency ratio, old (% of working-age population)",SP.POP.DPND.OL,Dân số & Nhân khẩu học,2024,9.49820520714091
Brunei Darussalam,BRN,"Age dependency ratio, old (% of working-age population)",SP.POP.DPND.OL,Dân số & Nhân khẩu học,2025,10.0344837837034
Brunei Darussalam,BRN,"Age dependency ratio, young (% of working-age population)",SP.POP.DPND.YG,Dân số & Nhân khẩu học,2015,32.6256243527052
Brunei Darussalam,BRN,"Age dependency ratio, young (% of working-age population)",SP.POP.DPND.YG,Dân số & Nhân khẩu học,2016,31.9296999822475
Brunei Darussalam,BRN,"Age dependency ratio, young (% of working-age population)",SP.POP.DPND.YG,Dân số & Nhân khẩu học,2017,31.2963687924301
Brunei Darussalam,BRN,"Age dependency ratio, young (% of working-age population)",SP.POP.DPND.YG,Dân số & Nhân khẩu học,2018,30.7083274423865
Brunei Darussalam,BRN,"Age dependency ratio, young (% of working-age population)",SP.POP.DPND.YG,Dân số & Nhân khẩu học,2019,30.1608737225099
Brunei Darussalam,BRN,"Age dependency ratio, young (% of working-age population)",SP.POP.DPND.YG,Dân số & Nhân khẩu học,2020,29.6749290653827
Brunei Darussalam,BRN,"Age dependency ratio, young (% of working-age population)",SP.POP.DPND.YG,Dân số & Nhân khẩu học,2021,29.3368596932797
Brunei Darussalam,BRN,"Age dependency ratio, young (% of working-age population)",SP.POP.DPND.YG,Dân số & Nhân khẩu học,2022,29.1696025983373
Brunei Darussalam,BRN,"Age dependency ratio, young (% of working-age population)",SP.POP.DPND.YG,Dân số & Nhân khẩu học,2023,29.0133052694881
Brunei Darussalam,BRN,"Age dependency ratio, young (% of working-age population)",SP.POP.DPND.YG,Dân số & Nhân khẩu học,2024,28.8012696552981
Brunei Darussalam,BRN,"Age dependency ratio, young (% of working-age population)",SP.POP.DPND.YG,Dân số & Nhân khẩu học,2025,28.5932994440976
Cambodia,KHM,"Population, female",SP.POP.TOTL.FE.IN,Dân số & Nhân khẩu học,2015,7994071.0
Cambodia,KHM,"Population, female",SP.POP.TOTL.FE.IN,Dân số & Nhân khẩu học,2016,8108585.0
Cambodia,KHM,"Population, female",SP.POP.TOTL.FE.IN,Dân số & Nhân khẩu học,2017,8218871.0
Cambodia,KHM,"Population, female",SP.POP.TOTL.FE.IN,Dân số & Nhân khẩu học,2018,8320127.0
Cambodia,KHM,"Population, female",SP.POP.TOTL.FE.IN,Dân số & Nhân khẩu học,2019,8423919.0
Cambodia,KHM,"Population, female",SP.POP.TOTL.FE.IN,Dân số & Nhân khẩu học,2020,8544837.0
Cambodia,KHM,"Population, female",SP.POP.TOTL.FE.IN,Dân số & Nhân khẩu học,2021,8667395.0
Cambodia,KHM,"Population, female",SP.POP.TOTL.FE.IN,Dân số & Nhân khẩu học,2022,8779871.0
Cambodia,KHM,"Population, female",SP.POP.TOTL.FE.IN,Dân số & Nhân khẩu học,2023,8889929.0
Cambodia,KHM,"Population, female",SP.POP.TOTL.FE.IN,Dân số & Nhân khẩu học,2024,8995814.0
Cambodia,KHM,"Population, female",SP.POP.TOTL.FE.IN,Dân số & Nhân khẩu học,2025,9098347.0
Cambodia,KHM,"Population, female (% of total population)",SP.POP.TOTL.FE.ZS,Dân số & Nhân khẩu học,2015,51.1677819168366
Cambodia,KHM,"Population, female (% of total population)",SP.POP.TOTL.FE.ZS,Dân số & Nhân khẩu học,2016,51.1492163972022
Cambodia,KHM,"Population, female (% of total population)",SP.POP.TOTL.FE.ZS,Dân số & Nhân khẩu học,2017,51.133458492717
Cambodia,KHM,"Population, female (% of total population)",SP.POP.TOTL.FE.ZS,Dân số & Nhân khẩu học,2018,51.123633615783
Cambodia,KHM,"Population, female (% of total population)",SP.POP.TOTL.FE.ZS,Dân số & Nhân khẩu học,2019,51.1119690529342
Cambodia,KHM,"Population, female (% of total population)",SP.POP.TOTL.FE.ZS,Dân số & Nhân khẩu học,2020,51.0887554570206
Cambodia,KHM,"Population, female (% of total population)",SP.POP.TOTL.FE.ZS,Dân số & Nhân khẩu học,2021,51.0618578456168
Cambodia,KHM,"Population, female (% of total population)",SP.POP.TOTL.FE.ZS,Dân số & Nhân khẩu học,2022,51.04064569342
Cambodia,KHM,"Population, female (% of total population)",SP.POP.TOTL.FE.ZS,Dân số & Nhân khẩu học,2023,51.0215261456389
Cambodia,KHM,"Population, female (% of total population)",SP.POP.TOTL.FE.ZS,Dân số & Nhân khẩu học,2024,51.0001445109563
Cambodia,KHM,"Population, female (% of total population)",SP.POP.TOTL.FE.ZS,Dân số & Nhân khẩu học,2025,50.9768947548244
Cambodia,KHM,"Population, male",SP.POP.TOTL.MA.IN,Dân số & Nhân khẩu học,2015,7629180.0
Cambodia,KHM,"Population, male",SP.POP.TOTL.MA.IN,Dân số & Nhân khẩu học,2016,7744218.0
Cambodia,KHM,"Population, male",SP.POP.TOTL.MA.IN,Dân số & Nhân khẩu học,2017,7854501.0
Cambodia,KHM,"Population, male",SP.POP.TOTL.MA.IN,Dân số & Nhân khẩu học,2018,7954395.0
Cambodia,KHM,"Population, male",SP.POP.TOTL.MA.IN,Dân số & Nhân khẩu học,2019,8057385.0
Cambodia,KHM,"Population, male",SP.POP.TOTL.MA.IN,Dân số & Nhân khẩu học,2020,8180637.0
Cambodia,KHM,"Population, male",SP.POP.TOTL.MA.IN,Dân số & Nhân khẩu học,2021,8306910.0
Cambodia,KHM,"Population, male",SP.POP.TOTL.MA.IN,Dân số & Nhân khẩu học,2022,8421853.0
Cambodia,KHM,"Population, male",SP.POP.TOTL.MA.IN,Dân số & Nhân khẩu học,2023,8533951.0
Cambodia,KHM,"Population, male",SP.POP.TOTL.MA.IN,Dân số & Nhân khẩu học,2024,8642987.0
Cambodia,KHM,"Population, male",SP.POP.TOTL.MA.IN,Dân số & Nhân khẩu học,2025,8749635.0
Cambodia,KHM,"Population, male (% of total population)",SP.POP.TOTL.MA.ZS,Dân số & Nhân khẩu học,2015,48.8322180831634
Cambodia,KHM,"Population, male (% of total population)",SP.POP.TOTL.MA.ZS,Dân số & Nhân khẩu học,2016,48.8507836027978
Cambodia,KHM,"Population, male (% of total population)",SP.POP.TOTL.MA.ZS,Dân số & Nhân khẩu học,2017,48.866541507283
Cambodia,KHM,"Population, male (% of total population)",SP.POP.TOTL.MA.ZS,Dân số & Nhân khẩu học,2018,48.876366384217
Cambodia,KHM,"Population, male (% of total population)",SP.POP.TOTL.MA.ZS,Dân số & Nhân khẩu học,2019,48.8880309470658
Cambodia,KHM,"Population, male (% of total population)",SP.POP.TOTL.MA.ZS,Dân số & Nhân khẩu học,2020,48.9112445429794
Cambodia,KHM,"Population, male (% of total population)",SP.POP.TOTL.MA.ZS,Dân số & Nhân khẩu học,2021,48.9381421543832
Cambodia,KHM,"Population, male (% of total population)",SP.POP.TOTL.MA.ZS,Dân số & Nhân khẩu học,2022,48.95935430658
Cambodia,KHM,"Population, male (% of total population)",SP.POP.TOTL.MA.ZS,Dân số & Nhân khẩu học,2023,48.9784738543611
Cambodia,KHM,"Population, male (% of total population)",SP.POP.TOTL.MA.ZS,Dân số & Nhân khẩu học,2024,48.9998554890437
Cambodia,KHM,"Population, male (% of total population)",SP.POP.TOTL.MA.ZS,Dân số & Nhân khẩu học,2025,49.0231052451756
Cambodia,KHM,"Population, total",SP.POP.TOTL,Dân số & Nhân khẩu học,2015,15623251.0
Cambodia,KHM,"Population, total",SP.POP.TOTL,Dân số & Nhân khẩu học,2016,15852803.0
Cambodia,KHM,"Population, total",SP.POP.TOTL,Dân số & Nhân khẩu học,2017,16073372.0
Cambodia,KHM,"Population, total",SP.POP.TOTL,Dân số & Nhân khẩu học,2018,16274522.0
Cambodia,KHM,"Population, total",SP.POP.TOTL,Dân số & Nhân khẩu học,2019,16481304.0
Cambodia,KHM,"Population, total",SP.POP.TOTL,Dân số & Nhân khẩu học,2020,16725474.0
Cambodia,KHM,"Population, total",SP.POP.TOTL,Dân số & Nhân khẩu học,2021,16974305.0
Cambodia,KHM,"Population, total",SP.POP.TOTL,Dân số & Nhân khẩu học,2022,17201724.0
Cambodia,KHM,"Population, total",SP.POP.TOTL,Dân số & Nhân khẩu học,2023,17423880.0
Cambodia,KHM,"Population, total",SP.POP.TOTL,Dân số & Nhân khẩu học,2024,17638801.0
Cambodia,KHM,"Population, total",SP.POP.TOTL,Dân số & Nhân khẩu học,2025,17847982.0
Cambodia,KHM,Population growth (annual %),SP.POP.GROW,Dân số & Nhân khẩu học,2015,1.46023762985186
Cambodia,KHM,Population growth (annual %),SP.POP.GROW,Dân số & Nhân khẩu học,2016,1.45860767566845
Cambodia,KHM,Population growth (annual %),SP.POP.GROW,Dân số & Nhân khẩu học,2017,1.38176596089867
Cambodia,KHM,Population growth (annual %),SP.POP.GROW,Dân số & Nhân khẩu học,2018,1.24368277407927
Cambodia,KHM,Population growth (annual %),SP.POP.GROW,Dân số & Nhân khẩu học,2019,1.26258301009769
Cambodia,KHM,Population growth (annual %),SP.POP.GROW,Dân số & Nhân khẩu học,2020,1.47062988552696
Cambodia,KHM,Population growth (annual %),SP.POP.GROW,Dân số & Nhân khẩu học,2021,1.47677836241244
Cambodia,KHM,Population growth (annual %),SP.POP.GROW,Dân số & Nhân khẩu học,2022,1.33088813106016
Cambodia,KHM,Population growth (annual %),SP.POP.GROW,Dân số & Nhân khẩu học,2023,1.28320677599476
Cambodia,KHM,Population growth (annual %),SP.POP.GROW,Dân số & Nhân khẩu học,2024,1.22593986324555
Cambodia,KHM,Population growth (annual %),SP.POP.GROW,Dân số & Nhân khẩu học,2025,1.17893708663597
Cambodia,KHM,Urban population (% of total population),SP.URB.TOTL.IN.ZS,Dân số & Nhân khẩu học,2015,30.0669222549819
Cambodia,KHM,Urban population (% of total population),SP.URB.TOTL.IN.ZS,Dân số & Nhân khẩu học,2016,32.4767436038024
Cambodia,KHM,Urban population (% of total population),SP.URB.TOTL.IN.ZS,Dân số & Nhân khẩu học,2017,35.0127905056235
Cambodia,KHM,Urban population (% of total population),SP.URB.TOTL.IN.ZS,Dân số & Nhân khẩu học,2018,37.6404336372742
Cambodia,KHM,Urban population (% of total population),SP.URB.TOTL.IN.ZS,Dân số & Nhân khẩu học,2019,39.5830241256026
Cambodia,KHM,Urban population (% of total population),SP.URB.TOTL.IN.ZS,Dân số & Nhân khẩu học,2020,39.832658030922
Cambodia,KHM,Urban population (% of total population),SP.URB.TOTL.IN.ZS,Dân số & Nhân khẩu học,2021,40.1091858128847
Cambodia,KHM,Urban population (% of total population),SP.URB.TOTL.IN.ZS,Dân số & Nhân khẩu học,2022,40.374616187368
Cambodia,KHM,Urban population (% of total population),SP.URB.TOTL.IN.ZS,Dân số & Nhân khẩu học,2023,40.6290788072508
Cambodia,KHM,Urban population (% of total population),SP.URB.TOTL.IN.ZS,Dân số & Nhân khẩu học,2024,40.8727033252729
Cambodia,KHM,Urban population (% of total population),SP.URB.TOTL.IN.ZS,Dân số & Nhân khẩu học,2025,41.10561939401
Cambodia,KHM,"Fertility rate, total (births per woman)",SP.DYN.TFRT.IN,Dân số & Nhân khẩu học,2015,2.729
Cambodia,KHM,"Fertility rate, total (births per woman)",SP.DYN.TFRT.IN,Dân số & Nhân khẩu học,2016,2.725
Cambodia,KHM,"Fertility rate, total (births per woman)",SP.DYN.TFRT.IN,Dân số & Nhân khẩu học,2017,2.719
Cambodia,KHM,"Fertility rate, total (births per woman)",SP.DYN.TFRT.IN,Dân số & Nhân khẩu học,2018,2.724
Cambodia,KHM,"Fertility rate, total (births per woman)",SP.DYN.TFRT.IN,Dân số & Nhân khẩu học,2019,2.725
Cambodia,KHM,"Fertility rate, total (births per woman)",SP.DYN.TFRT.IN,Dân số & Nhân khẩu học,2020,2.699
Cambodia,KHM,"Fertility rate, total (births per woman)",SP.DYN.TFRT.IN,Dân số & Nhân khẩu học,2021,2.664
Cambodia,KHM,"Fertility rate, total (births per woman)",SP.DYN.TFRT.IN,Dân số & Nhân khẩu học,2022,2.616
Cambodia,KHM,"Fertility rate, total (births per woman)",SP.DYN.TFRT.IN,Dân số & Nhân khẩu học,2023,2.579
Cambodia,KHM,"Fertility rate, total (births per woman)",SP.DYN.TFRT.IN,Dân số & Nhân khẩu học,2024,2.548
Cambodia,KHM,"Fertility rate, total (births per woman)",SP.DYN.TFRT.IN,Dân số & Nhân khẩu học,2025,
Cambodia,KHM,Population ages 0-14 (% of total population),SP.POP.0014.TO.ZS,Dân số & Nhân khẩu học,2015,31.9296390978305
Cambodia,KHM,Population ages 0-14 (% of total population),SP.POP.0014.TO.ZS,Dân số & Nhân khẩu học,2016,31.8263748057678
Cambodia,KHM,Population ages 0-14 (% of total population),SP.POP.0014.TO.ZS,Dân số & Nhân khẩu học,2017,31.7040309990949
Cambodia,KHM,Population ages 0-14 (% of total population),SP.POP.0014.TO.ZS,Dân số & Nhân khẩu học,2018,31.5280544500187
Cambodia,KHM,Population ages 0-14 (% of total population),SP.POP.0014.TO.ZS,Dân số & Nhân khẩu học,2019,31.3236501189469
Cambodia,KHM,Population ages 0-14 (% of total population),SP.POP.0014.TO.ZS,Dân số & Nhân khẩu học,2020,31.0778017734446
Cambodia,KHM,Population ages 0-14 (% of total population),SP.POP.0014.TO.ZS,Dân số & Nhân khẩu học,2021,30.7812858676309
Cambodia,KHM,Population ages 0-14 (% of total population),SP.POP.0014.TO.ZS,Dân số & Nhân khẩu học,2022,30.4544163844978
Cambodia,KHM,Population ages 0-14 (% of total population),SP.POP.0014.TO.ZS,Dân số & Nhân khẩu học,2023,30.1105571746776
Cambodia,KHM,Population ages 0-14 (% of total population),SP.POP.0014.TO.ZS,Dân số & Nhân khẩu học,2024,29.7931455146284
Cambodia,KHM,Population ages 0-14 (% of total population),SP.POP.0014.TO.ZS,Dân số & Nhân khẩu học,2025,29.4972991763802
Cambodia,KHM,Population ages 65 and above (% of total population),SP.POP.65UP.TO.ZS,Dân số & Nhân khẩu học,2015,4.56873555218231
Cambodia,KHM,Population ages 65 and above (% of total population),SP.POP.65UP.TO.ZS,Dân số & Nhân khẩu học,2016,4.7354180834771
Cambodia,KHM,Population ages 65 and above (% of total population),SP.POP.65UP.TO.ZS,Dân số & Nhân khẩu học,2017,4.90883602678903
Cambodia,KHM,Population ages 65 and above (% of total population),SP.POP.65UP.TO.ZS,Dân số & Nhân khẩu học,2018,5.09207597900805
Cambodia,KHM,Population ages 65 and above (% of total population),SP.POP.65UP.TO.ZS,Dân số & Nhân khẩu học,2019,5.27307790694231
Cambodia,KHM,Population ages 65 and above (% of total population),SP.POP.65UP.TO.ZS,Dân số & Nhân khẩu học,2020,5.4387369063124
Cambodia,KHM,Population ages 65 and above (% of total population),SP.POP.65UP.TO.ZS,Dân số & Nhân khẩu học,2021,5.59471490600897
Cambodia,KHM,Population ages 65 and above (% of total population),SP.POP.65UP.TO.ZS,Dân số & Nhân khẩu học,2022,5.7669541078253
Cambodia,KHM,Population ages 65 and above (% of total population),SP.POP.65UP.TO.ZS,Dân số & Nhân khẩu học,2023,5.96118643031327
Cambodia,KHM,Population ages 65 and above (% of total population),SP.POP.65UP.TO.ZS,Dân số & Nhân khẩu học,2024,6.16370427229448
Cambodia,KHM,Population ages 65 and above (% of total population),SP.POP.65UP.TO.ZS,Dân số & Nhân khẩu học,2025,6.37709648006975
Cambodia,KHM,Age dependency ratio (% of working-age population),SP.POP.DPND,Dân số & Nhân khẩu học,2015,57.4762892275772
Cambodia,KHM,Age dependency ratio (% of working-age population),SP.POP.DPND,Dân số & Nhân khẩu học,2016,57.6337208481402
Cambodia,KHM,Age dependency ratio (% of working-age population),SP.POP.DPND,Dân số & Nhân khẩu học,2017,57.7607192458127
Cambodia,KHM,Age dependency ratio (% of working-age population),SP.POP.DPND,Dân số & Nhân khẩu học,2018,57.7788009060017
Cambodia,KHM,Age dependency ratio (% of working-age population),SP.POP.DPND,Dân số & Nhân khẩu học,2019,57.7205669146422
Cambodia,KHM,Age dependency ratio (% of working-age population),SP.POP.DPND,Dân số & Nhân khẩu học,2020,57.5213483632843
Cambodia,KHM,Age dependency ratio (% of working-age population),SP.POP.DPND,Dân số & Nhân khẩu học,2021,57.1733909693315
Cambodia,KHM,Age dependency ratio (% of working-age population),SP.POP.DPND,Dân số & Nhân khẩu học,2022,56.7923377070363
Cambodia,KHM,Age dependency ratio (% of working-age population),SP.POP.DPND,Dân số & Nhân khẩu học,2023,56.4253473651475
Cambodia,KHM,Age dependency ratio (% of working-age population),SP.POP.DPND,Dân số & Nhân khẩu học,2024,56.1447301469383
Cambodia,KHM,Age dependency ratio (% of working-age population),SP.POP.DPND,Dân số & Nhân khẩu học,2025,55.9439537843445
Cambodia,KHM,"Age dependency ratio, old (% of working-age population)",SP.POP.DPND.OL,Dân số & Nhân khẩu học,2015,7.19467498194238
Cambodia,KHM,"Age dependency ratio, old (% of working-age population)",SP.POP.DPND.OL,Dân số & Nhân khẩu học,2016,7.4646202236233
Cambodia,KHM,"Age dependency ratio, old (% of working-age population)",SP.POP.DPND.OL,Dân số & Nhân khẩu học,2017,7.74421035584412
Cambodia,KHM,"Age dependency ratio, old (% of working-age population)",SP.POP.DPND.OL,Dân số & Nhân khẩu học,2018,8.03421617406727
Cambodia,KHM,"Age dependency ratio, old (% of working-age population)",SP.POP.DPND.OL,Dân số & Nhân khẩu học,2019,8.31672836868017
Cambodia,KHM,"Age dependency ratio, old (% of working-age population)",SP.POP.DPND.OL,Dân số & Nhân khẩu học,2020,8.56717564944514
Cambodia,KHM,"Age dependency ratio, old (% of working-age population)",SP.POP.DPND.OL,Dân số & Nhân khẩu học,2021,8.79340339186195
Cambodia,KHM,"Age dependency ratio, old (% of working-age population)",SP.POP.DPND.OL,Dân số & Nhân khẩu học,2022,9.04214592913114
Cambodia,KHM,"Age dependency ratio, old (% of working-age population)",SP.POP.DPND.OL,Dân số & Nhân khẩu học,2023,9.32480684828854
Cambodia,KHM,"Age dependency ratio, old (% of working-age population)",SP.POP.DPND.OL,Dân số & Nhân khẩu học,2024,9.62430301075277
Cambodia,KHM,"Age dependency ratio, old (% of working-age population)",SP.POP.DPND.OL,Dân số & Nhân khẩu học,2025,9.94469610906861
Cambodia,KHM,"Age dependency ratio, young (% of working-age population)",SP.POP.DPND.YG,Dân số & Nhân khẩu học,2015,50.2816142456349
Cambodia,KHM,"Age dependency ratio, young (% of working-age population)",SP.POP.DPND.YG,Dân số & Nhân khẩu học,2016,50.1691006245169
Cambodia,KHM,"Age dependency ratio, young (% of working-age population)",SP.POP.DPND.YG,Dân số & Nhân khẩu học,2017,50.0165088899685
Cambodia,KHM,"Age dependency ratio, young (% of working-age population)",SP.POP.DPND.YG,Dân số & Nhân khẩu học,2018,49.7445847319344
Cambodia,KHM,"Age dependency ratio, young (% of working-age population)",SP.POP.DPND.YG,Dân số & Nhân khẩu học,2019,49.4038385459621
Cambodia,KHM,"Age dependency ratio, young (% of working-age population)",SP.POP.DPND.YG,Dân số & Nhân khẩu học,2020,48.9541727138392
Cambodia,KHM,"Age dependency ratio, young (% of working-age population)",SP.POP.DPND.YG,Dân số & Nhân khẩu học,2021,48.3799875774695
Cambodia,KHM,"Age dependency ratio, young (% of working-age population)",SP.POP.DPND.YG,Dân số & Nhân khẩu học,2022,47.7501917779051
Cambodia,KHM,"Age dependency ratio, young (% of working-age population)",SP.POP.DPND.YG,Dân số & Nhân khẩu học,2023,47.100540516859
Cambodia,KHM,"Age dependency ratio, young (% of working-age population)",SP.POP.DPND.YG,Dân số & Nhân khẩu học,2024,46.5204271361855
Cambodia,KHM,"Age dependency ratio, young (% of working-age population)",SP.POP.DPND.YG,Dân số & Nhân khẩu học,2025,45.9992576752759
Indonesia,IDN,"Population, female",SP.POP.TOTL.FE.IN,Dân số & Nhân khẩu học,2015,130285574.0
Indonesia,IDN,"Population, female",SP.POP.TOTL.FE.IN,Dân số & Nhân khẩu học,2016,131680949.0
Indonesia,IDN,"Population, female",SP.POP.TOTL.FE.IN,Dân số & Nhân khẩu học,2017,133024272.0
Indonesia,IDN,"Population, female",SP.POP.TOTL.FE.IN,Dân số & Nhân khẩu học,2018,134314239.0
Indonesia,IDN,"Population, female",SP.POP.TOTL.FE.IN,Dân số & Nhân khẩu học,2019,135572405.0
Indonesia,IDN,"Population, female",SP.POP.TOTL.FE.IN,Dân số & Nhân khẩu học,2020,136741617.0
Indonesia,IDN,"Population, female",SP.POP.TOTL.FE.IN,Dân số & Nhân khẩu học,2021,137726598.0
Indonesia,IDN,"Population, female",SP.POP.TOTL.FE.IN,Dân số & Nhân khẩu học,2022,138760035.0
Indonesia,IDN,"Population, female",SP.POP.TOTL.FE.IN,Dân số & Nhân khẩu học,2023,139934300.0
Indonesia,IDN,"Population, female",SP.POP.TOTL.FE.IN,Dân số & Nhân khẩu học,2024,141080015.0
Indonesia,IDN,"Population, female",SP.POP.TOTL.FE.IN,Dân số & Nhân khẩu học,2025,142193712.0
Indonesia,IDN,"Population, female (% of total population)",SP.POP.TOTL.FE.ZS,Dân số & Nhân khẩu học,2015,49.7654498619284
Indonesia,IDN,"Population, female (% of total population)",SP.POP.TOTL.FE.ZS,Dân số & Nhân khẩu học,2016,49.7608864550838
Indonesia,IDN,"Population, female (% of total population)",SP.POP.TOTL.FE.ZS,Dân số & Nhân khẩu học,2017,49.7572226992267
Indonesia,IDN,"Population, female (% of total population)",SP.POP.TOTL.FE.ZS,Dân số & Nhân khẩu học,2018,49.7548879522947
Indonesia,IDN,"Population, female (% of total population)",SP.POP.TOTL.FE.ZS,Dân số & Nhân khẩu học,2019,49.7532801103908
Indonesia,IDN,"Population, female (% of total population)",SP.POP.TOTL.FE.ZS,Dân số & Nhân khẩu học,2020,49.7577219858259
Indonesia,IDN,"Population, female (% of total population)",SP.POP.TOTL.FE.ZS,Dân số & Nhân khẩu học,2021,49.7642603375303
Indonesia,IDN,"Population, female (% of total population)",SP.POP.TOTL.FE.ZS,Dân số & Nhân khẩu học,2022,49.7650079773008
Indonesia,IDN,"Population, female (% of total population)",SP.POP.TOTL.FE.ZS,Dân số & Nhân khẩu học,2023,49.7650226377485
Indonesia,IDN,"Population, female (% of total population)",SP.POP.TOTL.FE.ZS,Dân số & Nhân khẩu học,2024,49.7657923222135
Indonesia,IDN,"Population, female (% of total population)",SP.POP.TOTL.FE.ZS,Dân số & Nhân khẩu học,2025,49.7665885779662
Indonesia,IDN,"Population, male",SP.POP.TOTL.MA.IN,Dân số & Nhân khẩu học,2015,131513675.0
Indonesia,IDN,"Population, male",SP.POP.TOTL.MA.IN,Dân số & Nhân khẩu học,2016,132946469.0
Indonesia,IDN,"Population, male",SP.POP.TOTL.MA.IN,Dân số & Nhân khẩu học,2017,134322386.0
Indonesia,IDN,"Population, male",SP.POP.TOTL.MA.IN,Dân số & Nhân khẩu học,2018,135637607.0
Indonesia,IDN,"Population, male",SP.POP.TOTL.MA.IN,Dân số & Nhân khẩu học,2019,136916976.0
Indonesia,IDN,"Population, male",SP.POP.TOTL.MA.IN,Dân số & Nhân khẩu học,2020,138073249.0
Indonesia,IDN,"Population, male",SP.POP.TOTL.MA.IN,Dân số & Nhân khẩu học,2021,139031455.0
Indonesia,IDN,"Population, male",SP.POP.TOTL.MA.IN,Dân số & Nhân khẩu học,2022,140070494.0
Indonesia,IDN,"Population, male",SP.POP.TOTL.MA.IN,Dân số & Nhân khẩu học,2023,141255767.0
Indonesia,IDN,"Population, male",SP.POP.TOTL.MA.IN,Dân số & Nhân khẩu học,2024,142407916.0
Indonesia,IDN,"Population, male",SP.POP.TOTL.MA.IN,Dân số & Nhân khẩu học,2025,143527524.0
Indonesia,IDN,"Population, male (% of total population)",SP.POP.TOTL.MA.ZS,Dân số & Nhân khẩu học,2015,50.2345501380716
Indonesia,IDN,"Population, male (% of total population)",SP.POP.TOTL.MA.ZS,Dân số & Nhân khẩu học,2016,50.2391135449162
Indonesia,IDN,"Population, male (% of total population)",SP.POP.TOTL.MA.ZS,Dân số & Nhân khẩu học,2017,50.2427773007733
Indonesia,IDN,"Population, male (% of total population)",SP.POP.TOTL.MA.ZS,Dân số & Nhân khẩu học,2018,50.2451120477053
Indonesia,IDN,"Population, male (% of total population)",SP.POP.TOTL.MA.ZS,Dân số & Nhân khẩu học,2019,50.2467198896092
Indonesia,IDN,"Population, male (% of total population)",SP.POP.TOTL.MA.ZS,Dân số & Nhân khẩu học,2020,50.2422780141741
Indonesia,IDN,"Population, male (% of total population)",SP.POP.TOTL.MA.ZS,Dân số & Nhân khẩu học,2021,50.2357396624697
Indonesia,IDN,"Population, male (% of total population)",SP.POP.TOTL.MA.ZS,Dân số & Nhân khẩu học,2022,50.2349920226992
Indonesia,IDN,"Population, male (% of total population)",SP.POP.TOTL.MA.ZS,Dân số & Nhân khẩu học,2023,50.2349773622515
Indonesia,IDN,"Population, male (% of total population)",SP.POP.TOTL.MA.ZS,Dân số & Nhân khẩu học,2024,50.2342076777865
Indonesia,IDN,"Population, male (% of total population)",SP.POP.TOTL.MA.ZS,Dân số & Nhân khẩu học,2025,50.2334114220337
Indonesia,IDN,"Population, total",SP.POP.TOTL,Dân số & Nhân khẩu học,2015,261799249.0
Indonesia,IDN,"Population, total",SP.POP.TOTL,Dân số & Nhân khẩu học,2016,264627418.0
Indonesia,IDN,"Population, total",SP.POP.TOTL,Dân số & Nhân khẩu học,2017,267346658.0
Indonesia,IDN,"Population, total",SP.POP.TOTL,Dân số & Nhân khẩu học,2018,269951846.0
Indonesia,IDN,"Population, total",SP.POP.TOTL,Dân số & Nhân khẩu học,2019,272489381.0
Indonesia,IDN,"Population, total",SP.POP.TOTL,Dân số & Nhân khẩu học,2020,274814866.0
Indonesia,IDN,"Population, total",SP.POP.TOTL,Dân số & Nhân khẩu học,2021,276758053.0
Indonesia,IDN,"Population, total",SP.POP.TOTL,Dân số & Nhân khẩu học,2022,278830529.0
Indonesia,IDN,"Population, total",SP.POP.TOTL,Dân số & Nhân khẩu học,2023,281190067.0
Indonesia,IDN,"Population, total",SP.POP.TOTL,Dân số & Nhân khẩu học,2024,283487931.0
Indonesia,IDN,"Population, total",SP.POP.TOTL,Dân số & Nhân khẩu học,2025,285721236.0
Indonesia,IDN,Population growth (annual %),SP.POP.GROW,Dân số & Nhân khẩu học,2015,1.12233981761262
Indonesia,IDN,Population growth (annual %),SP.POP.GROW,Dân số & Nhân khẩu học,2016,1.0744882002252
Indonesia,IDN,Population growth (annual %),SP.POP.GROW,Dân số & Nhân khẩu học,2017,1.02232939771064
Indonesia,IDN,Population growth (annual %),SP.POP.GROW,Dân số & Nhân khẩu học,2018,0.969743409524713
Indonesia,IDN,Population growth (annual %),SP.POP.GROW,Dân số & Nhân khẩu học,2019,0.935604959235128
Indonesia,IDN,Population growth (annual %),SP.POP.GROW,Dân số & Nhân khẩu học,2020,0.849801187379341
Indonesia,IDN,Population growth (annual %),SP.POP.GROW,Dân số & Nhân khẩu học,2021,0.704601321926319
Indonesia,IDN,Population growth (annual %),SP.POP.GROW,Dân số & Nhân khẩu học,2022,0.746050469653246
Indonesia,IDN,Population growth (annual %),SP.POP.GROW,Dân số & Nhân khẩu học,2023,0.842666137328498
Indonesia,IDN,Population growth (annual %),SP.POP.GROW,Dân số & Nhân khẩu học,2024,0.813871513351669
Indonesia,IDN,Population growth (annual %),SP.POP.GROW,Dân số & Nhân khẩu học,2025,0.784708535785041
Indonesia,IDN,Urban population (% of total population),SP.URB.TOTL.IN.ZS,Dân số & Nhân khẩu học,2015,53.1720771789551
Indonesia,IDN,Urban population (% of total population),SP.URB.TOTL.IN.ZS,Dân số & Nhân khẩu học,2016,53.812557220459
Indonesia,IDN,Urban population (% of total population),SP.URB.TOTL.IN.ZS,Dân số & Nhân khẩu học,2017,54.4541015625
Indonesia,IDN,Urban population (% of total population),SP.URB.TOTL.IN.ZS,Dân số & Nhân khẩu học,2018,55.0956840515137
Indonesia,IDN,Urban population (% of total population),SP.URB.TOTL.IN.ZS,Dân số & Nhân khẩu học,2019,55.7382049560547
Indonesia,IDN,Urban population (% of total population),SP.URB.TOTL.IN.ZS,Dân số & Nhân khẩu học,2020,56.2785287648768
Indonesia,IDN,Urban population (% of total population),SP.URB.TOTL.IN.ZS,Dân số & Nhân khẩu học,2021,56.8761702464027
Indonesia,IDN,Urban population (% of total population),SP.URB.TOTL.IN.ZS,Dân số & Nhân khẩu học,2022,57.4934704226599
Indonesia,IDN,Urban population (% of total population),SP.URB.TOTL.IN.ZS,Dân số & Nhân khẩu học,2023,58.1179353397878
Indonesia,IDN,Urban population (% of total population),SP.URB.TOTL.IN.ZS,Dân số & Nhân khẩu học,2024,58.7509635387997
Indonesia,IDN,Urban population (% of total population),SP.URB.TOTL.IN.ZS,Dân số & Nhân khẩu học,2025,59.3929063969984
Indonesia,IDN,"Fertility rate, total (births per woman)",SP.DYN.TFRT.IN,Dân số & Nhân khẩu học,2015,2.346
Indonesia,IDN,"Fertility rate, total (births per woman)",SP.DYN.TFRT.IN,Dân số & Nhân khẩu học,2016,2.311
Indonesia,IDN,"Fertility rate, total (births per woman)",SP.DYN.TFRT.IN,Dân số & Nhân khẩu học,2017,2.253
Indonesia,IDN,"Fertility rate, total (births per woman)",SP.DYN.TFRT.IN,Dân số & Nhân khẩu học,2018,2.219
Indonesia,IDN,"Fertility rate, total (births per woman)",SP.DYN.TFRT.IN,Dân số & Nhân khẩu học,2019,2.205
Indonesia,IDN,"Fertility rate, total (births per woman)",SP.DYN.TFRT.IN,Dân số & Nhân khẩu học,2020,2.189
Indonesia,IDN,"Fertility rate, total (births per woman)",SP.DYN.TFRT.IN,Dân số & Nhân khẩu học,2021,2.166
Indonesia,IDN,"Fertility rate, total (births per woman)",SP.DYN.TFRT.IN,Dân số & Nhân khẩu học,2022,2.149
Indonesia,IDN,"Fertility rate, total (births per woman)",SP.DYN.TFRT.IN,Dân số & Nhân khẩu học,2023,2.127
Indonesia,IDN,"Fertility rate, total (births per woman)",SP.DYN.TFRT.IN,Dân số & Nhân khẩu học,2024,2.115
Indonesia,IDN,"Fertility rate, total (births per woman)",SP.DYN.TFRT.IN,Dân số & Nhân khẩu học,2025,
Indonesia,IDN,Population ages 0-14 (% of total population),SP.POP.0014.TO.ZS,Dân số & Nhân khẩu học,2015,26.9656629152515
Indonesia,IDN,Population ages 0-14 (% of total population),SP.POP.0014.TO.ZS,Dân số & Nhân khẩu học,2016,26.7736383990264
Indonesia,IDN,Population ages 0-14 (% of total population),SP.POP.0014.TO.ZS,Dân số & Nhân khẩu học,2017,26.5632798746263
Indonesia,IDN,Population ages 0-14 (% of total population),SP.POP.0014.TO.ZS,Dân số & Nhân khẩu học,2018,26.3349404427949
Indonesia,IDN,Population ages 0-14 (% of total population),SP.POP.0014.TO.ZS,Dân số & Nhân khẩu học,2019,26.0919538365423
Indonesia,IDN,Population ages 0-14 (% of total population),SP.POP.0014.TO.ZS,Dân số & Nhân khẩu học,2020,25.834423429325
Indonesia,IDN,Population ages 0-14 (% of total population),SP.POP.0014.TO.ZS,Dân số & Nhân khẩu học,2021,25.575153363288
Indonesia,IDN,Population ages 0-14 (% of total population),SP.POP.0014.TO.ZS,Dân số & Nhân khẩu học,2022,25.2740669678858
Indonesia,IDN,Population ages 0-14 (% of total population),SP.POP.0014.TO.ZS,Dân số & Nhân khẩu học,2023,24.9346390051087
Indonesia,IDN,Population ages 0-14 (% of total population),SP.POP.0014.TO.ZS,Dân số & Nhân khẩu học,2024,24.5977969421876
Indonesia,IDN,Population ages 0-14 (% of total population),SP.POP.0014.TO.ZS,Dân số & Nhân khẩu học,2025,24.2472504288188
Indonesia,IDN,Population ages 65 and above (% of total population),SP.POP.65UP.TO.ZS,Dân số & Nhân khẩu học,2015,6.08184727833196
Indonesia,IDN,Population ages 65 and above (% of total population),SP.POP.65UP.TO.ZS,Dân số & Nhân khẩu học,2016,6.14856356267664
Indonesia,IDN,Population ages 65 and above (% of total population),SP.POP.65UP.TO.ZS,Dân số & Nhân khẩu học,2017,6.2384335097991
Indonesia,IDN,Population ages 65 and above (% of total population),SP.POP.65UP.TO.ZS,Dân số & Nhân khẩu học,2018,6.3509593367423
Indonesia,IDN,Population ages 65 and above (% of total population),SP.POP.65UP.TO.ZS,Dân số & Nhân khẩu học,2019,6.48567879421327
Indonesia,IDN,Population ages 65 and above (% of total population),SP.POP.65UP.TO.ZS,Dân số & Nhân khẩu học,2020,6.60790527723472
Indonesia,IDN,Population ages 65 and above (% of total population),SP.POP.65UP.TO.ZS,Dân số & Nhân khẩu học,2021,6.68701065764471
Indonesia,IDN,Population ages 65 and above (% of total population),SP.POP.65UP.TO.ZS,Dân số & Nhân khẩu học,2022,6.82466625959862
Indonesia,IDN,Population ages 65 and above (% of total population),SP.POP.65UP.TO.ZS,Dân số & Nhân khẩu học,2023,7.04854077766648
Indonesia,IDN,Population ages 65 and above (% of total population),SP.POP.65UP.TO.ZS,Dân số & Nhân khẩu học,2024,7.28860130431549
Indonesia,IDN,Population ages 65 and above (% of total population),SP.POP.65UP.TO.ZS,Dân số & Nhân khẩu học,2025,7.542769252795
Indonesia,IDN,Age dependency ratio (% of working-age population),SP.POP.DPND,Dân số & Nhân khẩu học,2015,49.3596437927725
Indonesia,IDN,Age dependency ratio (% of working-age population),SP.POP.DPND,Dân số & Nhân khẩu học,2016,49.0806241774761
Indonesia,IDN,Age dependency ratio (% of working-age population),SP.POP.DPND,Dân số & Nhân khẩu học,2017,48.813317657578
Indonesia,IDN,Age dependency ratio (% of working-age population),SP.POP.DPND,Dân số & Nhân khẩu học,2018,48.5572855648717
Indonesia,IDN,Age dependency ratio (% of working-age population),SP.POP.DPND,Dân số & Nhân khẩu học,2019,48.3187310528364
Indonesia,IDN,Age dependency ratio (% of working-age population),SP.POP.DPND,Dân số & Nhân khẩu học,2020,48.0216798448748
Indonesia,IDN,Age dependency ratio (% of working-age population),SP.POP.DPND,Dân số & Nhân khẩu học,2021,47.6279810142978
Indonesia,IDN,Age dependency ratio (% of working-age population),SP.POP.DPND,Dân số & Nhân khẩu học,2022,47.2726576874372
Indonesia,IDN,Age dependency ratio (% of working-age population),SP.POP.DPND,Dân số & Nhân khẩu học,2023,47.0224568841154
Indonesia,IDN,Age dependency ratio (% of working-age population),SP.POP.DPND,Dân số & Nhân khẩu học,2024,46.8135550051726
Indonesia,IDN,Age dependency ratio (% of working-age population),SP.POP.DPND,Dân số & Nhân khẩu học,2025,46.6061121871889
Indonesia,IDN,"Age dependency ratio, old (% of working-age population)",SP.POP.DPND.OL,Dân số & Nhân khẩu học,2015,9.0838257161931
Indonesia,IDN,"Age dependency ratio, old (% of working-age population)",SP.POP.DPND.OL,Dân số & Nhân khẩu học,2016,9.1663169371872
Indonesia,IDN,"Age dependency ratio, old (% of working-age population)",SP.POP.DPND.OL,Dân số & Nhân khẩu học,2017,9.28361959747885
Indonesia,IDN,"Age dependency ratio, old (% of working-age population)",SP.POP.DPND.OL,Dân số & Nhân khẩu học,2018,9.43481281546814
Indonesia,IDN,"Age dependency ratio, old (% of working-age population)",SP.POP.DPND.OL,Dân số & Nhân khẩu học,2019,9.61947648774002
Indonesia,IDN,"Age dependency ratio, old (% of working-age population)",SP.POP.DPND.OL,Dân số & Nhân khẩu học,2020,9.78113237612511
Indonesia,IDN,"Age dependency ratio, old (% of working-age population)",SP.POP.DPND.OL,Dân số & Nhân khẩu học,2021,9.87189859305212
Indonesia,IDN,"Age dependency ratio, old (% of working-age population)",SP.POP.DPND.OL,Dân số & Nhân khẩu học,2022,10.0508673607854
Indonesia,IDN,"Age dependency ratio, old (% of working-age population)",SP.POP.DPND.OL,Dân số & Nhân khẩu học,2023,10.362938068806
Indonesia,IDN,"Age dependency ratio, old (% of working-age population)",SP.POP.DPND.OL,Dân số & Nhân khẩu học,2024,10.7006546661457
Indonesia,IDN,"Age dependency ratio, old (% of working-age population)",SP.POP.DPND.OL,Dân số & Nhân khẩu học,2025,11.058160951274
Indonesia,IDN,"Age dependency ratio, young (% of working-age population)",SP.POP.DPND.YG,Dân số & Nhân khẩu học,2015,40.2758180765794
Indonesia,IDN,"Age dependency ratio, young (% of working-age population)",SP.POP.DPND.YG,Dân số & Nhân khẩu học,2016,39.9143072402889
Indonesia,IDN,"Age dependency ratio, young (% of working-age population)",SP.POP.DPND.YG,Dân số & Nhân khẩu học,2017,39.5296980600991
Indonesia,IDN,"Age dependency ratio, young (% of working-age population)",SP.POP.DPND.YG,Dân số & Nhân khẩu học,2018,39.1224727494036
Indonesia,IDN,"Age dependency ratio, young (% of working-age population)",SP.POP.DPND.YG,Dân số & Nhân khẩu học,2019,38.6992545650964
Indonesia,IDN,"Age dependency ratio, young (% of working-age population)",SP.POP.DPND.YG,Dân số & Nhân khẩu học,2020,38.2405474687497
Indonesia,IDN,"Age dependency ratio, young (% of working-age population)",SP.POP.DPND.YG,Dân số & Nhân khẩu học,2021,37.7560824212457
Indonesia,IDN,"Age dependency ratio, young (% of working-age population)",SP.POP.DPND.YG,Dân số & Nhân khẩu học,2022,37.2217903266518
Indonesia,IDN,"Age dependency ratio, young (% of working-age population)",SP.POP.DPND.YG,Dân số & Nhân khẩu học,2023,36.6595188153093
Indonesia,IDN,"Age dependency ratio, young (% of working-age population)",SP.POP.DPND.YG,Dân số & Nhân khẩu học,2024,36.1129003390269
Indonesia,IDN,"Age dependency ratio, young (% of working-age population)",SP.POP.DPND.YG,Dân số & Nhân khẩu học,2025,35.5479512359149
Lao PDR,LAO,"Population, female",SP.POP.TOTL.FE.IN,Dân số & Nhân khẩu học,2015,3379800.0
Lao PDR,LAO,"Population, female",SP.POP.TOTL.FE.IN,Dân số & Nhân khẩu học,2016,3433343.0
Lao PDR,LAO,"Population, female",SP.POP.TOTL.FE.IN,Dân số & Nhân khẩu học,2017,3488005.0
Lao PDR,LAO,"Population, female",SP.POP.TOTL.FE.IN,Dân số & Nhân khẩu học,2018,3542958.0
Lao PDR,LAO,"Population, female",SP.POP.TOTL.FE.IN,Dân số & Nhân khẩu học,2019,3597824.0
Lao PDR,LAO,"Population, female",SP.POP.TOTL.FE.IN,Dân số & Nhân khẩu học,2020,3652811.0
Lao PDR,LAO,"Population, female",SP.POP.TOTL.FE.IN,Dân số & Nhân khẩu học,2021,3706725.0
Lao PDR,LAO,"Population, female",SP.POP.TOTL.FE.IN,Dân số & Nhân khẩu học,2022,3759858.0
Lao PDR,LAO,"Population, female",SP.POP.TOTL.FE.IN,Dân số & Nhân khẩu học,2023,3813122.0
Lao PDR,LAO,"Population, female",SP.POP.TOTL.FE.IN,Dân số & Nhân khẩu học,2024,3865785.0
Lao PDR,LAO,"Population, female",SP.POP.TOTL.FE.IN,Dân số & Nhân khẩu học,2025,3917638.0
Lao PDR,LAO,"Population, female (% of total population)",SP.POP.TOTL.FE.ZS,Dân số & Nhân khẩu học,2015,49.6909203582369
Lao PDR,LAO,"Population, female (% of total population)",SP.POP.TOTL.FE.ZS,Dân số & Nhân khẩu học,2016,49.6952004124594
Lao PDR,LAO,"Population, female (% of total population)",SP.POP.TOTL.FE.ZS,Dân số & Nhân khẩu học,2017,49.6997996764673
Lao PDR,LAO,"Population, female (% of total population)",SP.POP.TOTL.FE.ZS,Dân số & Nhân khẩu học,2018,49.7044841888624
Lao PDR,LAO,"Population, female (% of total population)",SP.POP.TOTL.FE.ZS,Dân số & Nhân khẩu học,2019,49.7099397800525
Lao PDR,LAO,"Population, female (% of total population)",SP.POP.TOTL.FE.ZS,Dân số & Nhân khẩu học,2020,49.721562538411
Lao PDR,LAO,"Population, female (% of total population)",SP.POP.TOTL.FE.ZS,Dân số & Nhân khẩu học,2021,49.7333827260343
Lao PDR,LAO,"Population, female (% of total population)",SP.POP.TOTL.FE.ZS,Dân số & Nhân khẩu học,2022,49.7401047518543
Lao PDR,LAO,"Population, female (% of total population)",SP.POP.TOTL.FE.ZS,Dân số & Nhân khẩu học,2023,49.7472404406945
Lao PDR,LAO,"Population, female (% of total population)",SP.POP.TOTL.FE.ZS,Dân số & Nhân khẩu học,2024,49.7538553016672
Lao PDR,LAO,"Population, female (% of total population)",SP.POP.TOTL.FE.ZS,Dân số & Nhân khẩu học,2025,49.7601372785244
Lao PDR,LAO,"Population, male",SP.POP.TOTL.MA.IN,Dân số & Nhân khẩu học,2015,3421845.0
Lao PDR,LAO,"Population, male",SP.POP.TOTL.MA.IN,Dân số & Nhân khẩu học,2016,3475459.0
Lao PDR,LAO,"Population, male",SP.POP.TOTL.MA.IN,Dân số & Nhân khẩu học,2017,3530142.0
Lao PDR,LAO,"Population, male",SP.POP.TOTL.MA.IN,Dân số & Nhân khẩu học,2018,3585087.0
Lao PDR,LAO,"Population, male",SP.POP.TOTL.MA.IN,Dân số & Nhân khẩu học,2019,3639812.0
Lao PDR,LAO,"Population, male",SP.POP.TOTL.MA.IN,Dân số & Nhân khẩu học,2020,3693722.0
Lao PDR,LAO,"Population, male",SP.POP.TOTL.MA.IN,Dân số & Nhân khẩu học,2021,3746469.0
Lao PDR,LAO,"Population, male",SP.POP.TOTL.MA.IN,Dân số & Nhân khẩu học,2022,3799149.0
Lao PDR,LAO,"Population, male",SP.POP.TOTL.MA.IN,Dân số & Nhân khẩu học,2023,3851871.0
Lao PDR,LAO,"Population, male",SP.POP.TOTL.MA.IN,Dân số & Nhân khẩu học,2024,3904034.0
Lao PDR,LAO,"Population, male",SP.POP.TOTL.MA.IN,Dân số & Nhân khẩu học,2025,3955408.0
Lao PDR,LAO,"Population, male (% of total population)",SP.POP.TOTL.MA.ZS,Dân số & Nhân khẩu học,2015,50.3090796417631
Lao PDR,LAO,"Population, male (% of total population)",SP.POP.TOTL.MA.ZS,Dân số & Nhân khẩu học,2016,50.3047995875407
Lao PDR,LAO,"Population, male (% of total population)",SP.POP.TOTL.MA.ZS,Dân số & Nhân khẩu học,2017,50.3002003235327
Lao PDR,LAO,"Population, male (% of total population)",SP.POP.TOTL.MA.ZS,Dân số & Nhân khẩu học,2018,50.2955158111376
Lao PDR,LAO,"Population, male (% of total population)",SP.POP.TOTL.MA.ZS,Dân số & Nhân khẩu học,2019,50.2900602199475
Lao PDR,LAO,"Population, male (% of total population)",SP.POP.TOTL.MA.ZS,Dân số & Nhân khẩu học,2020,50.278437461589
Lao PDR,LAO,"Population, male (% of total population)",SP.POP.TOTL.MA.ZS,Dân số & Nhân khẩu học,2021,50.2666172739657
Lao PDR,LAO,"Population, male (% of total population)",SP.POP.TOTL.MA.ZS,Dân số & Nhân khẩu học,2022,50.2598952481457
Lao PDR,LAO,"Population, male (% of total population)",SP.POP.TOTL.MA.ZS,Dân số & Nhân khẩu học,2023,50.2527595593055
Lao PDR,LAO,"Population, male (% of total population)",SP.POP.TOTL.MA.ZS,Dân số & Nhân khẩu học,2024,50.2461446983328
Lao PDR,LAO,"Population, male (% of total population)",SP.POP.TOTL.MA.ZS,Dân số & Nhân khẩu học,2025,50.2398627214756
Lao PDR,LAO,"Population, total",SP.POP.TOTL,Dân số & Nhân khẩu học,2015,6801645.0
Lao PDR,LAO,"Population, total",SP.POP.TOTL,Dân số & Nhân khẩu học,2016,6908802.0
Lao PDR,LAO,"Population, total",SP.POP.TOTL,Dân số & Nhân khẩu học,2017,7018147.0
Lao PDR,LAO,"Population, total",SP.POP.TOTL,Dân số & Nhân khẩu học,2018,7128045.0
Lao PDR,LAO,"Population, total",SP.POP.TOTL,Dân số & Nhân khẩu học,2019,7237636.0
Lao PDR,LAO,"Population, total",SP.POP.TOTL,Dân số & Nhân khẩu học,2020,7346533.0
Lao PDR,LAO,"Population, total",SP.POP.TOTL,Dân số & Nhân khẩu học,2021,7453194.0
Lao PDR,LAO,"Population, total",SP.POP.TOTL,Dân số & Nhân khẩu học,2022,7559007.0
Lao PDR,LAO,"Population, total",SP.POP.TOTL,Dân số & Nhân khẩu học,2023,7664993.0
Lao PDR,LAO,"Population, total",SP.POP.TOTL,Dân số & Nhân khẩu học,2024,7769819.0
Lao PDR,LAO,"Population, total",SP.POP.TOTL,Dân số & Nhân khẩu học,2025,7873046.0
Lao PDR,LAO,Population growth (annual %),SP.POP.GROW,Dân số & Nhân khẩu học,2015,1.45836474920589
Lao PDR,LAO,Population growth (annual %),SP.POP.GROW,Dân số & Nhân khẩu học,2016,1.56317561333482
Lao PDR,LAO,Population growth (annual %),SP.POP.GROW,Dân số & Nhân khẩu học,2017,1.57029722559747
Lao PDR,LAO,Population growth (annual %),SP.POP.GROW,Dân số & Nhân khẩu học,2018,1.55377801997365
Lao PDR,LAO,Population growth (annual %),SP.POP.GROW,Dân số & Nhân khẩu học,2019,1.52576304616693
Lao PDR,LAO,Population growth (annual %),SP.POP.GROW,Dân số & Nhân khẩu học,2020,1.49338675171473
Lao PDR,LAO,Population growth (annual %),SP.POP.GROW,Dân số & Nhân khẩu học,2021,1.44141640887407
Lao PDR,LAO,Population growth (annual %),SP.POP.GROW,Dân số & Nhân khẩu học,2022,1.40971670105791
Lao PDR,LAO,Population growth (annual %),SP.POP.GROW,Dân số & Nhân khẩu học,2023,1.39237667233214
Lao PDR,LAO,Population growth (annual %),SP.POP.GROW,Dân số & Nhân khẩu học,2024,1.35832703035837
Lao PDR,LAO,Population growth (annual %),SP.POP.GROW,Dân số & Nhân khẩu học,2025,1.31981575540414
Lao PDR,LAO,Urban population (% of total population),SP.URB.TOTL.IN.ZS,Dân số & Nhân khẩu học,2015,33.1240204432199
Lao PDR,LAO,Urban population (% of total population),SP.URB.TOTL.IN.ZS,Dân số & Nhân khẩu học,2016,33.8267455533474
Lao PDR,LAO,Urban population (% of total population),SP.URB.TOTL.IN.ZS,Dân số & Nhân khẩu học,2017,34.5115346444216
Lao PDR,LAO,Urban population (% of total population),SP.URB.TOTL.IN.ZS,Dân số & Nhân khẩu học,2018,35.2050070032013
Lao PDR,LAO,Urban population (% of total population),SP.URB.TOTL.IN.ZS,Dân số & Nhân khẩu học,2019,35.9072880879451
Lao PDR,LAO,Urban population (% of total population),SP.URB.TOTL.IN.ZS,Dân số & Nhân khẩu học,2020,36.6185033569111
Lao PDR,LAO,Urban population (% of total population),SP.URB.TOTL.IN.ZS,Dân số & Nhân khẩu học,2021,37.338778268357
Lao PDR,LAO,Urban population (% of total population),SP.URB.TOTL.IN.ZS,Dân số & Nhân khẩu học,2022,38.0682382805397
Lao PDR,LAO,Urban population (% of total population),SP.URB.TOTL.IN.ZS,Dân số & Nhân khẩu học,2023,38.8070088517156
Lao PDR,LAO,Urban population (% of total population),SP.URB.TOTL.IN.ZS,Dân số & Nhân khẩu học,2024,39.5552154401406
Lao PDR,LAO,Urban population (% of total population),SP.URB.TOTL.IN.ZS,Dân số & Nhân khẩu học,2025,40.3129835040701
Lao PDR,LAO,"Fertility rate, total (births per woman)",SP.DYN.TFRT.IN,Dân số & Nhân khẩu học,2015,2.796
Lao PDR,LAO,"Fertility rate, total (births per woman)",SP.DYN.TFRT.IN,Dân số & Nhân khẩu học,2016,2.744
Lao PDR,LAO,"Fertility rate, total (births per woman)",SP.DYN.TFRT.IN,Dân số & Nhân khẩu học,2017,2.691
Lao PDR,LAO,"Fertility rate, total (births per woman)",SP.DYN.TFRT.IN,Dân số & Nhân khẩu học,2018,2.633
Lao PDR,LAO,"Fertility rate, total (births per woman)",SP.DYN.TFRT.IN,Dân số & Nhân khẩu học,2019,2.589
Lao PDR,LAO,"Fertility rate, total (births per woman)",SP.DYN.TFRT.IN,Dân số & Nhân khẩu học,2020,2.535
Lao PDR,LAO,"Fertility rate, total (births per woman)",SP.DYN.TFRT.IN,Dân số & Nhân khẩu học,2021,2.494
Lao PDR,LAO,"Fertility rate, total (births per woman)",SP.DYN.TFRT.IN,Dân số & Nhân khẩu học,2022,2.455
Lao PDR,LAO,"Fertility rate, total (births per woman)",SP.DYN.TFRT.IN,Dân số & Nhân khẩu học,2023,2.421
Lao PDR,LAO,"Fertility rate, total (births per woman)",SP.DYN.TFRT.IN,Dân số & Nhân khẩu học,2024,2.397
Lao PDR,LAO,"Fertility rate, total (births per woman)",SP.DYN.TFRT.IN,Dân số & Nhân khẩu học,2025,
Lao PDR,LAO,Population ages 0-14 (% of total population),SP.POP.0014.TO.ZS,Dân số & Nhân khẩu học,2015,33.2337961453592
Lao PDR,LAO,Population ages 0-14 (% of total population),SP.POP.0014.TO.ZS,Dân số & Nhân khẩu học,2016,32.8603111754895
Lao PDR,LAO,Population ages 0-14 (% of total population),SP.POP.0014.TO.ZS,Dân số & Nhân khẩu học,2017,32.5273323571022
Lao PDR,LAO,Population ages 0-14 (% of total population),SP.POP.0014.TO.ZS,Dân số & Nhân khẩu học,2018,32.2217452330899
Lao PDR,LAO,Population ages 0-14 (% of total population),SP.POP.0014.TO.ZS,Dân số & Nhân khẩu học,2019,31.9208047987495
Lao PDR,LAO,Population ages 0-14 (% of total population),SP.POP.0014.TO.ZS,Dân số & Nhân khẩu học,2020,31.6070608821236
Lao PDR,LAO,Population ages 0-14 (% of total population),SP.POP.0014.TO.ZS,Dân số & Nhân khẩu học,2021,31.2704480300961
Lao PDR,LAO,Population ages 0-14 (% of total population),SP.POP.0014.TO.ZS,Dân số & Nhân khẩu học,2022,30.9169093958433
Lao PDR,LAO,Population ages 0-14 (% of total population),SP.POP.0014.TO.ZS,Dân số & Nhân khẩu học,2023,30.557668516962
Lao PDR,LAO,Population ages 0-14 (% of total population),SP.POP.0014.TO.ZS,Dân số & Nhân khẩu học,2024,30.1984061662183
Lao PDR,LAO,Population ages 0-14 (% of total population),SP.POP.0014.TO.ZS,Dân số & Nhân khẩu học,2025,29.839672589216
Lao PDR,LAO,Population ages 65 and above (% of total population),SP.POP.65UP.TO.ZS,Dân số & Nhân khẩu học,2015,4.13108857261085
Lao PDR,LAO,Population ages 65 and above (% of total population),SP.POP.65UP.TO.ZS,Dân số & Nhân khẩu học,2016,4.10183240872785
Lao PDR,LAO,Population ages 65 and above (% of total population),SP.POP.65UP.TO.ZS,Dân số & Nhân khẩu học,2017,4.10222242423819
Lao PDR,LAO,Population ages 65 and above (% of total population),SP.POP.65UP.TO.ZS,Dân số & Nhân khẩu học,2018,4.1282707951479
Lao PDR,LAO,Population ages 65 and above (% of total population),SP.POP.65UP.TO.ZS,Dân số & Nhân khẩu học,2019,4.17749001037701
Lao PDR,LAO,Population ages 65 and above (% of total population),SP.POP.65UP.TO.ZS,Dân số & Nhân khẩu học,2020,4.24151802227786
Lao PDR,LAO,Population ages 65 and above (% of total population),SP.POP.65UP.TO.ZS,Dân số & Nhân khẩu học,2021,4.31806848970176
Lao PDR,LAO,Population ages 65 and above (% of total population),SP.POP.65UP.TO.ZS,Dân số & Nhân khẩu học,2022,4.41710766922774
Lao PDR,LAO,Population ages 65 and above (% of total population),SP.POP.65UP.TO.ZS,Dân số & Nhân khẩu học,2023,4.53547084357878
Lao PDR,LAO,Population ages 65 and above (% of total population),SP.POP.65UP.TO.ZS,Dân số & Nhân khẩu học,2024,4.66578436383138
Lao PDR,LAO,Population ages 65 and above (% of total population),SP.POP.65UP.TO.ZS,Dân số & Nhân khẩu học,2025,4.80805045518916
Lao PDR,LAO,Age dependency ratio (% of working-age population),SP.POP.DPND,Dân số & Nhân khẩu học,2015,59.6548580377812
Lao PDR,LAO,Age dependency ratio (% of working-age population),SP.POP.DPND,Dân số & Nhân khẩu học,2016,58.634824292374
Lao PDR,LAO,Age dependency ratio (% of working-age population),SP.POP.DPND,Dân số & Nhân khẩu học,2017,57.8022683207452
Lao PDR,LAO,Age dependency ratio (% of working-age population),SP.POP.DPND,Dân số & Nhân khẩu học,2018,57.1092477648772
Lao PDR,LAO,Age dependency ratio (% of working-age population),SP.POP.DPND,Dân số & Nhân khẩu học,2019,56.4903622140064
Lao PDR,LAO,Age dependency ratio (% of working-age population),SP.POP.DPND,Dân số & Nhân khẩu học,2020,55.8812027825725
Lao PDR,LAO,Age dependency ratio (% of working-age population),SP.POP.DPND,Dân số & Nhân khẩu học,2021,55.2518136368494
Lao PDR,LAO,Age dependency ratio (% of working-age population),SP.POP.DPND,Dân số & Nhân khẩu học,2022,54.6407954328323
Lao PDR,LAO,Age dependency ratio (% of working-age population),SP.POP.DPND,Dân số & Nhân khẩu học,2023,54.0669284232336
Lao PDR,LAO,Age dependency ratio (% of working-age population),SP.POP.DPND,Dân số & Nhân khẩu học,2024,53.5253966955507
Lao PDR,LAO,Age dependency ratio (% of working-age population),SP.POP.DPND,Dân số & Nhân khẩu học,2025,53.0168515795744
Lao PDR,LAO,"Age dependency ratio, old (% of working-age population)",SP.POP.DPND.OL,Dân số & Nhân khẩu học,2015,6.59548408086159
Lao PDR,LAO,"Age dependency ratio, old (% of working-age population)",SP.POP.DPND.OL,Dân số & Nhân khẩu học,2016,6.50692362463753
Lao PDR,LAO,"Age dependency ratio, old (% of working-age population)",SP.POP.DPND.OL,Dân số & Nhân khẩu học,2017,6.47340003701013
Lao PDR,LAO,"Age dependency ratio, old (% of working-age population)",SP.POP.DPND.OL,Dân số & Nhân khẩu học,2018,6.48589519195398
Lao PDR,LAO,"Age dependency ratio, old (% of working-age population)",SP.POP.DPND.OL,Dân số & Nhân khẩu học,2019,6.5373787046973
Lao PDR,LAO,"Age dependency ratio, old (% of working-age population)",SP.POP.DPND.OL,Dân số & Nhân khẩu học,2020,6.61173946854435
Lao PDR,LAO,"Age dependency ratio, old (% of working-age population)",SP.POP.DPND.OL,Dân số & Nhân khẩu học,2021,6.7038791946113
Lao PDR,LAO,"Age dependency ratio, old (% of working-age population)",SP.POP.DPND.OL,Dân số & Nhân khẩu học,2022,6.83064156137367
Lao PDR,LAO,"Age dependency ratio, old (% of working-age population)",SP.POP.DPND.OL,Dân số & Nhân khẩu học,2023,6.98767021245376
Lao PDR,LAO,"Age dependency ratio, old (% of working-age population)",SP.POP.DPND.OL,Dân số & Nhân khẩu học,2024,7.16316395353111
Lao PDR,LAO,"Age dependency ratio, old (% of working-age population)",SP.POP.DPND.OL,Dân số & Nhân khẩu học,2025,7.35712696165272
Lao PDR,LAO,"Age dependency ratio, young (% of working-age population)",SP.POP.DPND.YG,Dân số & Nhân khẩu học,2015,53.0593739569196
Lao PDR,LAO,"Age dependency ratio, young (% of working-age population)",SP.POP.DPND.YG,Dân số & Nhân khẩu học,2016,52.1279006677365
Lao PDR,LAO,"Age dependency ratio, young (% of working-age population)",SP.POP.DPND.YG,Dân số & Nhân khẩu học,2017,51.328868283735
Lao PDR,LAO,"Age dependency ratio, young (% of working-age population)",SP.POP.DPND.YG,Dân số & Nhân khẩu học,2018,50.6233525729232
Lao PDR,LAO,"Age dependency ratio, young (% of working-age population)",SP.POP.DPND.YG,Dân số & Nhân khẩu học,2019,49.9529835093091
Lao PDR,LAO,"Age dependency ratio, young (% of working-age population)",SP.POP.DPND.YG,Dân số & Nhân khẩu học,2020,49.2694633140282
Lao PDR,LAO,"Age dependency ratio, young (% of working-age population)",SP.POP.DPND.YG,Dân số & Nhân khẩu học,2021,48.5479344422381
Lao PDR,LAO,"Age dependency ratio, young (% of working-age population)",SP.POP.DPND.YG,Dân số & Nhân khẩu học,2022,47.8101538714586
Lao PDR,LAO,"Age dependency ratio, young (% of working-age population)",SP.POP.DPND.YG,Dân số & Nhân khẩu học,2023,47.0792582107798
Lao PDR,LAO,"Age dependency ratio, young (% of working-age population)",SP.POP.DPND.YG,Dân số & Nhân khẩu học,2024,46.3622327420196
Lao PDR,LAO,"Age dependency ratio, young (% of working-age population)",SP.POP.DPND.YG,Dân số & Nhân khẩu học,2025,45.6597246179217
Malaysia,MYS,"Population, female",SP.POP.TOTL.FE.IN,Dân số & Nhân khẩu học,2015,14882321.0
Malaysia,MYS,"Population, female",SP.POP.TOTL.FE.IN,Dân số & Nhân khẩu học,2016,15125577.0
Malaysia,MYS,"Population, female",SP.POP.TOTL.FE.IN,Dân số & Nhân khẩu học,2017,15374022.0
Malaysia,MYS,"Population, female",SP.POP.TOTL.FE.IN,Dân số & Nhân khẩu học,2018,15620144.0
Malaysia,MYS,"Population, female",SP.POP.TOTL.FE.IN,Dân số & Nhân khẩu học,2019,15854594.0
Malaysia,MYS,"Population, female",SP.POP.TOTL.FE.IN,Dân số & Nhân khẩu học,2020,16067734.0
Malaysia,MYS,"Population, female",SP.POP.TOTL.FE.IN,Dân số & Nhân khẩu học,2021,16273730.0
Malaysia,MYS,"Population, female",SP.POP.TOTL.FE.IN,Dân số & Nhân khẩu học,2022,16491015.0
Malaysia,MYS,"Population, female",SP.POP.TOTL.FE.IN,Dân số & Nhân khẩu học,2023,16716229.0
Malaysia,MYS,"Population, female",SP.POP.TOTL.FE.IN,Dân số & Nhân khẩu học,2024,16939879.0
Malaysia,MYS,"Population, female",SP.POP.TOTL.FE.IN,Dân số & Nhân khẩu học,2025,17156769.0
Malaysia,MYS,"Population, female (% of total population)",SP.POP.TOTL.FE.ZS,Dân số & Nhân khẩu học,2015,47.649656620582
Malaysia,MYS,"Population, female (% of total population)",SP.POP.TOTL.FE.ZS,Dân số & Nhân khẩu học,2016,47.5801411684325
Malaysia,MYS,"Population, female (% of total population)",SP.POP.TOTL.FE.ZS,Dân số & Nhân khẩu học,2017,47.5157333442124
Malaysia,MYS,"Population, female (% of total population)",SP.POP.TOTL.FE.ZS,Dân số & Nhân khẩu học,2018,47.4618202497666
Malaysia,MYS,"Population, female (% of total population)",SP.POP.TOTL.FE.ZS,Dân số & Nhân khẩu học,2019,47.4112198063461
Malaysia,MYS,"Population, female (% of total population)",SP.POP.TOTL.FE.ZS,Dân số & Nhân khẩu học,2020,47.4120480588136
Malaysia,MYS,"Population, female (% of total population)",SP.POP.TOTL.FE.ZS,Dân số & Nhân khẩu học,2021,47.4696373340045
Malaysia,MYS,"Population, female (% of total population)",SP.POP.TOTL.FE.ZS,Dân số & Nhân khẩu học,2022,47.5307124184689
Malaysia,MYS,"Population, female (% of total population)",SP.POP.TOTL.FE.ZS,Dân số & Nhân khẩu học,2023,47.5889289557357
Malaysia,MYS,"Population, female (% of total population)",SP.POP.TOTL.FE.ZS,Dân số & Nhân khẩu học,2024,47.6405725425283
Malaysia,MYS,"Population, female (% of total population)",SP.POP.TOTL.FE.ZS,Dân số & Nhân khẩu học,2025,47.687048343483
Malaysia,MYS,"Population, male",SP.POP.TOTL.MA.IN,Dân số & Nhân khẩu học,2015,16350477.0
Malaysia,MYS,"Population, male",SP.POP.TOTL.MA.IN,Dân số & Nhân khẩu học,2016,16664108.0
Malaysia,MYS,"Population, male",SP.POP.TOTL.MA.IN,Dân số & Nhân khẩu học,2017,16981622.0
Malaysia,MYS,"Population, male",SP.POP.TOTL.MA.IN,Dân số & Nhân khẩu học,2018,17290823.0
Malaysia,MYS,"Population, male",SP.POP.TOTL.MA.IN,Dân số & Nhân khẩu học,2019,17586002.0
Malaysia,MYS,"Population, male",SP.POP.TOTL.MA.IN,Dân số & Nhân khẩu học,2020,17821824.0
Malaysia,MYS,"Population, male",SP.POP.TOTL.MA.IN,Dân số & Nhân khẩu học,2021,18008669.0
Malaysia,MYS,"Population, male",SP.POP.TOTL.MA.IN,Dân số & Nhân khẩu học,2022,18204478.0
Malaysia,MYS,"Population, male",SP.POP.TOTL.MA.IN,Dân số & Nhân khẩu học,2023,18410069.0
Malaysia,MYS,"Population, male",SP.POP.TOTL.MA.IN,Dân số & Nhân khẩu học,2024,18617794.0
Malaysia,MYS,"Population, male",SP.POP.TOTL.MA.IN,Dân số & Nhân khẩu học,2025,18821069.0
Malaysia,MYS,"Population, male (% of total population)",SP.POP.TOTL.MA.ZS,Dân số & Nhân khẩu học,2015,52.350343379418
Malaysia,MYS,"Population, male (% of total population)",SP.POP.TOTL.MA.ZS,Dân số & Nhân khẩu học,2016,52.4198588315675
Malaysia,MYS,"Population, male (% of total population)",SP.POP.TOTL.MA.ZS,Dân số & Nhân khẩu học,2017,52.4842666557876
Malaysia,MYS,"Population, male (% of total population)",SP.POP.TOTL.MA.ZS,Dân số & Nhân khẩu học,2018,52.5381797502334
Malaysia,MYS,"Population, male (% of total population)",SP.POP.TOTL.MA.ZS,Dân số & Nhân khẩu học,2019,52.5887801936538
Malaysia,MYS,"Population, male (% of total population)",SP.POP.TOTL.MA.ZS,Dân số & Nhân khẩu học,2020,52.5879519411864
Malaysia,MYS,"Population, male (% of total population)",SP.POP.TOTL.MA.ZS,Dân số & Nhân khẩu học,2021,52.5303626659955
Malaysia,MYS,"Population, male (% of total population)",SP.POP.TOTL.MA.ZS,Dân số & Nhân khẩu học,2022,52.4692875815311
Malaysia,MYS,"Population, male (% of total population)",SP.POP.TOTL.MA.ZS,Dân số & Nhân khẩu học,2023,52.4110710442643
Malaysia,MYS,"Population, male (% of total population)",SP.POP.TOTL.MA.ZS,Dân số & Nhân khẩu học,2024,52.3594274574717
Malaysia,MYS,"Population, male (% of total population)",SP.POP.TOTL.MA.ZS,Dân số & Nhân khẩu học,2025,52.312951656517
Malaysia,MYS,"Population, total",SP.POP.TOTL,Dân số & Nhân khẩu học,2015,31232798.0
Malaysia,MYS,"Population, total",SP.POP.TOTL,Dân số & Nhân khẩu học,2016,31789685.0
Malaysia,MYS,"Population, total",SP.POP.TOTL,Dân số & Nhân khẩu học,2017,32355644.0
Malaysia,MYS,"Population, total",SP.POP.TOTL,Dân số & Nhân khẩu học,2018,32910967.0
Malaysia,MYS,"Population, total",SP.POP.TOTL,Dân số & Nhân khẩu học,2019,33440596.0
Malaysia,MYS,"Population, total",SP.POP.TOTL,Dân số & Nhân khẩu học,2020,33889558.0
Malaysia,MYS,"Population, total",SP.POP.TOTL,Dân số & Nhân khẩu học,2021,34282399.0
Malaysia,MYS,"Population, total",SP.POP.TOTL,Dân số & Nhân khẩu học,2022,34695493.0
Malaysia,MYS,"Population, total",SP.POP.TOTL,Dân số & Nhân khẩu học,2023,35126298.0
Malaysia,MYS,"Population, total",SP.POP.TOTL,Dân số & Nhân khẩu học,2024,35557673.0
Malaysia,MYS,"Population, total",SP.POP.TOTL,Dân số & Nhân khẩu học,2025,35977838.0
Malaysia,MYS,Population growth (annual %),SP.POP.GROW,Dân số & Nhân khẩu học,2015,1.73319445645586
Malaysia,MYS,Population growth (annual %),SP.POP.GROW,Dân số & Nhân khẩu học,2016,1.76731054757933
Malaysia,MYS,Population growth (annual %),SP.POP.GROW,Dân số & Nhân khẩu học,2017,1.76466064017847
Malaysia,MYS,Population growth (annual %),SP.POP.GROW,Dân số & Nhân khẩu học,2018,1.70174731907235
Malaysia,MYS,Population growth (annual %),SP.POP.GROW,Dân số & Nhân khẩu học,2019,1.59646653343981
Malaysia,MYS,Population growth (annual %),SP.POP.GROW,Dân số & Nhân khẩu học,2020,1.33363323143911
Malaysia,MYS,Population growth (annual %),SP.POP.GROW,Dân số & Nhân khẩu học,2021,1.15251304394292
Malaysia,MYS,Population growth (annual %),SP.POP.GROW,Dân số & Nhân khẩu học,2022,1.1977720012836
Malaysia,MYS,Population growth (annual %),SP.POP.GROW,Dân số & Nhân khẩu học,2023,1.23402869169549
Malaysia,MYS,Population growth (annual %),SP.POP.GROW,Dân số & Nhân khẩu học,2024,1.22058891015438
Malaysia,MYS,Population growth (annual %),SP.POP.GROW,Dân số & Nhân khẩu học,2025,1.17471679693395
Malaysia,MYS,Urban population (% of total population),SP.URB.TOTL.IN.ZS,Dân số & Nhân khẩu học,2015,73.4387869957006
Malaysia,MYS,Urban population (% of total population),SP.URB.TOTL.IN.ZS,Dân số & Nhân khẩu học,2016,73.8588978909614
Malaysia,MYS,Urban population (% of total population),SP.URB.TOTL.IN.ZS,Dân số & Nhân khẩu học,2017,74.2354806421432
Malaysia,MYS,Urban population (% of total population),SP.URB.TOTL.IN.ZS,Dân số & Nhân khẩu học,2018,74.5634625145296
Malaysia,MYS,Urban population (% of total population),SP.URB.TOTL.IN.ZS,Dân số & Nhân khẩu học,2019,74.8377707734042
Malaysia,MYS,Urban population (% of total population),SP.URB.TOTL.IN.ZS,Dân số & Nhân khẩu học,2020,75.0511895575672
Malaysia,MYS,Urban population (% of total population),SP.URB.TOTL.IN.ZS,Dân số & Nhân khẩu học,2021,75.5088628191907
Malaysia,MYS,Urban population (% of total population),SP.URB.TOTL.IN.ZS,Dân số & Nhân khẩu học,2022,75.9741357073003
Malaysia,MYS,Urban population (% of total population),SP.URB.TOTL.IN.ZS,Dân số & Nhân khẩu học,2023,76.4434752105739
Malaysia,MYS,Urban population (% of total population),SP.URB.TOTL.IN.ZS,Dân số & Nhân khẩu học,2024,76.9170296648992
Malaysia,MYS,Urban population (% of total population),SP.URB.TOTL.IN.ZS,Dân số & Nhân khẩu học,2025,77.3948812296229
Malaysia,MYS,"Fertility rate, total (births per woman)",SP.DYN.TFRT.IN,Dân số & Nhân khẩu học,2015,2.008
Malaysia,MYS,"Fertility rate, total (births per woman)",SP.DYN.TFRT.IN,Dân số & Nhân khẩu học,2016,1.942
Malaysia,MYS,"Fertility rate, total (births per woman)",SP.DYN.TFRT.IN,Dân số & Nhân khẩu học,2017,1.893
Malaysia,MYS,"Fertility rate, total (births per woman)",SP.DYN.TFRT.IN,Dân số & Nhân khẩu học,2018,1.838
Malaysia,MYS,"Fertility rate, total (births per woman)",SP.DYN.TFRT.IN,Dân số & Nhân khẩu học,2019,1.777
Malaysia,MYS,"Fertility rate, total (births per woman)",SP.DYN.TFRT.IN,Dân số & Nhân khẩu học,2020,1.68
Malaysia,MYS,"Fertility rate, total (births per woman)",SP.DYN.TFRT.IN,Dân số & Nhân khẩu học,2021,1.555
Malaysia,MYS,"Fertility rate, total (births per woman)",SP.DYN.TFRT.IN,Dân số & Nhân khẩu học,2022,1.55
Malaysia,MYS,"Fertility rate, total (births per woman)",SP.DYN.TFRT.IN,Dân số & Nhân khẩu học,2023,1.55
Malaysia,MYS,"Fertility rate, total (births per woman)",SP.DYN.TFRT.IN,Dân số & Nhân khẩu học,2024,1.543
Malaysia,MYS,"Fertility rate, total (births per woman)",SP.DYN.TFRT.IN,Dân số & Nhân khẩu học,2025,
Malaysia,MYS,Population ages 0-14 (% of total population),SP.POP.0014.TO.ZS,Dân số & Nhân khẩu học,2015,25.8167043794268
Malaysia,MYS,Population ages 0-14 (% of total population),SP.POP.0014.TO.ZS,Dân số & Nhân khẩu học,2016,25.5019415023782
Malaysia,MYS,Population ages 0-14 (% of total population),SP.POP.0014.TO.ZS,Dân số & Nhân khẩu học,2017,25.2040737436091
Malaysia,MYS,Population ages 0-14 (% of total population),SP.POP.0014.TO.ZS,Dân số & Nhân khẩu học,2018,24.8758172313807
Malaysia,MYS,Population ages 0-14 (% of total population),SP.POP.0014.TO.ZS,Dân số & Nhân khẩu học,2019,24.4741126096274
Malaysia,MYS,Population ages 0-14 (% of total population),SP.POP.0014.TO.ZS,Dân số & Nhân khẩu học,2020,23.9610306519632
Malaysia,MYS,Population ages 0-14 (% of total population),SP.POP.0014.TO.ZS,Dân số & Nhân khẩu học,2021,23.3932786237229
Malaysia,MYS,Population ages 0-14 (% of total population),SP.POP.0014.TO.ZS,Dân số & Nhân khẩu học,2022,22.8336703559739
Malaysia,MYS,Population ages 0-14 (% of total population),SP.POP.0014.TO.ZS,Dân số & Nhân khẩu học,2023,22.2879920337748
Malaysia,MYS,Population ages 0-14 (% of total population),SP.POP.0014.TO.ZS,Dân số & Nhân khẩu học,2024,21.7863930270916
Malaysia,MYS,Population ages 0-14 (% of total population),SP.POP.0014.TO.ZS,Dân số & Nhân khẩu học,2025,21.3091653811994
Malaysia,MYS,Population ages 65 and above (% of total population),SP.POP.65UP.TO.ZS,Dân số & Nhân khẩu học,2015,5.70847520142888
Malaysia,MYS,Population ages 65 and above (% of total population),SP.POP.65UP.TO.ZS,Dân số & Nhân khẩu học,2016,5.87993391755952
Malaysia,MYS,Population ages 65 and above (% of total population),SP.POP.65UP.TO.ZS,Dân số & Nhân khẩu học,2017,6.06511485190783
Malaysia,MYS,Population ages 65 and above (% of total population),SP.POP.65UP.TO.ZS,Dân số & Nhân khẩu học,2018,6.26670890587931
Malaysia,MYS,Population ages 65 and above (% of total population),SP.POP.65UP.TO.ZS,Dân số & Nhân khẩu học,2019,6.48232176367792
Malaysia,MYS,Population ages 65 and above (% of total population),SP.POP.65UP.TO.ZS,Dân số & Nhân khẩu học,2020,6.7249061388628
Malaysia,MYS,Population ages 65 and above (% of total population),SP.POP.65UP.TO.ZS,Dân số & Nhân khẩu học,2021,6.95860588634135
Malaysia,MYS,Population ages 65 and above (% of total population),SP.POP.65UP.TO.ZS,Dân số & Nhân khẩu học,2022,7.18563935667379
Malaysia,MYS,Population ages 65 and above (% of total population),SP.POP.65UP.TO.ZS,Dân số & Nhân khẩu học,2023,7.45117376160733
Malaysia,MYS,Population ages 65 and above (% of total population),SP.POP.65UP.TO.ZS,Dân số & Nhân khẩu học,2024,7.73785157794421
Malaysia,MYS,Population ages 65 and above (% of total population),SP.POP.65UP.TO.ZS,Dân số & Nhân khẩu học,2025,8.03318142685505
Malaysia,MYS,Age dependency ratio (% of working-age population),SP.POP.DPND,Dân số & Nhân khẩu học,2015,46.0390855919982
Malaysia,MYS,Age dependency ratio (% of working-age population),SP.POP.DPND,Dân số & Nhân khẩu học,2016,45.7340885358718
Malaysia,MYS,Age dependency ratio (% of working-age population),SP.POP.DPND,Dân số & Nhân khẩu học,2017,45.4951518994463
Malaysia,MYS,Age dependency ratio (% of working-age population),SP.POP.DPND,Dân số & Nhân khẩu học,2018,45.227518847802
Malaysia,MYS,Age dependency ratio (% of working-age population),SP.POP.DPND,Dân số & Nhân khẩu học,2019,44.8360877975172
Malaysia,MYS,Age dependency ratio (% of working-age population),SP.POP.DPND,Dân số & Nhân khẩu học,2020,44.2708649510882
Malaysia,MYS,Age dependency ratio (% of working-age population),SP.POP.DPND,Dân số & Nhân khẩu học,2021,43.5789018280947
Malaysia,MYS,Age dependency ratio (% of working-age population),SP.POP.DPND,Dân số & Nhân khẩu học,2022,42.8965624836029
Malaysia,MYS,Age dependency ratio (% of working-age population),SP.POP.DPND,Dân số & Nhân khẩu học,2023,42.3268043029121
Malaysia,MYS,Age dependency ratio (% of working-age population),SP.POP.DPND,Dân số & Nhân khẩu học,2024,41.8927658645277
Malaysia,MYS,Age dependency ratio (% of working-age population),SP.POP.DPND,Dân số & Nhân khẩu học,2025,41.5274856756766
Malaysia,MYS,"Age dependency ratio, old (% of working-age population)",SP.POP.DPND.OL,Dân số & Nhân khẩu học,2015,8.33660718986588
Malaysia,MYS,"Age dependency ratio, old (% of working-age population)",SP.POP.DPND.OL,Dân số & Nhân khẩu học,2016,8.56906594388444
Malaysia,MYS,"Age dependency ratio, old (% of working-age population)",SP.POP.DPND.OL,Dân số & Nhân khẩu học,2017,8.82444820302562
Malaysia,MYS,"Age dependency ratio, old (% of working-age population)",SP.POP.DPND.OL,Dân số & Nhân khẩu học,2018,9.10098778725884
Malaysia,MYS,"Age dependency ratio, old (% of working-age population)",SP.POP.DPND.OL,Dân số & Nhân khẩu học,2019,9.38874110057873
Malaysia,MYS,"Age dependency ratio, old (% of working-age population)",SP.POP.DPND.OL,Dân số & Nhân khẩu học,2020,9.70208039682881
Malaysia,MYS,"Age dependency ratio, old (% of working-age population)",SP.POP.DPND.OL,Dân số & Nhân khẩu học,2021,9.99108976843659
Malaysia,MYS,"Age dependency ratio, old (% of working-age population)",SP.POP.DPND.OL,Dân số & Nhân khẩu học,2022,10.2680313372086
Malaysia,MYS,"Age dependency ratio, old (% of working-age population)",SP.POP.DPND.OL,Dân số & Nhân khẩu học,2023,10.6050195238823
Malaysia,MYS,"Age dependency ratio, old (% of working-age population)",SP.POP.DPND.OL,Dân số & Nhân khẩu học,2024,10.9794517768264
Malaysia,MYS,"Age dependency ratio, old (% of working-age population)",SP.POP.DPND.OL,Dân số & Nhân khẩu học,2025,11.3691596931934
Malaysia,MYS,"Age dependency ratio, young (% of working-age population)",SP.POP.DPND.YG,Dân số & Nhân khẩu học,2015,37.7024784021323
Malaysia,MYS,"Age dependency ratio, young (% of working-age population)",SP.POP.DPND.YG,Dân số & Nhân khẩu học,2016,37.1650225919874
Malaysia,MYS,"Age dependency ratio, young (% of working-age population)",SP.POP.DPND.YG,Dân số & Nhân khẩu học,2017,36.6707036964206
Malaysia,MYS,"Age dependency ratio, young (% of working-age population)",SP.POP.DPND.YG,Dân số & Nhân khẩu học,2018,36.1265310605432
Malaysia,MYS,"Age dependency ratio, young (% of working-age population)",SP.POP.DPND.YG,Dân số & Nhân khẩu học,2019,35.4473466969385
Malaysia,MYS,"Age dependency ratio, young (% of working-age population)",SP.POP.DPND.YG,Dân số & Nhân khẩu học,2020,34.5687845542594
Malaysia,MYS,"Age dependency ratio, young (% of working-age population)",SP.POP.DPND.YG,Dân số & Nhân khẩu học,2021,33.5878120596581
Malaysia,MYS,"Age dependency ratio, young (% of working-age population)",SP.POP.DPND.YG,Dân số & Nhân khẩu học,2022,32.6285311463943
Malaysia,MYS,"Age dependency ratio, young (% of working-age population)",SP.POP.DPND.YG,Dân số & Nhân khẩu học,2023,31.7217847790298
Malaysia,MYS,"Age dependency ratio, young (% of working-age population)",SP.POP.DPND.YG,Dân số & Nhân khẩu học,2024,30.9133140877013
Malaysia,MYS,"Age dependency ratio, young (% of working-age population)",SP.POP.DPND.YG,Dân số & Nhân khẩu học,2025,30.1583259824832
Myanmar,MMR,"Population, female",SP.POP.TOTL.FE.IN,Dân số & Nhân khẩu học,2015,25589467.0
Myanmar,MMR,"Population, female",SP.POP.TOTL.FE.IN,Dân số & Nhân khẩu học,2016,25798842.0
Myanmar,MMR,"Population, female",SP.POP.TOTL.FE.IN,Dân số & Nhân khẩu học,2017,26004364.0
Myanmar,MMR,"Population, female",SP.POP.TOTL.FE.IN,Dân số & Nhân khẩu học,2018,26198925.0
Myanmar,MMR,"Population, female",SP.POP.TOTL.FE.IN,Dân số & Nhân khẩu học,2019,26389410.0
Myanmar,MMR,"Population, female",SP.POP.TOTL.FE.IN,Dân số & Nhân khẩu học,2020,26585323.0
Myanmar,MMR,"Population, female",SP.POP.TOTL.FE.IN,Dân số & Nhân khẩu học,2021,26780850.0
Myanmar,MMR,"Population, female",SP.POP.TOTL.FE.IN,Dân số & Nhân khẩu học,2022,26977460.0
Myanmar,MMR,"Population, female",SP.POP.TOTL.FE.IN,Dân số & Nhân khẩu học,2023,27177563.0
Myanmar,MMR,"Population, female",SP.POP.TOTL.FE.IN,Dân số & Nhân khẩu học,2024,27371250.0
Myanmar,MMR,"Population, female",SP.POP.TOTL.FE.IN,Dân số & Nhân khẩu học,2025,27557101.0
Myanmar,MMR,"Population, female (% of total population)",SP.POP.TOTL.FE.ZS,Dân số & Nhân khẩu học,2015,50.0879611102613
Myanmar,MMR,"Population, female (% of total population)",SP.POP.TOTL.FE.ZS,Dân số & Nhân khẩu học,2016,50.099025751589
Myanmar,MMR,"Population, female (% of total population)",SP.POP.TOTL.FE.ZS,Dân số & Nhân khẩu học,2017,50.1096340091905
Myanmar,MMR,"Population, female (% of total population)",SP.POP.TOTL.FE.ZS,Dân số & Nhân khẩu học,2018,50.1201431038539
Myanmar,MMR,"Population, female (% of total population)",SP.POP.TOTL.FE.ZS,Dân số & Nhân khẩu học,2019,50.1311798316413
Myanmar,MMR,"Population, female (% of total population)",SP.POP.TOTL.FE.ZS,Dân số & Nhân khẩu học,2020,50.1453537473724
Myanmar,MMR,"Population, female (% of total population)",SP.POP.TOTL.FE.ZS,Dân số & Nhân khẩu học,2021,50.1635207694922
Myanmar,MMR,"Population, female (% of total population)",SP.POP.TOTL.FE.ZS,Dân số & Nhân khẩu học,2022,50.1842874243156
Myanmar,MMR,"Population, female (% of total population)",SP.POP.TOTL.FE.ZS,Dân số & Nhân khẩu học,2023,50.2044258968201
Myanmar,MMR,"Population, female (% of total population)",SP.POP.TOTL.FE.ZS,Dân số & Nhân khẩu học,2024,50.2223932066462
Myanmar,MMR,"Population, female (% of total population)",SP.POP.TOTL.FE.ZS,Dân số & Nhân khẩu học,2025,50.2402469338193
Myanmar,MMR,"Population, male",SP.POP.TOTL.MA.IN,Dân số & Nhân khẩu học,2015,25499589.0
Myanmar,MMR,"Population, male",SP.POP.TOTL.MA.IN,Dân số & Nhân khẩu học,2016,25696854.0
Myanmar,MMR,"Population, male",SP.POP.TOTL.MA.IN,Dân số & Nhân khẩu học,2017,25890574.0
Myanmar,MMR,"Population, male",SP.POP.TOTL.MA.IN,Dân số & Nhân khẩu học,2018,26073322.0
Myanmar,MMR,"Population, male",SP.POP.TOTL.MA.IN,Dân số & Nhân khẩu học,2019,26251303.0
Myanmar,MMR,"Population, male",SP.POP.TOTL.MA.IN,Dân số & Nhân khẩu học,2020,26431199.0
Myanmar,MMR,"Population, male",SP.POP.TOTL.MA.IN,Dân số & Nhân khẩu học,2021,26606252.0
Myanmar,MMR,"Population, male",SP.POP.TOTL.MA.IN,Dân số & Nhân khẩu học,2022,26779327.0
Myanmar,MMR,"Population, male",SP.POP.TOTL.MA.IN,Dân số & Nhân khẩu học,2023,26956235.0
Myanmar,MMR,"Population, male",SP.POP.TOTL.MA.IN,Dân số & Nhân khẩu học,2024,27128841.0
Myanmar,MMR,"Population, male",SP.POP.TOTL.MA.IN,Dân số & Nhân khẩu học,2025,27293547.0
Myanmar,MMR,"Population, male (% of total population)",SP.POP.TOTL.MA.ZS,Dân số & Nhân khẩu học,2015,49.9120388897387
Myanmar,MMR,"Population, male (% of total population)",SP.POP.TOTL.MA.ZS,Dân số & Nhân khẩu học,2016,49.900974248411
Myanmar,MMR,"Population, male (% of total population)",SP.POP.TOTL.MA.ZS,Dân số & Nhân khẩu học,2017,49.8903659908095
Myanmar,MMR,"Population, male (% of total population)",SP.POP.TOTL.MA.ZS,Dân số & Nhân khẩu học,2018,49.8798568961461
Myanmar,MMR,"Population, male (% of total population)",SP.POP.TOTL.MA.ZS,Dân số & Nhân khẩu học,2019,49.8688201683587
Myanmar,MMR,"Population, male (% of total population)",SP.POP.TOTL.MA.ZS,Dân số & Nhân khẩu học,2020,49.8546462526276
Myanmar,MMR,"Population, male (% of total population)",SP.POP.TOTL.MA.ZS,Dân số & Nhân khẩu học,2021,49.8364792305078
Myanmar,MMR,"Population, male (% of total population)",SP.POP.TOTL.MA.ZS,Dân số & Nhân khẩu học,2022,49.8157125756844
Myanmar,MMR,"Population, male (% of total population)",SP.POP.TOTL.MA.ZS,Dân số & Nhân khẩu học,2023,49.7955741031799
Myanmar,MMR,"Population, male (% of total population)",SP.POP.TOTL.MA.ZS,Dân số & Nhân khẩu học,2024,49.7776067933538
Myanmar,MMR,"Population, male (% of total population)",SP.POP.TOTL.MA.ZS,Dân số & Nhân khẩu học,2025,49.7597530661807
Myanmar,MMR,"Population, total",SP.POP.TOTL,Dân số & Nhân khẩu học,2015,51089056.0
Myanmar,MMR,"Population, total",SP.POP.TOTL,Dân số & Nhân khẩu học,2016,51495696.0
Myanmar,MMR,"Population, total",SP.POP.TOTL,Dân số & Nhân khẩu học,2017,51894938.0
Myanmar,MMR,"Population, total",SP.POP.TOTL,Dân số & Nhân khẩu học,2018,52272247.0
Myanmar,MMR,"Population, total",SP.POP.TOTL,Dân số & Nhân khẩu học,2019,52640713.0
Myanmar,MMR,"Population, total",SP.POP.TOTL,Dân số & Nhân khẩu học,2020,53016522.0
Myanmar,MMR,"Population, total",SP.POP.TOTL,Dân số & Nhân khẩu học,2021,53387102.0
Myanmar,MMR,"Population, total",SP.POP.TOTL,Dân số & Nhân khẩu học,2022,53756787.0
Myanmar,MMR,"Population, total",SP.POP.TOTL,Dân số & Nhân khẩu học,2023,54133798.0
Myanmar,MMR,"Population, total",SP.POP.TOTL,Dân số & Nhân khẩu học,2024,54500091.0
Myanmar,MMR,"Population, total",SP.POP.TOTL,Dân số & Nhân khẩu học,2025,54850648.0
Myanmar,MMR,Population growth (annual %),SP.POP.GROW,Dân số & Nhân khẩu học,2015,0.800670952631538
Myanmar,MMR,Population growth (annual %),SP.POP.GROW,Dân số & Nhân khẩu học,2016,0.792792538685626
Myanmar,MMR,Population growth (annual %),SP.POP.GROW,Dân số & Nhân khẩu học,2017,0.772302033467657
Myanmar,MMR,Population growth (annual %),SP.POP.GROW,Dân số & Nhân khẩu học,2018,0.72443284342539
Myanmar,MMR,Population growth (annual %),SP.POP.GROW,Dân số & Nhân khẩu học,2019,0.702425162747352
Myanmar,MMR,Population growth (annual %),SP.POP.GROW,Dân số & Nhân khẩu học,2020,0.711376906349628
Myanmar,MMR,Population growth (annual %),SP.POP.GROW,Dân số & Nhân khẩu học,2021,0.696558038955431
Myanmar,MMR,Population growth (annual %),SP.POP.GROW,Dân số & Nhân khẩu học,2022,0.690074759264932
Myanmar,MMR,Population growth (annual %),SP.POP.GROW,Dân số & Nhân khẩu học,2023,0.698879396261223
Myanmar,MMR,Population growth (annual %),SP.POP.GROW,Dân số & Nhân khẩu học,2024,0.674364862610485
Myanmar,MMR,Population growth (annual %),SP.POP.GROW,Dân số & Nhân khẩu học,2025,0.641162929716532
Myanmar,MMR,Urban population (% of total population),SP.URB.TOTL.IN.ZS,Dân số & Nhân khẩu học,2015,29.7166821191682
Myanmar,MMR,Urban population (% of total population),SP.URB.TOTL.IN.ZS,Dân số & Nhân khẩu học,2016,29.8129165582094
Myanmar,MMR,Urban population (% of total population),SP.URB.TOTL.IN.ZS,Dân số & Nhân khẩu học,2017,29.9051727703437
Myanmar,MMR,Urban population (% of total population),SP.URB.TOTL.IN.ZS,Dân số & Nhân khẩu học,2018,29.993574050729
Myanmar,MMR,Urban population (% of total population),SP.URB.TOTL.IN.ZS,Dân số & Nhân khẩu học,2019,30.0782436945232
Myanmar,MMR,Urban population (% of total population),SP.URB.TOTL.IN.ZS,Dân số & Nhân khẩu học,2020,30.1593049968842
Myanmar,MMR,Urban population (% of total population),SP.URB.TOTL.IN.ZS,Dân số & Nhân khẩu học,2021,30.2368812529698
Myanmar,MMR,Urban population (% of total population),SP.URB.TOTL.IN.ZS,Dân số & Nhân khẩu học,2022,30.311095757938
Myanmar,MMR,Urban population (% of total population),SP.URB.TOTL.IN.ZS,Dân số & Nhân khẩu học,2023,30.3820718069466
Myanmar,MMR,Urban population (% of total population),SP.URB.TOTL.IN.ZS,Dân số & Nhân khẩu học,2024,30.4499084074136
Myanmar,MMR,Urban population (% of total population),SP.URB.TOTL.IN.ZS,Dân số & Nhân khẩu học,2025,30.5836915476767
Myanmar,MMR,"Fertility rate, total (births per woman)",SP.DYN.TFRT.IN,Dân số & Nhân khẩu học,2015,2.266
Myanmar,MMR,"Fertility rate, total (births per woman)",SP.DYN.TFRT.IN,Dân số & Nhân khẩu học,2016,2.27
Myanmar,MMR,"Fertility rate, total (births per woman)",SP.DYN.TFRT.IN,Dân số & Nhân khẩu học,2017,2.252
Myanmar,MMR,"Fertility rate, total (births per woman)",SP.DYN.TFRT.IN,Dân số & Nhân khẩu học,2018,2.228
Myanmar,MMR,"Fertility rate, total (births per woman)",SP.DYN.TFRT.IN,Dân số & Nhân khẩu học,2019,2.206
Myanmar,MMR,"Fertility rate, total (births per woman)",SP.DYN.TFRT.IN,Dân số & Nhân khẩu học,2020,2.179
Myanmar,MMR,"Fertility rate, total (births per woman)",SP.DYN.TFRT.IN,Dân số & Nhân khẩu học,2021,2.158
Myanmar,MMR,"Fertility rate, total (births per woman)",SP.DYN.TFRT.IN,Dân số & Nhân khẩu học,2022,2.131
Myanmar,MMR,"Fertility rate, total (births per woman)",SP.DYN.TFRT.IN,Dân số & Nhân khẩu học,2023,2.115
Myanmar,MMR,"Fertility rate, total (births per woman)",SP.DYN.TFRT.IN,Dân số & Nhân khẩu học,2024,2.098
Myanmar,MMR,"Fertility rate, total (births per woman)",SP.DYN.TFRT.IN,Dân số & Nhân khẩu học,2025,
Myanmar,MMR,Population ages 0-14 (% of total population),SP.POP.0014.TO.ZS,Dân số & Nhân khẩu học,2015,26.5026567187174
Myanmar,MMR,Population ages 0-14 (% of total population),SP.POP.0014.TO.ZS,Dân số & Nhân khẩu học,2016,26.2057454277344
Myanmar,MMR,Population ages 0-14 (% of total population),SP.POP.0014.TO.ZS,Dân số & Nhân khẩu học,2017,25.9085442977117
Myanmar,MMR,Population ages 0-14 (% of total population),SP.POP.0014.TO.ZS,Dân số & Nhân khẩu học,2018,25.6259533440944
Myanmar,MMR,Population ages 0-14 (% of total population),SP.POP.0014.TO.ZS,Dân số & Nhân khẩu học,2019,25.3740911526027
Myanmar,MMR,Population ages 0-14 (% of total population),SP.POP.0014.TO.ZS,Dân số & Nhân khẩu học,2020,25.145748198512
Myanmar,MMR,Population ages 0-14 (% of total population),SP.POP.0014.TO.ZS,Dân số & Nhân khẩu học,2021,24.9363048400717
Myanmar,MMR,Population ages 0-14 (% of total population),SP.POP.0014.TO.ZS,Dân số & Nhân khẩu học,2022,24.7280913131202
Myanmar,MMR,Population ages 0-14 (% of total population),SP.POP.0014.TO.ZS,Dân số & Nhân khẩu học,2023,24.5157260581987
Myanmar,MMR,Population ages 0-14 (% of total population),SP.POP.0014.TO.ZS,Dân số & Nhân khẩu học,2024,24.3005300670048
Myanmar,MMR,Population ages 0-14 (% of total population),SP.POP.0014.TO.ZS,Dân số & Nhân khẩu học,2025,24.0786362268683
Myanmar,MMR,Population ages 65 and above (% of total population),SP.POP.65UP.TO.ZS,Dân số & Nhân khẩu học,2015,5.62985745547791
Myanmar,MMR,Population ages 65 and above (% of total population),SP.POP.65UP.TO.ZS,Dân số & Nhân khẩu học,2016,5.78481355024311
Myanmar,MMR,Population ages 65 and above (% of total population),SP.POP.65UP.TO.ZS,Dân số & Nhân khẩu học,2017,5.95130203257975
Myanmar,MMR,Population ages 65 and above (% of total population),SP.POP.65UP.TO.ZS,Dân số & Nhân khẩu học,2018,6.1297183774185
Myanmar,MMR,Population ages 65 and above (% of total population),SP.POP.65UP.TO.ZS,Dân số & Nhân khẩu học,2019,6.31825313612298
Myanmar,MMR,Population ages 65 and above (% of total population),SP.POP.65UP.TO.ZS,Dân số & Nhân khẩu học,2020,6.50781568157013
Myanmar,MMR,Population ages 65 and above (% of total population),SP.POP.65UP.TO.ZS,Dân số & Nhân khẩu học,2021,6.68644928507264
Myanmar,MMR,Population ages 65 and above (% of total population),SP.POP.65UP.TO.ZS,Dân số & Nhân khẩu học,2022,6.87716132590698
Myanmar,MMR,Population ages 65 and above (% of total population),SP.POP.65UP.TO.ZS,Dân số & Nhân khẩu học,2023,7.08914980516562
Myanmar,MMR,Population ages 65 and above (% of total population),SP.POP.65UP.TO.ZS,Dân số & Nhân khẩu học,2024,7.3044263357285
Myanmar,MMR,Population ages 65 and above (% of total population),SP.POP.65UP.TO.ZS,Dân số & Nhân khẩu học,2025,7.52222015681565
Myanmar,MMR,Age dependency ratio (% of working-age population),SP.POP.DPND,Dân số & Nhân khẩu học,2015,47.3459615010681
Myanmar,MMR,Age dependency ratio (% of working-age population),SP.POP.DPND,Dân số & Nhân khẩu học,2016,47.0384089285758
Myanmar,MMR,Age dependency ratio (% of working-age population),SP.POP.DPND,Dân số & Nhân khẩu học,2017,46.756347215943
Myanmar,MMR,Age dependency ratio (% of working-age population),SP.POP.DPND,Dân số & Nhân khẩu học,2018,46.5323258218492
Myanmar,MMR,Age dependency ratio (% of working-age population),SP.POP.DPND,Dân số & Nhân khẩu học,2019,46.396472048483
Myanmar,MMR,Age dependency ratio (% of working-age population),SP.POP.DPND,Dân số & Nhân khẩu học,2020,46.3134094770448
Myanmar,MMR,Age dependency ratio (% of working-age population),SP.POP.DPND,Dân số & Nhân khẩu học,2021,46.2474842232341
Myanmar,MMR,Age dependency ratio (% of working-age population),SP.POP.DPND,Dân số & Nhân khẩu học,2022,46.2100569537985
Myanmar,MMR,Age dependency ratio (% of working-age population),SP.POP.DPND,Dân số & Nhân khẩu học,2023,46.2092542209052
Myanmar,MMR,Age dependency ratio (% of working-age population),SP.POP.DPND,Dân số & Nhân khẩu học,2024,46.2094250408467
Myanmar,MMR,Age dependency ratio (% of working-age population),SP.POP.DPND,Dân số & Nhân khẩu học,2025,46.2006615921466
Myanmar,MMR,"Age dependency ratio, old (% of working-age population)",SP.POP.DPND.OL,Dân số & Nhân khẩu học,2015,8.29536751772813
Myanmar,MMR,"Age dependency ratio, old (% of working-age population)",SP.POP.DPND.OL,Dân số & Nhân khẩu học,2016,8.50589780376213
Myanmar,MMR,"Age dependency ratio, old (% of working-age population)",SP.POP.DPND.OL,Dân số & Nhân khẩu học,2017,8.73391472047782
Myanmar,MMR,"Age dependency ratio, old (% of working-age population)",SP.POP.DPND.OL,Dân số & Nhân khẩu học,2018,8.9820200486398
Myanmar,MMR,"Age dependency ratio, old (% of working-age population)",SP.POP.DPND.OL,Dân số & Nhân khẩu học,2019,9.2496984715653
Myanmar,MMR,"Age dependency ratio, old (% of working-age population)",SP.POP.DPND.OL,Dân số & Nhân khẩu học,2020,9.52180829627169
Myanmar,MMR,"Age dependency ratio, old (% of working-age population)",SP.POP.DPND.OL,Dân số & Nhân khẩu học,2021,9.77876504980327
Myanmar,MMR,"Age dependency ratio, old (% of working-age population)",SP.POP.DPND.OL,Dân số & Nhân khẩu học,2022,10.0551015849372
Myanmar,MMR,"Age dependency ratio, old (% of working-age population)",SP.POP.DPND.OL,Dân số & Nhân khẩu học,2023,10.3649929650005
Myanmar,MMR,"Age dependency ratio, old (% of working-age population)",SP.POP.DPND.OL,Dân số & Nhân khẩu học,2024,10.6797597480008
Myanmar,MMR,"Age dependency ratio, old (% of working-age population)",SP.POP.DPND.OL,Dân số & Nhân khẩu học,2025,10.9975367678985
Myanmar,MMR,"Age dependency ratio, young (% of working-age population)",SP.POP.DPND.YG,Dân số & Nhân khẩu học,2015,39.0505939833399
Myanmar,MMR,"Age dependency ratio, young (% of working-age population)",SP.POP.DPND.YG,Dân số & Nhân khẩu học,2016,38.5325111248136
Myanmar,MMR,"Age dependency ratio, young (% of working-age population)",SP.POP.DPND.YG,Dân số & Nhân khẩu học,2017,38.0224324954652
Myanmar,MMR,"Age dependency ratio, young (% of working-age population)",SP.POP.DPND.YG,Dân số & Nhân khẩu học,2018,37.5503057732094
Myanmar,MMR,"Age dependency ratio, young (% of working-age population)",SP.POP.DPND.YG,Dân số & Nhân khẩu học,2019,37.1467735769177
Myanmar,MMR,"Age dependency ratio, young (% of working-age population)",SP.POP.DPND.YG,Dân số & Nhân khẩu học,2020,36.7916011807731
Myanmar,MMR,"Age dependency ratio, young (% of working-age population)",SP.POP.DPND.YG,Dân số & Nhân khẩu học,2021,36.4687191734309
Myanmar,MMR,"Age dependency ratio, young (% of working-age population)",SP.POP.DPND.YG,Dân số & Nhân khẩu học,2022,36.1549553688613
Myanmar,MMR,"Age dependency ratio, young (% of working-age population)",SP.POP.DPND.YG,Dân số & Nhân khẩu học,2023,35.8442612559047
Myanmar,MMR,"Age dependency ratio, young (% of working-age population)",SP.POP.DPND.YG,Dân số & Nhân khẩu học,2024,35.5296652928459
Myanmar,MMR,"Age dependency ratio, young (% of working-age population)",SP.POP.DPND.YG,Dân số & Nhân khẩu học,2025,35.2031248242481
Philippines,PHL,"Population, female",SP.POP.TOTL.FE.IN,Dân số & Nhân khẩu học,2015,52476447.0
Philippines,PHL,"Population, female",SP.POP.TOTL.FE.IN,Dân số & Nhân khẩu học,2016,53242092.0
Philippines,PHL,"Population, female",SP.POP.TOTL.FE.IN,Dân số & Nhân khẩu học,2017,53999406.0
Philippines,PHL,"Population, female",SP.POP.TOTL.FE.IN,Dân số & Nhân khẩu học,2018,54754964.0
Philippines,PHL,"Population, female",SP.POP.TOTL.FE.IN,Dân số & Nhân khẩu học,2019,55506906.0
Philippines,PHL,"Population, female",SP.POP.TOTL.FE.IN,Dân số & Nhân khẩu học,2020,56175775.0
Philippines,PHL,"Population, female",SP.POP.TOTL.FE.IN,Dân số & Nhân khẩu học,2021,56681259.0
Philippines,PHL,"Population, female",SP.POP.TOTL.FE.IN,Dân số & Nhân khẩu học,2022,57115091.0
Philippines,PHL,"Population, female",SP.POP.TOTL.FE.IN,Dân số & Nhân khẩu học,2023,57580382.0
Philippines,PHL,"Population, female",SP.POP.TOTL.FE.IN,Dân số & Nhân khẩu học,2024,58059563.0
Philippines,PHL,"Population, female",SP.POP.TOTL.FE.IN,Dân số & Nhân khẩu học,2025,58535632.0
Philippines,PHL,"Population, female (% of total population)",SP.POP.TOTL.FE.ZS,Dân số & Nhân khẩu học,2015,49.8290343892233
Philippines,PHL,"Population, female (% of total population)",SP.POP.TOTL.FE.ZS,Dân số & Nhân khẩu học,2016,49.882169715671
Philippines,PHL,"Population, female (% of total population)",SP.POP.TOTL.FE.ZS,Dân số & Nhân khẩu học,2017,49.9440985279157
Philippines,PHL,"Population, female (% of total population)",SP.POP.TOTL.FE.ZS,Dân số & Nhân khẩu học,2018,50.0203904823271
Philippines,PHL,"Population, female (% of total population)",SP.POP.TOTL.FE.ZS,Dân số & Nhân khẩu học,2019,50.09436830391
Philippines,PHL,"Population, female (% of total population)",SP.POP.TOTL.FE.ZS,Dân số & Nhân khẩu học,2020,50.1205759064245
Philippines,PHL,"Population, female (% of total population)",SP.POP.TOTL.FE.ZS,Dân số & Nhân khẩu học,2021,50.1156347493102
Philippines,PHL,"Population, female (% of total population)",SP.POP.TOTL.FE.ZS,Dân số & Nhân khẩu học,2022,50.1166351695332
Philippines,PHL,"Population, female (% of total population)",SP.POP.TOTL.FE.ZS,Dân số & Nhân khẩu học,2023,50.1173131633869
Philippines,PHL,"Population, female (% of total population)",SP.POP.TOTL.FE.ZS,Dân số & Nhân khẩu học,2024,50.1188912609554
Philippines,PHL,"Population, female (% of total population)",SP.POP.TOTL.FE.ZS,Dân số & Nhân khẩu học,2025,50.1217182102913
Philippines,PHL,"Population, male",SP.POP.TOTL.MA.IN,Dân số & Nhân khẩu học,2015,52836545.0
Philippines,PHL,"Population, male",SP.POP.TOTL.MA.IN,Dân số & Nhân khẩu học,2016,53493627.0
Philippines,PHL,"Population, male",SP.POP.TOTL.MA.IN,Dân số & Nhân khẩu học,2017,54120287.0
Philippines,PHL,"Population, male",SP.POP.TOTL.MA.IN,Dân số & Nhân khẩu học,2018,54710323.0
Philippines,PHL,"Population, male",SP.POP.TOTL.MA.IN,Dân số & Nhân khẩu học,2019,55297777.0
Philippines,PHL,"Population, male",SP.POP.TOTL.MA.IN,Dân số & Nhân khẩu học,2020,55905489.0
Philippines,PHL,"Population, male",SP.POP.TOTL.MA.IN,Dân số & Nhân khẩu học,2021,56419691.0
Philippines,PHL,"Population, male",SP.POP.TOTL.MA.IN,Dân số & Nhân khẩu học,2022,56849247.0
Philippines,PHL,"Population, male",SP.POP.TOTL.MA.IN,Dân số & Nhân khẩu học,2023,57310817.0
Philippines,PHL,"Population, male",SP.POP.TOTL.MA.IN,Dân số & Nhân khẩu học,2024,57784107.0
Philippines,PHL,"Population, male",SP.POP.TOTL.MA.IN,Dân số & Nhân khẩu học,2025,58251330.0
Philippines,PHL,"Population, male (% of total population)",SP.POP.TOTL.MA.ZS,Dân số & Nhân khẩu học,2015,50.1709656107767
Philippines,PHL,"Population, male (% of total population)",SP.POP.TOTL.MA.ZS,Dân số & Nhân khẩu học,2016,50.117830284329
Philippines,PHL,"Population, male (% of total population)",SP.POP.TOTL.MA.ZS,Dân số & Nhân khẩu học,2017,50.0559014720843
Philippines,PHL,"Population, male (% of total population)",SP.POP.TOTL.MA.ZS,Dân số & Nhân khẩu học,2018,49.9796095176729
Philippines,PHL,"Population, male (% of total population)",SP.POP.TOTL.MA.ZS,Dân số & Nhân khẩu học,2019,49.90563169609
Philippines,PHL,"Population, male (% of total population)",SP.POP.TOTL.MA.ZS,Dân số & Nhân khẩu học,2020,49.8794240935755
Philippines,PHL,"Population, male (% of total population)",SP.POP.TOTL.MA.ZS,Dân số & Nhân khẩu học,2021,49.8843652506898
Philippines,PHL,"Population, male (% of total population)",SP.POP.TOTL.MA.ZS,Dân số & Nhân khẩu học,2022,49.8833648304668
Philippines,PHL,"Population, male (% of total population)",SP.POP.TOTL.MA.ZS,Dân số & Nhân khẩu học,2023,49.8826868366131
Philippines,PHL,"Population, male (% of total population)",SP.POP.TOTL.MA.ZS,Dân số & Nhân khẩu học,2024,49.8811087390446
Philippines,PHL,"Population, male (% of total population)",SP.POP.TOTL.MA.ZS,Dân số & Nhân khẩu học,2025,49.8782817897087
Philippines,PHL,"Population, total",SP.POP.TOTL,Dân số & Nhân khẩu học,2015,105312992.0
Philippines,PHL,"Population, total",SP.POP.TOTL,Dân số & Nhân khẩu học,2016,106735719.0
Philippines,PHL,"Population, total",SP.POP.TOTL,Dân số & Nhân khẩu học,2017,108119693.0
Philippines,PHL,"Population, total",SP.POP.TOTL,Dân số & Nhân khẩu học,2018,109465287.0
Philippines,PHL,"Population, total",SP.POP.TOTL,Dân số & Nhân khẩu học,2019,110804683.0
Philippines,PHL,"Population, total",SP.POP.TOTL,Dân số & Nhân khẩu học,2020,112081264.0
Philippines,PHL,"Population, total",SP.POP.TOTL,Dân số & Nhân khẩu học,2021,113100950.0
Philippines,PHL,"Population, total",SP.POP.TOTL,Dân số & Nhân khẩu học,2022,113964338.0
Philippines,PHL,"Population, total",SP.POP.TOTL,Dân số & Nhân khẩu học,2023,114891199.0
Philippines,PHL,"Population, total",SP.POP.TOTL,Dân số & Nhân khẩu học,2024,115843670.0
Philippines,PHL,"Population, total",SP.POP.TOTL,Dân số & Nhân khẩu học,2025,116786962.0
Philippines,PHL,Population growth (annual %),SP.POP.GROW,Dân số & Nhân khẩu học,2015,1.47875384302116
Philippines,PHL,Population growth (annual %),SP.POP.GROW,Dân số & Nhân khẩu học,2016,1.34190709540685
Philippines,PHL,Population growth (annual %),SP.POP.GROW,Dân số & Nhân khẩu học,2017,1.28830186666283
Philippines,PHL,Population growth (annual %),SP.POP.GROW,Dân số & Nhân khẩu học,2018,1.23686033319068
Philippines,PHL,Population growth (annual %),SP.POP.GROW,Dân số & Nhân khẩu học,2019,1.21615534645287
Philippines,PHL,Population growth (annual %),SP.POP.GROW,Dân số & Nhân khẩu học,2020,1.1455140860985
Philippines,PHL,Population growth (annual %),SP.POP.GROW,Dân số & Nhân khẩu học,2021,0.905660310915421
Philippines,PHL,Population growth (annual %),SP.POP.GROW,Dân số & Nhân khẩu học,2022,0.760479216015364
Philippines,PHL,Population growth (annual %),SP.POP.GROW,Dân số & Nhân khẩu học,2023,0.810000998681961
Philippines,PHL,Population growth (annual %),SP.POP.GROW,Dân số & Nhân khẩu học,2024,0.825602488528657
Philippines,PHL,Population growth (annual %),SP.POP.GROW,Dân số & Nhân khẩu học,2025,0.810982768568445
Philippines,PHL,Urban population (% of total population),SP.URB.TOTL.IN.ZS,Dân số & Nhân khẩu học,2015,51.1549047745227
Philippines,PHL,Urban population (% of total population),SP.URB.TOTL.IN.ZS,Dân số & Nhân khẩu học,2016,51.9114748151175
Philippines,PHL,Urban population (% of total population),SP.URB.TOTL.IN.ZS,Dân số & Nhân khẩu học,2017,52.6010482354344
Philippines,PHL,Urban population (% of total population),SP.URB.TOTL.IN.ZS,Dân số & Nhân khẩu học,2018,53.2088897464754
Philippines,PHL,Urban population (% of total population),SP.URB.TOTL.IN.ZS,Dân số & Nhân khẩu học,2019,53.7157859948017
Philippines,PHL,Urban population (% of total population),SP.URB.TOTL.IN.ZS,Dân số & Nhân khẩu học,2020,54.1077719895977
Philippines,PHL,Urban population (% of total population),SP.URB.TOTL.IN.ZS,Dân số & Nhân khẩu học,2021,54.4504102510776
Philippines,PHL,Urban population (% of total population),SP.URB.TOTL.IN.ZS,Dân số & Nhân khẩu học,2022,54.7902343568327
Philippines,PHL,Urban population (% of total population),SP.URB.TOTL.IN.ZS,Dân số & Nhân khẩu học,2023,55.1242716168851
Philippines,PHL,Urban population (% of total population),SP.URB.TOTL.IN.ZS,Dân số & Nhân khẩu học,2024,55.4520983215477
Philippines,PHL,Urban population (% of total population),SP.URB.TOTL.IN.ZS,Dân số & Nhân khẩu học,2025,55.7732907605332
Philippines,PHL,"Fertility rate, total (births per woman)",SP.DYN.TFRT.IN,Dân số & Nhân khẩu học,2015,2.829
Philippines,PHL,"Fertility rate, total (births per woman)",SP.DYN.TFRT.IN,Dân số & Nhân khẩu học,2016,2.679
Philippines,PHL,"Fertility rate, total (births per woman)",SP.DYN.TFRT.IN,Dân số & Nhân khẩu học,2017,2.525
Philippines,PHL,"Fertility rate, total (births per woman)",SP.DYN.TFRT.IN,Dân số & Nhân khẩu học,2018,2.378
Philippines,PHL,"Fertility rate, total (births per woman)",SP.DYN.TFRT.IN,Dân số & Nhân khẩu học,2019,2.215
Philippines,PHL,"Fertility rate, total (births per woman)",SP.DYN.TFRT.IN,Dân số & Nhân khẩu học,2020,2.075
Philippines,PHL,"Fertility rate, total (births per woman)",SP.DYN.TFRT.IN,Dân số & Nhân khẩu học,2021,1.95
Philippines,PHL,"Fertility rate, total (births per woman)",SP.DYN.TFRT.IN,Dân số & Nhân khẩu học,2022,1.929
Philippines,PHL,"Fertility rate, total (births per woman)",SP.DYN.TFRT.IN,Dân số & Nhân khẩu học,2023,1.916
Philippines,PHL,"Fertility rate, total (births per woman)",SP.DYN.TFRT.IN,Dân số & Nhân khẩu học,2024,1.894
Philippines,PHL,"Fertility rate, total (births per woman)",SP.DYN.TFRT.IN,Dân số & Nhân khẩu học,2025,
Philippines,PHL,Population ages 0-14 (% of total population),SP.POP.0014.TO.ZS,Dân số & Nhân khẩu học,2015,33.5421646435711
Philippines,PHL,Population ages 0-14 (% of total population),SP.POP.0014.TO.ZS,Dân số & Nhân khẩu học,2016,32.9321204085392
Philippines,PHL,Population ages 0-14 (% of total population),SP.POP.0014.TO.ZS,Dân số & Nhân khẩu học,2017,32.3359092763244
Philippines,PHL,Population ages 0-14 (% of total population),SP.POP.0014.TO.ZS,Dân số & Nhân khẩu học,2018,31.786152133261
Philippines,PHL,Population ages 0-14 (% of total population),SP.POP.0014.TO.ZS,Dân số & Nhân khẩu học,2019,31.2733955871098
Philippines,PHL,Population ages 0-14 (% of total population),SP.POP.0014.TO.ZS,Dân số & Nhân khẩu học,2020,30.6822971768056
Philippines,PHL,Population ages 0-14 (% of total population),SP.POP.0014.TO.ZS,Dân số & Nhân khẩu học,2021,30.013648868555
Philippines,PHL,Population ages 0-14 (% of total population),SP.POP.0014.TO.ZS,Dân số & Nhân khẩu học,2022,29.3310099808108
Philippines,PHL,Population ages 0-14 (% of total population),SP.POP.0014.TO.ZS,Dân số & Nhân khẩu học,2023,28.6075480855588
Philippines,PHL,Population ages 0-14 (% of total population),SP.POP.0014.TO.ZS,Dân số & Nhân khẩu học,2024,27.8680674907316
Philippines,PHL,Population ages 0-14 (% of total population),SP.POP.0014.TO.ZS,Dân số & Nhân khẩu học,2025,27.1388610693595
Philippines,PHL,Population ages 65 and above (% of total population),SP.POP.65UP.TO.ZS,Dân số & Nhân khẩu học,2015,3.77024234469686
Philippines,PHL,Population ages 65 and above (% of total population),SP.POP.65UP.TO.ZS,Dân số & Nhân khẩu học,2016,3.93781110895032
Philippines,PHL,Population ages 65 and above (% of total population),SP.POP.65UP.TO.ZS,Dân số & Nhân khẩu học,2017,4.11815540339097
Philippines,PHL,Population ages 65 and above (% of total population),SP.POP.65UP.TO.ZS,Dân số & Nhân khẩu học,2018,4.31408910623004
Philippines,PHL,Population ages 65 and above (% of total population),SP.POP.65UP.TO.ZS,Dân số & Nhân khẩu học,2019,4.51942674426754
Philippines,PHL,Population ages 65 and above (% of total population),SP.POP.65UP.TO.ZS,Dân số & Nhân khẩu học,2020,4.72567431073939
Philippines,PHL,Population ages 65 and above (% of total population),SP.POP.65UP.TO.ZS,Dân số & Nhân khẩu học,2021,4.8807304447929
Philippines,PHL,Population ages 65 and above (% of total population),SP.POP.65UP.TO.ZS,Dân số & Nhân khẩu học,2022,5.04131518299472
Philippines,PHL,Population ages 65 and above (% of total population),SP.POP.65UP.TO.ZS,Dân số & Nhân khẩu học,2023,5.26217156111322
Philippines,PHL,Population ages 65 and above (% of total population),SP.POP.65UP.TO.ZS,Dân số & Nhân khẩu học,2024,5.49193411039176
Philippines,PHL,Population ages 65 and above (% of total population),SP.POP.65UP.TO.ZS,Dân số & Nhân khẩu học,2025,5.72400622201301
Philippines,PHL,Age dependency ratio (% of working-age population),SP.POP.DPND,Dân số & Nhân khẩu học,2015,59.5211985547012
Philippines,PHL,Age dependency ratio (% of working-age population),SP.POP.DPND,Dân số & Nhân khẩu học,2016,58.4031241305213
Philippines,PHL,Age dependency ratio (% of working-age population),SP.POP.DPND,Dân số & Nhân khẩu học,2017,57.3664779049531
Philippines,PHL,Age dependency ratio (% of working-age population),SP.POP.DPND,Dân số & Nhân khẩu học,2018,56.4951142171875
Philippines,PHL,Age dependency ratio (% of working-age population),SP.POP.DPND,Dân số & Nhân khẩu học,2019,55.745826525598
Philippines,PHL,Age dependency ratio (% of working-age population),SP.POP.DPND,Dân số & Nhân khẩu học,2020,54.8178657691752
Philippines,PHL,Age dependency ratio (% of working-age population),SP.POP.DPND,Dân số & Nhân khẩu học,2021,53.59656857012
Philippines,PHL,Age dependency ratio (% of working-age population),SP.POP.DPND,Dân số & Nhân khẩu học,2022,52.3747406896807
Philippines,PHL,Age dependency ratio (% of working-age population),SP.POP.DPND,Dân số & Nhân khẩu học,2023,51.2166581870048
Philippines,PHL,Age dependency ratio (% of working-age population),SP.POP.DPND,Dân số & Nhân khẩu học,2024,50.0600272907847
Philippines,PHL,Age dependency ratio (% of working-age population),SP.POP.DPND,Dân số & Nhân khẩu học,2025,48.9488685879186
Philippines,PHL,"Age dependency ratio, old (% of working-age population)",SP.POP.DPND.OL,Dân số & Nhân khẩu học,2015,6.01433574812271
Philippines,PHL,"Age dependency ratio, old (% of working-age population)",SP.POP.DPND.OL,Dân số & Nhân khẩu học,2016,6.23761581893604
Philippines,PHL,"Age dependency ratio, old (% of working-age population)",SP.POP.DPND.OL,Dân số & Nhân khẩu học,2017,6.48059614293842
Philippines,PHL,"Age dependency ratio, old (% of working-age population)",SP.POP.DPND.OL,Dân số & Nhân khẩu học,2018,6.75133864338813
Philippines,PHL,"Age dependency ratio, old (% of working-age population)",SP.POP.DPND.OL,Dân số & Nhân khẩu học,2019,7.03881786604626
Philippines,PHL,"Age dependency ratio, old (% of working-age population)",SP.POP.DPND.OL,Dân số & Nhân khẩu học,2020,7.31618742043884
Philippines,PHL,"Age dependency ratio, old (% of working-age population)",SP.POP.DPND.OL,Dân số & Nhân khẩu học,2021,7.49663380533484
Philippines,PHL,"Age dependency ratio, old (% of working-age population)",SP.POP.DPND.OL,Dân số & Nhân khẩu học,2022,7.68169037002482
Philippines,PHL,"Age dependency ratio, old (% of working-age population)",SP.POP.DPND.OL,Dân số & Nhân khẩu học,2023,7.95727998278236
Philippines,PHL,"Age dependency ratio, old (% of working-age population)",SP.POP.DPND.OL,Dân số & Nhân khẩu học,2024,8.24119778927545
Philippines,PHL,"Age dependency ratio, old (% of working-age population)",SP.POP.DPND.OL,Dân số & Nhân khẩu học,2025,8.52584254209213
Philippines,PHL,"Age dependency ratio, young (% of working-age population)",SP.POP.DPND.YG,Dân số & Nhân khẩu học,2015,53.5068628065784
Philippines,PHL,"Age dependency ratio, young (% of working-age population)",SP.POP.DPND.YG,Dân số & Nhân khẩu học,2016,52.1655083115853
Philippines,PHL,"Age dependency ratio, young (% of working-age population)",SP.POP.DPND.YG,Dân số & Nhân khẩu học,2017,50.8858817620147
Philippines,PHL,"Age dependency ratio, young (% of working-age population)",SP.POP.DPND.YG,Dân số & Nhân khẩu học,2018,49.7437755737994
Philippines,PHL,"Age dependency ratio, young (% of working-age population)",SP.POP.DPND.YG,Dân số & Nhân khẩu học,2019,48.7070086595518
Philippines,PHL,"Age dependency ratio, young (% of working-age population)",SP.POP.DPND.YG,Dân số & Nhân khẩu học,2020,47.5016783487363
Philippines,PHL,"Age dependency ratio, young (% of working-age population)",SP.POP.DPND.YG,Dân số & Nhân khẩu học,2021,46.0999347647852
Philippines,PHL,"Age dependency ratio, young (% of working-age population)",SP.POP.DPND.YG,Dân số & Nhân khẩu học,2022,44.6930503196559
Philippines,PHL,"Age dependency ratio, young (% of working-age population)",SP.POP.DPND.YG,Dân số & Nhân khẩu học,2023,43.2593782042224
Philippines,PHL,"Age dependency ratio, young (% of working-age population)",SP.POP.DPND.YG,Dân số & Nhân khẩu học,2024,41.8188295015092
Philippines,PHL,"Age dependency ratio, young (% of working-age population)",SP.POP.DPND.YG,Dân số & Nhân khẩu học,2025,40.4230260458264
Singapore,SGP,"Population, female",SP.POP.TOTL.FE.IN,Dân số & Nhân khẩu học,2015,2642505.0
Singapore,SGP,"Population, female",SP.POP.TOTL.FE.IN,Dân số & Nhân khẩu học,2016,2689295.0
Singapore,SGP,"Population, female",SP.POP.TOTL.FE.IN,Dân số & Nhân khẩu học,2017,2711014.0
Singapore,SGP,"Population, female",SP.POP.TOTL.FE.IN,Dân số & Nhân khẩu học,2018,2731845.0
Singapore,SGP,"Population, female",SP.POP.TOTL.FE.IN,Dân số & Nhân khẩu học,2019,2754201.0
Singapore,SGP,"Population, female",SP.POP.TOTL.FE.IN,Dân số & Nhân khẩu học,2020,2742212.0
Singapore,SGP,"Population, female",SP.POP.TOTL.FE.IN,Dân số & Nhân khẩu học,2021,2634886.0
Singapore,SGP,"Population, female",SP.POP.TOTL.FE.IN,Dân số & Nhân khẩu học,2022,2723972.0
Singapore,SGP,"Population, female",SP.POP.TOTL.FE.IN,Dân số & Nhân khẩu học,2023,2858818.0
Singapore,SGP,"Population, female",SP.POP.TOTL.FE.IN,Dân số & Nhân khẩu học,2024,2917785.0
Singapore,SGP,"Population, female",SP.POP.TOTL.FE.IN,Dân số & Nhân khẩu học,2025,2954709.0
Singapore,SGP,"Population, female (% of total population)",SP.POP.TOTL.FE.ZS,Dân số & Nhân khẩu học,2015,47.7417136321023
Singapore,SGP,"Population, female (% of total population)",SP.POP.TOTL.FE.ZS,Dân số & Nhân khẩu học,2016,47.9607488799608
Singapore,SGP,"Population, female (% of total population)",SP.POP.TOTL.FE.ZS,Dân số & Nhân khẩu học,2017,48.3052790654807
Singapore,SGP,"Population, female (% of total population)",SP.POP.TOTL.FE.ZS,Dân số & Nhân khẩu học,2018,48.4483355633967
Singapore,SGP,"Population, female (% of total population)",SP.POP.TOTL.FE.ZS,Dân số & Nhân khẩu học,2019,48.2890833032458
Singapore,SGP,"Population, female (% of total population)",SP.POP.TOTL.FE.ZS,Dân số & Nhân khẩu học,2020,48.229077830827
Singapore,SGP,"Population, female (% of total population)",SP.POP.TOTL.FE.ZS,Dân số & Nhân khẩu học,2021,48.3149276363118
Singapore,SGP,"Population, female (% of total population)",SP.POP.TOTL.FE.ZS,Dân số & Nhân khẩu học,2022,48.3228950677757
Singapore,SGP,"Population, female (% of total population)",SP.POP.TOTL.FE.ZS,Dân số & Nhân khẩu học,2023,48.3100363459605
Singapore,SGP,"Population, female (% of total population)",SP.POP.TOTL.FE.ZS,Dân số & Nhân khẩu học,2024,48.3328181068917
Singapore,SGP,"Population, female (% of total population)",SP.POP.TOTL.FE.ZS,Dân số & Nhân khẩu học,2025,48.3492739428523
Singapore,SGP,"Population, male",SP.POP.TOTL.MA.IN,Dân số & Nhân khẩu học,2015,2892497.0
Singapore,SGP,"Population, male",SP.POP.TOTL.MA.IN,Dân số & Nhân khẩu học,2016,2917988.0
Singapore,SGP,"Population, male",SP.POP.TOTL.MA.IN,Dân số & Nhân khẩu học,2017,2901239.0
Singapore,SGP,"Population, male",SP.POP.TOTL.MA.IN,Dân số & Nhân khẩu học,2018,2906831.0
Singapore,SGP,"Population, male",SP.POP.TOTL.MA.IN,Dân số & Nhân khẩu học,2019,2949368.0
Singapore,SGP,"Population, male",SP.POP.TOTL.MA.IN,Dân số & Nhân khẩu học,2020,2943595.0
Singapore,SGP,"Population, male",SP.POP.TOTL.MA.IN,Dân số & Nhân khẩu học,2021,2818680.0
Singapore,SGP,"Population, male",SP.POP.TOTL.MA.IN,Dân số & Nhân khẩu học,2022,2913050.0
Singapore,SGP,"Population, male",SP.POP.TOTL.MA.IN,Dân số & Nhân khẩu học,2023,3058830.0
Singapore,SGP,"Population, male",SP.POP.TOTL.MA.IN,Dân số & Nhân khẩu học,2024,3119075.0
Singapore,SGP,"Population, male",SP.POP.TOTL.MA.IN,Dân số & Nhân khẩu học,2025,3156466.0
Singapore,SGP,"Population, male (% of total population)",SP.POP.TOTL.MA.ZS,Dân số & Nhân khẩu học,2015,52.2582863678977
Singapore,SGP,"Population, male (% of total population)",SP.POP.TOTL.MA.ZS,Dân số & Nhân khẩu học,2016,52.0392511200392
Singapore,SGP,"Population, male (% of total population)",SP.POP.TOTL.MA.ZS,Dân số & Nhân khẩu học,2017,51.6947209345193
Singapore,SGP,"Population, male (% of total population)",SP.POP.TOTL.MA.ZS,Dân số & Nhân khẩu học,2018,51.5516644366033
Singapore,SGP,"Population, male (% of total population)",SP.POP.TOTL.MA.ZS,Dân số & Nhân khẩu học,2019,51.7109166967542
Singapore,SGP,"Population, male (% of total population)",SP.POP.TOTL.MA.ZS,Dân số & Nhân khẩu học,2020,51.770922169173
Singapore,SGP,"Population, male (% of total population)",SP.POP.TOTL.MA.ZS,Dân số & Nhân khẩu học,2021,51.6850723636882
Singapore,SGP,"Population, male (% of total population)",SP.POP.TOTL.MA.ZS,Dân số & Nhân khẩu học,2022,51.6771049322243
Singapore,SGP,"Population, male (% of total population)",SP.POP.TOTL.MA.ZS,Dân số & Nhân khẩu học,2023,51.6899636540395
Singapore,SGP,"Population, male (% of total population)",SP.POP.TOTL.MA.ZS,Dân số & Nhân khẩu học,2024,51.6671818931083
Singapore,SGP,"Population, male (% of total population)",SP.POP.TOTL.MA.ZS,Dân số & Nhân khẩu học,2025,51.6507260571477
Singapore,SGP,"Population, total",SP.POP.TOTL,Dân số & Nhân khẩu học,2015,5535002.0
Singapore,SGP,"Population, total",SP.POP.TOTL,Dân số & Nhân khẩu học,2016,5607283.0
Singapore,SGP,"Population, total",SP.POP.TOTL,Dân số & Nhân khẩu học,2017,5612253.0
Singapore,SGP,"Population, total",SP.POP.TOTL,Dân số & Nhân khẩu học,2018,5638676.0
Singapore,SGP,"Population, total",SP.POP.TOTL,Dân số & Nhân khẩu học,2019,5703569.0
Singapore,SGP,"Population, total",SP.POP.TOTL,Dân số & Nhân khẩu học,2020,5685807.0
Singapore,SGP,"Population, total",SP.POP.TOTL,Dân số & Nhân khẩu học,2021,5453566.0
Singapore,SGP,"Population, total",SP.POP.TOTL,Dân số & Nhân khẩu học,2022,5637022.0
Singapore,SGP,"Population, total",SP.POP.TOTL,Dân số & Nhân khẩu học,2023,5917648.0
Singapore,SGP,"Population, total",SP.POP.TOTL,Dân số & Nhân khẩu học,2024,6036860.0
Singapore,SGP,"Population, total",SP.POP.TOTL,Dân số & Nhân khẩu học,2025,6111175.0
Singapore,SGP,Population growth (annual %),SP.POP.GROW,Dân số & Nhân khẩu học,2015,1.18637693749822
Singapore,SGP,Population growth (annual %),SP.POP.GROW,Dân số & Nhân khẩu học,2016,1.29743609938602
Singapore,SGP,Population growth (annual %),SP.POP.GROW,Dân số & Nhân khẩu học,2017,0.0885954699924263
Singapore,SGP,Population growth (annual %),SP.POP.GROW,Dân số & Nhân khẩu học,2018,0.469704298714121
Singapore,SGP,Population growth (annual %),SP.POP.GROW,Dân số & Nhân khẩu học,2019,1.14428330688929
Singapore,SGP,Population growth (annual %),SP.POP.GROW,Dân số & Nhân khẩu học,2020,-0.311904961250833
Singapore,SGP,Population growth (annual %),SP.POP.GROW,Dân số & Nhân khẩu học,2021,-4.17033630017526
Singapore,SGP,Population growth (annual %),SP.POP.GROW,Dân số & Nhân khẩu học,2022,3.30862052439523
Singapore,SGP,Population growth (annual %),SP.POP.GROW,Dân số & Nhân khẩu học,2023,4.85831607781442
Singapore,SGP,Population growth (annual %),SP.POP.GROW,Dân số & Nhân khẩu học,2024,1.99449365639324
Singapore,SGP,Population growth (annual %),SP.POP.GROW,Dân số & Nhân khẩu học,2025,1.22350531679895
Singapore,SGP,Urban population (% of total population),SP.URB.TOTL.IN.ZS,Dân số & Nhân khẩu học,2015,100.0
Singapore,SGP,Urban population (% of total population),SP.URB.TOTL.IN.ZS,Dân số & Nhân khẩu học,2016,100.0
Singapore,SGP,Urban population (% of total population),SP.URB.TOTL.IN.ZS,Dân số & Nhân khẩu học,2017,100.0
Singapore,SGP,Urban population (% of total population),SP.URB.TOTL.IN.ZS,Dân số & Nhân khẩu học,2018,100.0
Singapore,SGP,Urban population (% of total population),SP.URB.TOTL.IN.ZS,Dân số & Nhân khẩu học,2019,100.0
Singapore,SGP,Urban population (% of total population),SP.URB.TOTL.IN.ZS,Dân số & Nhân khẩu học,2020,100.0
Singapore,SGP,Urban population (% of total population),SP.URB.TOTL.IN.ZS,Dân số & Nhân khẩu học,2021,100.0
Singapore,SGP,Urban population (% of total population),SP.URB.TOTL.IN.ZS,Dân số & Nhân khẩu học,2022,100.0
Singapore,SGP,Urban population (% of total population),SP.URB.TOTL.IN.ZS,Dân số & Nhân khẩu học,2023,100.0
Singapore,SGP,Urban population (% of total population),SP.URB.TOTL.IN.ZS,Dân số & Nhân khẩu học,2024,100.0
Singapore,SGP,Urban population (% of total population),SP.URB.TOTL.IN.ZS,Dân số & Nhân khẩu học,2025,100.0
Singapore,SGP,"Fertility rate, total (births per woman)",SP.DYN.TFRT.IN,Dân số & Nhân khẩu học,2015,1.24
Singapore,SGP,"Fertility rate, total (births per woman)",SP.DYN.TFRT.IN,Dân số & Nhân khẩu học,2016,1.2
Singapore,SGP,"Fertility rate, total (births per woman)",SP.DYN.TFRT.IN,Dân số & Nhân khẩu học,2017,1.16
Singapore,SGP,"Fertility rate, total (births per woman)",SP.DYN.TFRT.IN,Dân số & Nhân khẩu học,2018,1.14
Singapore,SGP,"Fertility rate, total (births per woman)",SP.DYN.TFRT.IN,Dân số & Nhân khẩu học,2019,1.14
Singapore,SGP,"Fertility rate, total (births per woman)",SP.DYN.TFRT.IN,Dân số & Nhân khẩu học,2020,1.1
Singapore,SGP,"Fertility rate, total (births per woman)",SP.DYN.TFRT.IN,Dân số & Nhân khẩu học,2021,1.12
Singapore,SGP,"Fertility rate, total (births per woman)",SP.DYN.TFRT.IN,Dân số & Nhân khẩu học,2022,1.04
Singapore,SGP,"Fertility rate, total (births per woman)",SP.DYN.TFRT.IN,Dân số & Nhân khẩu học,2023,0.97
Singapore,SGP,"Fertility rate, total (births per woman)",SP.DYN.TFRT.IN,Dân số & Nhân khẩu học,2024,0.97
Singapore,SGP,"Fertility rate, total (births per woman)",SP.DYN.TFRT.IN,Dân số & Nhân khẩu học,2025,
Singapore,SGP,Population ages 0-14 (% of total population),SP.POP.0014.TO.ZS,Dân số & Nhân khẩu học,2015,12.6825690982427
Singapore,SGP,Population ages 0-14 (% of total population),SP.POP.0014.TO.ZS,Dân số & Nhân khẩu học,2016,12.5211872971862
Singapore,SGP,Population ages 0-14 (% of total population),SP.POP.0014.TO.ZS,Dân số & Nhân khẩu học,2017,12.4248348769561
Singapore,SGP,Population ages 0-14 (% of total population),SP.POP.0014.TO.ZS,Dân số & Nhân khẩu học,2018,12.3293830835908
Singapore,SGP,Population ages 0-14 (% of total population),SP.POP.0014.TO.ZS,Dân số & Nhân khẩu học,2019,12.2130675867847
Singapore,SGP,Population ages 0-14 (% of total population),SP.POP.0014.TO.ZS,Dân số & Nhân khẩu học,2020,12.1745227285284
Singapore,SGP,Population ages 0-14 (% of total population),SP.POP.0014.TO.ZS,Dân số & Nhân khẩu học,2021,12.1688552167305
Singapore,SGP,Population ages 0-14 (% of total population),SP.POP.0014.TO.ZS,Dân số & Nhân khẩu học,2022,12.005289665656
Singapore,SGP,Population ages 0-14 (% of total population),SP.POP.0014.TO.ZS,Dân số & Nhân khẩu học,2023,11.787475387969
Singapore,SGP,Population ages 0-14 (% of total population),SP.POP.0014.TO.ZS,Dân số & Nhân khẩu học,2024,11.686158685972
Singapore,SGP,Population ages 0-14 (% of total population),SP.POP.0014.TO.ZS,Dân số & Nhân khẩu học,2025,11.6891623727803
Singapore,SGP,Population ages 65 and above (% of total population),SP.POP.65UP.TO.ZS,Dân số & Nhân khẩu học,2015,8.99820725948152
Singapore,SGP,Population ages 65 and above (% of total population),SP.POP.65UP.TO.ZS,Dân số & Nhân khẩu học,2016,9.44794121187799
Singapore,SGP,Population ages 65 and above (% of total population),SP.POP.65UP.TO.ZS,Dân số & Nhân khẩu học,2017,9.96401995439571
Singapore,SGP,Population ages 65 and above (% of total population),SP.POP.65UP.TO.ZS,Dân số & Nhân khẩu học,2018,10.4836486140996
Singapore,SGP,Population ages 65 and above (% of total population),SP.POP.65UP.TO.ZS,Dân số & Nhân khẩu học,2019,10.9750531897302
Singapore,SGP,Population ages 65 and above (% of total population),SP.POP.65UP.TO.ZS,Dân số & Nhân khẩu học,2020,11.5849477696371
Singapore,SGP,Population ages 65 and above (% of total population),SP.POP.65UP.TO.ZS,Dân số & Nhân khẩu học,2021,12.258194216314
Singapore,SGP,Population ages 65 and above (% of total population),SP.POP.65UP.TO.ZS,Dân số & Nhân khẩu học,2022,12.6908966015146
Singapore,SGP,Population ages 65 and above (% of total population),SP.POP.65UP.TO.ZS,Dân số & Nhân khẩu học,2023,13.0953667239036
Singapore,SGP,Population ages 65 and above (% of total population),SP.POP.65UP.TO.ZS,Dân số & Nhân khẩu học,2024,13.6562182859265
Singapore,SGP,Population ages 65 and above (% of total population),SP.POP.65UP.TO.ZS,Dân số & Nhân khẩu học,2025,14.2110377720053
Singapore,SGP,Age dependency ratio (% of working-age population),SP.POP.DPND,Dân số & Nhân khẩu học,2015,27.6825611982179
Singapore,SGP,Age dependency ratio (% of working-age population),SP.POP.DPND,Dân số & Nhân khẩu học,2016,28.1544000884945
Singapore,SGP,Age dependency ratio (% of working-age population),SP.POP.DPND,Dân số & Nhân khẩu học,2017,28.8474686470753
Singapore,SGP,Age dependency ratio (% of working-age population),SP.POP.DPND,Dân số & Nhân khẩu học,2018,29.5555499902006
Singapore,SGP,Age dependency ratio (% of working-age population),SP.POP.DPND,Dân số & Nhân khẩu học,2019,30.1882050728381
Singapore,SGP,Age dependency ratio (% of working-age population),SP.POP.DPND,Dân số & Nhân khẩu học,2020,31.1638429496119
Singapore,SGP,Age dependency ratio (% of working-age population),SP.POP.DPND,Dân số & Nhân khẩu học,2021,32.3224926548392
Singapore,SGP,Age dependency ratio (% of working-age population),SP.POP.DPND,Dân số & Nhân khẩu học,2022,32.7954085061744
Singapore,SGP,Age dependency ratio (% of working-age population),SP.POP.DPND,Dân số & Nhân khẩu học,2023,33.1253772353762
Singapore,SGP,Age dependency ratio (% of working-age population),SP.POP.DPND,Dân số & Nhân khẩu học,2024,33.9448002385635
Singapore,SGP,Age dependency ratio (% of working-age population),SP.POP.DPND,Dân số & Nhân khẩu học,2025,34.9531221844161
Singapore,SGP,"Age dependency ratio, old (% of working-age population)",SP.POP.DPND.OL,Dân số & Nhân khẩu học,2015,11.4891426032608
Singapore,SGP,"Age dependency ratio, old (% of working-age population)",SP.POP.DPND.OL,Dân số & Nhân khẩu học,2016,12.107956919257
Singapore,SGP,"Age dependency ratio, old (% of working-age population)",SP.POP.DPND.OL,Dân số & Nhân khẩu học,2017,12.8383872844393
Singapore,SGP,"Age dependency ratio, old (% of working-age population)",SP.POP.DPND.OL,Dân số & Nhân khẩu học,2018,13.5821491189877
Singapore,SGP,"Age dependency ratio, old (% of working-age population)",SP.POP.DPND.OL,Dân số & Nhân khẩu học,2019,14.2882283779185
Singapore,SGP,"Age dependency ratio, old (% of working-age population)",SP.POP.DPND.OL,Dân số & Nhân khẩu học,2020,15.1952679757198
Singapore,SGP,"Age dependency ratio, old (% of working-age population)",SP.POP.DPND.OL,Dân số & Nhân khẩu học,2021,16.2203521552397
Singapore,SGP,"Age dependency ratio, old (% of working-age population)",SP.POP.DPND.OL,Dân số & Nhân khẩu học,2022,16.8529336310715
Singapore,SGP,"Age dependency ratio, old (% of working-age population)",SP.POP.DPND.OL,Dân số & Nhân khẩu học,2023,17.4332629423088
Singapore,SGP,"Age dependency ratio, old (% of working-age population)",SP.POP.DPND.OL,Dân số & Nhân khẩu học,2024,18.2917992019483
Singapore,SGP,"Age dependency ratio, old (% of working-age population)",SP.POP.DPND.OL,Dân số & Nhân khẩu học,2025,19.1782337477873
Singapore,SGP,"Age dependency ratio, young (% of working-age population)",SP.POP.DPND.YG,Dân số & Nhân khẩu học,2015,16.1934185949572
Singapore,SGP,"Age dependency ratio, young (% of working-age population)",SP.POP.DPND.YG,Dân số & Nhân khẩu học,2016,16.0464431692375
Singapore,SGP,"Age dependency ratio, young (% of working-age population)",SP.POP.DPND.YG,Dân số & Nhân khẩu học,2017,16.009081362636
Singapore,SGP,"Age dependency ratio, young (% of working-age population)",SP.POP.DPND.YG,Dân số & Nhân khẩu học,2018,15.9734008712129
Singapore,SGP,"Age dependency ratio, young (% of working-age population)",SP.POP.DPND.YG,Dân số & Nhân khẩu học,2019,15.8999766949196
Singapore,SGP,"Age dependency ratio, young (% of working-age population)",SP.POP.DPND.YG,Dân số & Nhân khẩu học,2020,15.9685749738921
Singapore,SGP,"Age dependency ratio, young (% of working-age population)",SP.POP.DPND.YG,Dân số & Nhân khẩu học,2021,16.1021404995995
Singapore,SGP,"Age dependency ratio, young (% of working-age population)",SP.POP.DPND.YG,Dân số & Nhân khẩu học,2022,15.9424748751029
Singapore,SGP,"Age dependency ratio, young (% of working-age population)",SP.POP.DPND.YG,Dân số & Nhân khẩu học,2023,15.6921142930674
Singapore,SGP,"Age dependency ratio, young (% of working-age population)",SP.POP.DPND.YG,Dân số & Nhân khẩu học,2024,15.6530010366152
Singapore,SGP,"Age dependency ratio, young (% of working-age population)",SP.POP.DPND.YG,Dân số & Nhân khẩu học,2025,15.7748884366288
Thailand,THA,"Population, female",SP.POP.TOTL.FE.IN,Dân số & Nhân khẩu học,2015,35856230.0
Thailand,THA,"Population, female",SP.POP.TOTL.FE.IN,Dân số & Nhân khẩu học,2016,36051319.0
Thailand,THA,"Population, female",SP.POP.TOTL.FE.IN,Dân số & Nhân khẩu học,2017,36238464.0
Thailand,THA,"Population, female",SP.POP.TOTL.FE.IN,Dân số & Nhân khẩu học,2018,36384841.0
Thailand,THA,"Population, female",SP.POP.TOTL.FE.IN,Dân số & Nhân khẩu học,2019,36498738.0
Thailand,THA,"Population, female",SP.POP.TOTL.FE.IN,Dân số & Nhân khẩu học,2020,36601089.0
Thailand,THA,"Population, female",SP.POP.TOTL.FE.IN,Dân số & Nhân khẩu học,2021,36686198.0
Thailand,THA,"Population, female",SP.POP.TOTL.FE.IN,Dân số & Nhân khẩu học,2022,36730034.0
Thailand,THA,"Population, female",SP.POP.TOTL.FE.IN,Dân số & Nhân khẩu học,2023,36752428.0
Thailand,THA,"Population, female",SP.POP.TOTL.FE.IN,Dân số & Nhân khẩu học,2024,36772621.0
Thailand,THA,"Population, female",SP.POP.TOTL.FE.IN,Dân số & Nhân khẩu học,2025,36783262.0
Thailand,THA,"Population, female (% of total population)",SP.POP.TOTL.FE.ZS,Dân số & Nhân khẩu học,2015,50.8304875214406
Thailand,THA,"Population, female (% of total population)",SP.POP.TOTL.FE.ZS,Dân số & Nhân khẩu học,2016,50.8769402968319
Thailand,THA,"Population, female (% of total population)",SP.POP.TOTL.FE.ZS,Dân số & Nhân khẩu học,2017,50.9251950110811
Thailand,THA,"Population, female (% of total population)",SP.POP.TOTL.FE.ZS,Dân số & Nhân khẩu học,2018,50.9762388457376
Thailand,THA,"Population, female (% of total population)",SP.POP.TOTL.FE.ZS,Dân số & Nhân khẩu học,2019,51.0312906591011
Thailand,THA,"Population, female (% of total population)",SP.POP.TOTL.FE.ZS,Dân số & Nhân khẩu học,2020,51.0892383397479
Thailand,THA,"Population, female (% of total population)",SP.POP.TOTL.FE.ZS,Dân số & Nhân khẩu học,2021,51.1467483552853
Thailand,THA,"Population, female (% of total population)",SP.POP.TOTL.FE.ZS,Dân số & Nhân khẩu học,2022,51.2021545199855
Thailand,THA,"Population, female (% of total population)",SP.POP.TOTL.FE.ZS,Dân số & Nhân khẩu học,2023,51.2568764051475
Thailand,THA,"Population, female (% of total population)",SP.POP.TOTL.FE.ZS,Dân số & Nhân khẩu học,2024,51.3096714795113
Thailand,THA,"Population, female (% of total population)",SP.POP.TOTL.FE.ZS,Dân số & Nhân khẩu học,2025,51.3590231246323
Thailand,THA,"Population, male",SP.POP.TOTL.MA.IN,Dân số & Nhân khẩu học,2015,34684565.0
Thailand,THA,"Population, male",SP.POP.TOTL.MA.IN,Dân số & Nhân khẩu học,2016,34808522.0
Thailand,THA,"Population, male",SP.POP.TOTL.MA.IN,Dân số & Nhân khẩu học,2017,34921723.0
Thailand,THA,"Population, male",SP.POP.TOTL.MA.IN,Dân số & Nhân khẩu học,2018,34991238.0
Thailand,THA,"Population, male",SP.POP.TOTL.MA.IN,Dân số & Nhân khẩu học,2019,35023533.0
Thailand,THA,"Population, male",SP.POP.TOTL.MA.IN,Dân số & Nhân khẩu học,2020,35040395.0
Thailand,THA,"Population, male",SP.POP.TOTL.MA.IN,Dân số & Nhân khẩu học,2021,35041134.0
Thailand,THA,"Population, male",SP.POP.TOTL.MA.IN,Dân số & Nhân khẩu học,2022,35005295.0
Thailand,THA,"Population, male",SP.POP.TOTL.MA.IN,Dân số & Nhân khẩu học,2023,34950007.0
Thailand,THA,"Population, male",SP.POP.TOTL.MA.IN,Dân số & Nhân khẩu học,2024,34895390.0
Thailand,THA,"Population, male",SP.POP.TOTL.MA.IN,Dân số & Nhân khẩu học,2025,34836601.0
Thailand,THA,"Population, male (% of total population)",SP.POP.TOTL.MA.ZS,Dân số & Nhân khẩu học,2015,49.1695124785594
Thailand,THA,"Population, male (% of total population)",SP.POP.TOTL.MA.ZS,Dân số & Nhân khẩu học,2016,49.1230597031681
Thailand,THA,"Population, male (% of total population)",SP.POP.TOTL.MA.ZS,Dân số & Nhân khẩu học,2017,49.0748049889189
Thailand,THA,"Population, male (% of total population)",SP.POP.TOTL.MA.ZS,Dân số & Nhân khẩu học,2018,49.0237611542624
Thailand,THA,"Population, male (% of total population)",SP.POP.TOTL.MA.ZS,Dân số & Nhân khẩu học,2019,48.9687093408989
Thailand,THA,"Population, male (% of total population)",SP.POP.TOTL.MA.ZS,Dân số & Nhân khẩu học,2020,48.9107616602521
Thailand,THA,"Population, male (% of total population)",SP.POP.TOTL.MA.ZS,Dân số & Nhân khẩu học,2021,48.8532516447147
Thailand,THA,"Population, male (% of total population)",SP.POP.TOTL.MA.ZS,Dân số & Nhân khẩu học,2022,48.7978454800145
Thailand,THA,"Population, male (% of total population)",SP.POP.TOTL.MA.ZS,Dân số & Nhân khẩu học,2023,48.7431235948525
Thailand,THA,"Population, male (% of total population)",SP.POP.TOTL.MA.ZS,Dân số & Nhân khẩu học,2024,48.6903285204887
Thailand,THA,"Population, male (% of total population)",SP.POP.TOTL.MA.ZS,Dân số & Nhân khẩu học,2025,48.6409768753677
Thailand,THA,"Population, total",SP.POP.TOTL,Dân số & Nhân khẩu học,2015,70540795.0
Thailand,THA,"Population, total",SP.POP.TOTL,Dân số & Nhân khẩu học,2016,70859841.0
Thailand,THA,"Population, total",SP.POP.TOTL,Dân số & Nhân khẩu học,2017,71160187.0
Thailand,THA,"Population, total",SP.POP.TOTL,Dân số & Nhân khẩu học,2018,71376079.0
Thailand,THA,"Population, total",SP.POP.TOTL,Dân số & Nhân khẩu học,2019,71522271.0
Thailand,THA,"Population, total",SP.POP.TOTL,Dân số & Nhân khẩu học,2020,71641484.0
Thailand,THA,"Population, total",SP.POP.TOTL,Dân số & Nhân khẩu học,2021,71727332.0
Thailand,THA,"Population, total",SP.POP.TOTL,Dân số & Nhân khẩu học,2022,71735329.0
Thailand,THA,"Population, total",SP.POP.TOTL,Dân số & Nhân khẩu học,2023,71702435.0
Thailand,THA,"Population, total",SP.POP.TOTL,Dân số & Nhân khẩu học,2024,71668011.0
Thailand,THA,"Population, total",SP.POP.TOTL,Dân số & Nhân khẩu học,2025,71619863.0
Thailand,THA,Population growth (annual %),SP.POP.GROW,Dân số & Nhân khẩu học,2015,0.460976294059414
Thailand,THA,Population growth (annual %),SP.POP.GROW,Dân số & Nhân khẩu học,2016,0.451266062797186
Thailand,THA,Population growth (annual %),SP.POP.GROW,Dân số & Nhân khẩu học,2017,0.422963510133952
Thailand,THA,Population growth (annual %),SP.POP.GROW,Dân số & Nhân khẩu học,2018,0.302929452489855
Thailand,THA,Population growth (annual %),SP.POP.GROW,Dân số & Nhân khẩu học,2019,0.204609851692418
Thailand,THA,Population growth (annual %),SP.POP.GROW,Dân số & Nhân khẩu học,2020,0.166540794566251
Thailand,THA,Population growth (annual %),SP.POP.GROW,Dân số & Nhân khẩu học,2021,0.119758274714782
Thailand,THA,Population growth (annual %),SP.POP.GROW,Dân số & Nhân khẩu học,2022,0.0111485454856964
Thailand,THA,Population growth (annual %),SP.POP.GROW,Dân số & Nhân khẩu học,2023,-0.0458651887192549
Thailand,THA,Population growth (annual %),SP.POP.GROW,Dân số & Nhân khẩu học,2024,-0.0480210554154485
Thailand,THA,Population growth (annual %),SP.POP.GROW,Dân số & Nhân khẩu học,2025,-0.0672045728198196
Thailand,THA,Urban population (% of total population),SP.URB.TOTL.IN.ZS,Dân số & Nhân khẩu học,2015,46.9521043776171
Thailand,THA,Urban population (% of total population),SP.URB.TOTL.IN.ZS,Dân số & Nhân khẩu học,2016,47.8801095551247
Thailand,THA,Urban population (% of total population),SP.URB.TOTL.IN.ZS,Dân số & Nhân khẩu học,2017,49.2311973571777
Thailand,THA,Urban population (% of total population),SP.URB.TOTL.IN.ZS,Dân số & Nhân khẩu học,2018,54.5843734741211
Thailand,THA,Urban population (% of total population),SP.URB.TOTL.IN.ZS,Dân số & Nhân khẩu học,2019,55.9266166687012
Thailand,THA,Urban population (% of total population),SP.URB.TOTL.IN.ZS,Dân số & Nhân khẩu học,2020,57.2358779907227
Thailand,THA,Urban population (% of total population),SP.URB.TOTL.IN.ZS,Dân số & Nhân khẩu học,2021,58.5087776184082
Thailand,THA,Urban population (% of total population),SP.URB.TOTL.IN.ZS,Dân số & Nhân khẩu học,2022,59.742374420166
Thailand,THA,Urban population (% of total population),SP.URB.TOTL.IN.ZS,Dân số & Nhân khẩu học,2023,60.9341926574707
Thailand,THA,Urban population (% of total population),SP.URB.TOTL.IN.ZS,Dân số & Nhân khẩu học,2024,61.8689338391321
Thailand,THA,Urban population (% of total population),SP.URB.TOTL.IN.ZS,Dân số & Nhân khẩu học,2025,62.7993377136296
Thailand,THA,"Fertility rate, total (births per woman)",SP.DYN.TFRT.IN,Dân số & Nhân khẩu học,2015,1.451
Thailand,THA,"Fertility rate, total (births per woman)",SP.DYN.TFRT.IN,Dân số & Nhân khẩu học,2016,1.4
Thailand,THA,"Fertility rate, total (births per woman)",SP.DYN.TFRT.IN,Dân số & Nhân khẩu học,2017,1.363
Thailand,THA,"Fertility rate, total (births per woman)",SP.DYN.TFRT.IN,Dân số & Nhân khẩu học,2018,1.323
Thailand,THA,"Fertility rate, total (births per woman)",SP.DYN.TFRT.IN,Dân số & Nhân khẩu học,2019,1.285
Thailand,THA,"Fertility rate, total (births per woman)",SP.DYN.TFRT.IN,Dân số & Nhân khẩu học,2020,1.259
Thailand,THA,"Fertility rate, total (births per woman)",SP.DYN.TFRT.IN,Dân số & Nhân khẩu học,2021,1.234
Thailand,THA,"Fertility rate, total (births per woman)",SP.DYN.TFRT.IN,Dân số & Nhân khẩu học,2022,1.221
Thailand,THA,"Fertility rate, total (births per woman)",SP.DYN.TFRT.IN,Dân số & Nhân khẩu học,2023,1.212
Thailand,THA,"Fertility rate, total (births per woman)",SP.DYN.TFRT.IN,Dân số & Nhân khẩu học,2024,1.204
Thailand,THA,"Fertility rate, total (births per woman)",SP.DYN.TFRT.IN,Dân số & Nhân khẩu học,2025,
Thailand,THA,Population ages 0-14 (% of total population),SP.POP.0014.TO.ZS,Dân số & Nhân khẩu học,2015,18.10770407317
Thailand,THA,Population ages 0-14 (% of total population),SP.POP.0014.TO.ZS,Dân số & Nhân khẩu học,2016,17.7345182179105
Thailand,THA,Population ages 0-14 (% of total population),SP.POP.0014.TO.ZS,Dân số & Nhân khẩu học,2017,17.3369766439765
Thailand,THA,Population ages 0-14 (% of total population),SP.POP.0014.TO.ZS,Dân số & Nhân khẩu học,2018,16.9415128347237
Thailand,THA,Population ages 0-14 (% of total population),SP.POP.0014.TO.ZS,Dân số & Nhân khẩu học,2019,16.5514326299846
Thailand,THA,Population ages 0-14 (% of total population),SP.POP.0014.TO.ZS,Dân số & Nhân khẩu học,2020,16.1671338087241
Thailand,THA,Population ages 0-14 (% of total population),SP.POP.0014.TO.ZS,Dân số & Nhân khẩu học,2021,15.7908306139144
Thailand,THA,Population ages 0-14 (% of total population),SP.POP.0014.TO.ZS,Dân số & Nhân khẩu học,2022,15.4329660912268
Thailand,THA,Population ages 0-14 (% of total population),SP.POP.0014.TO.ZS,Dân số & Nhân khẩu học,2023,15.0896793114488
Thailand,THA,Population ages 0-14 (% of total population),SP.POP.0014.TO.ZS,Dân số & Nhân khẩu học,2024,14.7494821643648
Thailand,THA,Population ages 0-14 (% of total population),SP.POP.0014.TO.ZS,Dân số & Nhân khẩu học,2025,14.4141877233136
Thailand,THA,Population ages 65 and above (% of total population),SP.POP.65UP.TO.ZS,Dân số & Nhân khẩu học,2015,10.3239727428364
Thailand,THA,Population ages 65 and above (% of total population),SP.POP.65UP.TO.ZS,Dân số & Nhân khẩu học,2016,10.7814783921017
Thailand,THA,Population ages 65 and above (% of total population),SP.POP.65UP.TO.ZS,Dân số & Nhân khẩu học,2017,11.2659962515276
Thailand,THA,Population ages 65 and above (% of total population),SP.POP.65UP.TO.ZS,Dân số & Nhân khẩu học,2018,11.7833301811334
Thailand,THA,Population ages 65 and above (% of total population),SP.POP.65UP.TO.ZS,Dân số & Nhân khẩu học,2019,12.3287535151114
Thailand,THA,Population ages 65 and above (% of total population),SP.POP.65UP.TO.ZS,Dân số & Nhân khẩu học,2020,12.8979852852991
Thailand,THA,Population ages 65 and above (% of total population),SP.POP.65UP.TO.ZS,Dân số & Nhân khẩu học,2021,13.4920297885888
Thailand,THA,Population ages 65 and above (% of total population),SP.POP.65UP.TO.ZS,Dân số & Nhân khẩu học,2022,14.0967841661394
Thailand,THA,Population ages 65 and above (% of total population),SP.POP.65UP.TO.ZS,Dân số & Nhân khẩu học,2023,14.7182560815403
Thailand,THA,Population ages 65 and above (% of total population),SP.POP.65UP.TO.ZS,Dân số & Nhân khẩu học,2024,15.3627543814492
Thailand,THA,Population ages 65 and above (% of total population),SP.POP.65UP.TO.ZS,Dân số & Nhân khẩu học,2025,16.017421033045
Thailand,THA,Age dependency ratio (% of working-age population),SP.POP.DPND,Dân số & Nhân khẩu học,2015,39.72661984392
Thailand,THA,Age dependency ratio (% of working-age population),SP.POP.DPND,Dân số & Nhân khẩu học,2016,39.8914360247636
Thailand,THA,Age dependency ratio (% of working-age population),SP.POP.DPND,Dân số & Nhân khẩu học,2017,40.0618541912691
Thailand,THA,Age dependency ratio (% of working-age population),SP.POP.DPND,Dân số & Nhân khẩu học,2018,40.3013405116213
Thailand,THA,Age dependency ratio (% of working-age population),SP.POP.DPND,Dân số & Nhân khẩu học,2019,40.607794056073
Thailand,THA,Age dependency ratio (% of working-age population),SP.POP.DPND,Dân số & Nhân khẩu học,2020,40.974368915158
Thailand,THA,Age dependency ratio (% of working-age population),SP.POP.DPND,Dân số & Nhân khẩu học,2021,41.4084358543198
Thailand,THA,Age dependency ratio (% of working-age population),SP.POP.DPND,Dân số & Nhân khẩu học,2022,41.9038541372374
Thailand,THA,Age dependency ratio (% of working-age population),SP.POP.DPND,Dân số & Nhân khẩu học,2023,42.4662473757894
Thailand,THA,Age dependency ratio (% of working-age population),SP.POP.DPND,Dân số & Nhân khẩu học,2024,43.0865648827834
Thailand,THA,Age dependency ratio (% of working-age population),SP.POP.DPND,Dân số & Nhân khẩu học,2025,43.7434423954487
Thailand,THA,"Age dependency ratio, old (% of working-age population)",SP.POP.DPND.OL,Dân số & Nhân khẩu học,2015,14.4253374635217
Thailand,THA,"Age dependency ratio, old (% of working-age population)",SP.POP.DPND.OL,Dân số & Nhân khẩu học,2016,15.0823642795828
Thailand,THA,"Age dependency ratio, old (% of working-age population)",SP.POP.DPND.OL,Dân số & Nhân khẩu học,2017,15.7793632430084
Thailand,THA,"Age dependency ratio, old (% of working-age population)",SP.POP.DPND.OL,Dân số & Nhân khẩu học,2018,16.5321700852304
Thailand,THA,"Age dependency ratio, old (% of working-age population)",SP.POP.DPND.OL,Dân số & Nhân khẩu học,2019,17.3351890927991
Thailand,THA,"Age dependency ratio, old (% of working-age population)",SP.POP.DPND.OL,Dân số & Nhân khẩu học,2020,18.1828532318187
Thailand,THA,"Age dependency ratio, old (% of working-age population)",SP.POP.DPND.OL,Dân số & Nhân khẩu học,2021,19.0788682890423
Thailand,THA,"Age dependency ratio, old (% of working-age population)",SP.POP.DPND.OL,Dân số & Nhân khẩu học,2022,20.0038807513821
Thailand,THA,"Age dependency ratio, old (% of working-age population)",SP.POP.DPND.OL,Dân số & Nhân khẩu học,2023,20.968546826091
Thailand,THA,"Age dependency ratio, old (% of working-age population)",SP.POP.DPND.OL,Dân số & Nhân khẩu học,2024,21.9820365175353
Thailand,THA,"Age dependency ratio, old (% of working-age population)",SP.POP.DPND.OL,Dân số & Nhân khẩu học,2025,23.0239920543965
Thailand,THA,"Age dependency ratio, young (% of working-age population)",SP.POP.DPND.YG,Dân số & Nhân khẩu học,2015,25.3012823803982
Thailand,THA,"Age dependency ratio, young (% of working-age population)",SP.POP.DPND.YG,Dân số & Nhân khẩu học,2016,24.8090717451808
Thailand,THA,"Age dependency ratio, young (% of working-age population)",SP.POP.DPND.YG,Dân số & Nhân khẩu học,2017,24.2824909482607
Thailand,THA,"Age dependency ratio, young (% of working-age population)",SP.POP.DPND.YG,Dân số & Nhân khẩu học,2018,23.7691704263909
Thailand,THA,"Age dependency ratio, young (% of working-age population)",SP.POP.DPND.YG,Dân số & Nhân khẩu học,2019,23.2726049632739
Thailand,THA,"Age dependency ratio, young (% of working-age population)",SP.POP.DPND.YG,Dân số & Nhân khẩu học,2020,22.7915156833393
Thailand,THA,"Age dependency ratio, young (% of working-age population)",SP.POP.DPND.YG,Dân số & Nhân khẩu học,2021,22.3295675652775
Thailand,THA,"Age dependency ratio, young (% of working-age population)",SP.POP.DPND.YG,Dân số & Nhân khẩu học,2022,21.8999733858553
Thailand,THA,"Age dependency ratio, young (% of working-age population)",SP.POP.DPND.YG,Dân số & Nhân khẩu học,2023,21.4977005496984
Thailand,THA,"Age dependency ratio, young (% of working-age population)",SP.POP.DPND.YG,Dân số & Nhân khẩu học,2024,21.104528365248
Thailand,THA,"Age dependency ratio, young (% of working-age population)",SP.POP.DPND.YG,Dân số & Nhân khẩu học,2025,20.7194503410521
Viet Nam,VNM,"Population, female",SP.POP.TOTL.FE.IN,Dân số & Nhân khẩu học,2015,47527300.0
Viet Nam,VNM,"Population, female",SP.POP.TOTL.FE.IN,Dân số & Nhân khẩu học,2016,48084841.0
Viet Nam,VNM,"Population, female",SP.POP.TOTL.FE.IN,Dân số & Nhân khẩu học,2017,48636377.0
Viet Nam,VNM,"Population, female",SP.POP.TOTL.FE.IN,Dân số & Nhân khẩu học,2018,49147626.0
Viet Nam,VNM,"Population, female",SP.POP.TOTL.FE.IN,Dân số & Nhân khẩu học,2019,49610246.0
Viet Nam,VNM,"Population, female",SP.POP.TOTL.FE.IN,Dân số & Nhân khẩu học,2020,50061601.0
Viet Nam,VNM,"Population, female",SP.POP.TOTL.FE.IN,Dân số & Nhân khẩu học,2021,50486603.0
Viet Nam,VNM,"Population, female",SP.POP.TOTL.FE.IN,Dân số & Nhân khẩu học,2022,50859448.0
Viet Nam,VNM,"Population, female",SP.POP.TOTL.FE.IN,Dân số & Nhân khẩu học,2023,51201223.0
Viet Nam,VNM,"Population, female",SP.POP.TOTL.FE.IN,Dân số & Nhân khẩu học,2024,51526287.0
Viet Nam,VNM,"Population, female",SP.POP.TOTL.FE.IN,Dân số & Nhân khẩu học,2025,51840189.0
Viet Nam,VNM,"Population, female (% of total population)",SP.POP.TOTL.FE.ZS,Dân số & Nhân khẩu học,2015,51.201932653643
Viet Nam,VNM,"Population, female (% of total population)",SP.POP.TOTL.FE.ZS,Dân số & Nhân khẩu học,2016,51.1540219801431
Viet Nam,VNM,"Population, female (% of total population)",SP.POP.TOTL.FE.ZS,Dân số & Nhân khẩu học,2017,51.1009894756376
Viet Nam,VNM,"Population, female (% of total population)",SP.POP.TOTL.FE.ZS,Dân số & Nhân khẩu học,2018,51.0691969712914
Viet Nam,VNM,"Population, female (% of total population)",SP.POP.TOTL.FE.ZS,Dân số & Nhân khẩu học,2019,51.0531210709886
Viet Nam,VNM,"Population, female (% of total population)",SP.POP.TOTL.FE.ZS,Dân số & Nhân khẩu học,2020,51.0420207279238
Viet Nam,VNM,"Population, female (% of total population)",SP.POP.TOTL.FE.ZS,Dân số & Nhân khẩu học,2021,51.0300227326808
Viet Nam,VNM,"Population, female (% of total population)",SP.POP.TOTL.FE.ZS,Dân số & Nhân khẩu học,2022,51.0223854367731
Viet Nam,VNM,"Population, female (% of total population)",SP.POP.TOTL.FE.ZS,Dân số & Nhân khẩu học,2023,51.0215292556838
Viet Nam,VNM,"Population, female (% of total population)",SP.POP.TOTL.FE.ZS,Dân số & Nhân khẩu học,2024,51.0223464274644
Viet Nam,VNM,"Population, female (% of total population)",SP.POP.TOTL.FE.ZS,Dân số & Nhân khẩu học,2025,51.0245478263676
Viet Nam,VNM,"Population, male",SP.POP.TOTL.MA.IN,Dân số & Nhân khẩu học,2015,45295954.0
Viet Nam,VNM,"Population, male",SP.POP.TOTL.MA.IN,Dân số & Nhân khẩu học,2016,45915276.0
Viet Nam,VNM,"Population, male",SP.POP.TOTL.MA.IN,Dân số & Nhân khẩu học,2017,46540600.0
Viet Nam,VNM,"Population, male",SP.POP.TOTL.MA.IN,Dân số & Nhân khẩu học,2018,47089693.0
Viet Nam,VNM,"Population, male",SP.POP.TOTL.MA.IN,Dân số & Nhân khẩu học,2019,47563530.0
Viet Nam,VNM,"Population, male",SP.POP.TOTL.MA.IN,Dân số & Nhân khẩu học,2020,48017590.0
Viet Nam,VNM,"Population, male",SP.POP.TOTL.MA.IN,Dân số & Nhân khẩu học,2021,48448495.0
Viet Nam,VNM,"Population, male",SP.POP.TOTL.MA.IN,Dân số & Nhân khẩu học,2022,48821207.0
Viet Nam,VNM,"Population, male",SP.POP.TOTL.MA.IN,Dân số & Nhân khẩu học,2023,49150969.0
Viet Nam,VNM,"Population, male",SP.POP.TOTL.MA.IN,Dân số & Nhân khẩu học,2024,49461399.0
Viet Nam,VNM,"Population, male",SP.POP.TOTL.MA.IN,Dân số & Nhân khẩu học,2025,49758338.0
Viet Nam,VNM,"Population, male (% of total population)",SP.POP.TOTL.MA.ZS,Dân số & Nhân khẩu học,2015,48.798067346357
Viet Nam,VNM,"Population, male (% of total population)",SP.POP.TOTL.MA.ZS,Dân số & Nhân khẩu học,2016,48.8459780198569
Viet Nam,VNM,"Population, male (% of total population)",SP.POP.TOTL.MA.ZS,Dân số & Nhân khẩu học,2017,48.8990105243624
Viet Nam,VNM,"Population, male (% of total population)",SP.POP.TOTL.MA.ZS,Dân số & Nhân khẩu học,2018,48.9308030287086
Viet Nam,VNM,"Population, male (% of total population)",SP.POP.TOTL.MA.ZS,Dân số & Nhân khẩu học,2019,48.9468789290115
Viet Nam,VNM,"Population, male (% of total population)",SP.POP.TOTL.MA.ZS,Dân số & Nhân khẩu học,2020,48.9579792720762
Viet Nam,VNM,"Population, male (% of total population)",SP.POP.TOTL.MA.ZS,Dân số & Nhân khẩu học,2021,48.9699772673192
Viet Nam,VNM,"Population, male (% of total population)",SP.POP.TOTL.MA.ZS,Dân số & Nhân khẩu học,2022,48.9776145632269
Viet Nam,VNM,"Population, male (% of total population)",SP.POP.TOTL.MA.ZS,Dân số & Nhân khẩu học,2023,48.9784707443162
Viet Nam,VNM,"Population, male (% of total population)",SP.POP.TOTL.MA.ZS,Dân số & Nhân khẩu học,2024,48.9776535725356
Viet Nam,VNM,"Population, male (% of total population)",SP.POP.TOTL.MA.ZS,Dân số & Nhân khẩu học,2025,48.9754521736324
Viet Nam,VNM,"Population, total",SP.POP.TOTL,Dân số & Nhân khẩu học,2015,92823254.0
Viet Nam,VNM,"Population, total",SP.POP.TOTL,Dân số & Nhân khẩu học,2016,94000117.0
Viet Nam,VNM,"Population, total",SP.POP.TOTL,Dân số & Nhân khẩu học,2017,95176977.0
Viet Nam,VNM,"Population, total",SP.POP.TOTL,Dân số & Nhân khẩu học,2018,96237319.0
Viet Nam,VNM,"Population, total",SP.POP.TOTL,Dân số & Nhân khẩu học,2019,97173776.0
Viet Nam,VNM,"Population, total",SP.POP.TOTL,Dân số & Nhân khẩu học,2020,98079191.0
Viet Nam,VNM,"Population, total",SP.POP.TOTL,Dân số & Nhân khẩu học,2021,98935098.0
Viet Nam,VNM,"Population, total",SP.POP.TOTL,Dân số & Nhân khẩu học,2022,99680655.0
Viet Nam,VNM,"Population, total",SP.POP.TOTL,Dân số & Nhân khẩu học,2023,100352192.0
Viet Nam,VNM,"Population, total",SP.POP.TOTL,Dân số & Nhân khẩu học,2024,100987686.0
Viet Nam,VNM,"Population, total",SP.POP.TOTL,Dân số & Nhân khẩu học,2025,101598527.0
Viet Nam,VNM,Population growth (annual %),SP.POP.GROW,Dân số & Nhân khẩu học,2015,1.23975403093124
Viet Nam,VNM,Population growth (annual %),SP.POP.GROW,Dân số & Nhân khẩu học,2016,1.25988366517733
Viet Nam,VNM,Population growth (annual %),SP.POP.GROW,Dân số & Nhân khẩu học,2017,1.24420473643635
Viet Nam,VNM,Population growth (annual %),SP.POP.GROW,Dân số & Nhân khẩu học,2018,1.10791395242199
Viet Nam,VNM,Population growth (annual %),SP.POP.GROW,Dân số & Nhân khẩu học,2019,0.968366698803348
Viet Nam,VNM,Population growth (annual %),SP.POP.GROW,Dân số & Nhân khẩu học,2020,0.927434295850725
Viet Nam,VNM,Population growth (annual %),SP.POP.GROW,Dân số & Nhân khẩu học,2021,0.868883560805873
Viet Nam,VNM,Population growth (annual %),SP.POP.GROW,Dân số & Nhân khẩu học,2022,0.750756665157789
Viet Nam,VNM,Population growth (annual %),SP.POP.GROW,Dân số & Nhân khẩu học,2023,0.671429250652247
Viet Nam,VNM,Population growth (annual %),SP.POP.GROW,Dân số & Nhân khẩu học,2024,0.631267006487247
Viet Nam,VNM,Population growth (annual %),SP.POP.GROW,Dân số & Nhân khẩu học,2025,0.603044839155161
Viet Nam,VNM,Urban population (% of total population),SP.URB.TOTL.IN.ZS,Dân số & Nhân khẩu học,2015,32.3810945365679
Viet Nam,VNM,Urban population (% of total population),SP.URB.TOTL.IN.ZS,Dân số & Nhân khẩu học,2016,32.8476189285136
Viet Nam,VNM,Urban population (% of total population),SP.URB.TOTL.IN.ZS,Dân số & Nhân khẩu học,2017,33.3625963003742
Viet Nam,VNM,Urban population (% of total population),SP.URB.TOTL.IN.ZS,Dân số & Nhân khẩu học,2018,33.9410227821412
Viet Nam,VNM,Urban population (% of total population),SP.URB.TOTL.IN.ZS,Dân số & Nhân khẩu học,2019,34.6239134999511
Viet Nam,VNM,Urban population (% of total population),SP.URB.TOTL.IN.ZS,Dân số & Nhân khẩu học,2020,35.5706676299742
Viet Nam,VNM,Urban population (% of total population),SP.URB.TOTL.IN.ZS,Dân số & Nhân khẩu học,2021,36.6540656426603
Viet Nam,VNM,Urban population (% of total population),SP.URB.TOTL.IN.ZS,Dân số & Nhân khẩu học,2022,37.5478515625
Viet Nam,VNM,Urban population (% of total population),SP.URB.TOTL.IN.ZS,Dân số & Nhân khẩu học,2023,38.1298904418945
Viet Nam,VNM,Urban population (% of total population),SP.URB.TOTL.IN.ZS,Dân số & Nhân khẩu học,2024,38.4900703430176
Viet Nam,VNM,Urban population (% of total population),SP.URB.TOTL.IN.ZS,Dân số & Nhân khẩu học,2025,38.8299160351294
Viet Nam,VNM,"Fertility rate, total (births per woman)",SP.DYN.TFRT.IN,Dân số & Nhân khẩu học,2015,2.1
Viet Nam,VNM,"Fertility rate, total (births per woman)",SP.DYN.TFRT.IN,Dân số & Nhân khẩu học,2016,2.0
Viet Nam,VNM,"Fertility rate, total (births per woman)",SP.DYN.TFRT.IN,Dân số & Nhân khẩu học,2017,1.985
Viet Nam,VNM,"Fertility rate, total (births per woman)",SP.DYN.TFRT.IN,Dân số & Nhân khẩu học,2018,1.88
Viet Nam,VNM,"Fertility rate, total (births per woman)",SP.DYN.TFRT.IN,Dân số & Nhân khẩu học,2019,1.943
Viet Nam,VNM,"Fertility rate, total (births per woman)",SP.DYN.TFRT.IN,Dân số & Nhân khẩu học,2020,1.957
Viet Nam,VNM,"Fertility rate, total (births per woman)",SP.DYN.TFRT.IN,Dân số & Nhân khẩu học,2021,1.942
Viet Nam,VNM,"Fertility rate, total (births per woman)",SP.DYN.TFRT.IN,Dân số & Nhân khẩu học,2022,1.927
Viet Nam,VNM,"Fertility rate, total (births per woman)",SP.DYN.TFRT.IN,Dân số & Nhân khẩu học,2023,1.913
Viet Nam,VNM,"Fertility rate, total (births per woman)",SP.DYN.TFRT.IN,Dân số & Nhân khẩu học,2024,1.895
Viet Nam,VNM,"Fertility rate, total (births per woman)",SP.DYN.TFRT.IN,Dân số & Nhân khẩu học,2025,
Viet Nam,VNM,Population ages 0-14 (% of total population),SP.POP.0014.TO.ZS,Dân số & Nhân khẩu học,2015,23.9927664031257
Viet Nam,VNM,Population ages 0-14 (% of total population),SP.POP.0014.TO.ZS,Dân số & Nhân khẩu học,2016,24.1320754107789
Viet Nam,VNM,Population ages 0-14 (% of total population),SP.POP.0014.TO.ZS,Dân số & Nhân khẩu học,2017,24.4196414223158
Viet Nam,VNM,Population ages 0-14 (% of total population),SP.POP.0014.TO.ZS,Dân số & Nhân khẩu học,2018,24.5830496141364
Viet Nam,VNM,Population ages 0-14 (% of total population),SP.POP.0014.TO.ZS,Dân số & Nhân khẩu học,2019,24.53947310095
Viet Nam,VNM,Population ages 0-14 (% of total population),SP.POP.0014.TO.ZS,Dân số & Nhân khẩu học,2020,24.3889440319711
Viet Nam,VNM,Population ages 0-14 (% of total population),SP.POP.0014.TO.ZS,Dân số & Nhân khẩu học,2021,24.1976460962436
Viet Nam,VNM,Population ages 0-14 (% of total population),SP.POP.0014.TO.ZS,Dân số & Nhân khẩu học,2022,23.9348788388279
Viet Nam,VNM,Population ages 0-14 (% of total population),SP.POP.0014.TO.ZS,Dân số & Nhân khẩu học,2023,23.6058472126142
Viet Nam,VNM,Population ages 0-14 (% of total population),SP.POP.0014.TO.ZS,Dân số & Nhân khẩu học,2024,23.2240051365074
Viet Nam,VNM,Population ages 0-14 (% of total population),SP.POP.0014.TO.ZS,Dân số & Nhân khẩu học,2025,22.8560173908821
Viet Nam,VNM,Population ages 65 and above (% of total population),SP.POP.65UP.TO.ZS,Dân số & Nhân khẩu học,2015,6.45078979885794
Viet Nam,VNM,Population ages 65 and above (% of total population),SP.POP.65UP.TO.ZS,Dân số & Nhân khẩu học,2016,6.60876308594788
Viet Nam,VNM,Population ages 65 and above (% of total population),SP.POP.65UP.TO.ZS,Dân số & Nhân khẩu học,2017,6.76773963938779
Viet Nam,VNM,Population ages 65 and above (% of total population),SP.POP.65UP.TO.ZS,Dân số & Nhân khẩu học,2018,6.98161953689909
Viet Nam,VNM,Population ages 65 and above (% of total population),SP.POP.65UP.TO.ZS,Dân số & Nhân khẩu học,2019,7.25022977006795
Viet Nam,VNM,Population ages 65 and above (% of total population),SP.POP.65UP.TO.ZS,Dân số & Nhân khẩu học,2020,7.56724481954587
Viet Nam,VNM,Population ages 65 and above (% of total population),SP.POP.65UP.TO.ZS,Dân số & Nhân khẩu học,2021,7.88570347458642
Viet Nam,VNM,Population ages 65 and above (% of total population),SP.POP.65UP.TO.ZS,Dân số & Nhân khẩu học,2022,8.23004774597438
Viet Nam,VNM,Population ages 65 and above (% of total population),SP.POP.65UP.TO.ZS,Dân số & Nhân khẩu học,2023,8.62116598619573
Viet Nam,VNM,Population ages 65 and above (% of total population),SP.POP.65UP.TO.ZS,Dân số & Nhân khẩu học,2024,9.04718319297274
Viet Nam,VNM,Population ages 65 and above (% of total population),SP.POP.65UP.TO.ZS,Dân số & Nhân khẩu học,2025,9.49453578200007
Viet Nam,VNM,Age dependency ratio (% of working-age population),SP.POP.DPND,Dân số & Nhân khẩu học,2015,43.7681325303024
Viet Nam,VNM,Age dependency ratio (% of working-age population),SP.POP.DPND,Dân số & Nhân khẩu học,2016,44.38523018963
Viet Nam,VNM,Age dependency ratio (% of working-age population),SP.POP.DPND,Dân số & Nhân khẩu học,2017,45.3221818606231
Viet Nam,VNM,Age dependency ratio (% of working-age population),SP.POP.DPND,Dân số & Nhân khẩu học,2018,46.123352133928
Viet Nam,VNM,Age dependency ratio (% of working-age population),SP.POP.DPND,Dân số & Nhân khẩu học,2019,46.6054316189935
Viet Nam,VNM,Age dependency ratio (% of working-age population),SP.POP.DPND,Dân số & Nhân khẩu học,2020,46.9641361395404
Viet Nam,VNM,Age dependency ratio (% of working-age population),SP.POP.DPND,Dân số & Nhân khẩu học,2021,47.2392982614886
Viet Nam,VNM,Age dependency ratio (% of working-age population),SP.POP.DPND,Dân số & Nhân khẩu học,2022,47.4163647594031
Viet Nam,VNM,Age dependency ratio (% of working-age population),SP.POP.DPND,Dân số & Nhân khẩu học,2023,47.5514131558407
Viet Nam,VNM,Age dependency ratio (% of working-age population),SP.POP.DPND,Dân số & Nhân khẩu học,2024,47.6476510341859
Viet Nam,VNM,Age dependency ratio (% of working-age population),SP.POP.DPND,Dân số & Nhân khẩu học,2025,47.8208691230641
Viet Nam,VNM,"Age dependency ratio, old (% of working-age population)",SP.POP.DPND.OL,Dân số & Nhân khẩu học,2015,9.27417992736107
Viet Nam,VNM,"Age dependency ratio, old (% of working-age population)",SP.POP.DPND.OL,Dân số & Nhân khẩu học,2016,9.54207774357747
Viet Nam,VNM,"Age dependency ratio, old (% of working-age population)",SP.POP.DPND.OL,Dân số & Nhân khẩu học,2017,9.8350269066046
Viet Nam,VNM,"Age dependency ratio, old (% of working-age population)",SP.POP.DPND.OL,Dân số & Nhân khẩu học,2018,10.201775794375
Viet Nam,VNM,"Age dependency ratio, old (% of working-age population)",SP.POP.DPND.OL,Dân số & Nhân khẩu học,2019,10.629230593085
Viet Nam,VNM,"Age dependency ratio, old (% of working-age population)",SP.POP.DPND.OL,Dân số & Nhân khẩu học,2020,11.1211352293981
Viet Nam,VNM,"Age dependency ratio, old (% of working-age population)",SP.POP.DPND.OL,Dân số & Nhân khẩu học,2021,11.6108537735214
Viet Nam,VNM,"Age dependency ratio, old (% of working-age population)",SP.POP.DPND.OL,Dân số & Nhân khẩu học,2022,12.1324364656354
Viet Nam,VNM,"Age dependency ratio, old (% of working-age population)",SP.POP.DPND.OL,Dân số & Nhân khẩu học,2023,12.7206521797624
Viet Nam,VNM,"Age dependency ratio, old (% of working-age population)",SP.POP.DPND.OL,Dân số & Nhân khẩu học,2024,13.3579535353205
Viet Nam,VNM,"Age dependency ratio, old (% of working-age population)",SP.POP.DPND.OL,Dân số & Nhân khẩu học,2025,14.0349059014874
Viet Nam,VNM,"Age dependency ratio, young (% of working-age population)",SP.POP.DPND.YG,Dân số & Nhân khẩu học,2015,34.4939526029414
Viet Nam,VNM,"Age dependency ratio, young (% of working-age population)",SP.POP.DPND.YG,Dân số & Nhân khẩu học,2016,34.8431524460525
Viet Nam,VNM,"Age dependency ratio, young (% of working-age population)",SP.POP.DPND.YG,Dân số & Nhân khẩu học,2017,35.4871549540185
Viet Nam,VNM,"Age dependency ratio, young (% of working-age population)",SP.POP.DPND.YG,Dân số & Nhân khẩu học,2018,35.921576339553
Viet Nam,VNM,"Age dependency ratio, young (% of working-age population)",SP.POP.DPND.YG,Dân số & Nhân khẩu học,2019,35.9762010259085
Viet Nam,VNM,"Age dependency ratio, young (% of working-age population)",SP.POP.DPND.YG,Dân số & Nhân khẩu học,2020,35.8430009101423
Viet Nam,VNM,"Age dependency ratio, young (% of working-age population)",SP.POP.DPND.YG,Dân số & Nhân khẩu học,2021,35.6284444879672
Viet Nam,VNM,"Age dependency ratio, young (% of working-age population)",SP.POP.DPND.YG,Dân số & Nhân khẩu học,2022,35.2839282937677
Viet Nam,VNM,"Age dependency ratio, young (% of working-age population)",SP.POP.DPND.YG,Dân số & Nhân khẩu học,2023,34.8307609760783
Viet Nam,VNM,"Age dependency ratio, young (% of working-age population)",SP.POP.DPND.YG,Dân số & Nhân khẩu học,2024,34.2896974988655
Viet Nam,VNM,"Age dependency ratio, young (% of working-age population)",SP.POP.DPND.YG,Dân số & Nhân khẩu học,2025,33.7859632215767
Timor-Leste,TLS,"Population, female",SP.POP.TOTL.FE.IN,Dân số & Nhân khẩu học,2015,592449.0
Timor-Leste,TLS,"Population, female",SP.POP.TOTL.FE.IN,Dân số & Nhân khẩu học,2016,604598.0
Timor-Leste,TLS,"Population, female",SP.POP.TOTL.FE.IN,Dân số & Nhân khẩu học,2017,616910.0
Timor-Leste,TLS,"Population, female",SP.POP.TOTL.FE.IN,Dân số & Nhân khẩu học,2018,629726.0
Timor-Leste,TLS,"Population, female",SP.POP.TOTL.FE.IN,Dân số & Nhân khẩu học,2019,642976.0
Timor-Leste,TLS,"Population, female",SP.POP.TOTL.FE.IN,Dân số & Nhân khẩu học,2020,656360.0
Timor-Leste,TLS,"Population, female",SP.POP.TOTL.FE.IN,Dân số & Nhân khẩu học,2021,669265.0
Timor-Leste,TLS,"Population, female",SP.POP.TOTL.FE.IN,Dân số & Nhân khẩu học,2022,679188.0
Timor-Leste,TLS,"Population, female",SP.POP.TOTL.FE.IN,Dân số & Nhân khẩu học,2023,686512.0
Timor-Leste,TLS,"Population, female",SP.POP.TOTL.FE.IN,Dân số & Nhân khẩu học,2024,694510.0
Timor-Leste,TLS,"Population, female",SP.POP.TOTL.FE.IN,Dân số & Nhân khẩu học,2025,703273.0
Timor-Leste,TLS,"Population, female (% of total population)",SP.POP.TOTL.FE.ZS,Dân số & Nhân khẩu học,2015,49.1605068988293
Timor-Leste,TLS,"Population, female (% of total population)",SP.POP.TOTL.FE.ZS,Dân số & Nhân khẩu học,2016,49.2218990141747
Timor-Leste,TLS,"Population, female (% of total population)",SP.POP.TOTL.FE.ZS,Dân số & Nhân khẩu học,2017,49.2856532260448
Timor-Leste,TLS,"Population, female (% of total population)",SP.POP.TOTL.FE.ZS,Dân số & Nhân khẩu học,2018,49.3531531969287
Timor-Leste,TLS,"Population, female (% of total population)",SP.POP.TOTL.FE.ZS,Dân số & Nhân khẩu học,2019,49.4237650323419
Timor-Leste,TLS,"Population, female (% of total population)",SP.POP.TOTL.FE.ZS,Dân số & Nhân khẩu học,2020,49.4972301278832
Timor-Leste,TLS,"Population, female (% of total population)",SP.POP.TOTL.FE.ZS,Dân số & Nhân khẩu học,2021,49.5700813027399
Timor-Leste,TLS,"Population, female (% of total population)",SP.POP.TOTL.FE.ZS,Dân số & Nhân khẩu học,2022,49.6012911753859
Timor-Leste,TLS,"Population, female (% of total population)",SP.POP.TOTL.FE.ZS,Dân số & Nhân khẩu học,2023,49.5932198982002
Timor-Leste,TLS,"Population, female (% of total population)",SP.POP.TOTL.FE.ZS,Dân số & Nhân khẩu học,2024,49.5852604313177
Timor-Leste,TLS,"Population, female (% of total population)",SP.POP.TOTL.FE.ZS,Dân số & Nhân khẩu học,2025,49.5780102896121
Timor-Leste,TLS,"Population, male",SP.POP.TOTL.MA.IN,Dân số & Nhân khẩu học,2015,612682.0
Timor-Leste,TLS,"Population, male",SP.POP.TOTL.MA.IN,Dân số & Nhân khẩu học,2016,623714.0
Timor-Leste,TLS,"Population, male",SP.POP.TOTL.MA.IN,Dân số & Nhân khẩu học,2017,634793.0
Timor-Leste,TLS,"Population, male",SP.POP.TOTL.MA.IN,Dân số & Nhân khẩu học,2018,646233.0
Timor-Leste,TLS,"Population, male",SP.POP.TOTL.MA.IN,Dân số & Nhân khẩu học,2019,657969.0
Timor-Leste,TLS,"Population, male",SP.POP.TOTL.MA.IN,Dân số & Nhân khẩu học,2020,669693.0
Timor-Leste,TLS,"Population, male",SP.POP.TOTL.MA.IN,Dân số & Nhân khẩu học,2021,680874.0
Timor-Leste,TLS,"Population, male",SP.POP.TOTL.MA.IN,Dân số & Nhân khẩu học,2022,690107.0
Timor-Leste,TLS,"Population, male",SP.POP.TOTL.MA.IN,Dân số & Nhân khẩu học,2023,697774.0
Timor-Leste,TLS,"Population, male",SP.POP.TOTL.MA.IN,Dân số & Nhân khẩu học,2024,706128.0
Timor-Leste,TLS,"Population, male",SP.POP.TOTL.MA.IN,Dân số & Nhân khẩu học,2025,715244.0
Timor-Leste,TLS,"Population, male (% of total population)",SP.POP.TOTL.MA.ZS,Dân số & Nhân khẩu học,2015,50.8394931011707
Timor-Leste,TLS,"Population, male (% of total population)",SP.POP.TOTL.MA.ZS,Dân số & Nhân khẩu học,2016,50.7781009858252
Timor-Leste,TLS,"Population, male (% of total population)",SP.POP.TOTL.MA.ZS,Dân số & Nhân khẩu học,2017,50.7143467739552
Timor-Leste,TLS,"Population, male (% of total population)",SP.POP.TOTL.MA.ZS,Dân số & Nhân khẩu học,2018,50.6468468030713
Timor-Leste,TLS,"Population, male (% of total population)",SP.POP.TOTL.MA.ZS,Dân số & Nhân khẩu học,2019,50.5762349676581
Timor-Leste,TLS,"Population, male (% of total population)",SP.POP.TOTL.MA.ZS,Dân số & Nhân khẩu học,2020,50.5027698721168
Timor-Leste,TLS,"Population, male (% of total population)",SP.POP.TOTL.MA.ZS,Dân số & Nhân khẩu học,2021,50.4299186972601
Timor-Leste,TLS,"Population, male (% of total population)",SP.POP.TOTL.MA.ZS,Dân số & Nhân khẩu học,2022,50.3987088246141
Timor-Leste,TLS,"Population, male (% of total population)",SP.POP.TOTL.MA.ZS,Dân số & Nhân khẩu học,2023,50.4067801017998
Timor-Leste,TLS,"Population, male (% of total population)",SP.POP.TOTL.MA.ZS,Dân số & Nhân khẩu học,2024,50.4147395686823
Timor-Leste,TLS,"Population, male (% of total population)",SP.POP.TOTL.MA.ZS,Dân số & Nhân khẩu học,2025,50.4219897103879
Timor-Leste,TLS,"Population, total",SP.POP.TOTL,Dân số & Nhân khẩu học,2015,1205131.0
Timor-Leste,TLS,"Population, total",SP.POP.TOTL,Dân số & Nhân khẩu học,2016,1228312.0
Timor-Leste,TLS,"Population, total",SP.POP.TOTL,Dân số & Nhân khẩu học,2017,1251703.0
Timor-Leste,TLS,"Population, total",SP.POP.TOTL,Dân số & Nhân khẩu học,2018,1275959.0
Timor-Leste,TLS,"Population, total",SP.POP.TOTL,Dân số & Nhân khẩu học,2019,1300945.0
Timor-Leste,TLS,"Population, total",SP.POP.TOTL,Dân số & Nhân khẩu học,2020,1326053.0
Timor-Leste,TLS,"Population, total",SP.POP.TOTL,Dân số & Nhân khẩu học,2021,1350139.0
Timor-Leste,TLS,"Population, total",SP.POP.TOTL,Dân số & Nhân khẩu học,2022,1369295.0
Timor-Leste,TLS,"Population, total",SP.POP.TOTL,Dân số & Nhân khẩu học,2023,1384286.0
Timor-Leste,TLS,"Population, total",SP.POP.TOTL,Dân số & Nhân khẩu học,2024,1400638.0
Timor-Leste,TLS,"Population, total",SP.POP.TOTL,Dân số & Nhân khẩu học,2025,1418517.0
Timor-Leste,TLS,Population growth (annual %),SP.POP.GROW,Dân số & Nhân khẩu học,2015,1.94624234080117
Timor-Leste,TLS,Population growth (annual %),SP.POP.GROW,Dân số & Nhân khẩu học,2016,1.90525943887907
Timor-Leste,TLS,Population growth (annual %),SP.POP.GROW,Dân số & Nhân khẩu học,2017,1.88641549739516
Timor-Leste,TLS,Population growth (annual %),SP.POP.GROW,Dân số & Nhân khẩu học,2018,1.91930286555216
Timor-Leste,TLS,Population growth (annual %),SP.POP.GROW,Dân số & Nhân khẩu học,2019,1.93928707188808
Timor-Leste,TLS,Population growth (annual %),SP.POP.GROW,Dân số & Nhân khẩu học,2020,1.91159373351817
Timor-Leste,TLS,Population growth (annual %),SP.POP.GROW,Dân số & Nhân khẩu học,2021,1.80006893139932
Timor-Leste,TLS,Population growth (annual %),SP.POP.GROW,Dân số & Nhân khẩu học,2022,1.40884587356384
Timor-Leste,TLS,Population growth (annual %),SP.POP.GROW,Dân số & Nhân khẩu học,2023,1.08884743970717
Timor-Leste,TLS,Population growth (annual %),SP.POP.GROW,Dân số & Nhân khẩu học,2024,1.17433638550192
Timor-Leste,TLS,Population growth (annual %),SP.POP.GROW,Dân số & Nhân khẩu học,2025,1.26841125849065
Timor-Leste,TLS,Urban population (% of total population),SP.URB.TOTL.IN.ZS,Dân số & Nhân khẩu học,2015,29.5043315008419
Timor-Leste,TLS,Urban population (% of total population),SP.URB.TOTL.IN.ZS,Dân số & Nhân khẩu học,2016,29.4462907628171
Timor-Leste,TLS,Urban population (% of total population),SP.URB.TOTL.IN.ZS,Dân số & Nhân khẩu học,2017,29.3600996787092
Timor-Leste,TLS,Urban population (% of total population),SP.URB.TOTL.IN.ZS,Dân số & Nhân khẩu học,2018,29.248617510057
Timor-Leste,TLS,Urban population (% of total population),SP.URB.TOTL.IN.ZS,Dân số & Nhân khẩu học,2019,29.1148755245217
Timor-Leste,TLS,Urban population (% of total population),SP.URB.TOTL.IN.ZS,Dân số & Nhân khẩu học,2020,28.9619049897647
Timor-Leste,TLS,Urban population (% of total population),SP.URB.TOTL.IN.ZS,Dân số & Nhân khẩu học,2021,28.7927371734472
Timor-Leste,TLS,Urban population (% of total population),SP.URB.TOTL.IN.ZS,Dân số & Nhân khẩu học,2022,28.5857292288968
Timor-Leste,TLS,Urban population (% of total population),SP.URB.TOTL.IN.ZS,Dân số & Nhân khẩu học,2023,28.595471832952
Timor-Leste,TLS,Urban population (% of total population),SP.URB.TOTL.IN.ZS,Dân số & Nhân khẩu học,2024,28.6641074179574
Timor-Leste,TLS,Urban population (% of total population),SP.URB.TOTL.IN.ZS,Dân số & Nhân khẩu học,2025,28.7864318960935
Timor-Leste,TLS,"Fertility rate, total (births per woman)",SP.DYN.TFRT.IN,Dân số & Nhân khẩu học,2015,3.779
Timor-Leste,TLS,"Fertility rate, total (births per woman)",SP.DYN.TFRT.IN,Dân số & Nhân khẩu học,2016,3.582
Timor-Leste,TLS,"Fertility rate, total (births per woman)",SP.DYN.TFRT.IN,Dân số & Nhân khẩu học,2017,3.399
Timor-Leste,TLS,"Fertility rate, total (births per woman)",SP.DYN.TFRT.IN,Dân số & Nhân khẩu học,2018,3.244
Timor-Leste,TLS,"Fertility rate, total (births per woman)",SP.DYN.TFRT.IN,Dân số & Nhân khẩu học,2019,3.116
Timor-Leste,TLS,"Fertility rate, total (births per woman)",SP.DYN.TFRT.IN,Dân số & Nhân khẩu học,2020,3.011
Timor-Leste,TLS,"Fertility rate, total (births per woman)",SP.DYN.TFRT.IN,Dân số & Nhân khẩu học,2021,2.892
Timor-Leste,TLS,"Fertility rate, total (births per woman)",SP.DYN.TFRT.IN,Dân số & Nhân khẩu học,2022,2.801
Timor-Leste,TLS,"Fertility rate, total (births per woman)",SP.DYN.TFRT.IN,Dân số & Nhân khẩu học,2023,2.707
Timor-Leste,TLS,"Fertility rate, total (births per woman)",SP.DYN.TFRT.IN,Dân số & Nhân khẩu học,2024,2.627
Timor-Leste,TLS,"Fertility rate, total (births per woman)",SP.DYN.TFRT.IN,Dân số & Nhân khẩu học,2025,
Timor-Leste,TLS,Population ages 0-14 (% of total population),SP.POP.0014.TO.ZS,Dân số & Nhân khẩu học,2015,39.1229919722454
Timor-Leste,TLS,Population ages 0-14 (% of total population),SP.POP.0014.TO.ZS,Dân số & Nhân khẩu học,2016,38.4458665411828
Timor-Leste,TLS,Population ages 0-14 (% of total population),SP.POP.0014.TO.ZS,Dân số & Nhân khẩu học,2017,37.7850816048216
Timor-Leste,TLS,Population ages 0-14 (% of total population),SP.POP.0014.TO.ZS,Dân số & Nhân khẩu học,2018,37.1670249592659
Timor-Leste,TLS,Population ages 0-14 (% of total population),SP.POP.0014.TO.ZS,Dân số & Nhân khẩu học,2019,36.5772713593854
Timor-Leste,TLS,Population ages 0-14 (% of total population),SP.POP.0014.TO.ZS,Dân số & Nhân khẩu học,2020,36.0057493909559
Timor-Leste,TLS,Population ages 0-14 (% of total population),SP.POP.0014.TO.ZS,Dân số & Nhân khẩu học,2021,35.4378087877651
Timor-Leste,TLS,Population ages 0-14 (% of total population),SP.POP.0014.TO.ZS,Dân số & Nhân khẩu học,2022,34.8343363430319
Timor-Leste,TLS,Population ages 0-14 (% of total population),SP.POP.0014.TO.ZS,Dân số & Nhân khẩu học,2023,34.2297762167645
Timor-Leste,TLS,Population ages 0-14 (% of total population),SP.POP.0014.TO.ZS,Dân số & Nhân khẩu học,2024,33.6584470791168
Timor-Leste,TLS,Population ages 0-14 (% of total population),SP.POP.0014.TO.ZS,Dân số & Nhân khẩu học,2025,33.1150655525928
Timor-Leste,TLS,Population ages 65 and above (% of total population),SP.POP.65UP.TO.ZS,Dân số & Nhân khẩu học,2015,5.26079519123017
Timor-Leste,TLS,Population ages 65 and above (% of total population),SP.POP.65UP.TO.ZS,Dân số & Nhân khẩu học,2016,5.38991941376434
Timor-Leste,TLS,Population ages 65 and above (% of total population),SP.POP.65UP.TO.ZS,Dân số & Nhân khẩu học,2017,5.49459416490973
Timor-Leste,TLS,Population ages 65 and above (% of total population),SP.POP.65UP.TO.ZS,Dân số & Nhân khẩu học,2018,5.54947298463352
Timor-Leste,TLS,Population ages 65 and above (% of total population),SP.POP.65UP.TO.ZS,Dân số & Nhân khẩu học,2019,5.56015264294518
Timor-Leste,TLS,Population ages 65 and above (% of total population),SP.POP.65UP.TO.ZS,Dân số & Nhân khẩu học,2020,5.53563638269497
Timor-Leste,TLS,Population ages 65 and above (% of total population),SP.POP.65UP.TO.ZS,Dân số & Nhân khẩu học,2021,5.48117841243695
Timor-Leste,TLS,Population ages 65 and above (% of total population),SP.POP.65UP.TO.ZS,Dân số & Nhân khẩu học,2022,5.40526131868541
Timor-Leste,TLS,Population ages 65 and above (% of total population),SP.POP.65UP.TO.ZS,Dân số & Nhân khẩu học,2023,5.33415782576722
Timor-Leste,TLS,Population ages 65 and above (% of total population),SP.POP.65UP.TO.ZS,Dân số & Nhân khẩu học,2024,5.2777020186515
Timor-Leste,TLS,Population ages 65 and above (% of total population),SP.POP.65UP.TO.ZS,Dân số & Nhân khẩu học,2025,5.22929748839898
Timor-Leste,TLS,Age dependency ratio (% of working-age population),SP.POP.DPND,Dân số & Nhân khẩu học,2015,79.8035950871916
Timor-Leste,TLS,Age dependency ratio (% of working-age population),SP.POP.DPND,Dân số & Nhân khẩu học,2016,78.0492613122434
Timor-Leste,TLS,Age dependency ratio (% of working-age population),SP.POP.DPND,Dân số & Nhân khẩu học,2017,76.3036466329563
Timor-Leste,TLS,Age dependency ratio (% of working-age population),SP.POP.DPND,Dân số & Nhân khẩu học,2018,74.5703324878166
Timor-Leste,TLS,Age dependency ratio (% of working-age population),SP.POP.DPND,Dân số & Nhân khẩu học,2019,72.8233434295127
Timor-Leste,TLS,Age dependency ratio (% of working-age population),SP.POP.DPND,Dân số & Nhân khẩu học,2020,71.0611048617633
Timor-Leste,TLS,Age dependency ratio (% of working-age population),SP.POP.DPND,Dân số & Nhân khẩu học,2021,69.2591979701031
Timor-Leste,TLS,Age dependency ratio (% of working-age population),SP.POP.DPND,Dân số & Nhân khẩu học,2022,67.3349252593194
Timor-Leste,TLS,Age dependency ratio (% of working-age population),SP.POP.DPND,Dân số & Nhân khẩu học,2023,65.4641122246022
Timor-Leste,TLS,Age dependency ratio (% of working-age population),SP.POP.DPND,Dân số & Nhân khẩu học,2024,63.7629138391458
Timor-Leste,TLS,Age dependency ratio (% of working-age population),SP.POP.DPND,Dân số & Nhân khẩu học,2025,62.1911145260212
Timor-Leste,TLS,"Age dependency ratio, old (% of working-age population)",SP.POP.DPND.OL,Dân số & Nhân khẩu học,2015,9.45903605829484
Timor-Leste,TLS,"Age dependency ratio, old (% of working-age population)",SP.POP.DPND.OL,Dân số & Nhân khẩu học,2016,9.59670779506923
Timor-Leste,TLS,"Age dependency ratio, old (% of working-age population)",SP.POP.DPND.OL,Dân số & Nhân khẩu học,2017,9.68716988041748
Timor-Leste,TLS,"Age dependency ratio, old (% of working-age population)",SP.POP.DPND.OL,Dân số & Nhân khẩu học,2018,9.68773344059629
Timor-Leste,TLS,"Age dependency ratio, old (% of working-age population)",SP.POP.DPND.OL,Dân số & Nhân khẩu học,2019,9.6093044263776
Timor-Leste,TLS,"Age dependency ratio, old (% of working-age population)",SP.POP.DPND.OL,Dân số & Nhân khẩu học,2020,9.46926696869937
Timor-Leste,TLS,"Age dependency ratio, old (% of working-age population)",SP.POP.DPND.OL,Dân số & Nhân khẩu học,2021,9.27745099514089
Timor-Leste,TLS,"Age dependency ratio, old (% of working-age population)",SP.POP.DPND.OL,Dân số & Nhân khẩu học,2022,9.04489329044747
Timor-Leste,TLS,"Age dependency ratio, old (% of working-age population)",SP.POP.DPND.OL,Dân số & Nhân khẩu học,2023,8.82611689106487
Timor-Leste,TLS,"Age dependency ratio, old (% of working-age population)",SP.POP.DPND.OL,Dân số & Nhân khẩu học,2024,8.64286014937728
Timor-Leste,TLS,"Age dependency ratio, old (% of working-age population)",SP.POP.DPND.OL,Dân số & Nhân khẩu học,2025,8.48140169861285
Timor-Leste,TLS,"Age dependency ratio, young (% of working-age population)",SP.POP.DPND.YG,Dân số & Nhân khẩu học,2015,70.3445590288968
Timor-Leste,TLS,"Age dependency ratio, young (% of working-age population)",SP.POP.DPND.YG,Dân số & Nhân khẩu học,2016,68.4525535171742
Timor-Leste,TLS,"Age dependency ratio, young (% of working-age population)",SP.POP.DPND.YG,Dân số & Nhân khẩu học,2017,66.6164767525388
Timor-Leste,TLS,"Age dependency ratio, young (% of working-age population)",SP.POP.DPND.YG,Dân số & Nhân khẩu học,2018,64.8825990472203
Timor-Leste,TLS,"Age dependency ratio, young (% of working-age population)",SP.POP.DPND.YG,Dân số & Nhân khẩu học,2019,63.2140390031351
Timor-Leste,TLS,"Age dependency ratio, young (% of working-age population)",SP.POP.DPND.YG,Dân số & Nhân khẩu học,2020,61.5918378930639
Timor-Leste,TLS,"Age dependency ratio, young (% of working-age population)",SP.POP.DPND.YG,Dân số & Nhân khẩu học,2021,59.9817469749623
Timor-Leste,TLS,"Age dependency ratio, young (% of working-age population)",SP.POP.DPND.YG,Dân số & Nhân khẩu học,2022,58.2900319688719
Timor-Leste,TLS,"Age dependency ratio, young (% of working-age population)",SP.POP.DPND.YG,Dân số & Nhân khẩu học,2023,56.6379953335373
Timor-Leste,TLS,"Age dependency ratio, young (% of working-age population)",SP.POP.DPND.YG,Dân số & Nhân khẩu học,2024,55.1200536897685
Timor-Leste,TLS,"Age dependency ratio, young (% of working-age population)",SP.POP.DPND.YG,Dân số & Nhân khẩu học,2025,53.7097128274083
BRN,BRN,Tổng lượt khách du lịch quốc tế nhập cảnh từ các nước ASEAN,ST.INT.ARVL.TOTL,Du lịch & Dịch vụ,2016,4492239.0
BRN,BRN,Tổng lượt khách du lịch quốc tế nhập cảnh từ các nước ASEAN,ST.INT.ARVL.TOTL,Du lịch & Dịch vụ,2017,4578686.0
BRN,BRN,Tổng lượt khách du lịch quốc tế nhập cảnh từ các nước ASEAN,ST.INT.ARVL.TOTL,Du lịch & Dịch vụ,2018,4790528.0
BRN,BRN,Tổng lượt khách du lịch quốc tế nhập cảnh từ các nước ASEAN,ST.INT.ARVL.TOTL,Du lịch & Dịch vụ,2019,4786438.0
BRN,BRN,Tổng lượt khách du lịch quốc tế nhập cảnh từ các nước ASEAN,ST.INT.ARVL.TOTL,Du lịch & Dịch vụ,2020,1135756.0
BRN,BRN,Tổng lượt khách du lịch quốc tế nhập cảnh từ các nước ASEAN,ST.INT.ARVL.TOTL,Du lịch & Dịch vụ,2021,113079.0
BRN,BRN,Tổng lượt khách du lịch quốc tế nhập cảnh từ các nước ASEAN,ST.INT.ARVL.TOTL,Du lịch & Dịch vụ,2022,707137.0
BRN,BRN,Tổng lượt khách du lịch quốc tế nhập cảnh từ các nước ASEAN,ST.INT.ARVL.TOTL,Du lịch & Dịch vụ,2023,2415748.0
BRN,BRN,Tổng lượt khách du lịch quốc tế nhập cảnh từ các nước ASEAN,ST.INT.ARVL.TOTL,Du lịch & Dịch vụ,2024,976133.0
BRN,BRN,Tổng lượt khách du lịch quốc tế nhập cảnh từ các nước ASEAN,ST.INT.ARVL.TOTL,Du lịch & Dịch vụ,2025,1054140.0
KHM,KHM,Tổng lượt khách du lịch quốc tế nhập cảnh từ các nước ASEAN,ST.INT.ARVL.TOTL,Du lịch & Dịch vụ,2016,9254152.0
KHM,KHM,Tổng lượt khách du lịch quốc tế nhập cảnh từ các nước ASEAN,ST.INT.ARVL.TOTL,Du lịch & Dịch vụ,2017,9924665.0
KHM,KHM,Tổng lượt khách du lịch quốc tế nhập cảnh từ các nước ASEAN,ST.INT.ARVL.TOTL,Du lịch & Dịch vụ,2018,10336085.0
KHM,KHM,Tổng lượt khách du lịch quốc tế nhập cảnh từ các nước ASEAN,ST.INT.ARVL.TOTL,Du lịch & Dịch vụ,2019,11066962.0
KHM,KHM,Tổng lượt khách du lịch quốc tế nhập cảnh từ các nước ASEAN,ST.INT.ARVL.TOTL,Du lịch & Dịch vụ,2020,2299115.0
KHM,KHM,Tổng lượt khách du lịch quốc tế nhập cảnh từ các nước ASEAN,ST.INT.ARVL.TOTL,Du lịch & Dịch vụ,2021,433639.0
KHM,KHM,Tổng lượt khách du lịch quốc tế nhập cảnh từ các nước ASEAN,ST.INT.ARVL.TOTL,Du lịch & Dịch vụ,2022,5482634.0
KHM,KHM,Tổng lượt khách du lịch quốc tế nhập cảnh từ các nước ASEAN,ST.INT.ARVL.TOTL,Du lịch & Dịch vụ,2023,12551281.0
KHM,KHM,Tổng lượt khách du lịch quốc tế nhập cảnh từ các nước ASEAN,ST.INT.ARVL.TOTL,Du lịch & Dịch vụ,2024,15171387.0
KHM,KHM,Tổng lượt khách du lịch quốc tế nhập cảnh từ các nước ASEAN,ST.INT.ARVL.TOTL,Du lịch & Dịch vụ,2025,11115872.0
IDN,IDN,Tổng lượt khách du lịch quốc tế nhập cảnh từ các nước ASEAN,ST.INT.ARVL.TOTL,Du lịch & Dịch vụ,2016,18946548.0
IDN,IDN,Tổng lượt khách du lịch quốc tế nhập cảnh từ các nước ASEAN,ST.INT.ARVL.TOTL,Du lịch & Dịch vụ,2017,24049117.0
IDN,IDN,Tổng lượt khách du lịch quốc tế nhập cảnh từ các nước ASEAN,ST.INT.ARVL.TOTL,Du lịch & Dịch vụ,2018,30241849.0
IDN,IDN,Tổng lượt khách du lịch quốc tế nhập cảnh từ các nước ASEAN,ST.INT.ARVL.TOTL,Du lịch & Dịch vụ,2019,30778096.0
IDN,IDN,Tổng lượt khách du lịch quốc tế nhập cảnh từ các nước ASEAN,ST.INT.ARVL.TOTL,Du lịch & Dịch vụ,2020,9084997.0
IDN,IDN,Tổng lượt khách du lịch quốc tế nhập cảnh từ các nước ASEAN,ST.INT.ARVL.TOTL,Du lịch & Dịch vụ,2021,4252958.0
IDN,IDN,Tổng lượt khách du lịch quốc tế nhập cảnh từ các nước ASEAN,ST.INT.ARVL.TOTL,Du lịch & Dịch vụ,2022,12112787.0
IDN,IDN,Tổng lượt khách du lịch quốc tế nhập cảnh từ các nước ASEAN,ST.INT.ARVL.TOTL,Du lịch & Dịch vụ,2023,21632497.0
IDN,IDN,Tổng lượt khách du lịch quốc tế nhập cảnh từ các nước ASEAN,ST.INT.ARVL.TOTL,Du lịch & Dịch vụ,2024,25493551.0
IDN,IDN,Tổng lượt khách du lịch quốc tế nhập cảnh từ các nước ASEAN,ST.INT.ARVL.TOTL,Du lịch & Dịch vụ,2025,28100528.0
LAO,LAO,Tổng lượt khách du lịch quốc tế nhập cảnh từ các nước ASEAN,ST.INT.ARVL.TOTL,Du lịch & Dịch vụ,2016,10405813.0
LAO,LAO,Tổng lượt khách du lịch quốc tế nhập cảnh từ các nước ASEAN,ST.INT.ARVL.TOTL,Du lịch & Dịch vụ,2017,9363030.0
LAO,LAO,Tổng lượt khách du lịch quốc tế nhập cảnh từ các nước ASEAN,ST.INT.ARVL.TOTL,Du lịch & Dịch vụ,2018,9960120.0
LAO,LAO,Tổng lượt khách du lịch quốc tế nhập cảnh từ các nước ASEAN,ST.INT.ARVL.TOTL,Du lịch & Dịch vụ,2019,11188723.0
LAO,LAO,Tổng lượt khách du lịch quốc tế nhập cảnh từ các nước ASEAN,ST.INT.ARVL.TOTL,Du lịch & Dịch vụ,2020,1997485.0
LAO,LAO,Tổng lượt khách du lịch quốc tế nhập cảnh từ các nước ASEAN,ST.INT.ARVL.TOTL,Du lịch & Dịch vụ,2022,3543117.0
LAO,LAO,Tổng lượt khách du lịch quốc tế nhập cảnh từ các nước ASEAN,ST.INT.ARVL.TOTL,Du lịch & Dịch vụ,2023,7880815.0
LAO,LAO,Tổng lượt khách du lịch quốc tế nhập cảnh từ các nước ASEAN,ST.INT.ARVL.TOTL,Du lịch & Dịch vụ,2024,8853232.0
LAO,LAO,Tổng lượt khách du lịch quốc tế nhập cảnh từ các nước ASEAN,ST.INT.ARVL.TOTL,Du lịch & Dịch vụ,2025,10029271.0
MYS,MYS,Tổng lượt khách du lịch quốc tế nhập cảnh từ các nước ASEAN,ST.INT.ARVL.TOTL,Du lịch & Dịch vụ,2016,67299680.0
MYS,MYS,Tổng lượt khách du lịch quốc tế nhập cảnh từ các nước ASEAN,ST.INT.ARVL.TOTL,Du lịch & Dịch vụ,2017,64905609.0
MYS,MYS,Tổng lượt khách du lịch quốc tế nhập cảnh từ các nước ASEAN,ST.INT.ARVL.TOTL,Du lịch & Dịch vụ,2018,62061246.0
MYS,MYS,Tổng lượt khách du lịch quốc tế nhập cảnh từ các nước ASEAN,ST.INT.ARVL.TOTL,Du lịch & Dịch vụ,2019,61861086.0
MYS,MYS,Tổng lượt khách du lịch quốc tế nhập cảnh từ các nước ASEAN,ST.INT.ARVL.TOTL,Du lịch & Dịch vụ,2020,10231448.0
MYS,MYS,Tổng lượt khách du lịch quốc tế nhập cảnh từ các nước ASEAN,ST.INT.ARVL.TOTL,Du lịch & Dịch vụ,2021,318058.0
MYS,MYS,Tổng lượt khách du lịch quốc tế nhập cảnh từ các nước ASEAN,ST.INT.ARVL.TOTL,Du lịch & Dịch vụ,2022,26348600.0
MYS,MYS,Tổng lượt khách du lịch quốc tế nhập cảnh từ các nước ASEAN,ST.INT.ARVL.TOTL,Du lịch & Dịch vụ,2023,49419564.0
MYS,MYS,Tổng lượt khách du lịch quốc tế nhập cảnh từ các nước ASEAN,ST.INT.ARVL.TOTL,Du lịch & Dịch vụ,2024,94348071.0
MYS,MYS,Tổng lượt khách du lịch quốc tế nhập cảnh từ các nước ASEAN,ST.INT.ARVL.TOTL,Du lịch & Dịch vụ,2025,103653554.0
MMR,MMR,Tổng lượt khách du lịch quốc tế nhập cảnh từ các nước ASEAN,ST.INT.ARVL.TOTL,Du lịch & Dịch vụ,2017,6904102.0
MMR,MMR,Tổng lượt khách du lịch quốc tế nhập cảnh từ các nước ASEAN,ST.INT.ARVL.TOTL,Du lịch & Dịch vụ,2018,7386142.0
MMR,MMR,Tổng lượt khách du lịch quốc tế nhập cảnh từ các nước ASEAN,ST.INT.ARVL.TOTL,Du lịch & Dịch vụ,2019,8610911.0
MMR,MMR,Tổng lượt khách du lịch quốc tế nhập cảnh từ các nước ASEAN,ST.INT.ARVL.TOTL,Du lịch & Dịch vụ,2020,1890505.0
MMR,MMR,Tổng lượt khách du lịch quốc tế nhập cảnh từ các nước ASEAN,ST.INT.ARVL.TOTL,Du lịch & Dịch vụ,2021,349111.0
MMR,MMR,Tổng lượt khách du lịch quốc tế nhập cảnh từ các nước ASEAN,ST.INT.ARVL.TOTL,Du lịch & Dịch vụ,2022,570477.0
MMR,MMR,Tổng lượt khách du lịch quốc tế nhập cảnh từ các nước ASEAN,ST.INT.ARVL.TOTL,Du lịch & Dịch vụ,2023,3259265.0
MMR,MMR,Tổng lượt khách du lịch quốc tế nhập cảnh từ các nước ASEAN,ST.INT.ARVL.TOTL,Du lịch & Dịch vụ,2024,2659696.0
MMR,MMR,Tổng lượt khách du lịch quốc tế nhập cảnh từ các nước ASEAN,ST.INT.ARVL.TOTL,Du lịch & Dịch vụ,2025,2121969.0
MMR,MMR,Tổng lượt khách du lịch quốc tế nhập cảnh từ các nước ASEAN,ST.INT.ARVL.TOTL,Du lịch & Dịch vụ,2016,3712931.0
PHL,PHL,Tổng lượt khách du lịch quốc tế nhập cảnh từ các nước ASEAN,ST.INT.ARVL.TOTL,Du lịch & Dịch vụ,2016,6890401.0
PHL,PHL,Tổng lượt khách du lịch quốc tế nhập cảnh từ các nước ASEAN,ST.INT.ARVL.TOTL,Du lịch & Dịch vụ,2017,7597600.0
PHL,PHL,Tổng lượt khách du lịch quốc tế nhập cảnh từ các nước ASEAN,ST.INT.ARVL.TOTL,Du lịch & Dịch vụ,2018,8188296.0
PHL,PHL,Tổng lượt khách du lịch quốc tế nhập cảnh từ các nước ASEAN,ST.INT.ARVL.TOTL,Du lịch & Dịch vụ,2019,9314577.0
PHL,PHL,Tổng lượt khách du lịch quốc tế nhập cảnh từ các nước ASEAN,ST.INT.ARVL.TOTL,Du lịch & Dịch vụ,2020,1649223.0
PHL,PHL,Tổng lượt khách du lịch quốc tế nhập cảnh từ các nước ASEAN,ST.INT.ARVL.TOTL,Du lịch & Dịch vụ,2021,179425.0
PHL,PHL,Tổng lượt khách du lịch quốc tế nhập cảnh từ các nước ASEAN,ST.INT.ARVL.TOTL,Du lịch & Dịch vụ,2022,3030268.0
PHL,PHL,Tổng lượt khách du lịch quốc tế nhập cảnh từ các nước ASEAN,ST.INT.ARVL.TOTL,Du lịch & Dịch vụ,2023,6305935.0
PHL,PHL,Tổng lượt khách du lịch quốc tế nhập cảnh từ các nước ASEAN,ST.INT.ARVL.TOTL,Du lịch & Dịch vụ,2024,6918280.0
PHL,PHL,Tổng lượt khách du lịch quốc tế nhập cảnh từ các nước ASEAN,ST.INT.ARVL.TOTL,Du lịch & Dịch vụ,2025,7374382.0
SGP,SGP,Tổng lượt khách du lịch quốc tế nhập cảnh từ các nước ASEAN,ST.INT.ARVL.TOTL,Du lịch & Dịch vụ,2016,28276323.0
SGP,SGP,Tổng lượt khách du lịch quốc tế nhập cảnh từ các nước ASEAN,ST.INT.ARVL.TOTL,Du lịch & Dịch vụ,2017,29874839.0
SGP,SGP,Tổng lượt khách du lịch quốc tế nhập cảnh từ các nước ASEAN,ST.INT.ARVL.TOTL,Du lịch & Dịch vụ,2018,31550234.0
SGP,SGP,Tổng lượt khách du lịch quốc tế nhập cảnh từ các nước ASEAN,ST.INT.ARVL.TOTL,Du lịch & Dịch vụ,2019,32247158.0
SGP,SGP,Tổng lượt khách du lịch quốc tế nhập cảnh từ các nước ASEAN,ST.INT.ARVL.TOTL,Du lịch & Dịch vụ,2020,4520760.0
SGP,SGP,Tổng lượt khách du lịch quốc tế nhập cảnh từ các nước ASEAN,ST.INT.ARVL.TOTL,Du lịch & Dịch vụ,2021,508359.0
SGP,SGP,Tổng lượt khách du lịch quốc tế nhập cảnh từ các nước ASEAN,ST.INT.ARVL.TOTL,Du lịch & Dịch vụ,2022,11944849.0
SGP,SGP,Tổng lượt khách du lịch quốc tế nhập cảnh từ các nước ASEAN,ST.INT.ARVL.TOTL,Du lịch & Dịch vụ,2023,24064592.0
SGP,SGP,Tổng lượt khách du lịch quốc tế nhập cảnh từ các nước ASEAN,ST.INT.ARVL.TOTL,Du lịch & Dịch vụ,2024,27439642.0
SGP,SGP,Tổng lượt khách du lịch quốc tế nhập cảnh từ các nước ASEAN,ST.INT.ARVL.TOTL,Du lịch & Dịch vụ,2025,27899212.0
THA,THA,Tổng lượt khách du lịch quốc tế nhập cảnh từ các nước ASEAN,ST.INT.ARVL.TOTL,Du lịch & Dịch vụ,2016,50324170.0
THA,THA,Tổng lượt khách du lịch quốc tế nhập cảnh từ các nước ASEAN,ST.INT.ARVL.TOTL,Du lịch & Dịch vụ,2017,54236994.0
THA,THA,Tổng lượt khách du lịch quốc tế nhập cảnh từ các nước ASEAN,ST.INT.ARVL.TOTL,Du lịch & Dịch vụ,2018,58560976.0
THA,THA,Tổng lượt khách du lịch quốc tế nhập cảnh từ các nước ASEAN,ST.INT.ARVL.TOTL,Du lịch & Dịch vụ,2019,61420165.0
THA,THA,Tổng lượt khách du lịch quốc tế nhập cảnh từ các nước ASEAN,ST.INT.ARVL.TOTL,Du lịch & Dịch vụ,2020,10007582.0
THA,THA,Tổng lượt khách du lịch quốc tế nhập cảnh từ các nước ASEAN,ST.INT.ARVL.TOTL,Du lịch & Dịch vụ,2021,493509.0
THA,THA,Tổng lượt khách du lịch quốc tế nhập cảnh từ các nước ASEAN,ST.INT.ARVL.TOTL,Du lịch & Dịch vụ,2022,20206316.0
THA,THA,Tổng lượt khách du lịch quốc tế nhập cảnh từ các nước ASEAN,ST.INT.ARVL.TOTL,Du lịch & Dịch vụ,2023,47794576.0
THA,THA,Tổng lượt khách du lịch quốc tế nhập cảnh từ các nước ASEAN,ST.INT.ARVL.TOTL,Du lịch & Dịch vụ,2024,56868783.0
THA,THA,Tổng lượt khách du lịch quốc tế nhập cảnh từ các nước ASEAN,ST.INT.ARVL.TOTL,Du lịch & Dịch vụ,2025,51907123.0
TLS,TLS,Tổng lượt khách du lịch quốc tế nhập cảnh từ các nước ASEAN,ST.INT.ARVL.TOTL,Du lịch & Dịch vụ,2018,117975.0
TLS,TLS,Tổng lượt khách du lịch quốc tế nhập cảnh từ các nước ASEAN,ST.INT.ARVL.TOTL,Du lịch & Dịch vụ,2019,102629.0
TLS,TLS,Tổng lượt khách du lịch quốc tế nhập cảnh từ các nước ASEAN,ST.INT.ARVL.TOTL,Du lịch & Dịch vụ,2020,25881.0
TLS,TLS,Tổng lượt khách du lịch quốc tế nhập cảnh từ các nước ASEAN,ST.INT.ARVL.TOTL,Du lịch & Dịch vụ,2021,6489.0
TLS,TLS,Tổng lượt khách du lịch quốc tế nhập cảnh từ các nước ASEAN,ST.INT.ARVL.TOTL,Du lịch & Dịch vụ,2022,4500.0
TLS,TLS,Tổng lượt khách du lịch quốc tế nhập cảnh từ các nước ASEAN,ST.INT.ARVL.TOTL,Du lịch & Dịch vụ,2023,101026.0
TLS,TLS,Tổng lượt khách du lịch quốc tế nhập cảnh từ các nước ASEAN,ST.INT.ARVL.TOTL,Du lịch & Dịch vụ,2024,128566.0
TLS,TLS,Tổng lượt khách du lịch quốc tế nhập cảnh từ các nước ASEAN,ST.INT.ARVL.TOTL,Du lịch & Dịch vụ,2025,73844.0
VNM,VNM,Tổng lượt khách du lịch quốc tế nhập cảnh từ các nước ASEAN,ST.INT.ARVL.TOTL,Du lịch & Dịch vụ,2017,16289199.0
VNM,VNM,Tổng lượt khách du lịch quốc tế nhập cảnh từ các nước ASEAN,ST.INT.ARVL.TOTL,Du lịch & Dịch vụ,2018,19060445.0
VNM,VNM,Tổng lượt khách du lịch quốc tế nhập cảnh từ các nước ASEAN,ST.INT.ARVL.TOTL,Du lịch & Dịch vụ,2016,12935079.0
VNM,VNM,Tổng lượt khách du lịch quốc tế nhập cảnh từ các nước ASEAN,ST.INT.ARVL.TOTL,Du lịch & Dịch vụ,2019,22083105.0
VNM,VNM,Tổng lượt khách du lịch quốc tế nhập cảnh từ các nước ASEAN,ST.INT.ARVL.TOTL,Du lịch & Dịch vụ,2020,4705433.0
VNM,VNM,Tổng lượt khách du lịch quốc tế nhập cảnh từ các nước ASEAN,ST.INT.ARVL.TOTL,Du lịch & Dịch vụ,2022,5492660.0
VNM,VNM,Tổng lượt khách du lịch quốc tế nhập cảnh từ các nước ASEAN,ST.INT.ARVL.TOTL,Du lịch & Dịch vụ,2023,16739646.0
VNM,VNM,Tổng lượt khách du lịch quốc tế nhập cảnh từ các nước ASEAN,ST.INT.ARVL.TOTL,Du lịch & Dịch vụ,2024,22252314.0
VNM,VNM,Tổng lượt khách du lịch quốc tế nhập cảnh từ các nước ASEAN,ST.INT.ARVL.TOTL,Du lịch & Dịch vụ,2025,27145795.0
VNM,VNM,Tổng lượt khách du lịch quốc tế nhập cảnh từ các nước ASEAN,ST.INT.ARVL.TOTL,Du lịch & Dịch vụ,2021,3500.0
Brunei Darussalam,BRN,"Foreign direct investment, net inflows (BoP, current US$)",BX.KLT.DINV.CD.WD,Đầu tư trực tiếp nước ngoài (FDI),2015,171289167.8
Brunei Darussalam,BRN,"Foreign direct investment, net inflows (BoP, current US$)",BX.KLT.DINV.CD.WD,Đầu tư trực tiếp nước ngoài (FDI),2016,-150550827.3
Brunei Darussalam,BRN,"Foreign direct investment, net inflows (BoP, current US$)",BX.KLT.DINV.CD.WD,Đầu tư trực tiếp nước ngoài (FDI),2017,467927550.3
Brunei Darussalam,BRN,"Foreign direct investment, net inflows (BoP, current US$)",BX.KLT.DINV.CD.WD,Đầu tư trực tiếp nước ngoài (FDI),2018,516202620.6
Brunei Darussalam,BRN,"Foreign direct investment, net inflows (BoP, current US$)",BX.KLT.DINV.CD.WD,Đầu tư trực tiếp nước ngoài (FDI),2019,373256767.2
Brunei Darussalam,BRN,"Foreign direct investment, net inflows (BoP, current US$)",BX.KLT.DINV.CD.WD,Đầu tư trực tiếp nước ngoài (FDI),2020,565542275.4
Brunei Darussalam,BRN,"Foreign direct investment, net inflows (BoP, current US$)",BX.KLT.DINV.CD.WD,Đầu tư trực tiếp nước ngoài (FDI),2021,206462739.4
Brunei Darussalam,BRN,"Foreign direct investment, net inflows (BoP, current US$)",BX.KLT.DINV.CD.WD,Đầu tư trực tiếp nước ngoài (FDI),2022,-290169984.9
Brunei Darussalam,BRN,"Foreign direct investment, net inflows (BoP, current US$)",BX.KLT.DINV.CD.WD,Đầu tư trực tiếp nước ngoài (FDI),2023,-55927970.38
Brunei Darussalam,BRN,"Foreign direct investment, net inflows (BoP, current US$)",BX.KLT.DINV.CD.WD,Đầu tư trực tiếp nước ngoài (FDI),2024,29063018.65
Brunei Darussalam,BRN,"Foreign direct investment, net inflows (BoP, current US$)",BX.KLT.DINV.CD.WD,Đầu tư trực tiếp nước ngoài (FDI),2025,61805866.39
Brunei Darussalam,BRN,"Foreign direct investment, net outflows (BoP, current US$)",BM.KLT.DINV.CD.WD,Đầu tư trực tiếp nước ngoài (FDI),2015,
Brunei Darussalam,BRN,"Foreign direct investment, net outflows (BoP, current US$)",BM.KLT.DINV.CD.WD,Đầu tư trực tiếp nước ngoài (FDI),2016,
Brunei Darussalam,BRN,"Foreign direct investment, net outflows (BoP, current US$)",BM.KLT.DINV.CD.WD,Đầu tư trực tiếp nước ngoài (FDI),2017,
Brunei Darussalam,BRN,"Foreign direct investment, net outflows (BoP, current US$)",BM.KLT.DINV.CD.WD,Đầu tư trực tiếp nước ngoài (FDI),2018,
Brunei Darussalam,BRN,"Foreign direct investment, net outflows (BoP, current US$)",BM.KLT.DINV.CD.WD,Đầu tư trực tiếp nước ngoài (FDI),2019,
Brunei Darussalam,BRN,"Foreign direct investment, net outflows (BoP, current US$)",BM.KLT.DINV.CD.WD,Đầu tư trực tiếp nước ngoài (FDI),2020,
Brunei Darussalam,BRN,"Foreign direct investment, net outflows (BoP, current US$)",BM.KLT.DINV.CD.WD,Đầu tư trực tiếp nước ngoài (FDI),2021,
Brunei Darussalam,BRN,"Foreign direct investment, net outflows (BoP, current US$)",BM.KLT.DINV.CD.WD,Đầu tư trực tiếp nước ngoài (FDI),2022,
Brunei Darussalam,BRN,"Foreign direct investment, net outflows (BoP, current US$)",BM.KLT.DINV.CD.WD,Đầu tư trực tiếp nước ngoài (FDI),2023,
Brunei Darussalam,BRN,"Foreign direct investment, net outflows (BoP, current US$)",BM.KLT.DINV.CD.WD,Đầu tư trực tiếp nước ngoài (FDI),2024,
Brunei Darussalam,BRN,"Foreign direct investment, net outflows (BoP, current US$)",BM.KLT.DINV.CD.WD,Đầu tư trực tiếp nước ngoài (FDI),2025,-95424021.33
Brunei Darussalam,BRN,"Foreign direct investment, net inflows (% of GDP)",BX.KLT.DINV.WD.GD.ZS,Đầu tư trực tiếp nước ngoài (FDI),2015,1.324711795
Brunei Darussalam,BRN,"Foreign direct investment, net inflows (% of GDP)",BX.KLT.DINV.WD.GD.ZS,Đầu tư trực tiếp nước ngoài (FDI),2016,-1.320590473
Brunei Darussalam,BRN,"Foreign direct investment, net inflows (% of GDP)",BX.KLT.DINV.WD.GD.ZS,Đầu tư trực tiếp nước ngoài (FDI),2017,3.858188216
Brunei Darussalam,BRN,"Foreign direct investment, net inflows (% of GDP)",BX.KLT.DINV.WD.GD.ZS,Đầu tư trực tiếp nước ngoài (FDI),2018,3.804865528
Brunei Darussalam,BRN,"Foreign direct investment, net inflows (% of GDP)",BX.KLT.DINV.WD.GD.ZS,Đầu tư trực tiếp nước ngoài (FDI),2019,2.771180079
Brunei Darussalam,BRN,"Foreign direct investment, net inflows (% of GDP)",BX.KLT.DINV.WD.GD.ZS,Đầu tư trực tiếp nước ngoài (FDI),2020,4.710575653
Brunei Darussalam,BRN,"Foreign direct investment, net inflows (% of GDP)",BX.KLT.DINV.WD.GD.ZS,Đầu tư trực tiếp nước ngoài (FDI),2021,1.474049829
Brunei Darussalam,BRN,"Foreign direct investment, net inflows (% of GDP)",BX.KLT.DINV.WD.GD.ZS,Đầu tư trực tiếp nước ngoài (FDI),2022,-1.739467977
Brunei Darussalam,BRN,"Foreign direct investment, net inflows (% of GDP)",BX.KLT.DINV.WD.GD.ZS,Đầu tư trực tiếp nước ngoài (FDI),2023,-0.370504516
Brunei Darussalam,BRN,"Foreign direct investment, net inflows (% of GDP)",BX.KLT.DINV.WD.GD.ZS,Đầu tư trực tiếp nước ngoài (FDI),2024,0.189449066
Brunei Darussalam,BRN,"Foreign direct investment, net inflows (% of GDP)",BX.KLT.DINV.WD.GD.ZS,Đầu tư trực tiếp nước ngoài (FDI),2025,0.411162484
Cambodia,KHM,"Foreign direct investment, net inflows (BoP, current US$)",BX.KLT.DINV.CD.WD,Đầu tư trực tiếp nước ngoài (FDI),2015,1822804151.0
Cambodia,KHM,"Foreign direct investment, net inflows (BoP, current US$)",BX.KLT.DINV.CD.WD,Đầu tư trực tiếp nước ngoài (FDI),2016,2475915854.0
Cambodia,KHM,"Foreign direct investment, net inflows (BoP, current US$)",BX.KLT.DINV.CD.WD,Đầu tư trực tiếp nước ngoài (FDI),2017,2788084322.0
Cambodia,KHM,"Foreign direct investment, net inflows (BoP, current US$)",BX.KLT.DINV.CD.WD,Đầu tư trực tiếp nước ngoài (FDI),2018,3212633447.0
Cambodia,KHM,"Foreign direct investment, net inflows (BoP, current US$)",BX.KLT.DINV.CD.WD,Đầu tư trực tiếp nước ngoài (FDI),2019,3663032999.0
Cambodia,KHM,"Foreign direct investment, net inflows (BoP, current US$)",BX.KLT.DINV.CD.WD,Đầu tư trực tiếp nước ngoài (FDI),2020,3624644990.0
Cambodia,KHM,"Foreign direct investment, net inflows (BoP, current US$)",BX.KLT.DINV.CD.WD,Đầu tư trực tiếp nước ngoài (FDI),2021,3483461606.0
Cambodia,KHM,"Foreign direct investment, net inflows (BoP, current US$)",BX.KLT.DINV.CD.WD,Đầu tư trực tiếp nước ngoài (FDI),2022,3578831296.0
Cambodia,KHM,"Foreign direct investment, net inflows (BoP, current US$)",BX.KLT.DINV.CD.WD,Đầu tư trực tiếp nước ngoài (FDI),2023,3958792379.0
Cambodia,KHM,"Foreign direct investment, net inflows (BoP, current US$)",BX.KLT.DINV.CD.WD,Đầu tư trực tiếp nước ngoài (FDI),2024,4394647334.0
Cambodia,KHM,"Foreign direct investment, net inflows (BoP, current US$)",BX.KLT.DINV.CD.WD,Đầu tư trực tiếp nước ngoài (FDI),2025,5099072042.0
Cambodia,KHM,"Foreign direct investment, net outflows (BoP, current US$)",BM.KLT.DINV.CD.WD,Đầu tư trực tiếp nước ngoài (FDI),2015,87761038.01
Cambodia,KHM,"Foreign direct investment, net outflows (BoP, current US$)",BM.KLT.DINV.CD.WD,Đầu tư trực tiếp nước ngoài (FDI),2016,79074478.55
Cambodia,KHM,"Foreign direct investment, net outflows (BoP, current US$)",BM.KLT.DINV.CD.WD,Đầu tư trực tiếp nước ngoài (FDI),2017,114858066.2
Cambodia,KHM,"Foreign direct investment, net outflows (BoP, current US$)",BM.KLT.DINV.CD.WD,Đầu tư trực tiếp nước ngoài (FDI),2018,123963610.3
Cambodia,KHM,"Foreign direct investment, net outflows (BoP, current US$)",BM.KLT.DINV.CD.WD,Đầu tư trực tiếp nước ngoài (FDI),2019,101837547.9
Cambodia,KHM,"Foreign direct investment, net outflows (BoP, current US$)",BM.KLT.DINV.CD.WD,Đầu tư trực tiếp nước ngoài (FDI),2020,127012891.2
Cambodia,KHM,"Foreign direct investment, net outflows (BoP, current US$)",BM.KLT.DINV.CD.WD,Đầu tư trực tiếp nước ngoài (FDI),2021,92417625.05
Cambodia,KHM,"Foreign direct investment, net outflows (BoP, current US$)",BM.KLT.DINV.CD.WD,Đầu tư trực tiếp nước ngoài (FDI),2022,150486280.4
Cambodia,KHM,"Foreign direct investment, net outflows (BoP, current US$)",BM.KLT.DINV.CD.WD,Đầu tư trực tiếp nước ngoài (FDI),2023,151410511.2
Cambodia,KHM,"Foreign direct investment, net outflows (BoP, current US$)",BM.KLT.DINV.CD.WD,Đầu tư trực tiếp nước ngoài (FDI),2024,171829024.4
Cambodia,KHM,"Foreign direct investment, net outflows (BoP, current US$)",BM.KLT.DINV.CD.WD,Đầu tư trực tiếp nước ngoài (FDI),2025,138508720.8
Cambodia,KHM,"Foreign direct investment, net inflows (% of GDP)",BX.KLT.DINV.WD.GD.ZS,Đầu tư trực tiếp nước ngoài (FDI),2015,7.54029662
Cambodia,KHM,"Foreign direct investment, net inflows (% of GDP)",BX.KLT.DINV.WD.GD.ZS,Đầu tư trực tiếp nước ngoài (FDI),2016,9.323185073
Cambodia,KHM,"Foreign direct investment, net inflows (% of GDP)",BX.KLT.DINV.WD.GD.ZS,Đầu tư trực tiếp nước ngoài (FDI),2017,9.497602031
Cambodia,KHM,"Foreign direct investment, net inflows (% of GDP)",BX.KLT.DINV.WD.GD.ZS,Đầu tư trực tiếp nước ngoài (FDI),2018,9.692403
Cambodia,KHM,"Foreign direct investment, net inflows (% of GDP)",BX.KLT.DINV.WD.GD.ZS,Đầu tư trực tiếp nước ngoài (FDI),2019,9.985000442
Cambodia,KHM,"Foreign direct investment, net inflows (% of GDP)",BX.KLT.DINV.WD.GD.ZS,Đầu tư trực tiếp nước ngoài (FDI),2020,10.41023981
Cambodia,KHM,"Foreign direct investment, net inflows (% of GDP)",BX.KLT.DINV.WD.GD.ZS,Đầu tư trực tiếp nước ngoài (FDI),2021,9.468459111
Cambodia,KHM,"Foreign direct investment, net inflows (% of GDP)",BX.KLT.DINV.WD.GD.ZS,Đầu tư trực tiếp nước ngoài (FDI),2022,8.948301258
Cambodia,KHM,"Foreign direct investment, net inflows (% of GDP)",BX.KLT.DINV.WD.GD.ZS,Đầu tư trực tiếp nước ngoài (FDI),2023,9.35096702
Cambodia,KHM,"Foreign direct investment, net inflows (% of GDP)",BX.KLT.DINV.WD.GD.ZS,Đầu tư trực tiếp nước ngoài (FDI),2024,9.48089832
Cambodia,KHM,"Foreign direct investment, net inflows (% of GDP)",BX.KLT.DINV.WD.GD.ZS,Đầu tư trực tiếp nước ngoài (FDI),2025,9.946096891
Indonesia,IDN,"Foreign direct investment, net inflows (BoP, current US$)",BX.KLT.DINV.CD.WD,Đầu tư trực tiếp nước ngoài (FDI),2015,19779127977.0
Indonesia,IDN,"Foreign direct investment, net inflows (BoP, current US$)",BX.KLT.DINV.CD.WD,Đầu tư trực tiếp nước ngoài (FDI),2016,4541713739.0
Indonesia,IDN,"Foreign direct investment, net inflows (BoP, current US$)",BX.KLT.DINV.CD.WD,Đầu tư trực tiếp nước ngoài (FDI),2017,20510310832.0
Indonesia,IDN,"Foreign direct investment, net inflows (BoP, current US$)",BX.KLT.DINV.CD.WD,Đầu tư trực tiếp nước ngoài (FDI),2018,18909826044.0
Indonesia,IDN,"Foreign direct investment, net inflows (BoP, current US$)",BX.KLT.DINV.CD.WD,Đầu tư trực tiếp nước ngoài (FDI),2019,24993551748.0
Indonesia,IDN,"Foreign direct investment, net inflows (BoP, current US$)",BX.KLT.DINV.CD.WD,Đầu tư trực tiếp nước ngoài (FDI),2020,19175077748.0
Indonesia,IDN,"Foreign direct investment, net inflows (BoP, current US$)",BX.KLT.DINV.CD.WD,Đầu tư trực tiếp nước ngoài (FDI),2021,21213080330.0
Indonesia,IDN,"Foreign direct investment, net inflows (BoP, current US$)",BX.KLT.DINV.CD.WD,Đầu tư trực tiếp nước ngoài (FDI),2022,24702029705.0
Indonesia,IDN,"Foreign direct investment, net inflows (BoP, current US$)",BX.KLT.DINV.CD.WD,Đầu tư trực tiếp nước ngoài (FDI),2023,21543358781.0
Indonesia,IDN,"Foreign direct investment, net inflows (BoP, current US$)",BX.KLT.DINV.CD.WD,Đầu tư trực tiếp nước ngoài (FDI),2024,24275445280.0
Indonesia,IDN,"Foreign direct investment, net inflows (BoP, current US$)",BX.KLT.DINV.CD.WD,Đầu tư trực tiếp nước ngoài (FDI),2025,22283231892.0
Indonesia,IDN,"Foreign direct investment, net outflows (BoP, current US$)",BM.KLT.DINV.CD.WD,Đầu tư trực tiếp nước ngoài (FDI),2015,9074649660.0
Indonesia,IDN,"Foreign direct investment, net outflows (BoP, current US$)",BM.KLT.DINV.CD.WD,Đầu tư trực tiếp nước ngoài (FDI),2016,-11594202279.0
Indonesia,IDN,"Foreign direct investment, net outflows (BoP, current US$)",BM.KLT.DINV.CD.WD,Đầu tư trực tiếp nước ngoài (FDI),2017,2008271972.0
Indonesia,IDN,"Foreign direct investment, net outflows (BoP, current US$)",BM.KLT.DINV.CD.WD,Đầu tư trực tiếp nước ngoài (FDI),2018,6399215529.0
Indonesia,IDN,"Foreign direct investment, net outflows (BoP, current US$)",BM.KLT.DINV.CD.WD,Đầu tư trực tiếp nước ngoài (FDI),2019,4462481182.0
Indonesia,IDN,"Foreign direct investment, net outflows (BoP, current US$)",BM.KLT.DINV.CD.WD,Đầu tư trực tiếp nước ngoài (FDI),2020,5032603790.0
Indonesia,IDN,"Foreign direct investment, net outflows (BoP, current US$)",BM.KLT.DINV.CD.WD,Đầu tư trực tiếp nước ngoài (FDI),2021,3926726202.0
Indonesia,IDN,"Foreign direct investment, net outflows (BoP, current US$)",BM.KLT.DINV.CD.WD,Đầu tư trực tiếp nước ngoài (FDI),2022,6634821734.0
Indonesia,IDN,"Foreign direct investment, net outflows (BoP, current US$)",BM.KLT.DINV.CD.WD,Đầu tư trực tiếp nước ngoài (FDI),2023,7125947951.0
Indonesia,IDN,"Foreign direct investment, net outflows (BoP, current US$)",BM.KLT.DINV.CD.WD,Đầu tư trực tiếp nước ngoài (FDI),2024,8393557388.0
Indonesia,IDN,"Foreign direct investment, net outflows (BoP, current US$)",BM.KLT.DINV.CD.WD,Đầu tư trực tiếp nước ngoài (FDI),2025,7929649552.0
Indonesia,IDN,"Foreign direct investment, net inflows (% of GDP)",BX.KLT.DINV.WD.GD.ZS,Đầu tư trực tiếp nước ngoài (FDI),2015,2.297616394
Indonesia,IDN,"Foreign direct investment, net inflows (% of GDP)",BX.KLT.DINV.WD.GD.ZS,Đầu tư trực tiếp nước ngoài (FDI),2016,0.487372471
Indonesia,IDN,"Foreign direct investment, net inflows (% of GDP)",BX.KLT.DINV.WD.GD.ZS,Đầu tư trực tiếp nước ngoài (FDI),2017,2.019489198
Indonesia,IDN,"Foreign direct investment, net inflows (% of GDP)",BX.KLT.DINV.WD.GD.ZS,Đầu tư trực tiếp nước ngoài (FDI),2018,1.814289793
Indonesia,IDN,"Foreign direct investment, net inflows (% of GDP)",BX.KLT.DINV.WD.GD.ZS,Đầu tư trực tiếp nước ngoài (FDI),2019,2.233362043
Indonesia,IDN,"Foreign direct investment, net inflows (% of GDP)",BX.KLT.DINV.WD.GD.ZS,Đầu tư trực tiếp nước ngoài (FDI),2020,1.81058402
Indonesia,IDN,"Foreign direct investment, net inflows (% of GDP)",BX.KLT.DINV.WD.GD.ZS,Đầu tư trực tiếp nước ngoài (FDI),2021,1.787855631
Indonesia,IDN,"Foreign direct investment, net inflows (% of GDP)",BX.KLT.DINV.WD.GD.ZS,Đầu tư trực tiếp nước ngoài (FDI),2022,1.872641009
Indonesia,IDN,"Foreign direct investment, net inflows (% of GDP)",BX.KLT.DINV.WD.GD.ZS,Đầu tư trực tiếp nước ngoài (FDI),2023,1.571169664
Indonesia,IDN,"Foreign direct investment, net inflows (% of GDP)",BX.KLT.DINV.WD.GD.ZS,Đầu tư trực tiếp nước ngoài (FDI),2024,1.738552903
Indonesia,IDN,"Foreign direct investment, net inflows (% of GDP)",BX.KLT.DINV.WD.GD.ZS,Đầu tư trực tiếp nước ngoài (FDI),2025,1.541406717
Lao PDR,LAO,"Foreign direct investment, net inflows (BoP, current US$)",BX.KLT.DINV.CD.WD,Đầu tư trực tiếp nước ngoài (FDI),2015,1077759915.0
Lao PDR,LAO,"Foreign direct investment, net inflows (BoP, current US$)",BX.KLT.DINV.CD.WD,Đầu tư trực tiếp nước ngoài (FDI),2016,935296172.8
Lao PDR,LAO,"Foreign direct investment, net inflows (BoP, current US$)",BX.KLT.DINV.CD.WD,Đầu tư trực tiếp nước ngoài (FDI),2017,1686287305.0
Lao PDR,LAO,"Foreign direct investment, net inflows (BoP, current US$)",BX.KLT.DINV.CD.WD,Đầu tư trực tiếp nước ngoài (FDI),2018,1358019506.0
Lao PDR,LAO,"Foreign direct investment, net inflows (BoP, current US$)",BX.KLT.DINV.CD.WD,Đầu tư trực tiếp nước ngoài (FDI),2019,755524124.2
Lao PDR,LAO,"Foreign direct investment, net inflows (BoP, current US$)",BX.KLT.DINV.CD.WD,Đầu tư trực tiếp nước ngoài (FDI),2020,967706086.2
Lao PDR,LAO,"Foreign direct investment, net inflows (BoP, current US$)",BX.KLT.DINV.CD.WD,Đầu tư trực tiếp nước ngoài (FDI),2021,1071913716.0
Lao PDR,LAO,"Foreign direct investment, net inflows (BoP, current US$)",BX.KLT.DINV.CD.WD,Đầu tư trực tiếp nước ngoài (FDI),2022,726273736.5
Lao PDR,LAO,"Foreign direct investment, net inflows (BoP, current US$)",BX.KLT.DINV.CD.WD,Đầu tư trực tiếp nước ngoài (FDI),2023,1781176779.0
Lao PDR,LAO,"Foreign direct investment, net inflows (BoP, current US$)",BX.KLT.DINV.CD.WD,Đầu tư trực tiếp nước ngoài (FDI),2024,988457806.8
Lao PDR,LAO,"Foreign direct investment, net inflows (BoP, current US$)",BX.KLT.DINV.CD.WD,Đầu tư trực tiếp nước ngoài (FDI),2025,
Lao PDR,LAO,"Foreign direct investment, net outflows (BoP, current US$)",BM.KLT.DINV.CD.WD,Đầu tư trực tiếp nước ngoài (FDI),2015,39696967.66
Lao PDR,LAO,"Foreign direct investment, net outflows (BoP, current US$)",BM.KLT.DINV.CD.WD,Đầu tư trực tiếp nước ngoài (FDI),2016,15184319.07
Lao PDR,LAO,"Foreign direct investment, net outflows (BoP, current US$)",BM.KLT.DINV.CD.WD,Đầu tư trực tiếp nước ngoài (FDI),2017,9700838.352
Lao PDR,LAO,"Foreign direct investment, net outflows (BoP, current US$)",BM.KLT.DINV.CD.WD,Đầu tư trực tiếp nước ngoài (FDI),2018,10.0
Lao PDR,LAO,"Foreign direct investment, net outflows (BoP, current US$)",BM.KLT.DINV.CD.WD,Đầu tư trực tiếp nước ngoài (FDI),2019,10.0
Lao PDR,LAO,"Foreign direct investment, net outflows (BoP, current US$)",BM.KLT.DINV.CD.WD,Đầu tư trực tiếp nước ngoài (FDI),2020,
Lao PDR,LAO,"Foreign direct investment, net outflows (BoP, current US$)",BM.KLT.DINV.CD.WD,Đầu tư trực tiếp nước ngoài (FDI),2021,
Lao PDR,LAO,"Foreign direct investment, net outflows (BoP, current US$)",BM.KLT.DINV.CD.WD,Đầu tư trực tiếp nước ngoài (FDI),2022,6670.0
Lao PDR,LAO,"Foreign direct investment, net outflows (BoP, current US$)",BM.KLT.DINV.CD.WD,Đầu tư trực tiếp nước ngoài (FDI),2023,
Lao PDR,LAO,"Foreign direct investment, net outflows (BoP, current US$)",BM.KLT.DINV.CD.WD,Đầu tư trực tiếp nước ngoài (FDI),2024,
Lao PDR,LAO,"Foreign direct investment, net outflows (BoP, current US$)",BM.KLT.DINV.CD.WD,Đầu tư trực tiếp nước ngoài (FDI),2025,
Lao PDR,LAO,"Foreign direct investment, net inflows (% of GDP)",BX.KLT.DINV.WD.GD.ZS,Đầu tư trực tiếp nước ngoài (FDI),2015,7.470757773
Lao PDR,LAO,"Foreign direct investment, net inflows (% of GDP)",BX.KLT.DINV.WD.GD.ZS,Đầu tư trực tiếp nước ngoài (FDI),2016,5.877744362
Lao PDR,LAO,"Foreign direct investment, net inflows (% of GDP)",BX.KLT.DINV.WD.GD.ZS,Đầu tư trực tiếp nước ngoài (FDI),2017,9.877991605
Lao PDR,LAO,"Foreign direct investment, net inflows (% of GDP)",BX.KLT.DINV.WD.GD.ZS,Đầu tư trực tiếp nước ngoài (FDI),2018,7.485648622
Lao PDR,LAO,"Foreign direct investment, net inflows (% of GDP)",BX.KLT.DINV.WD.GD.ZS,Đầu tư trực tiếp nước ngoài (FDI),2019,4.031491392
Lao PDR,LAO,"Foreign direct investment, net inflows (% of GDP)",BX.KLT.DINV.WD.GD.ZS,Đầu tư trực tiếp nước ngoài (FDI),2020,5.098071935
Lao PDR,LAO,"Foreign direct investment, net inflows (% of GDP)",BX.KLT.DINV.WD.GD.ZS,Đầu tư trực tiếp nước ngoài (FDI),2021,5.69344696
Lao PDR,LAO,"Foreign direct investment, net inflows (% of GDP)",BX.KLT.DINV.WD.GD.ZS,Đầu tư trực tiếp nước ngoài (FDI),2022,4.695092258
Lao PDR,LAO,"Foreign direct investment, net inflows (% of GDP)",BX.KLT.DINV.WD.GD.ZS,Đầu tư trực tiếp nước ngoài (FDI),2023,11.2425631
Lao PDR,LAO,"Foreign direct investment, net inflows (% of GDP)",BX.KLT.DINV.WD.GD.ZS,Đầu tư trực tiếp nước ngoài (FDI),2024,5.989588636
Lao PDR,LAO,"Foreign direct investment, net inflows (% of GDP)",BX.KLT.DINV.WD.GD.ZS,Đầu tư trực tiếp nước ngoài (FDI),2025,
Malaysia,MYS,"Foreign direct investment, net inflows (BoP, current US$)",BX.KLT.DINV.CD.WD,Đầu tư trực tiếp nước ngoài (FDI),2015,9857162112.0
Malaysia,MYS,"Foreign direct investment, net inflows (BoP, current US$)",BX.KLT.DINV.CD.WD,Đầu tư trực tiếp nước ngoài (FDI),2016,13470089921.0
Malaysia,MYS,"Foreign direct investment, net inflows (BoP, current US$)",BX.KLT.DINV.CD.WD,Đầu tư trực tiếp nước ngoài (FDI),2017,9368469823.0
Malaysia,MYS,"Foreign direct investment, net inflows (BoP, current US$)",BX.KLT.DINV.CD.WD,Đầu tư trực tiếp nước ngoài (FDI),2018,8304480742.0
Malaysia,MYS,"Foreign direct investment, net inflows (BoP, current US$)",BX.KLT.DINV.CD.WD,Đầu tư trực tiếp nước ngoài (FDI),2019,9154921685.0
Malaysia,MYS,"Foreign direct investment, net inflows (BoP, current US$)",BX.KLT.DINV.CD.WD,Đầu tư trực tiếp nước ngoài (FDI),2020,4058769679.0
Malaysia,MYS,"Foreign direct investment, net inflows (BoP, current US$)",BX.KLT.DINV.CD.WD,Đầu tư trực tiếp nước ngoài (FDI),2021,20245157327.0
Malaysia,MYS,"Foreign direct investment, net inflows (BoP, current US$)",BX.KLT.DINV.CD.WD,Đầu tư trực tiếp nước ngoài (FDI),2022,15027992711.0
Malaysia,MYS,"Foreign direct investment, net inflows (BoP, current US$)",BX.KLT.DINV.CD.WD,Đầu tư trực tiếp nước ngoài (FDI),2023,7918601050.0
Malaysia,MYS,"Foreign direct investment, net inflows (BoP, current US$)",BX.KLT.DINV.CD.WD,Đầu tư trực tiếp nước ngoài (FDI),2024,15593246087.0
Malaysia,MYS,"Foreign direct investment, net inflows (BoP, current US$)",BX.KLT.DINV.CD.WD,Đầu tư trực tiếp nước ngoài (FDI),2025,
Malaysia,MYS,"Foreign direct investment, net outflows (BoP, current US$)",BM.KLT.DINV.CD.WD,Đầu tư trực tiếp nước ngoài (FDI),2015,10541970865.0
Malaysia,MYS,"Foreign direct investment, net outflows (BoP, current US$)",BM.KLT.DINV.CD.WD,Đầu tư trực tiếp nước ngoài (FDI),2016,10097317797.0
Malaysia,MYS,"Foreign direct investment, net outflows (BoP, current US$)",BM.KLT.DINV.CD.WD,Đầu tư trực tiếp nước ngoài (FDI),2017,5608381193.0
Malaysia,MYS,"Foreign direct investment, net outflows (BoP, current US$)",BM.KLT.DINV.CD.WD,Đầu tư trực tiếp nước ngoài (FDI),2018,5765334992.0
Malaysia,MYS,"Foreign direct investment, net outflows (BoP, current US$)",BM.KLT.DINV.CD.WD,Đầu tư trực tiếp nước ngoài (FDI),2019,7527950990.0
Malaysia,MYS,"Foreign direct investment, net outflows (BoP, current US$)",BM.KLT.DINV.CD.WD,Đầu tư trực tiếp nước ngoài (FDI),2020,3295991631.0
Malaysia,MYS,"Foreign direct investment, net outflows (BoP, current US$)",BM.KLT.DINV.CD.WD,Đầu tư trực tiếp nước ngoài (FDI),2021,12784976093.0
Malaysia,MYS,"Foreign direct investment, net outflows (BoP, current US$)",BM.KLT.DINV.CD.WD,Đầu tư trực tiếp nước ngoài (FDI),2022,11811334092.0
Malaysia,MYS,"Foreign direct investment, net outflows (BoP, current US$)",BM.KLT.DINV.CD.WD,Đầu tư trực tiếp nước ngoài (FDI),2023,7965462488.0
Malaysia,MYS,"Foreign direct investment, net outflows (BoP, current US$)",BM.KLT.DINV.CD.WD,Đầu tư trực tiếp nước ngoài (FDI),2024,13038524470.0
Malaysia,MYS,"Foreign direct investment, net outflows (BoP, current US$)",BM.KLT.DINV.CD.WD,Đầu tư trực tiếp nước ngoài (FDI),2025,
Malaysia,MYS,"Foreign direct investment, net inflows (% of GDP)",BX.KLT.DINV.WD.GD.ZS,Đầu tư trực tiếp nước ngoài (FDI),2015,3.270944029
Malaysia,MYS,"Foreign direct investment, net inflows (% of GDP)",BX.KLT.DINV.WD.GD.ZS,Đầu tư trực tiếp nước ngoài (FDI),2016,4.471309586
Malaysia,MYS,"Foreign direct investment, net inflows (% of GDP)",BX.KLT.DINV.WD.GD.ZS,Đầu tư trực tiếp nước ngoài (FDI),2017,2.935820381
Malaysia,MYS,"Foreign direct investment, net inflows (% of GDP)",BX.KLT.DINV.WD.GD.ZS,Đầu tư trực tiếp nước ngoài (FDI),2018,2.314587212
Malaysia,MYS,"Foreign direct investment, net inflows (% of GDP)",BX.KLT.DINV.WD.GD.ZS,Đầu tư trực tiếp nước ngoài (FDI),2019,2.506977057
Malaysia,MYS,"Foreign direct investment, net inflows (% of GDP)",BX.KLT.DINV.WD.GD.ZS,Đầu tư trực tiếp nước ngoài (FDI),2020,1.202754643
Malaysia,MYS,"Foreign direct investment, net inflows (% of GDP)",BX.KLT.DINV.WD.GD.ZS,Đầu tư trực tiếp nước ngoài (FDI),2021,5.416263771
Malaysia,MYS,"Foreign direct investment, net inflows (% of GDP)",BX.KLT.DINV.WD.GD.ZS,Đầu tư trực tiếp nước ngoài (FDI),2022,3.684862155
Malaysia,MYS,"Foreign direct investment, net inflows (% of GDP)",BX.KLT.DINV.WD.GD.ZS,Đầu tư trực tiếp nước ngoài (FDI),2023,1.979900627
Malaysia,MYS,"Foreign direct investment, net inflows (% of GDP)",BX.KLT.DINV.WD.GD.ZS,Đầu tư trực tiếp nước ngoài (FDI),2024,3.693095393
Malaysia,MYS,"Foreign direct investment, net inflows (% of GDP)",BX.KLT.DINV.WD.GD.ZS,Đầu tư trực tiếp nước ngoài (FDI),2025,
Myanmar,MMR,"Foreign direct investment, net inflows (BoP, current US$)",BX.KLT.DINV.CD.WD,Đầu tư trực tiếp nước ngoài (FDI),2015,4083839112.0
Myanmar,MMR,"Foreign direct investment, net inflows (BoP, current US$)",BX.KLT.DINV.CD.WD,Đầu tư trực tiếp nước ngoài (FDI),2016,3278096410.0
Myanmar,MMR,"Foreign direct investment, net inflows (BoP, current US$)",BX.KLT.DINV.CD.WD,Đầu tư trực tiếp nước ngoài (FDI),2017,4804272487.0
Myanmar,MMR,"Foreign direct investment, net inflows (BoP, current US$)",BX.KLT.DINV.CD.WD,Đầu tư trực tiếp nước ngoài (FDI),2018,1768195523.0
Myanmar,MMR,"Foreign direct investment, net inflows (BoP, current US$)",BX.KLT.DINV.CD.WD,Đầu tư trực tiếp nước ngoài (FDI),2019,1735589413.0
Myanmar,MMR,"Foreign direct investment, net inflows (BoP, current US$)",BX.KLT.DINV.CD.WD,Đầu tư trực tiếp nước ngoài (FDI),2020,1907154040.0
Myanmar,MMR,"Foreign direct investment, net inflows (BoP, current US$)",BX.KLT.DINV.CD.WD,Đầu tư trực tiếp nước ngoài (FDI),2021,2066606470.0
Myanmar,MMR,"Foreign direct investment, net inflows (BoP, current US$)",BX.KLT.DINV.CD.WD,Đầu tư trực tiếp nước ngoài (FDI),2022,1238500000.0
Myanmar,MMR,"Foreign direct investment, net inflows (BoP, current US$)",BX.KLT.DINV.CD.WD,Đầu tư trực tiếp nước ngoài (FDI),2023,1520172000.0
Myanmar,MMR,"Foreign direct investment, net inflows (BoP, current US$)",BX.KLT.DINV.CD.WD,Đầu tư trực tiếp nước ngoài (FDI),2024,1095317000.0
Myanmar,MMR,"Foreign direct investment, net inflows (BoP, current US$)",BX.KLT.DINV.CD.WD,Đầu tư trực tiếp nước ngoài (FDI),2025,
Myanmar,MMR,"Foreign direct investment, net outflows (BoP, current US$)",BM.KLT.DINV.CD.WD,Đầu tư trực tiếp nước ngoài (FDI),2015,
Myanmar,MMR,"Foreign direct investment, net outflows (BoP, current US$)",BM.KLT.DINV.CD.WD,Đầu tư trực tiếp nước ngoài (FDI),2016,
Myanmar,MMR,"Foreign direct investment, net outflows (BoP, current US$)",BM.KLT.DINV.CD.WD,Đầu tư trực tiếp nước ngoài (FDI),2017,
Myanmar,MMR,"Foreign direct investment, net outflows (BoP, current US$)",BM.KLT.DINV.CD.WD,Đầu tư trực tiếp nước ngoài (FDI),2018,
Myanmar,MMR,"Foreign direct investment, net outflows (BoP, current US$)",BM.KLT.DINV.CD.WD,Đầu tư trực tiếp nước ngoài (FDI),2019,
Myanmar,MMR,"Foreign direct investment, net outflows (BoP, current US$)",BM.KLT.DINV.CD.WD,Đầu tư trực tiếp nước ngoài (FDI),2020,
Myanmar,MMR,"Foreign direct investment, net outflows (BoP, current US$)",BM.KLT.DINV.CD.WD,Đầu tư trực tiếp nước ngoài (FDI),2021,
Myanmar,MMR,"Foreign direct investment, net outflows (BoP, current US$)",BM.KLT.DINV.CD.WD,Đầu tư trực tiếp nước ngoài (FDI),2022,
Myanmar,MMR,"Foreign direct investment, net outflows (BoP, current US$)",BM.KLT.DINV.CD.WD,Đầu tư trực tiếp nước ngoài (FDI),2023,
Myanmar,MMR,"Foreign direct investment, net outflows (BoP, current US$)",BM.KLT.DINV.CD.WD,Đầu tư trực tiếp nước ngoài (FDI),2024,
Myanmar,MMR,"Foreign direct investment, net outflows (BoP, current US$)",BM.KLT.DINV.CD.WD,Đầu tư trực tiếp nước ngoài (FDI),2025,
Myanmar,MMR,"Foreign direct investment, net inflows (% of GDP)",BX.KLT.DINV.WD.GD.ZS,Đầu tư trực tiếp nước ngoài (FDI),2015,6.851240987
Myanmar,MMR,"Foreign direct investment, net inflows (% of GDP)",BX.KLT.DINV.WD.GD.ZS,Đầu tư trực tiếp nước ngoài (FDI),2016,5.178801325
Myanmar,MMR,"Foreign direct investment, net inflows (% of GDP)",BX.KLT.DINV.WD.GD.ZS,Đầu tư trực tiếp nước ngoài (FDI),2017,7.273355552
Myanmar,MMR,"Foreign direct investment, net inflows (% of GDP)",BX.KLT.DINV.WD.GD.ZS,Đầu tư trực tiếp nước ngoài (FDI),2018,2.605632299
Myanmar,MMR,"Foreign direct investment, net inflows (% of GDP)",BX.KLT.DINV.WD.GD.ZS,Đầu tư trực tiếp nước ngoài (FDI),2019,2.312112112
Myanmar,MMR,"Foreign direct investment, net inflows (% of GDP)",BX.KLT.DINV.WD.GD.ZS,Đầu tư trực tiếp nước ngoài (FDI),2020,2.413932229
Myanmar,MMR,"Foreign direct investment, net inflows (% of GDP)",BX.KLT.DINV.WD.GD.ZS,Đầu tư trực tiếp nước ngoài (FDI),2021,3.114925617
Myanmar,MMR,"Foreign direct investment, net inflows (% of GDP)",BX.KLT.DINV.WD.GD.ZS,Đầu tư trực tiếp nước ngoài (FDI),2022,1.989460761
Myanmar,MMR,"Foreign direct investment, net inflows (% of GDP)",BX.KLT.DINV.WD.GD.ZS,Đầu tư trực tiếp nước ngoài (FDI),2023,2.277151317
Myanmar,MMR,"Foreign direct investment, net inflows (% of GDP)",BX.KLT.DINV.WD.GD.ZS,Đầu tư trực tiếp nước ngoài (FDI),2024,1.478792233
Myanmar,MMR,"Foreign direct investment, net inflows (% of GDP)",BX.KLT.DINV.WD.GD.ZS,Đầu tư trực tiếp nước ngoài (FDI),2025,
Philippines,PHL,"Foreign direct investment, net inflows (BoP, current US$)",BX.KLT.DINV.CD.WD,Đầu tư trực tiếp nước ngoài (FDI),2015,5639155962.0
Philippines,PHL,"Foreign direct investment, net inflows (BoP, current US$)",BX.KLT.DINV.CD.WD,Đầu tư trực tiếp nước ngoài (FDI),2016,8279548275.0
Philippines,PHL,"Foreign direct investment, net inflows (BoP, current US$)",BX.KLT.DINV.CD.WD,Đầu tư trực tiếp nước ngoài (FDI),2017,10256442399.0
Philippines,PHL,"Foreign direct investment, net inflows (BoP, current US$)",BX.KLT.DINV.CD.WD,Đầu tư trực tiếp nước ngoài (FDI),2018,9948598824.0
Philippines,PHL,"Foreign direct investment, net inflows (BoP, current US$)",BX.KLT.DINV.CD.WD,Đầu tư trực tiếp nước ngoài (FDI),2019,8671365874.0
Philippines,PHL,"Foreign direct investment, net inflows (BoP, current US$)",BX.KLT.DINV.CD.WD,Đầu tư trực tiếp nước ngoài (FDI),2020,6822133291.0
Philippines,PHL,"Foreign direct investment, net inflows (BoP, current US$)",BX.KLT.DINV.CD.WD,Đầu tư trực tiếp nước ngoài (FDI),2021,11983363327.0
Philippines,PHL,"Foreign direct investment, net inflows (BoP, current US$)",BX.KLT.DINV.CD.WD,Đầu tư trực tiếp nước ngoài (FDI),2022,9492234668.0
Philippines,PHL,"Foreign direct investment, net inflows (BoP, current US$)",BX.KLT.DINV.CD.WD,Đầu tư trực tiếp nước ngoài (FDI),2023,8925128472.0
Philippines,PHL,"Foreign direct investment, net inflows (BoP, current US$)",BX.KLT.DINV.CD.WD,Đầu tư trực tiếp nước ngoài (FDI),2024,9398326660.0
Philippines,PHL,"Foreign direct investment, net inflows (BoP, current US$)",BX.KLT.DINV.CD.WD,Đầu tư trực tiếp nước ngoài (FDI),2025,7791345009.0
Philippines,PHL,"Foreign direct investment, net outflows (BoP, current US$)",BM.KLT.DINV.CD.WD,Đầu tư trực tiếp nước ngoài (FDI),2015,5539505401.0
Philippines,PHL,"Foreign direct investment, net outflows (BoP, current US$)",BM.KLT.DINV.CD.WD,Đầu tư trực tiếp nước ngoài (FDI),2016,2396734618.0
Philippines,PHL,"Foreign direct investment, net outflows (BoP, current US$)",BM.KLT.DINV.CD.WD,Đầu tư trực tiếp nước ngoài (FDI),2017,3304731499.0
Philippines,PHL,"Foreign direct investment, net outflows (BoP, current US$)",BM.KLT.DINV.CD.WD,Đầu tư trực tiếp nước ngoài (FDI),2018,4115698240.0
Philippines,PHL,"Foreign direct investment, net outflows (BoP, current US$)",BM.KLT.DINV.CD.WD,Đầu tư trực tiếp nước ngoài (FDI),2019,3350936705.0
Philippines,PHL,"Foreign direct investment, net outflows (BoP, current US$)",BM.KLT.DINV.CD.WD,Đầu tư trực tiếp nước ngoài (FDI),2020,3562031274.0
Philippines,PHL,"Foreign direct investment, net outflows (BoP, current US$)",BM.KLT.DINV.CD.WD,Đầu tư trực tiếp nước ngoài (FDI),2021,2251120589.0
Philippines,PHL,"Foreign direct investment, net outflows (BoP, current US$)",BM.KLT.DINV.CD.WD,Đầu tư trực tiếp nước ngoài (FDI),2022,3861284251.0
Philippines,PHL,"Foreign direct investment, net outflows (BoP, current US$)",BM.KLT.DINV.CD.WD,Đầu tư trực tiếp nước ngoài (FDI),2023,3525109747.0
Philippines,PHL,"Foreign direct investment, net outflows (BoP, current US$)",BM.KLT.DINV.CD.WD,Đầu tư trực tiếp nước ngoài (FDI),2024,2698575806.0
Philippines,PHL,"Foreign direct investment, net outflows (BoP, current US$)",BM.KLT.DINV.CD.WD,Đầu tư trực tiếp nước ngoài (FDI),2025,1602154773.0
Philippines,PHL,"Foreign direct investment, net inflows (% of GDP)",BX.KLT.DINV.WD.GD.ZS,Đầu tư trực tiếp nước ngoài (FDI),2015,1.840180107
Philippines,PHL,"Foreign direct investment, net inflows (% of GDP)",BX.KLT.DINV.WD.GD.ZS,Đầu tư trực tiếp nước ngoài (FDI),2016,2.598508035
Philippines,PHL,"Foreign direct investment, net inflows (% of GDP)",BX.KLT.DINV.WD.GD.ZS,Đầu tư trực tiếp nước ngoài (FDI),2017,3.122387784
Philippines,PHL,"Foreign direct investment, net inflows (% of GDP)",BX.KLT.DINV.WD.GD.ZS,Đầu tư trực tiếp nước ngoài (FDI),2018,2.868338261
Philippines,PHL,"Foreign direct investment, net inflows (% of GDP)",BX.KLT.DINV.WD.GD.ZS,Đầu tư trực tiếp nước ngoài (FDI),2019,2.301174986
Philippines,PHL,"Foreign direct investment, net inflows (% of GDP)",BX.KLT.DINV.WD.GD.ZS,Đầu tư trực tiếp nước ngoài (FDI),2020,1.885863632
Philippines,PHL,"Foreign direct investment, net inflows (% of GDP)",BX.KLT.DINV.WD.GD.ZS,Đầu tư trực tiếp nước ngoài (FDI),2021,3.040788553
Philippines,PHL,"Foreign direct investment, net inflows (% of GDP)",BX.KLT.DINV.WD.GD.ZS,Đầu tư trực tiếp nước ngoài (FDI),2022,2.347509723
Philippines,PHL,"Foreign direct investment, net inflows (% of GDP)",BX.KLT.DINV.WD.GD.ZS,Đầu tư trực tiếp nước ngoài (FDI),2023,2.042103548
Philippines,PHL,"Foreign direct investment, net inflows (% of GDP)",BX.KLT.DINV.WD.GD.ZS,Đầu tư trực tiếp nước ngoài (FDI),2024,2.035718823
Philippines,PHL,"Foreign direct investment, net inflows (% of GDP)",BX.KLT.DINV.WD.GD.ZS,Đầu tư trực tiếp nước ngoài (FDI),2025,1.599582626
Singapore,SGP,"Foreign direct investment, net inflows (BoP, current US$)",BX.KLT.DINV.CD.WD,Đầu tư trực tiếp nước ngoài (FDI),2015,69774553125.0
Singapore,SGP,"Foreign direct investment, net inflows (BoP, current US$)",BX.KLT.DINV.CD.WD,Đầu tư trực tiếp nước ngoài (FDI),2016,65133174223.0
Singapore,SGP,"Foreign direct investment, net inflows (BoP, current US$)",BX.KLT.DINV.CD.WD,Đầu tư trực tiếp nước ngoài (FDI),2017,101970000000.0
Singapore,SGP,"Foreign direct investment, net inflows (BoP, current US$)",BX.KLT.DINV.CD.WD,Đầu tư trực tiếp nước ngoài (FDI),2018,86126491249.0
Singapore,SGP,"Foreign direct investment, net inflows (BoP, current US$)",BX.KLT.DINV.CD.WD,Đầu tư trực tiếp nước ngoài (FDI),2019,106174000000.0
Singapore,SGP,"Foreign direct investment, net inflows (BoP, current US$)",BX.KLT.DINV.CD.WD,Đầu tư trực tiếp nước ngoài (FDI),2020,79322385229.0
Singapore,SGP,"Foreign direct investment, net inflows (BoP, current US$)",BX.KLT.DINV.CD.WD,Đầu tư trực tiếp nước ngoài (FDI),2021,142313000000.0
Singapore,SGP,"Foreign direct investment, net inflows (BoP, current US$)",BX.KLT.DINV.CD.WD,Đầu tư trực tiếp nước ngoài (FDI),2022,144148000000.0
Singapore,SGP,"Foreign direct investment, net inflows (BoP, current US$)",BX.KLT.DINV.CD.WD,Đầu tư trực tiếp nước ngoài (FDI),2023,125787000000.0
Singapore,SGP,"Foreign direct investment, net inflows (BoP, current US$)",BX.KLT.DINV.CD.WD,Đầu tư trực tiếp nước ngoài (FDI),2024,135077000000.0
Singapore,SGP,"Foreign direct investment, net inflows (BoP, current US$)",BX.KLT.DINV.CD.WD,Đầu tư trực tiếp nước ngoài (FDI),2025,159088000000.0
Singapore,SGP,"Foreign direct investment, net outflows (BoP, current US$)",BM.KLT.DINV.CD.WD,Đầu tư trực tiếp nước ngoài (FDI),2015,45223210227.0
Singapore,SGP,"Foreign direct investment, net outflows (BoP, current US$)",BM.KLT.DINV.CD.WD,Đầu tư trực tiếp nước ngoài (FDI),2016,39878140503.0
Singapore,SGP,"Foreign direct investment, net outflows (BoP, current US$)",BM.KLT.DINV.CD.WD,Đầu tư trực tiếp nước ngoài (FDI),2017,65001647446.0
Singapore,SGP,"Foreign direct investment, net outflows (BoP, current US$)",BM.KLT.DINV.CD.WD,Đầu tư trực tiếp nước ngoài (FDI),2018,23250690407.0
Singapore,SGP,"Foreign direct investment, net outflows (BoP, current US$)",BM.KLT.DINV.CD.WD,Đầu tư trực tiếp nước ngoài (FDI),2019,69216012315.0
Singapore,SGP,"Foreign direct investment, net outflows (BoP, current US$)",BM.KLT.DINV.CD.WD,Đầu tư trực tiếp nước ngoài (FDI),2020,42748582162.0
Singapore,SGP,"Foreign direct investment, net outflows (BoP, current US$)",BM.KLT.DINV.CD.WD,Đầu tư trực tiếp nước ngoài (FDI),2021,75945341091.0
Singapore,SGP,"Foreign direct investment, net outflows (BoP, current US$)",BM.KLT.DINV.CD.WD,Đầu tư trực tiếp nước ngoài (FDI),2022,65053288201.0
Singapore,SGP,"Foreign direct investment, net outflows (BoP, current US$)",BM.KLT.DINV.CD.WD,Đầu tư trực tiếp nước ngoài (FDI),2023,51164734503.0
Singapore,SGP,"Foreign direct investment, net outflows (BoP, current US$)",BM.KLT.DINV.CD.WD,Đầu tư trực tiếp nước ngoài (FDI),2024,63609923417.0
Singapore,SGP,"Foreign direct investment, net outflows (BoP, current US$)",BM.KLT.DINV.CD.WD,Đầu tư trực tiếp nước ngoài (FDI),2025,94202455161.0
Singapore,SGP,"Foreign direct investment, net inflows (% of GDP)",BX.KLT.DINV.WD.GD.ZS,Đầu tư trực tiếp nước ngoài (FDI),2015,22.65418269
Singapore,SGP,"Foreign direct investment, net inflows (% of GDP)",BX.KLT.DINV.WD.GD.ZS,Đầu tư trực tiếp nước ngoài (FDI),2016,20.30594063
Singapore,SGP,"Foreign direct investment, net inflows (% of GDP)",BX.KLT.DINV.WD.GD.ZS,Đầu tư trực tiếp nước ngoài (FDI),2017,29.57410086
Singapore,SGP,"Foreign direct investment, net inflows (% of GDP)",BX.KLT.DINV.WD.GD.ZS,Đầu tư trực tiếp nước ngoài (FDI),2018,22.78621061
Singapore,SGP,"Foreign direct investment, net inflows (% of GDP)",BX.KLT.DINV.WD.GD.ZS,Đầu tư trực tiếp nước ngoài (FDI),2019,28.1758142
Singapore,SGP,"Foreign direct investment, net inflows (% of GDP)",BX.KLT.DINV.WD.GD.ZS,Đầu tư trực tiếp nước ngoài (FDI),2020,22.58439429
Singapore,SGP,"Foreign direct investment, net inflows (% of GDP)",BX.KLT.DINV.WD.GD.ZS,Đầu tư trực tiếp nước ngoài (FDI),2021,32.26248514
Singapore,SGP,"Foreign direct investment, net inflows (% of GDP)",BX.KLT.DINV.WD.GD.ZS,Đầu tư trực tiếp nước ngoài (FDI),2022,28.03055194
Singapore,SGP,"Foreign direct investment, net inflows (% of GDP)",BX.KLT.DINV.WD.GD.ZS,Đầu tư trực tiếp nước ngoài (FDI),2023,24.60705625
Singapore,SGP,"Foreign direct investment, net inflows (% of GDP)",BX.KLT.DINV.WD.GD.ZS,Đầu tư trực tiếp nước ngoài (FDI),2024,23.5787256
Singapore,SGP,"Foreign direct investment, net inflows (% of GDP)",BX.KLT.DINV.WD.GD.ZS,Đầu tư trực tiếp nước ngoài (FDI),2025,26.34472544
Thailand,THA,"Foreign direct investment, net inflows (BoP, current US$)",BX.KLT.DINV.CD.WD,Đầu tư trực tiếp nước ngoài (FDI),2015,8927579182.0
Thailand,THA,"Foreign direct investment, net inflows (BoP, current US$)",BX.KLT.DINV.CD.WD,Đầu tư trực tiếp nước ngoài (FDI),2016,3486184390.0
Thailand,THA,"Foreign direct investment, net inflows (BoP, current US$)",BX.KLT.DINV.CD.WD,Đầu tư trực tiếp nước ngoài (FDI),2017,8285169820.0
Thailand,THA,"Foreign direct investment, net inflows (BoP, current US$)",BX.KLT.DINV.CD.WD,Đầu tư trực tiếp nước ngoài (FDI),2018,13747219811.0
Thailand,THA,"Foreign direct investment, net inflows (BoP, current US$)",BX.KLT.DINV.CD.WD,Đầu tư trực tiếp nước ngoài (FDI),2019,5534140215.0
Thailand,THA,"Foreign direct investment, net inflows (BoP, current US$)",BX.KLT.DINV.CD.WD,Đầu tư trực tiếp nước ngoài (FDI),2020,-4293910677.0
Thailand,THA,"Foreign direct investment, net inflows (BoP, current US$)",BX.KLT.DINV.CD.WD,Đầu tư trực tiếp nước ngoài (FDI),2021,15389597696.0
Thailand,THA,"Foreign direct investment, net inflows (BoP, current US$)",BX.KLT.DINV.CD.WD,Đầu tư trực tiếp nước ngoài (FDI),2022,11854822038.0
Thailand,THA,"Foreign direct investment, net inflows (BoP, current US$)",BX.KLT.DINV.CD.WD,Đầu tư trực tiếp nước ngoài (FDI),2023,10327587426.0
Thailand,THA,"Foreign direct investment, net inflows (BoP, current US$)",BX.KLT.DINV.CD.WD,Đầu tư trực tiếp nước ngoài (FDI),2024,14302158846.0
Thailand,THA,"Foreign direct investment, net inflows (BoP, current US$)",BX.KLT.DINV.CD.WD,Đầu tư trực tiếp nước ngoài (FDI),2025,18840812804.0
Thailand,THA,"Foreign direct investment, net outflows (BoP, current US$)",BM.KLT.DINV.CD.WD,Đầu tư trực tiếp nước ngoài (FDI),2015,4991050838.0
Thailand,THA,"Foreign direct investment, net outflows (BoP, current US$)",BM.KLT.DINV.CD.WD,Đầu tư trực tiếp nước ngoài (FDI),2016,13392638955.0
Thailand,THA,"Foreign direct investment, net outflows (BoP, current US$)",BM.KLT.DINV.CD.WD,Đầu tư trực tiếp nước ngoài (FDI),2017,14182025151.0
Thailand,THA,"Foreign direct investment, net outflows (BoP, current US$)",BM.KLT.DINV.CD.WD,Đầu tư trực tiếp nước ngoài (FDI),2018,17127311772.0
Thailand,THA,"Foreign direct investment, net outflows (BoP, current US$)",BM.KLT.DINV.CD.WD,Đầu tư trực tiếp nước ngoài (FDI),2019,10163544234.0
Thailand,THA,"Foreign direct investment, net outflows (BoP, current US$)",BM.KLT.DINV.CD.WD,Đầu tư trực tiếp nước ngoài (FDI),2020,18451975454.0
Thailand,THA,"Foreign direct investment, net outflows (BoP, current US$)",BM.KLT.DINV.CD.WD,Đầu tư trực tiếp nước ngoài (FDI),2021,19322307661.0
Thailand,THA,"Foreign direct investment, net outflows (BoP, current US$)",BM.KLT.DINV.CD.WD,Đầu tư trực tiếp nước ngoài (FDI),2022,7640306903.0
Thailand,THA,"Foreign direct investment, net outflows (BoP, current US$)",BM.KLT.DINV.CD.WD,Đầu tư trực tiếp nước ngoài (FDI),2023,13682922127.0
Thailand,THA,"Foreign direct investment, net outflows (BoP, current US$)",BM.KLT.DINV.CD.WD,Đầu tư trực tiếp nước ngoài (FDI),2024,7355191895.0
Thailand,THA,"Foreign direct investment, net outflows (BoP, current US$)",BM.KLT.DINV.CD.WD,Đầu tư trực tiếp nước ngoài (FDI),2025,9334130353.0
Thailand,THA,"Foreign direct investment, net inflows (% of GDP)",BX.KLT.DINV.WD.GD.ZS,Đầu tư trực tiếp nước ngoài (FDI),2015,2.22468549
Thailand,THA,"Foreign direct investment, net inflows (% of GDP)",BX.KLT.DINV.WD.GD.ZS,Đầu tư trực tiếp nước ngoài (FDI),2016,0.843364341
Thailand,THA,"Foreign direct investment, net inflows (% of GDP)",BX.KLT.DINV.WD.GD.ZS,Đầu tư trực tiếp nước ngoài (FDI),2017,1.815502601
Thailand,THA,"Foreign direct investment, net inflows (% of GDP)",BX.KLT.DINV.WD.GD.ZS,Đầu tư trực tiếp nước ngoài (FDI),2018,2.712798351
Thailand,THA,"Foreign direct investment, net inflows (% of GDP)",BX.KLT.DINV.WD.GD.ZS,Đầu tư trực tiếp nước ngoài (FDI),2019,1.017348776
Thailand,THA,"Foreign direct investment, net inflows (% of GDP)",BX.KLT.DINV.WD.GD.ZS,Đầu tư trực tiếp nước ngoài (FDI),2020,-0.858310189
Thailand,THA,"Foreign direct investment, net inflows (% of GDP)",BX.KLT.DINV.WD.GD.ZS,Đầu tư trực tiếp nước ngoài (FDI),2021,3.041123263
Thailand,THA,"Foreign direct investment, net inflows (% of GDP)",BX.KLT.DINV.WD.GD.ZS,Đầu tư trực tiếp nước ngoài (FDI),2022,2.391570961
Thailand,THA,"Foreign direct investment, net inflows (% of GDP)",BX.KLT.DINV.WD.GD.ZS,Đầu tư trực tiếp nước ngoài (FDI),2023,1.997547459
Thailand,THA,"Foreign direct investment, net inflows (% of GDP)",BX.KLT.DINV.WD.GD.ZS,Đầu tư trực tiếp nước ngoài (FDI),2024,2.701652818
Thailand,THA,"Foreign direct investment, net inflows (% of GDP)",BX.KLT.DINV.WD.GD.ZS,Đầu tư trực tiếp nước ngoài (FDI),2025,3.265249029
Viet Nam,VNM,"Foreign direct investment, net inflows (BoP, current US$)",BX.KLT.DINV.CD.WD,Đầu tư trực tiếp nước ngoài (FDI),2015,11800000000.0
Viet Nam,VNM,"Foreign direct investment, net inflows (BoP, current US$)",BX.KLT.DINV.CD.WD,Đầu tư trực tiếp nước ngoài (FDI),2016,12600000000.0
Viet Nam,VNM,"Foreign direct investment, net inflows (BoP, current US$)",BX.KLT.DINV.CD.WD,Đầu tư trực tiếp nước ngoài (FDI),2017,14100000000.0
Viet Nam,VNM,"Foreign direct investment, net inflows (BoP, current US$)",BX.KLT.DINV.CD.WD,Đầu tư trực tiếp nước ngoài (FDI),2018,15500000000.0
Viet Nam,VNM,"Foreign direct investment, net inflows (BoP, current US$)",BX.KLT.DINV.CD.WD,Đầu tư trực tiếp nước ngoài (FDI),2019,16120000000.0
Viet Nam,VNM,"Foreign direct investment, net inflows (BoP, current US$)",BX.KLT.DINV.CD.WD,Đầu tư trực tiếp nước ngoài (FDI),2020,15800000000.0
Viet Nam,VNM,"Foreign direct investment, net inflows (BoP, current US$)",BX.KLT.DINV.CD.WD,Đầu tư trực tiếp nước ngoài (FDI),2021,15660000000.0
Viet Nam,VNM,"Foreign direct investment, net inflows (BoP, current US$)",BX.KLT.DINV.CD.WD,Đầu tư trực tiếp nước ngoài (FDI),2022,17900000000.0
Viet Nam,VNM,"Foreign direct investment, net inflows (BoP, current US$)",BX.KLT.DINV.CD.WD,Đầu tư trực tiếp nước ngoài (FDI),2023,18500000000.0
Viet Nam,VNM,"Foreign direct investment, net inflows (BoP, current US$)",BX.KLT.DINV.CD.WD,Đầu tư trực tiếp nước ngoài (FDI),2024,20170000000.0
Viet Nam,VNM,"Foreign direct investment, net inflows (BoP, current US$)",BX.KLT.DINV.CD.WD,Đầu tư trực tiếp nước ngoài (FDI),2025,
Viet Nam,VNM,"Foreign direct investment, net outflows (BoP, current US$)",BM.KLT.DINV.CD.WD,Đầu tư trực tiếp nước ngoài (FDI),2015,1100000000.0
Viet Nam,VNM,"Foreign direct investment, net outflows (BoP, current US$)",BM.KLT.DINV.CD.WD,Đầu tư trực tiếp nước ngoài (FDI),2016,1000000000.0
Viet Nam,VNM,"Foreign direct investment, net outflows (BoP, current US$)",BM.KLT.DINV.CD.WD,Đầu tư trực tiếp nước ngoài (FDI),2017,480000000.0
Viet Nam,VNM,"Foreign direct investment, net outflows (BoP, current US$)",BM.KLT.DINV.CD.WD,Đầu tư trực tiếp nước ngoài (FDI),2018,598000000.0
Viet Nam,VNM,"Foreign direct investment, net outflows (BoP, current US$)",BM.KLT.DINV.CD.WD,Đầu tư trực tiếp nước ngoài (FDI),2019,485000000.0
Viet Nam,VNM,"Foreign direct investment, net outflows (BoP, current US$)",BM.KLT.DINV.CD.WD,Đầu tư trực tiếp nước ngoài (FDI),2020,380000000.0
Viet Nam,VNM,"Foreign direct investment, net outflows (BoP, current US$)",BM.KLT.DINV.CD.WD,Đầu tư trực tiếp nước ngoài (FDI),2021,319000000.0
Viet Nam,VNM,"Foreign direct investment, net outflows (BoP, current US$)",BM.KLT.DINV.CD.WD,Đầu tư trực tiếp nước ngoài (FDI),2022,2674000000.0
Viet Nam,VNM,"Foreign direct investment, net outflows (BoP, current US$)",BM.KLT.DINV.CD.WD,Đầu tư trực tiếp nước ngoài (FDI),2023,-1550000000.0
Viet Nam,VNM,"Foreign direct investment, net outflows (BoP, current US$)",BM.KLT.DINV.CD.WD,Đầu tư trực tiếp nước ngoài (FDI),2024,600000000.0
Viet Nam,VNM,"Foreign direct investment, net outflows (BoP, current US$)",BM.KLT.DINV.CD.WD,Đầu tư trực tiếp nước ngoài (FDI),2025,
Viet Nam,VNM,"Foreign direct investment, net inflows (% of GDP)",BX.KLT.DINV.WD.GD.ZS,Đầu tư trực tiếp nước ngoài (FDI),2015,4.931907733
Viet Nam,VNM,"Foreign direct investment, net inflows (% of GDP)",BX.KLT.DINV.WD.GD.ZS,Đầu tư trực tiếp nước ngoài (FDI),2016,4.900893029
Viet Nam,VNM,"Foreign direct investment, net inflows (% of GDP)",BX.KLT.DINV.WD.GD.ZS,Đầu tư trực tiếp nước ngoài (FDI),2017,5.011487217
Viet Nam,VNM,"Foreign direct investment, net inflows (% of GDP)",BX.KLT.DINV.WD.GD.ZS,Đầu tư trực tiếp nước ngoài (FDI),2018,4.998283196
Viet Nam,VNM,"Foreign direct investment, net inflows (% of GDP)",BX.KLT.DINV.WD.GD.ZS,Đầu tư trực tiếp nước ngoài (FDI),2019,4.821074861
Viet Nam,VNM,"Foreign direct investment, net inflows (% of GDP)",BX.KLT.DINV.WD.GD.ZS,Đầu tư trực tiếp nước ngoài (FDI),2020,4.558361968
Viet Nam,VNM,"Foreign direct investment, net inflows (% of GDP)",BX.KLT.DINV.WD.GD.ZS,Đầu tư trực tiếp nước ngoài (FDI),2021,4.273145662
Viet Nam,VNM,"Foreign direct investment, net inflows (% of GDP)",BX.KLT.DINV.WD.GD.ZS,Đầu tư trực tiếp nước ngoài (FDI),2022,4.329473089
Viet Nam,VNM,"Foreign direct investment, net inflows (% of GDP)",BX.KLT.DINV.WD.GD.ZS,Đầu tư trực tiếp nước ngoài (FDI),2023,4.264588565
Viet Nam,VNM,"Foreign direct investment, net inflows (% of GDP)",BX.KLT.DINV.WD.GD.ZS,Đầu tư trực tiếp nước ngoài (FDI),2024,4.234507551
Viet Nam,VNM,"Foreign direct investment, net inflows (% of GDP)",BX.KLT.DINV.WD.GD.ZS,Đầu tư trực tiếp nước ngoài (FDI),2025,
Timor-Leste,TLS,"Foreign direct investment, net inflows (BoP, current US$)",BX.KLT.DINV.CD.WD,Đầu tư trực tiếp nước ngoài (FDI),2015,42995500.0
Timor-Leste,TLS,"Foreign direct investment, net inflows (BoP, current US$)",BX.KLT.DINV.CD.WD,Đầu tư trực tiếp nước ngoài (FDI),2016,5478700.0
Timor-Leste,TLS,"Foreign direct investment, net inflows (BoP, current US$)",BX.KLT.DINV.CD.WD,Đầu tư trực tiếp nước ngoài (FDI),2017,6715937.467
Timor-Leste,TLS,"Foreign direct investment, net inflows (BoP, current US$)",BX.KLT.DINV.CD.WD,Đầu tư trực tiếp nước ngoài (FDI),2018,47925664.57
Timor-Leste,TLS,"Foreign direct investment, net inflows (BoP, current US$)",BX.KLT.DINV.CD.WD,Đầu tư trực tiếp nước ngoài (FDI),2019,-158426602.4
Timor-Leste,TLS,"Foreign direct investment, net inflows (BoP, current US$)",BX.KLT.DINV.CD.WD,Đầu tư trực tiếp nước ngoài (FDI),2020,-350458946.4
Timor-Leste,TLS,"Foreign direct investment, net inflows (BoP, current US$)",BX.KLT.DINV.CD.WD,Đầu tư trực tiếp nước ngoài (FDI),2021,-239021184.5
Timor-Leste,TLS,"Foreign direct investment, net inflows (BoP, current US$)",BX.KLT.DINV.CD.WD,Đầu tư trực tiếp nước ngoài (FDI),2022,53663376.02
Timor-Leste,TLS,"Foreign direct investment, net inflows (BoP, current US$)",BX.KLT.DINV.CD.WD,Đầu tư trực tiếp nước ngoài (FDI),2023,122186169.2
Timor-Leste,TLS,"Foreign direct investment, net inflows (BoP, current US$)",BX.KLT.DINV.CD.WD,Đầu tư trực tiếp nước ngoài (FDI),2024,225465667.7
Timor-Leste,TLS,"Foreign direct investment, net inflows (BoP, current US$)",BX.KLT.DINV.CD.WD,Đầu tư trực tiếp nước ngoài (FDI),2025,253238202.1
Timor-Leste,TLS,"Foreign direct investment, net outflows (BoP, current US$)",BM.KLT.DINV.CD.WD,Đầu tư trực tiếp nước ngoài (FDI),2015,12666800.0
Timor-Leste,TLS,"Foreign direct investment, net outflows (BoP, current US$)",BM.KLT.DINV.CD.WD,Đầu tư trực tiếp nước ngoài (FDI),2016,12666800.0
Timor-Leste,TLS,"Foreign direct investment, net outflows (BoP, current US$)",BM.KLT.DINV.CD.WD,Đầu tư trực tiếp nước ngoài (FDI),2017,
Timor-Leste,TLS,"Foreign direct investment, net outflows (BoP, current US$)",BM.KLT.DINV.CD.WD,Đầu tư trực tiếp nước ngoài (FDI),2018,-30.0
Timor-Leste,TLS,"Foreign direct investment, net outflows (BoP, current US$)",BM.KLT.DINV.CD.WD,Đầu tư trực tiếp nước ngoài (FDI),2019,-3166666.667
Timor-Leste,TLS,"Foreign direct investment, net outflows (BoP, current US$)",BM.KLT.DINV.CD.WD,Đầu tư trực tiếp nước ngoài (FDI),2020,-25500000.0
Timor-Leste,TLS,"Foreign direct investment, net outflows (BoP, current US$)",BM.KLT.DINV.CD.WD,Đầu tư trực tiếp nước ngoài (FDI),2021,-8500000.0
Timor-Leste,TLS,"Foreign direct investment, net outflows (BoP, current US$)",BM.KLT.DINV.CD.WD,Đầu tư trực tiếp nước ngoài (FDI),2022,17000000.0
Timor-Leste,TLS,"Foreign direct investment, net outflows (BoP, current US$)",BM.KLT.DINV.CD.WD,Đầu tư trực tiếp nước ngoài (FDI),2023,-68000000.0
Timor-Leste,TLS,"Foreign direct investment, net outflows (BoP, current US$)",BM.KLT.DINV.CD.WD,Đầu tư trực tiếp nước ngoài (FDI),2024,4500000.0
Timor-Leste,TLS,"Foreign direct investment, net outflows (BoP, current US$)",BM.KLT.DINV.CD.WD,Đầu tư trực tiếp nước ngoài (FDI),2025,
Timor-Leste,TLS,"Foreign direct investment, net inflows (% of GDP)",BX.KLT.DINV.WD.GD.ZS,Đầu tư trực tiếp nước ngoài (FDI),2015,2.703639303
Timor-Leste,TLS,"Foreign direct investment, net inflows (% of GDP)",BX.KLT.DINV.WD.GD.ZS,Đầu tư trực tiếp nước ngoài (FDI),2016,0.333972461
Timor-Leste,TLS,"Foreign direct investment, net inflows (% of GDP)",BX.KLT.DINV.WD.GD.ZS,Đầu tư trực tiếp nước ngoài (FDI),2017,0.423750962
Timor-Leste,TLS,"Foreign direct investment, net inflows (% of GDP)",BX.KLT.DINV.WD.GD.ZS,Đầu tư trực tiếp nước ngoài (FDI),2018,3.08007813
Timor-Leste,TLS,"Foreign direct investment, net inflows (% of GDP)",BX.KLT.DINV.WD.GD.ZS,Đầu tư trực tiếp nước ngoài (FDI),2019,-7.794473503
Timor-Leste,TLS,"Foreign direct investment, net inflows (% of GDP)",BX.KLT.DINV.WD.GD.ZS,Đầu tư trực tiếp nước ngoài (FDI),2020,-16.20530079
Timor-Leste,TLS,"Foreign direct investment, net inflows (% of GDP)",BX.KLT.DINV.WD.GD.ZS,Đầu tư trực tiếp nước ngoài (FDI),2021,-6.593643649
Timor-Leste,TLS,"Foreign direct investment, net inflows (% of GDP)",BX.KLT.DINV.WD.GD.ZS,Đầu tư trực tiếp nước ngoài (FDI),2022,1.672485747
Timor-Leste,TLS,"Foreign direct investment, net inflows (% of GDP)",BX.KLT.DINV.WD.GD.ZS,Đầu tư trực tiếp nước ngoài (FDI),2023,5.874992607
Timor-Leste,TLS,"Foreign direct investment, net inflows (% of GDP)",BX.KLT.DINV.WD.GD.ZS,Đầu tư trực tiếp nước ngoài (FDI),2024,12.0853687
Timor-Leste,TLS,"Foreign direct investment, net inflows (% of GDP)",BX.KLT.DINV.WD.GD.ZS,Đầu tư trực tiếp nước ngoài (FDI),2025,13.31304965
Brunei Darussalam,BRN,"Literacy rate, adult total (% of people ages 15 and above)",SE.ADT.LITR.ZS,Giáo dục & Đào tạo,2015,
Brunei Darussalam,BRN,"Literacy rate, adult total (% of people ages 15 and above)",SE.ADT.LITR.ZS,Giáo dục & Đào tạo,2016,
Brunei Darussalam,BRN,"Literacy rate, adult total (% of people ages 15 and above)",SE.ADT.LITR.ZS,Giáo dục & Đào tạo,2017,
Brunei Darussalam,BRN,"Literacy rate, adult total (% of people ages 15 and above)",SE.ADT.LITR.ZS,Giáo dục & Đào tạo,2018,
Brunei Darussalam,BRN,"Literacy rate, adult total (% of people ages 15 and above)",SE.ADT.LITR.ZS,Giáo dục & Đào tạo,2019,
Brunei Darussalam,BRN,"Literacy rate, adult total (% of people ages 15 and above)",SE.ADT.LITR.ZS,Giáo dục & Đào tạo,2020,
Brunei Darussalam,BRN,"Literacy rate, adult total (% of people ages 15 and above)",SE.ADT.LITR.ZS,Giáo dục & Đào tạo,2021,
Brunei Darussalam,BRN,"Literacy rate, adult total (% of people ages 15 and above)",SE.ADT.LITR.ZS,Giáo dục & Đào tạo,2022,
Brunei Darussalam,BRN,"Literacy rate, adult total (% of people ages 15 and above)",SE.ADT.LITR.ZS,Giáo dục & Đào tạo,2023,
Brunei Darussalam,BRN,"Literacy rate, adult total (% of people ages 15 and above)",SE.ADT.LITR.ZS,Giáo dục & Đào tạo,2024,
Brunei Darussalam,BRN,"Literacy rate, adult total (% of people ages 15 and above)",SE.ADT.LITR.ZS,Giáo dục & Đào tạo,2025,
Brunei Darussalam,BRN,"School enrollment, primary (% gross)",SE.PRM.ENRR,Giáo dục & Đào tạo,2015,104.185794604632
Brunei Darussalam,BRN,"School enrollment, primary (% gross)",SE.PRM.ENRR,Giáo dục & Đào tạo,2016,105.726377387079
Brunei Darussalam,BRN,"School enrollment, primary (% gross)",SE.PRM.ENRR,Giáo dục & Đào tạo,2017,104.567053854277
Brunei Darussalam,BRN,"School enrollment, primary (% gross)",SE.PRM.ENRR,Giáo dục & Đào tạo,2018,104.179996298549
Brunei Darussalam,BRN,"School enrollment, primary (% gross)",SE.PRM.ENRR,Giáo dục & Đào tạo,2019,103.033008586959
Brunei Darussalam,BRN,"School enrollment, primary (% gross)",SE.PRM.ENRR,Giáo dục & Đào tạo,2020,102.709633966272
Brunei Darussalam,BRN,"School enrollment, primary (% gross)",SE.PRM.ENRR,Giáo dục & Đào tạo,2021,101.387926832397
Brunei Darussalam,BRN,"School enrollment, primary (% gross)",SE.PRM.ENRR,Giáo dục & Đào tạo,2022,99.134912983916
Brunei Darussalam,BRN,"School enrollment, primary (% gross)",SE.PRM.ENRR,Giáo dục & Đào tạo,2023,96.9292188716198
Brunei Darussalam,BRN,"School enrollment, primary (% gross)",SE.PRM.ENRR,Giáo dục & Đào tạo,2024,94.8207871800668
Brunei Darussalam,BRN,"School enrollment, primary (% gross)",SE.PRM.ENRR,Giáo dục & Đào tạo,2025,
Brunei Darussalam,BRN,"School enrollment, primary, female (% gross)",SE.PRM.ENRR.FE,Giáo dục & Đào tạo,2015,105.549867988577
Brunei Darussalam,BRN,"School enrollment, primary, female (% gross)",SE.PRM.ENRR.FE,Giáo dục & Đào tạo,2016,107.254623044097
Brunei Darussalam,BRN,"School enrollment, primary, female (% gross)",SE.PRM.ENRR.FE,Giáo dục & Đào tạo,2017,105.840786132273
Brunei Darussalam,BRN,"School enrollment, primary, female (% gross)",SE.PRM.ENRR.FE,Giáo dục & Đào tạo,2018,105.536255858836
Brunei Darussalam,BRN,"School enrollment, primary, female (% gross)",SE.PRM.ENRR.FE,Giáo dục & Đào tạo,2019,104.468201754386
Brunei Darussalam,BRN,"School enrollment, primary, female (% gross)",SE.PRM.ENRR.FE,Giáo dục & Đào tạo,2020,103.881500702779
Brunei Darussalam,BRN,"School enrollment, primary, female (% gross)",SE.PRM.ENRR.FE,Giáo dục & Đào tạo,2021,102.340118608751
Brunei Darussalam,BRN,"School enrollment, primary, female (% gross)",SE.PRM.ENRR.FE,Giáo dục & Đào tạo,2022,100.290344718366
Brunei Darussalam,BRN,"School enrollment, primary, female (% gross)",SE.PRM.ENRR.FE,Giáo dục & Đào tạo,2023,97.6206662134602
Brunei Darussalam,BRN,"School enrollment, primary, female (% gross)",SE.PRM.ENRR.FE,Giáo dục & Đào tạo,2024,95.0290408665167
Brunei Darussalam,BRN,"School enrollment, primary, female (% gross)",SE.PRM.ENRR.FE,Giáo dục & Đào tạo,2025,
Brunei Darussalam,BRN,"School enrollment, primary, male (% gross)",SE.PRM.ENRR.MA,Giáo dục & Đào tạo,2015,102.933465248578
Brunei Darussalam,BRN,"School enrollment, primary, male (% gross)",SE.PRM.ENRR.MA,Giáo dục & Đào tạo,2016,104.329783510824
Brunei Darussalam,BRN,"School enrollment, primary, male (% gross)",SE.PRM.ENRR.MA,Giáo dục & Đào tạo,2017,103.399777395528
Brunei Darussalam,BRN,"School enrollment, primary, male (% gross)",SE.PRM.ENRR.MA,Giáo dục & Đào tạo,2018,102.930719219829
Brunei Darussalam,BRN,"School enrollment, primary, male (% gross)",SE.PRM.ENRR.MA,Giáo dục & Đào tạo,2019,101.713623305277
Brunei Darussalam,BRN,"School enrollment, primary, male (% gross)",SE.PRM.ENRR.MA,Giáo dục & Đào tạo,2020,101.631434966426
Brunei Darussalam,BRN,"School enrollment, primary, male (% gross)",SE.PRM.ENRR.MA,Giáo dục & Đào tạo,2021,100.508340736354
Brunei Darussalam,BRN,"School enrollment, primary, male (% gross)",SE.PRM.ENRR.MA,Giáo dục & Đào tạo,2022,98.0659340659341
Brunei Darussalam,BRN,"School enrollment, primary, male (% gross)",SE.PRM.ENRR.MA,Giáo dục & Đào tạo,2023,96.29057187017
Brunei Darussalam,BRN,"School enrollment, primary, male (% gross)",SE.PRM.ENRR.MA,Giáo dục & Đào tạo,2024,94.6285383054777
Brunei Darussalam,BRN,"School enrollment, primary, male (% gross)",SE.PRM.ENRR.MA,Giáo dục & Đào tạo,2025,
Brunei Darussalam,BRN,"School enrollment, secondary (% gross)",SE.SEC.ENRR,Giáo dục & Đào tạo,2015,92.8161697387695
Brunei Darussalam,BRN,"School enrollment, secondary (% gross)",SE.SEC.ENRR,Giáo dục & Đào tạo,2016,90.0986175537109
Brunei Darussalam,BRN,"School enrollment, secondary (% gross)",SE.SEC.ENRR,Giáo dục & Đào tạo,2017,88.6814727783203
Brunei Darussalam,BRN,"School enrollment, secondary (% gross)",SE.SEC.ENRR,Giáo dục & Đào tạo,2018,89.1818084716797
Brunei Darussalam,BRN,"School enrollment, secondary (% gross)",SE.SEC.ENRR,Giáo dục & Đào tạo,2019,88.2910308837891
Brunei Darussalam,BRN,"School enrollment, secondary (% gross)",SE.SEC.ENRR,Giáo dục & Đào tạo,2020,86.6857810342997
Brunei Darussalam,BRN,"School enrollment, secondary (% gross)",SE.SEC.ENRR,Giáo dục & Đào tạo,2021,
Brunei Darussalam,BRN,"School enrollment, secondary (% gross)",SE.SEC.ENRR,Giáo dục & Đào tạo,2022,
Brunei Darussalam,BRN,"School enrollment, secondary (% gross)",SE.SEC.ENRR,Giáo dục & Đào tạo,2023,91.8381544399811
Brunei Darussalam,BRN,"School enrollment, secondary (% gross)",SE.SEC.ENRR,Giáo dục & Đào tạo,2024,
Brunei Darussalam,BRN,"School enrollment, secondary (% gross)",SE.SEC.ENRR,Giáo dục & Đào tạo,2025,
Brunei Darussalam,BRN,"School enrollment, secondary, female (% gross)",SE.SEC.ENRR.FE,Giáo dục & Đào tạo,2015,95.8460998535156
Brunei Darussalam,BRN,"School enrollment, secondary, female (% gross)",SE.SEC.ENRR.FE,Giáo dục & Đào tạo,2016,93.33837890625
Brunei Darussalam,BRN,"School enrollment, secondary, female (% gross)",SE.SEC.ENRR.FE,Giáo dục & Đào tạo,2017,91.7844619750977
Brunei Darussalam,BRN,"School enrollment, secondary, female (% gross)",SE.SEC.ENRR.FE,Giáo dục & Đào tạo,2018,92.0042572021484
Brunei Darussalam,BRN,"School enrollment, secondary, female (% gross)",SE.SEC.ENRR.FE,Giáo dục & Đào tạo,2019,91.2721405029297
Brunei Darussalam,BRN,"School enrollment, secondary, female (% gross)",SE.SEC.ENRR.FE,Giáo dục & Đào tạo,2020,89.4443214522913
Brunei Darussalam,BRN,"School enrollment, secondary, female (% gross)",SE.SEC.ENRR.FE,Giáo dục & Đào tạo,2021,
Brunei Darussalam,BRN,"School enrollment, secondary, female (% gross)",SE.SEC.ENRR.FE,Giáo dục & Đào tạo,2022,
Brunei Darussalam,BRN,"School enrollment, secondary, female (% gross)",SE.SEC.ENRR.FE,Giáo dục & Đào tạo,2023,93.2725572697522
Brunei Darussalam,BRN,"School enrollment, secondary, female (% gross)",SE.SEC.ENRR.FE,Giáo dục & Đào tạo,2024,
Brunei Darussalam,BRN,"School enrollment, secondary, female (% gross)",SE.SEC.ENRR.FE,Giáo dục & Đào tạo,2025,
Brunei Darussalam,BRN,"School enrollment, secondary, male (% gross)",SE.SEC.ENRR.MA,Giáo dục & Đào tạo,2015,90.1488571166992
Brunei Darussalam,BRN,"School enrollment, secondary, male (% gross)",SE.SEC.ENRR.MA,Giáo dục & Đào tạo,2016,87.226432800293
Brunei Darussalam,BRN,"School enrollment, secondary, male (% gross)",SE.SEC.ENRR.MA,Giáo dục & Đào tạo,2017,85.900146484375
Brunei Darussalam,BRN,"School enrollment, secondary, male (% gross)",SE.SEC.ENRR.MA,Giáo dục & Đào tạo,2018,86.6286468505859
Brunei Darussalam,BRN,"School enrollment, secondary, male (% gross)",SE.SEC.ENRR.MA,Giáo dục & Đào tạo,2019,85.5654983520508
Brunei Darussalam,BRN,"School enrollment, secondary, male (% gross)",SE.SEC.ENRR.MA,Giáo dục & Đào tạo,2020,84.1428571428571
Brunei Darussalam,BRN,"School enrollment, secondary, male (% gross)",SE.SEC.ENRR.MA,Giáo dục & Đào tạo,2021,
Brunei Darussalam,BRN,"School enrollment, secondary, male (% gross)",SE.SEC.ENRR.MA,Giáo dục & Đào tạo,2022,
Brunei Darussalam,BRN,"School enrollment, secondary, male (% gross)",SE.SEC.ENRR.MA,Giáo dục & Đào tạo,2023,90.5140045746839
Brunei Darussalam,BRN,"School enrollment, secondary, male (% gross)",SE.SEC.ENRR.MA,Giáo dục & Đào tạo,2024,
Brunei Darussalam,BRN,"School enrollment, secondary, male (% gross)",SE.SEC.ENRR.MA,Giáo dục & Đào tạo,2025,
Brunei Darussalam,BRN,"School enrollment, tertiary (% gross)",SE.TER.ENRR,Giáo dục & Đào tạo,2015,28.6641292572021
Brunei Darussalam,BRN,"School enrollment, tertiary (% gross)",SE.TER.ENRR,Giáo dục & Đào tạo,2016,28.6644096374512
Brunei Darussalam,BRN,"School enrollment, tertiary (% gross)",SE.TER.ENRR,Giáo dục & Đào tạo,2017,31.2433910195239
Brunei Darussalam,BRN,"School enrollment, tertiary (% gross)",SE.TER.ENRR,Giáo dục & Đào tạo,2018,27.9285989469629
Brunei Darussalam,BRN,"School enrollment, tertiary (% gross)",SE.TER.ENRR,Giáo dục & Đào tạo,2019,27.7715019255456
Brunei Darussalam,BRN,"School enrollment, tertiary (% gross)",SE.TER.ENRR,Giáo dục & Đào tạo,2020,27.4692556634304
Brunei Darussalam,BRN,"School enrollment, tertiary (% gross)",SE.TER.ENRR,Giáo dục & Đào tạo,2021,27.4258937503291
Brunei Darussalam,BRN,"School enrollment, tertiary (% gross)",SE.TER.ENRR,Giáo dục & Đào tạo,2022,31.1925368707703
Brunei Darussalam,BRN,"School enrollment, tertiary (% gross)",SE.TER.ENRR,Giáo dục & Đào tạo,2023,36.4182725443167
Brunei Darussalam,BRN,"School enrollment, tertiary (% gross)",SE.TER.ENRR,Giáo dục & Đào tạo,2024,
Brunei Darussalam,BRN,"School enrollment, tertiary (% gross)",SE.TER.ENRR,Giáo dục & Đào tạo,2025,
Brunei Darussalam,BRN,"School enrollment, tertiary, female (% gross)",SE.TER.ENRR.FE,Giáo dục & Đào tạo,2015,37.9300498962402
Brunei Darussalam,BRN,"School enrollment, tertiary, female (% gross)",SE.TER.ENRR.FE,Giáo dục & Đào tạo,2016,37.6065483093262
Brunei Darussalam,BRN,"School enrollment, tertiary, female (% gross)",SE.TER.ENRR.FE,Giáo dục & Đào tạo,2017,40.9387222946545
Brunei Darussalam,BRN,"School enrollment, tertiary, female (% gross)",SE.TER.ENRR.FE,Giáo dục & Đào tạo,2018,36.2713402529635
Brunei Darussalam,BRN,"School enrollment, tertiary, female (% gross)",SE.TER.ENRR.FE,Giáo dục & Đào tạo,2019,36.2713402529635
Brunei Darussalam,BRN,"School enrollment, tertiary, female (% gross)",SE.TER.ENRR.FE,Giáo dục & Đào tạo,2020,35.5832763727501
Brunei Darussalam,BRN,"School enrollment, tertiary, female (% gross)",SE.TER.ENRR.FE,Giáo dục & Đào tạo,2021,35.2920922759096
Brunei Darussalam,BRN,"School enrollment, tertiary, female (% gross)",SE.TER.ENRR.FE,Giáo dục & Đào tạo,2022,39.8634180218763
Brunei Darussalam,BRN,"School enrollment, tertiary, female (% gross)",SE.TER.ENRR.FE,Giáo dục & Đào tạo,2023,44.5215869311552
Brunei Darussalam,BRN,"School enrollment, tertiary, female (% gross)",SE.TER.ENRR.FE,Giáo dục & Đào tạo,2024,
Brunei Darussalam,BRN,"School enrollment, tertiary, female (% gross)",SE.TER.ENRR.FE,Giáo dục & Đào tạo,2025,
Brunei Darussalam,BRN,"School enrollment, tertiary, male (% gross)",SE.TER.ENRR.MA,Giáo dục & Đào tạo,2015,20.744649887085
Brunei Darussalam,BRN,"School enrollment, tertiary, male (% gross)",SE.TER.ENRR.MA,Giáo dục & Đào tạo,2016,21.1032104492188
Brunei Darussalam,BRN,"School enrollment, tertiary, male (% gross)",SE.TER.ENRR.MA,Giáo dục & Đào tạo,2017,23.149725534734
Brunei Darussalam,BRN,"School enrollment, tertiary, male (% gross)",SE.TER.ENRR.MA,Giáo dục & Đào tạo,2018,21.024220803605
Brunei Darussalam,BRN,"School enrollment, tertiary, male (% gross)",SE.TER.ENRR.MA,Giáo dục & Đào tạo,2019,20.7420610722829
Brunei Darussalam,BRN,"School enrollment, tertiary, male (% gross)",SE.TER.ENRR.MA,Giáo dục & Đào tạo,2020,20.7081494138307
Brunei Darussalam,BRN,"School enrollment, tertiary, male (% gross)",SE.TER.ENRR.MA,Giáo dục & Đào tạo,2021,20.7587548638132
Brunei Darussalam,BRN,"School enrollment, tertiary, male (% gross)",SE.TER.ENRR.MA,Giáo dục & Đào tạo,2022,23.6294800605755
Brunei Darussalam,BRN,"School enrollment, tertiary, male (% gross)",SE.TER.ENRR.MA,Giáo dục & Đào tạo,2023,29.1590445826582
Brunei Darussalam,BRN,"School enrollment, tertiary, male (% gross)",SE.TER.ENRR.MA,Giáo dục & Đào tạo,2024,
Brunei Darussalam,BRN,"School enrollment, tertiary, male (% gross)",SE.TER.ENRR.MA,Giáo dục & Đào tạo,2025,
Brunei Darussalam,BRN,"Government expenditure on education, total (% of GDP)",SE.XPD.TOTL.GD.ZS,Giáo dục & Đào tạo,2015,
Brunei Darussalam,BRN,"Government expenditure on education, total (% of GDP)",SE.XPD.TOTL.GD.ZS,Giáo dục & Đào tạo,2016,4.42539978027344
Brunei Darussalam,BRN,"Government expenditure on education, total (% of GDP)",SE.XPD.TOTL.GD.ZS,Giáo dục & Đào tạo,2017,
Brunei Darussalam,BRN,"Government expenditure on education, total (% of GDP)",SE.XPD.TOTL.GD.ZS,Giáo dục & Đào tạo,2018,
Brunei Darussalam,BRN,"Government expenditure on education, total (% of GDP)",SE.XPD.TOTL.GD.ZS,Giáo dục & Đào tạo,2019,
Brunei Darussalam,BRN,"Government expenditure on education, total (% of GDP)",SE.XPD.TOTL.GD.ZS,Giáo dục & Đào tạo,2020,
Brunei Darussalam,BRN,"Government expenditure on education, total (% of GDP)",SE.XPD.TOTL.GD.ZS,Giáo dục & Đào tạo,2021,
Brunei Darussalam,BRN,"Government expenditure on education, total (% of GDP)",SE.XPD.TOTL.GD.ZS,Giáo dục & Đào tạo,2022,
Brunei Darussalam,BRN,"Government expenditure on education, total (% of GDP)",SE.XPD.TOTL.GD.ZS,Giáo dục & Đào tạo,2023,
Brunei Darussalam,BRN,"Government expenditure on education, total (% of GDP)",SE.XPD.TOTL.GD.ZS,Giáo dục & Đào tạo,2024,
Brunei Darussalam,BRN,"Government expenditure on education, total (% of GDP)",SE.XPD.TOTL.GD.ZS,Giáo dục & Đào tạo,2025,
Cambodia,KHM,"Literacy rate, adult total (% of people ages 15 and above)",SE.ADT.LITR.ZS,Giáo dục & Đào tạo,2015,80.5299987792969
Cambodia,KHM,"Literacy rate, adult total (% of people ages 15 and above)",SE.ADT.LITR.ZS,Giáo dục & Đào tạo,2016,
Cambodia,KHM,"Literacy rate, adult total (% of people ages 15 and above)",SE.ADT.LITR.ZS,Giáo dục & Đào tạo,2017,
Cambodia,KHM,"Literacy rate, adult total (% of people ages 15 and above)",SE.ADT.LITR.ZS,Giáo dục & Đào tạo,2018,
Cambodia,KHM,"Literacy rate, adult total (% of people ages 15 and above)",SE.ADT.LITR.ZS,Giáo dục & Đào tạo,2019,87.6600036621094
Cambodia,KHM,"Literacy rate, adult total (% of people ages 15 and above)",SE.ADT.LITR.ZS,Giáo dục & Đào tạo,2020,82.5510430822563
Cambodia,KHM,"Literacy rate, adult total (% of people ages 15 and above)",SE.ADT.LITR.ZS,Giáo dục & Đào tạo,2021,71.9300003051758
Cambodia,KHM,"Literacy rate, adult total (% of people ages 15 and above)",SE.ADT.LITR.ZS,Giáo dục & Đào tạo,2022,
Cambodia,KHM,"Literacy rate, adult total (% of people ages 15 and above)",SE.ADT.LITR.ZS,Giáo dục & Đào tạo,2023,
Cambodia,KHM,"Literacy rate, adult total (% of people ages 15 and above)",SE.ADT.LITR.ZS,Giáo dục & Đào tạo,2024,
Cambodia,KHM,"Literacy rate, adult total (% of people ages 15 and above)",SE.ADT.LITR.ZS,Giáo dục & Đào tạo,2025,
Cambodia,KHM,"School enrollment, primary (% gross)",SE.PRM.ENRR,Giáo dục & Đào tạo,2015,103.759672683505
Cambodia,KHM,"School enrollment, primary (% gross)",SE.PRM.ENRR,Giáo dục & Đào tạo,2016,101.734266788056
Cambodia,KHM,"School enrollment, primary (% gross)",SE.PRM.ENRR,Giáo dục & Đào tạo,2017,100.69503505776
Cambodia,KHM,"School enrollment, primary (% gross)",SE.PRM.ENRR,Giáo dục & Đào tạo,2018,99.6739108443274
Cambodia,KHM,"School enrollment, primary (% gross)",SE.PRM.ENRR,Giáo dục & Đào tạo,2019,100.480819545412
Cambodia,KHM,"School enrollment, primary (% gross)",SE.PRM.ENRR,Giáo dục & Đào tạo,2020,107.021018981934
Cambodia,KHM,"School enrollment, primary (% gross)",SE.PRM.ENRR,Giáo dục & Đào tạo,2021,105.282475574163
Cambodia,KHM,"School enrollment, primary (% gross)",SE.PRM.ENRR,Giáo dục & Đào tạo,2022,106.331544381276
Cambodia,KHM,"School enrollment, primary (% gross)",SE.PRM.ENRR,Giáo dục & Đào tạo,2023,107.039014463223
Cambodia,KHM,"School enrollment, primary (% gross)",SE.PRM.ENRR,Giáo dục & Đào tạo,2024,108.971332849667
Cambodia,KHM,"School enrollment, primary (% gross)",SE.PRM.ENRR,Giáo dục & Đào tạo,2025,
Cambodia,KHM,"School enrollment, primary, female (% gross)",SE.PRM.ENRR.FE,Giáo dục & Đào tạo,2015,102.195360749337
Cambodia,KHM,"School enrollment, primary, female (% gross)",SE.PRM.ENRR.FE,Giáo dục & Đào tạo,2016,100.390272737799
Cambodia,KHM,"School enrollment, primary, female (% gross)",SE.PRM.ENRR.FE,Giáo dục & Đào tạo,2017,99.0886822280737
Cambodia,KHM,"School enrollment, primary, female (% gross)",SE.PRM.ENRR.FE,Giáo dục & Đào tạo,2018,98.0772877016142
Cambodia,KHM,"School enrollment, primary, female (% gross)",SE.PRM.ENRR.FE,Giáo dục & Đào tạo,2019,98.6792042848618
Cambodia,KHM,"School enrollment, primary, female (% gross)",SE.PRM.ENRR.FE,Giáo dục & Đào tạo,2020,105.079322814941
Cambodia,KHM,"School enrollment, primary, female (% gross)",SE.PRM.ENRR.FE,Giáo dục & Đào tạo,2021,104.104167820216
Cambodia,KHM,"School enrollment, primary, female (% gross)",SE.PRM.ENRR.FE,Giáo dục & Đào tạo,2022,106.427598526169
Cambodia,KHM,"School enrollment, primary, female (% gross)",SE.PRM.ENRR.FE,Giáo dục & Đào tạo,2023,104.901075458282
Cambodia,KHM,"School enrollment, primary, female (% gross)",SE.PRM.ENRR.FE,Giáo dục & Đào tạo,2024,106.706506214922
Cambodia,KHM,"School enrollment, primary, female (% gross)",SE.PRM.ENRR.FE,Giáo dục & Đào tạo,2025,
Cambodia,KHM,"School enrollment, primary, male (% gross)",SE.PRM.ENRR.MA,Giáo dục & Đào tạo,2015,105.262329438823
Cambodia,KHM,"School enrollment, primary, male (% gross)",SE.PRM.ENRR.MA,Giáo dục & Đào tạo,2016,103.024508500353
Cambodia,KHM,"School enrollment, primary, male (% gross)",SE.PRM.ENRR.MA,Giáo dục & Đào tạo,2017,102.235996747116
Cambodia,KHM,"School enrollment, primary, male (% gross)",SE.PRM.ENRR.MA,Giáo dục & Đào tạo,2018,101.200026768493
Cambodia,KHM,"School enrollment, primary, male (% gross)",SE.PRM.ENRR.MA,Giáo dục & Đào tạo,2019,102.201439604311
Cambodia,KHM,"School enrollment, primary, male (% gross)",SE.PRM.ENRR.MA,Giáo dục & Đào tạo,2020,108.880889892578
Cambodia,KHM,"School enrollment, primary, male (% gross)",SE.PRM.ENRR.MA,Giáo dục & Đào tạo,2021,106.413669721355
Cambodia,KHM,"School enrollment, primary, male (% gross)",SE.PRM.ENRR.MA,Giáo dục & Đào tạo,2022,106.239215266906
Cambodia,KHM,"School enrollment, primary, male (% gross)",SE.PRM.ENRR.MA,Giáo dục & Đào tạo,2023,109.094020284775
Cambodia,KHM,"School enrollment, primary, male (% gross)",SE.PRM.ENRR.MA,Giáo dục & Đào tạo,2024,111.146219714642
Cambodia,KHM,"School enrollment, primary, male (% gross)",SE.PRM.ENRR.MA,Giáo dục & Đào tạo,2025,
Cambodia,KHM,"School enrollment, secondary (% gross)",SE.SEC.ENRR,Giáo dục & Đào tạo,2015,
Cambodia,KHM,"School enrollment, secondary (% gross)",SE.SEC.ENRR,Giáo dục & Đào tạo,2016,
Cambodia,KHM,"School enrollment, secondary (% gross)",SE.SEC.ENRR,Giáo dục & Đào tạo,2017,48.9424458707368
Cambodia,KHM,"School enrollment, secondary (% gross)",SE.SEC.ENRR,Giáo dục & Đào tạo,2018,50.199099715459
Cambodia,KHM,"School enrollment, secondary (% gross)",SE.SEC.ENRR,Giáo dục & Đào tạo,2019,49.7344518908574
Cambodia,KHM,"School enrollment, secondary (% gross)",SE.SEC.ENRR,Giáo dục & Đào tạo,2020,51.8196983337402
Cambodia,KHM,"School enrollment, secondary (% gross)",SE.SEC.ENRR,Giáo dục & Đào tạo,2021,54.2809323078227
Cambodia,KHM,"School enrollment, secondary (% gross)",SE.SEC.ENRR,Giáo dục & Đào tạo,2022,55.1346812645406
Cambodia,KHM,"School enrollment, secondary (% gross)",SE.SEC.ENRR,Giáo dục & Đào tạo,2023,56.7864734981041
Cambodia,KHM,"School enrollment, secondary (% gross)",SE.SEC.ENRR,Giáo dục & Đào tạo,2024,58.7893230437643
Cambodia,KHM,"School enrollment, secondary (% gross)",SE.SEC.ENRR,Giáo dục & Đào tạo,2025,
Cambodia,KHM,"School enrollment, secondary, female (% gross)",SE.SEC.ENRR.FE,Giáo dục & Đào tạo,2015,
Cambodia,KHM,"School enrollment, secondary, female (% gross)",SE.SEC.ENRR.FE,Giáo dục & Đào tạo,2016,
Cambodia,KHM,"School enrollment, secondary, female (% gross)",SE.SEC.ENRR.FE,Giáo dục & Đào tạo,2017,51.2054747282757
Cambodia,KHM,"School enrollment, secondary, female (% gross)",SE.SEC.ENRR.FE,Giáo dục & Đào tạo,2018,53.0927446861047
Cambodia,KHM,"School enrollment, secondary, female (% gross)",SE.SEC.ENRR.FE,Giáo dục & Đào tạo,2019,53.3177080845995
Cambodia,KHM,"School enrollment, secondary, female (% gross)",SE.SEC.ENRR.FE,Giáo dục & Đào tạo,2020,54.5285415649414
Cambodia,KHM,"School enrollment, secondary, female (% gross)",SE.SEC.ENRR.FE,Giáo dục & Đào tạo,2021,59.1888520896695
Cambodia,KHM,"School enrollment, secondary, female (% gross)",SE.SEC.ENRR.FE,Giáo dục & Đào tạo,2022,59.850293235261
Cambodia,KHM,"School enrollment, secondary, female (% gross)",SE.SEC.ENRR.FE,Giáo dục & Đào tạo,2023,60.3343523907692
Cambodia,KHM,"School enrollment, secondary, female (% gross)",SE.SEC.ENRR.FE,Giáo dục & Đào tạo,2024,63.098667348683
Cambodia,KHM,"School enrollment, secondary, female (% gross)",SE.SEC.ENRR.FE,Giáo dục & Đào tạo,2025,
Cambodia,KHM,"School enrollment, secondary, male (% gross)",SE.SEC.ENRR.MA,Giáo dục & Đào tạo,2015,
Cambodia,KHM,"School enrollment, secondary, male (% gross)",SE.SEC.ENRR.MA,Giáo dục & Đào tạo,2016,
Cambodia,KHM,"School enrollment, secondary, male (% gross)",SE.SEC.ENRR.MA,Giáo dục & Đào tạo,2017,46.7396418517422
Cambodia,KHM,"School enrollment, secondary, male (% gross)",SE.SEC.ENRR.MA,Giáo dục & Đào tạo,2018,47.3937876265308
Cambodia,KHM,"School enrollment, secondary, male (% gross)",SE.SEC.ENRR.MA,Giáo dục & Đào tạo,2019,46.291027727212
Cambodia,KHM,"School enrollment, secondary, male (% gross)",SE.SEC.ENRR.MA,Giáo dục & Đào tạo,2020,49.2192115783691
Cambodia,KHM,"School enrollment, secondary, male (% gross)",SE.SEC.ENRR.MA,Giáo dục & Đào tạo,2021,49.5855454730085
Cambodia,KHM,"School enrollment, secondary, male (% gross)",SE.SEC.ENRR.MA,Giáo dục & Đào tạo,2022,50.6193227367582
Cambodia,KHM,"School enrollment, secondary, male (% gross)",SE.SEC.ENRR.MA,Giáo dục & Đào tạo,2023,53.3831989895347
Cambodia,KHM,"School enrollment, secondary, male (% gross)",SE.SEC.ENRR.MA,Giáo dục & Đào tạo,2024,54.6451764707084
Cambodia,KHM,"School enrollment, secondary, male (% gross)",SE.SEC.ENRR.MA,Giáo dục & Đào tạo,2025,
Cambodia,KHM,"School enrollment, tertiary (% gross)",SE.TER.ENRR,Giáo dục & Đào tạo,2015,13.615484963166
Cambodia,KHM,"School enrollment, tertiary (% gross)",SE.TER.ENRR,Giáo dục & Đào tạo,2016,
Cambodia,KHM,"School enrollment, tertiary (% gross)",SE.TER.ENRR,Giáo dục & Đào tạo,2017,12.5181529981862
Cambodia,KHM,"School enrollment, tertiary (% gross)",SE.TER.ENRR,Giáo dục & Đào tạo,2018,13.2671737077763
Cambodia,KHM,"School enrollment, tertiary (% gross)",SE.TER.ENRR,Giáo dục & Đào tạo,2019,12.9409846754696
Cambodia,KHM,"School enrollment, tertiary (% gross)",SE.TER.ENRR,Giáo dục & Đào tạo,2020,13.8767573747135
Cambodia,KHM,"School enrollment, tertiary (% gross)",SE.TER.ENRR,Giáo dục & Đào tạo,2021,13.5005634857238
Cambodia,KHM,"School enrollment, tertiary (% gross)",SE.TER.ENRR,Giáo dục & Đào tạo,2022,14.6069513022825
Cambodia,KHM,"School enrollment, tertiary (% gross)",SE.TER.ENRR,Giáo dục & Đào tạo,2023,17.4362364390629
Cambodia,KHM,"School enrollment, tertiary (% gross)",SE.TER.ENRR,Giáo dục & Đào tạo,2024,21.4437426836662
Cambodia,KHM,"School enrollment, tertiary (% gross)",SE.TER.ENRR,Giáo dục & Đào tạo,2025,
Cambodia,KHM,"School enrollment, tertiary, female (% gross)",SE.TER.ENRR.FE,Giáo dục & Đào tạo,2015,12.0145785041136
Cambodia,KHM,"School enrollment, tertiary, female (% gross)",SE.TER.ENRR.FE,Giáo dục & Đào tạo,2016,
Cambodia,KHM,"School enrollment, tertiary, female (% gross)",SE.TER.ENRR.FE,Giáo dục & Đào tạo,2017,12.1344359974038
Cambodia,KHM,"School enrollment, tertiary, female (% gross)",SE.TER.ENRR.FE,Giáo dục & Đào tạo,2018,13.1598079499194
Cambodia,KHM,"School enrollment, tertiary, female (% gross)",SE.TER.ENRR.FE,Giáo dục & Đào tạo,2019,14.5145863362757
Cambodia,KHM,"School enrollment, tertiary, female (% gross)",SE.TER.ENRR.FE,Giáo dục & Đào tạo,2020,14.7938127420907
Cambodia,KHM,"School enrollment, tertiary, female (% gross)",SE.TER.ENRR.FE,Giáo dục & Đào tạo,2021,13.6561596079933
Cambodia,KHM,"School enrollment, tertiary, female (% gross)",SE.TER.ENRR.FE,Giáo dục & Đào tạo,2022,13.7625064842526
Cambodia,KHM,"School enrollment, tertiary, female (% gross)",SE.TER.ENRR.FE,Giáo dục & Đào tạo,2023,18.7855793507951
Cambodia,KHM,"School enrollment, tertiary, female (% gross)",SE.TER.ENRR.FE,Giáo dục & Đào tạo,2024,22.6925861944058
Cambodia,KHM,"School enrollment, tertiary, female (% gross)",SE.TER.ENRR.FE,Giáo dục & Đào tạo,2025,
Cambodia,KHM,"School enrollment, tertiary, male (% gross)",SE.TER.ENRR.MA,Giáo dục & Đào tạo,2015,15.1867156107376
Cambodia,KHM,"School enrollment, tertiary, male (% gross)",SE.TER.ENRR.MA,Giáo dục & Đào tạo,2016,
Cambodia,KHM,"School enrollment, tertiary, male (% gross)",SE.TER.ENRR.MA,Giáo dục & Đào tạo,2017,12.8981590226799
Cambodia,KHM,"School enrollment, tertiary, male (% gross)",SE.TER.ENRR.MA,Giáo dục & Đào tạo,2018,13.3747621730465
Cambodia,KHM,"School enrollment, tertiary, male (% gross)",SE.TER.ENRR.MA,Giáo dục & Đào tạo,2019,11.3454330995231
Cambodia,KHM,"School enrollment, tertiary, male (% gross)",SE.TER.ENRR.MA,Giáo dục & Đào tạo,2020,12.9473038915107
Cambodia,KHM,"School enrollment, tertiary, male (% gross)",SE.TER.ENRR.MA,Giáo dục & Đào tạo,2021,13.3444704361961
Cambodia,KHM,"School enrollment, tertiary, male (% gross)",SE.TER.ENRR.MA,Giáo dục & Đào tạo,2022,15.4474004503566
Cambodia,KHM,"School enrollment, tertiary, male (% gross)",SE.TER.ENRR.MA,Giáo dục & Đào tạo,2023,16.1011763576224
Cambodia,KHM,"School enrollment, tertiary, male (% gross)",SE.TER.ENRR.MA,Giáo dục & Đào tạo,2024,20.2136211480019
Cambodia,KHM,"School enrollment, tertiary, male (% gross)",SE.TER.ENRR.MA,Giáo dục & Đào tạo,2025,
Cambodia,KHM,"Government expenditure on education, total (% of GDP)",SE.XPD.TOTL.GD.ZS,Giáo dục & Đào tạo,2015,
Cambodia,KHM,"Government expenditure on education, total (% of GDP)",SE.XPD.TOTL.GD.ZS,Giáo dục & Đào tạo,2016,
Cambodia,KHM,"Government expenditure on education, total (% of GDP)",SE.XPD.TOTL.GD.ZS,Giáo dục & Đào tạo,2017,
Cambodia,KHM,"Government expenditure on education, total (% of GDP)",SE.XPD.TOTL.GD.ZS,Giáo dục & Đào tạo,2018,1.60336995124817
Cambodia,KHM,"Government expenditure on education, total (% of GDP)",SE.XPD.TOTL.GD.ZS,Giáo dục & Đào tạo,2019,2.13345387893978
Cambodia,KHM,"Government expenditure on education, total (% of GDP)",SE.XPD.TOTL.GD.ZS,Giáo dục & Đào tạo,2020,2.2476462495972
Cambodia,KHM,"Government expenditure on education, total (% of GDP)",SE.XPD.TOTL.GD.ZS,Giáo dục & Đào tạo,2021,1.96232691812756
Cambodia,KHM,"Government expenditure on education, total (% of GDP)",SE.XPD.TOTL.GD.ZS,Giáo dục & Đào tạo,2022,1.95793279576416
Cambodia,KHM,"Government expenditure on education, total (% of GDP)",SE.XPD.TOTL.GD.ZS,Giáo dục & Đào tạo,2023,2.1809128340295
Cambodia,KHM,"Government expenditure on education, total (% of GDP)",SE.XPD.TOTL.GD.ZS,Giáo dục & Đào tạo,2024,
Cambodia,KHM,"Government expenditure on education, total (% of GDP)",SE.XPD.TOTL.GD.ZS,Giáo dục & Đào tạo,2025,
Indonesia,IDN,"Literacy rate, adult total (% of people ages 15 and above)",SE.ADT.LITR.ZS,Giáo dục & Đào tạo,2015,95.2200012207031
Indonesia,IDN,"Literacy rate, adult total (% of people ages 15 and above)",SE.ADT.LITR.ZS,Giáo dục & Đào tạo,2016,95.379997253418
Indonesia,IDN,"Literacy rate, adult total (% of people ages 15 and above)",SE.ADT.LITR.ZS,Giáo dục & Đào tạo,2017,
Indonesia,IDN,"Literacy rate, adult total (% of people ages 15 and above)",SE.ADT.LITR.ZS,Giáo dục & Đào tạo,2018,95.6600036621094
Indonesia,IDN,"Literacy rate, adult total (% of people ages 15 and above)",SE.ADT.LITR.ZS,Giáo dục & Đào tạo,2019,
Indonesia,IDN,"Literacy rate, adult total (% of people ages 15 and above)",SE.ADT.LITR.ZS,Giáo dục & Đào tạo,2020,96.0
Indonesia,IDN,"Literacy rate, adult total (% of people ages 15 and above)",SE.ADT.LITR.ZS,Giáo dục & Đào tạo,2021,
Indonesia,IDN,"Literacy rate, adult total (% of people ages 15 and above)",SE.ADT.LITR.ZS,Giáo dục & Đào tạo,2022,
Indonesia,IDN,"Literacy rate, adult total (% of people ages 15 and above)",SE.ADT.LITR.ZS,Giáo dục & Đào tạo,2023,
Indonesia,IDN,"Literacy rate, adult total (% of people ages 15 and above)",SE.ADT.LITR.ZS,Giáo dục & Đào tạo,2024,
Indonesia,IDN,"Literacy rate, adult total (% of people ages 15 and above)",SE.ADT.LITR.ZS,Giáo dục & Đào tạo,2025,
Indonesia,IDN,"School enrollment, primary (% gross)",SE.PRM.ENRR,Giáo dục & Đào tạo,2015,107.983525766989
Indonesia,IDN,"School enrollment, primary (% gross)",SE.PRM.ENRR,Giáo dục & Đào tạo,2016,105.922391949136
Indonesia,IDN,"School enrollment, primary (% gross)",SE.PRM.ENRR,Giáo dục & Đào tạo,2017,104.382521256166
Indonesia,IDN,"School enrollment, primary (% gross)",SE.PRM.ENRR,Giáo dục & Đào tạo,2018,103.299542869882
Indonesia,IDN,"School enrollment, primary (% gross)",SE.PRM.ENRR,Giáo dục & Đào tạo,2019,101.264685825869
Indonesia,IDN,"School enrollment, primary (% gross)",SE.PRM.ENRR,Giáo dục & Đào tạo,2020,100.951933675872
Indonesia,IDN,"School enrollment, primary (% gross)",SE.PRM.ENRR,Giáo dục & Đào tạo,2021,100.309665446849
Indonesia,IDN,"School enrollment, primary (% gross)",SE.PRM.ENRR,Giáo dục & Đào tạo,2022,98.7008730463611
Indonesia,IDN,"School enrollment, primary (% gross)",SE.PRM.ENRR,Giáo dục & Đào tạo,2023,98.1566275726904
Indonesia,IDN,"School enrollment, primary (% gross)",SE.PRM.ENRR,Giáo dục & Đào tạo,2024,100.036318150714
Indonesia,IDN,"School enrollment, primary (% gross)",SE.PRM.ENRR,Giáo dục & Đào tạo,2025,100.371428697375
Indonesia,IDN,"School enrollment, primary, female (% gross)",SE.PRM.ENRR.FE,Giáo dục & Đào tạo,2015,106.071836024553
Indonesia,IDN,"School enrollment, primary, female (% gross)",SE.PRM.ENRR.FE,Giáo dục & Đào tạo,2016,103.913111850824
Indonesia,IDN,"School enrollment, primary, female (% gross)",SE.PRM.ENRR.FE,Giáo dục & Đào tạo,2017,102.395366620706
Indonesia,IDN,"School enrollment, primary, female (% gross)",SE.PRM.ENRR.FE,Giáo dục & Đào tạo,2018,101.347509721216
Indonesia,IDN,"School enrollment, primary, female (% gross)",SE.PRM.ENRR.FE,Giáo dục & Đào tạo,2019,99.5440095250085
Indonesia,IDN,"School enrollment, primary, female (% gross)",SE.PRM.ENRR.FE,Giáo dục & Đào tạo,2020,99.1283586687451
Indonesia,IDN,"School enrollment, primary, female (% gross)",SE.PRM.ENRR.FE,Giáo dục & Đào tạo,2021,98.4981107931614
Indonesia,IDN,"School enrollment, primary, female (% gross)",SE.PRM.ENRR.FE,Giáo dục & Đào tạo,2022,96.8813148085376
Indonesia,IDN,"School enrollment, primary, female (% gross)",SE.PRM.ENRR.FE,Giáo dục & Đào tạo,2023,96.6062541740073
Indonesia,IDN,"School enrollment, primary, female (% gross)",SE.PRM.ENRR.FE,Giáo dục & Đào tạo,2024,98.5643951898382
Indonesia,IDN,"School enrollment, primary, female (% gross)",SE.PRM.ENRR.FE,Giáo dục & Đào tạo,2025,99.0626948866048
Indonesia,IDN,"School enrollment, primary, male (% gross)",SE.PRM.ENRR.MA,Giáo dục & Đào tạo,2015,109.797355099176
Indonesia,IDN,"School enrollment, primary, male (% gross)",SE.PRM.ENRR.MA,Giáo dục & Đào tạo,2016,107.829361985985
Indonesia,IDN,"School enrollment, primary, male (% gross)",SE.PRM.ENRR.MA,Giáo dục & Đào tạo,2017,106.269076854439
Indonesia,IDN,"School enrollment, primary, male (% gross)",SE.PRM.ENRR.MA,Giáo dục & Đào tạo,2018,105.153162865339
Indonesia,IDN,"School enrollment, primary, male (% gross)",SE.PRM.ENRR.MA,Giáo dục & Đào tạo,2019,102.898656364759
Indonesia,IDN,"School enrollment, primary, male (% gross)",SE.PRM.ENRR.MA,Giáo dục & Đào tạo,2020,102.683583606447
Indonesia,IDN,"School enrollment, primary, male (% gross)",SE.PRM.ENRR.MA,Giáo dục & Đào tạo,2021,102.029842697636
Indonesia,IDN,"School enrollment, primary, male (% gross)",SE.PRM.ENRR.MA,Giáo dục & Đào tạo,2022,100.428546184023
Indonesia,IDN,"School enrollment, primary, male (% gross)",SE.PRM.ENRR.MA,Giáo dục & Đào tạo,2023,99.628643930748
Indonesia,IDN,"School enrollment, primary, male (% gross)",SE.PRM.ENRR.MA,Giáo dục & Đào tạo,2024,101.43373630578
Indonesia,IDN,"School enrollment, primary, male (% gross)",SE.PRM.ENRR.MA,Giáo dục & Đào tạo,2025,101.61380480346
Indonesia,IDN,"School enrollment, secondary (% gross)",SE.SEC.ENRR,Giáo dục & Đào tạo,2015,87.8423207929976
Indonesia,IDN,"School enrollment, secondary (% gross)",SE.SEC.ENRR,Giáo dục & Đào tạo,2016,87.8191791728036
Indonesia,IDN,"School enrollment, secondary (% gross)",SE.SEC.ENRR,Giáo dục & Đào tạo,2017,90.9455391241064
Indonesia,IDN,"School enrollment, secondary (% gross)",SE.SEC.ENRR,Giáo dục & Đào tạo,2018,92.8120739600443
Indonesia,IDN,"School enrollment, secondary (% gross)",SE.SEC.ENRR,Giáo dục & Đào tạo,2019,94.9467044891028
Indonesia,IDN,"School enrollment, secondary (% gross)",SE.SEC.ENRR,Giáo dục & Đào tạo,2020,96.9345779132931
Indonesia,IDN,"School enrollment, secondary (% gross)",SE.SEC.ENRR,Giáo dục & Đào tạo,2021,97.8441479813619
Indonesia,IDN,"School enrollment, secondary (% gross)",SE.SEC.ENRR,Giáo dục & Đào tạo,2022,97.8167602714893
Indonesia,IDN,"School enrollment, secondary (% gross)",SE.SEC.ENRR,Giáo dục & Đào tạo,2023,96.0002120295081
Indonesia,IDN,"School enrollment, secondary (% gross)",SE.SEC.ENRR,Giáo dục & Đào tạo,2024,98.836444459078
Indonesia,IDN,"School enrollment, secondary (% gross)",SE.SEC.ENRR,Giáo dục & Đào tạo,2025,97.1701841816
Indonesia,IDN,"School enrollment, secondary, female (% gross)",SE.SEC.ENRR.FE,Giáo dục & Đào tạo,2015,88.012649448813
Indonesia,IDN,"School enrollment, secondary, female (% gross)",SE.SEC.ENRR.FE,Giáo dục & Đào tạo,2016,89.0999579586062
Indonesia,IDN,"School enrollment, secondary, female (% gross)",SE.SEC.ENRR.FE,Giáo dục & Đào tạo,2017,91.8476348896733
Indonesia,IDN,"School enrollment, secondary, female (% gross)",SE.SEC.ENRR.FE,Giáo dục & Đào tạo,2018,93.7541308046929
Indonesia,IDN,"School enrollment, secondary, female (% gross)",SE.SEC.ENRR.FE,Giáo dục & Đào tạo,2019,95.9420767172654
Indonesia,IDN,"School enrollment, secondary, female (% gross)",SE.SEC.ENRR.FE,Giáo dục & Đào tạo,2020,97.2526258977195
Indonesia,IDN,"School enrollment, secondary, female (% gross)",SE.SEC.ENRR.FE,Giáo dục & Đào tạo,2021,98.3041172391285
Indonesia,IDN,"School enrollment, secondary, female (% gross)",SE.SEC.ENRR.FE,Giáo dục & Đào tạo,2022,98.185474262024
Indonesia,IDN,"School enrollment, secondary, female (% gross)",SE.SEC.ENRR.FE,Giáo dục & Đào tạo,2023,97.4046705284819
Indonesia,IDN,"School enrollment, secondary, female (% gross)",SE.SEC.ENRR.FE,Giáo dục & Đào tạo,2024,98.6691707526139
Indonesia,IDN,"School enrollment, secondary, female (% gross)",SE.SEC.ENRR.FE,Giáo dục & Đào tạo,2025,95.4767374950021
Indonesia,IDN,"School enrollment, secondary, male (% gross)",SE.SEC.ENRR.MA,Giáo dục & Đào tạo,2015,87.6805844058321
Indonesia,IDN,"School enrollment, secondary, male (% gross)",SE.SEC.ENRR.MA,Giáo dục & Đào tạo,2016,86.6033723579406
Indonesia,IDN,"School enrollment, secondary, male (% gross)",SE.SEC.ENRR.MA,Giáo dục & Đào tạo,2017,90.0894692368084
Indonesia,IDN,"School enrollment, secondary, male (% gross)",SE.SEC.ENRR.MA,Giáo dục & Đào tạo,2018,91.9182546061094
Indonesia,IDN,"School enrollment, secondary, male (% gross)",SE.SEC.ENRR.MA,Giáo dục & Đào tạo,2019,94.002289337213
Indonesia,IDN,"School enrollment, secondary, male (% gross)",SE.SEC.ENRR.MA,Giáo dục & Đào tạo,2020,96.6327959191812
Indonesia,IDN,"School enrollment, secondary, male (% gross)",SE.SEC.ENRR.MA,Giáo dục & Đào tạo,2021,97.4076240173433
Indonesia,IDN,"School enrollment, secondary, male (% gross)",SE.SEC.ENRR.MA,Giáo dục & Đào tạo,2022,97.4667372645608
Indonesia,IDN,"School enrollment, secondary, male (% gross)",SE.SEC.ENRR.MA,Giáo dục & Đào tạo,2023,94.6665490281411
Indonesia,IDN,"School enrollment, secondary, male (% gross)",SE.SEC.ENRR.MA,Giáo dục & Đào tạo,2024,98.9953210778041
Indonesia,IDN,"School enrollment, secondary, male (% gross)",SE.SEC.ENRR.MA,Giáo dục & Đào tạo,2025,98.7786268028824
Indonesia,IDN,"School enrollment, tertiary (% gross)",SE.TER.ENRR,Giáo dục & Đào tạo,2015,32.4590200433758
Indonesia,IDN,"School enrollment, tertiary (% gross)",SE.TER.ENRR,Giáo dục & Đào tạo,2016,34.8307173410877
Indonesia,IDN,"School enrollment, tertiary (% gross)",SE.TER.ENRR,Giáo dục & Đào tạo,2017,35.967012362631
Indonesia,IDN,"School enrollment, tertiary (% gross)",SE.TER.ENRR,Giáo dục & Đào tạo,2018,36.1494878042588
Indonesia,IDN,"School enrollment, tertiary (% gross)",SE.TER.ENRR,Giáo dục & Đào tạo,2019,37.3230862728703
Indonesia,IDN,"School enrollment, tertiary (% gross)",SE.TER.ENRR,Giáo dục & Đào tạo,2020,38.1650601406923
Indonesia,IDN,"School enrollment, tertiary (% gross)",SE.TER.ENRR,Giáo dục & Đào tạo,2021,40.6293239880732
Indonesia,IDN,"School enrollment, tertiary (% gross)",SE.TER.ENRR,Giáo dục & Đào tạo,2022,42.3260385456152
Indonesia,IDN,"School enrollment, tertiary (% gross)",SE.TER.ENRR,Giáo dục & Đào tạo,2023,44.8813034886441
Indonesia,IDN,"School enrollment, tertiary (% gross)",SE.TER.ENRR,Giáo dục & Đào tạo,2024,
Indonesia,IDN,"School enrollment, tertiary (% gross)",SE.TER.ENRR,Giáo dục & Đào tạo,2025,
Indonesia,IDN,"School enrollment, tertiary, female (% gross)",SE.TER.ENRR.FE,Giáo dục & Đào tạo,2015,34.5220912776747
Indonesia,IDN,"School enrollment, tertiary, female (% gross)",SE.TER.ENRR.FE,Giáo dục & Đào tạo,2016,37.2604595362436
Indonesia,IDN,"School enrollment, tertiary, female (% gross)",SE.TER.ENRR.FE,Giáo dục & Đào tạo,2017,38.5952407318475
Indonesia,IDN,"School enrollment, tertiary, female (% gross)",SE.TER.ENRR.FE,Giáo dục & Đào tạo,2018,38.8659567828988
Indonesia,IDN,"School enrollment, tertiary, female (% gross)",SE.TER.ENRR.FE,Giáo dục & Đào tạo,2019,39.5239845592779
Indonesia,IDN,"School enrollment, tertiary, female (% gross)",SE.TER.ENRR.FE,Giáo dục & Đào tạo,2020,40.8939254732285
Indonesia,IDN,"School enrollment, tertiary, female (% gross)",SE.TER.ENRR.FE,Giáo dục & Đào tạo,2021,44.0458339836419
Indonesia,IDN,"School enrollment, tertiary, female (% gross)",SE.TER.ENRR.FE,Giáo dục & Đào tạo,2022,46.6107282434441
Indonesia,IDN,"School enrollment, tertiary, female (% gross)",SE.TER.ENRR.FE,Giáo dục & Đào tạo,2023,49.8897505872353
Indonesia,IDN,"School enrollment, tertiary, female (% gross)",SE.TER.ENRR.FE,Giáo dục & Đào tạo,2024,
Indonesia,IDN,"School enrollment, tertiary, female (% gross)",SE.TER.ENRR.FE,Giáo dục & Đào tạo,2025,
Indonesia,IDN,"School enrollment, tertiary, male (% gross)",SE.TER.ENRR.MA,Giáo dục & Đào tạo,2015,30.4981659300184
Indonesia,IDN,"School enrollment, tertiary, male (% gross)",SE.TER.ENRR.MA,Giáo dục & Đào tạo,2016,32.5202001733187
Indonesia,IDN,"School enrollment, tertiary, male (% gross)",SE.TER.ENRR.MA,Giáo dục & Đào tạo,2017,33.4663266882317
Indonesia,IDN,"School enrollment, tertiary, male (% gross)",SE.TER.ENRR.MA,Giáo dục & Đào tạo,2018,33.5640873664656
Indonesia,IDN,"School enrollment, tertiary, male (% gross)",SE.TER.ENRR.MA,Giáo dục & Đào tạo,2019,35.2283379088062
Indonesia,IDN,"School enrollment, tertiary, male (% gross)",SE.TER.ENRR.MA,Giáo dục & Đào tạo,2020,35.5680901166469
Indonesia,IDN,"School enrollment, tertiary, male (% gross)",SE.TER.ENRR.MA,Giáo dục & Đào tạo,2021,37.3788928461553
Indonesia,IDN,"School enrollment, tertiary, male (% gross)",SE.TER.ENRR.MA,Giáo dục & Đào tạo,2022,38.2511438594208
Indonesia,IDN,"School enrollment, tertiary, male (% gross)",SE.TER.ENRR.MA,Giáo dục & Đào tạo,2023,40.1195230358183
Indonesia,IDN,"School enrollment, tertiary, male (% gross)",SE.TER.ENRR.MA,Giáo dục & Đào tạo,2024,
Indonesia,IDN,"School enrollment, tertiary, male (% gross)",SE.TER.ENRR.MA,Giáo dục & Đào tạo,2025,
Indonesia,IDN,"Government expenditure on education, total (% of GDP)",SE.XPD.TOTL.GD.ZS,Giáo dục & Đào tạo,2015,3.58361005783081
Indonesia,IDN,"Government expenditure on education, total (% of GDP)",SE.XPD.TOTL.GD.ZS,Giáo dục & Đào tạo,2016,1.21023452496964
Indonesia,IDN,"Government expenditure on education, total (% of GDP)",SE.XPD.TOTL.GD.ZS,Giáo dục & Đào tạo,2017,1.05324382490056
Indonesia,IDN,"Government expenditure on education, total (% of GDP)",SE.XPD.TOTL.GD.ZS,Giáo dục & Đào tạo,2018,0.994436460846179
Indonesia,IDN,"Government expenditure on education, total (% of GDP)",SE.XPD.TOTL.GD.ZS,Giáo dục & Đào tạo,2019,0.964399077622927
Indonesia,IDN,"Government expenditure on education, total (% of GDP)",SE.XPD.TOTL.GD.ZS,Giáo dục & Đào tạo,2020,1.01593221347809
Indonesia,IDN,"Government expenditure on education, total (% of GDP)",SE.XPD.TOTL.GD.ZS,Giáo dục & Đào tạo,2021,1.03221750658374
Indonesia,IDN,"Government expenditure on education, total (% of GDP)",SE.XPD.TOTL.GD.ZS,Giáo dục & Đào tạo,2022,0.863943349575907
Indonesia,IDN,"Government expenditure on education, total (% of GDP)",SE.XPD.TOTL.GD.ZS,Giáo dục & Đào tạo,2023,1.27517088245674
Indonesia,IDN,"Government expenditure on education, total (% of GDP)",SE.XPD.TOTL.GD.ZS,Giáo dục & Đào tạo,2024,
Indonesia,IDN,"Government expenditure on education, total (% of GDP)",SE.XPD.TOTL.GD.ZS,Giáo dục & Đào tạo,2025,
Lao PDR,LAO,"Literacy rate, adult total (% of people ages 15 and above)",SE.ADT.LITR.ZS,Giáo dục & Đào tạo,2015,84.6600036621094
Lao PDR,LAO,"Literacy rate, adult total (% of people ages 15 and above)",SE.ADT.LITR.ZS,Giáo dục & Đào tạo,2016,
Lao PDR,LAO,"Literacy rate, adult total (% of people ages 15 and above)",SE.ADT.LITR.ZS,Giáo dục & Đào tạo,2017,73.7200012207031
Lao PDR,LAO,"Literacy rate, adult total (% of people ages 15 and above)",SE.ADT.LITR.ZS,Giáo dục & Đào tạo,2018,
Lao PDR,LAO,"Literacy rate, adult total (% of people ages 15 and above)",SE.ADT.LITR.ZS,Giáo dục & Đào tạo,2019,
Lao PDR,LAO,"Literacy rate, adult total (% of people ages 15 and above)",SE.ADT.LITR.ZS,Giáo dục & Đào tạo,2020,
Lao PDR,LAO,"Literacy rate, adult total (% of people ages 15 and above)",SE.ADT.LITR.ZS,Giáo dục & Đào tạo,2021,
Lao PDR,LAO,"Literacy rate, adult total (% of people ages 15 and above)",SE.ADT.LITR.ZS,Giáo dục & Đào tạo,2022,
Lao PDR,LAO,"Literacy rate, adult total (% of people ages 15 and above)",SE.ADT.LITR.ZS,Giáo dục & Đào tạo,2023,75.6399993896484
Lao PDR,LAO,"Literacy rate, adult total (% of people ages 15 and above)",SE.ADT.LITR.ZS,Giáo dục & Đào tạo,2024,
Lao PDR,LAO,"Literacy rate, adult total (% of people ages 15 and above)",SE.ADT.LITR.ZS,Giáo dục & Đào tạo,2025,
Lao PDR,LAO,"School enrollment, primary (% gross)",SE.PRM.ENRR,Giáo dục & Đào tạo,2015,114.302879123065
Lao PDR,LAO,"School enrollment, primary (% gross)",SE.PRM.ENRR,Giáo dục & Đào tạo,2016,110.502812681423
Lao PDR,LAO,"School enrollment, primary (% gross)",SE.PRM.ENRR,Giáo dục & Đào tạo,2017,107.444972491228
Lao PDR,LAO,"School enrollment, primary (% gross)",SE.PRM.ENRR,Giáo dục & Đào tạo,2018,104.275413158198
Lao PDR,LAO,"School enrollment, primary (% gross)",SE.PRM.ENRR,Giáo dục & Đào tạo,2019,101.978544594664
Lao PDR,LAO,"School enrollment, primary (% gross)",SE.PRM.ENRR,Giáo dục & Đào tạo,2020,100.27766790602
Lao PDR,LAO,"School enrollment, primary (% gross)",SE.PRM.ENRR,Giáo dục & Đào tạo,2021,99.1101994809825
Lao PDR,LAO,"School enrollment, primary (% gross)",SE.PRM.ENRR,Giáo dục & Đào tạo,2022,95.6988495024876
Lao PDR,LAO,"School enrollment, primary (% gross)",SE.PRM.ENRR,Giáo dục & Đào tạo,2023,95.0382534939216
Lao PDR,LAO,"School enrollment, primary (% gross)",SE.PRM.ENRR,Giáo dục & Đào tạo,2024,93.8514019047136
Lao PDR,LAO,"School enrollment, primary (% gross)",SE.PRM.ENRR,Giáo dục & Đào tạo,2025,93.1435250140429
Lao PDR,LAO,"School enrollment, primary, female (% gross)",SE.PRM.ENRR.FE,Giáo dục & Đào tạo,2015,111.54155100435
Lao PDR,LAO,"School enrollment, primary, female (% gross)",SE.PRM.ENRR.FE,Giáo dục & Đào tạo,2016,107.841115942933
Lao PDR,LAO,"School enrollment, primary, female (% gross)",SE.PRM.ENRR.FE,Giáo dục & Đào tạo,2017,105.157874834562
Lao PDR,LAO,"School enrollment, primary, female (% gross)",SE.PRM.ENRR.FE,Giáo dục & Đào tạo,2018,102.032570759679
Lao PDR,LAO,"School enrollment, primary, female (% gross)",SE.PRM.ENRR.FE,Giáo dục & Đào tạo,2019,100.015078651322
Lao PDR,LAO,"School enrollment, primary, female (% gross)",SE.PRM.ENRR.FE,Giáo dục & Đào tạo,2020,98.5599033492181
Lao PDR,LAO,"School enrollment, primary, female (% gross)",SE.PRM.ENRR.FE,Giáo dục & Đào tạo,2021,97.7110569939332
Lao PDR,LAO,"School enrollment, primary, female (% gross)",SE.PRM.ENRR.FE,Giáo dục & Đào tạo,2022,94.666811018632
Lao PDR,LAO,"School enrollment, primary, female (% gross)",SE.PRM.ENRR.FE,Giáo dục & Đào tạo,2023,94.1378932139742
Lao PDR,LAO,"School enrollment, primary, female (% gross)",SE.PRM.ENRR.FE,Giáo dục & Đào tạo,2024,93.0919887138028
Lao PDR,LAO,"School enrollment, primary, female (% gross)",SE.PRM.ENRR.FE,Giáo dục & Đào tạo,2025,92.6368956782226
Lao PDR,LAO,"School enrollment, primary, male (% gross)",SE.PRM.ENRR.MA,Giáo dục & Đào tạo,2015,116.976335712283
Lao PDR,LAO,"School enrollment, primary, male (% gross)",SE.PRM.ENRR.MA,Giáo dục & Đào tạo,2016,113.080301788454
Lao PDR,LAO,"School enrollment, primary, male (% gross)",SE.PRM.ENRR.MA,Giáo dục & Đào tạo,2017,109.65905673846
Lao PDR,LAO,"School enrollment, primary, male (% gross)",SE.PRM.ENRR.MA,Giáo dục & Đào tạo,2018,106.445190699471
Lao PDR,LAO,"School enrollment, primary, male (% gross)",SE.PRM.ENRR.MA,Giáo dục & Đào tạo,2019,103.875926634246
Lao PDR,LAO,"School enrollment, primary, male (% gross)",SE.PRM.ENRR.MA,Giáo dục & Đào tạo,2020,101.935308366905
Lao PDR,LAO,"School enrollment, primary, male (% gross)",SE.PRM.ENRR.MA,Giáo dục & Đào tạo,2021,100.458963560919
Lao PDR,LAO,"School enrollment, primary, male (% gross)",SE.PRM.ENRR.MA,Giáo dục & Đào tạo,2022,96.6930019128241
Lao PDR,LAO,"School enrollment, primary, male (% gross)",SE.PRM.ENRR.MA,Giáo dục & Đào tạo,2023,95.9050125823636
Lao PDR,LAO,"School enrollment, primary, male (% gross)",SE.PRM.ENRR.MA,Giáo dục & Đào tạo,2024,94.5820260112515
Lao PDR,LAO,"School enrollment, primary, male (% gross)",SE.PRM.ENRR.MA,Giáo dục & Đào tạo,2025,93.6307306130113
Lao PDR,LAO,"School enrollment, secondary (% gross)",SE.SEC.ENRR,Giáo dục & Đào tạo,2015,62.2967936554274
Lao PDR,LAO,"School enrollment, secondary (% gross)",SE.SEC.ENRR,Giáo dục & Đào tạo,2016,64.7630026961054
Lao PDR,LAO,"School enrollment, secondary (% gross)",SE.SEC.ENRR,Giáo dục & Đào tạo,2017,66.0411073482017
Lao PDR,LAO,"School enrollment, secondary (% gross)",SE.SEC.ENRR,Giáo dục & Đào tạo,2018,66.1528570578416
Lao PDR,LAO,"School enrollment, secondary (% gross)",SE.SEC.ENRR,Giáo dục & Đào tạo,2019,64.986385458831
Lao PDR,LAO,"School enrollment, secondary (% gross)",SE.SEC.ENRR,Giáo dục & Đào tạo,2020,62.4493058083911
Lao PDR,LAO,"School enrollment, secondary (% gross)",SE.SEC.ENRR,Giáo dục & Đào tạo,2021,59.8530595325837
Lao PDR,LAO,"School enrollment, secondary (% gross)",SE.SEC.ENRR,Giáo dục & Đào tạo,2022,56.8782044614964
Lao PDR,LAO,"School enrollment, secondary (% gross)",SE.SEC.ENRR,Giáo dục & Đào tạo,2023,54.4330611689851
Lao PDR,LAO,"School enrollment, secondary (% gross)",SE.SEC.ENRR,Giáo dục & Đào tạo,2024,51.8523602531839
Lao PDR,LAO,"School enrollment, secondary (% gross)",SE.SEC.ENRR,Giáo dục & Đào tạo,2025,50.5430058959811
Lao PDR,LAO,"School enrollment, secondary, female (% gross)",SE.SEC.ENRR.FE,Giáo dục & Đào tạo,2015,59.772232688381
Lao PDR,LAO,"School enrollment, secondary, female (% gross)",SE.SEC.ENRR.FE,Giáo dục & Đào tạo,2016,62.2666985609989
Lao PDR,LAO,"School enrollment, secondary, female (% gross)",SE.SEC.ENRR.FE,Giáo dục & Đào tạo,2017,63.5469120681911
Lao PDR,LAO,"School enrollment, secondary, female (% gross)",SE.SEC.ENRR.FE,Giáo dục & Đào tạo,2018,63.8298251272908
Lao PDR,LAO,"School enrollment, secondary, female (% gross)",SE.SEC.ENRR.FE,Giáo dục & Đào tạo,2019,62.7755100424821
Lao PDR,LAO,"School enrollment, secondary, female (% gross)",SE.SEC.ENRR.FE,Giáo dục & Đào tạo,2020,60.6465219892194
Lao PDR,LAO,"School enrollment, secondary, female (% gross)",SE.SEC.ENRR.FE,Giáo dục & Đào tạo,2021,58.3834691492585
Lao PDR,LAO,"School enrollment, secondary, female (% gross)",SE.SEC.ENRR.FE,Giáo dục & Đào tạo,2022,55.9171927545616
Lao PDR,LAO,"School enrollment, secondary, female (% gross)",SE.SEC.ENRR.FE,Giáo dục & Đào tạo,2023,53.2568302183413
Lao PDR,LAO,"School enrollment, secondary, female (% gross)",SE.SEC.ENRR.FE,Giáo dục & Đào tạo,2024,50.9977217073246
Lao PDR,LAO,"School enrollment, secondary, female (% gross)",SE.SEC.ENRR.FE,Giáo dục & Đào tạo,2025,50.0541759937577
Lao PDR,LAO,"School enrollment, secondary, male (% gross)",SE.SEC.ENRR.MA,Giáo dục & Đào tạo,2015,64.7493745875347
Lao PDR,LAO,"School enrollment, secondary, male (% gross)",SE.SEC.ENRR.MA,Giáo dục & Đào tạo,2016,67.1857252494244
Lao PDR,LAO,"School enrollment, secondary, male (% gross)",SE.SEC.ENRR.MA,Giáo dục & Đào tạo,2017,68.4634290227306
Lao PDR,LAO,"School enrollment, secondary, male (% gross)",SE.SEC.ENRR.MA,Giáo dục & Đào tạo,2018,68.41176561141
Lao PDR,LAO,"School enrollment, secondary, male (% gross)",SE.SEC.ENRR.MA,Giáo dục & Đào tạo,2019,67.134747707525
Lao PDR,LAO,"School enrollment, secondary, male (% gross)",SE.SEC.ENRR.MA,Giáo dục & Đào tạo,2020,64.1987528077172
Lao PDR,LAO,"School enrollment, secondary, male (% gross)",SE.SEC.ENRR.MA,Giáo dục & Đào tạo,2021,61.2779237030297
Lao PDR,LAO,"School enrollment, secondary, male (% gross)",SE.SEC.ENRR.MA,Giáo dục & Đào tạo,2022,57.8099246443223
Lao PDR,LAO,"School enrollment, secondary, male (% gross)",SE.SEC.ENRR.MA,Giáo dục & Đào tạo,2023,55.5731571165626
Lao PDR,LAO,"School enrollment, secondary, male (% gross)",SE.SEC.ENRR.MA,Giáo dục & Đào tạo,2024,52.6802336055729
Lao PDR,LAO,"School enrollment, secondary, male (% gross)",SE.SEC.ENRR.MA,Giáo dục & Đào tạo,2025,51.016086161714
Lao PDR,LAO,"School enrollment, tertiary (% gross)",SE.TER.ENRR,Giáo dục & Đào tạo,2015,18.1574846273063
Lao PDR,LAO,"School enrollment, tertiary (% gross)",SE.TER.ENRR,Giáo dục & Đào tạo,2016,17.0880719461771
Lao PDR,LAO,"School enrollment, tertiary (% gross)",SE.TER.ENRR,Giáo dục & Đào tạo,2017,15.4112577339384
Lao PDR,LAO,"School enrollment, tertiary (% gross)",SE.TER.ENRR,Giáo dục & Đào tạo,2018,14.4969749098337
Lao PDR,LAO,"School enrollment, tertiary (% gross)",SE.TER.ENRR,Giáo dục & Đào tạo,2019,13.7404020217342
Lao PDR,LAO,"School enrollment, tertiary (% gross)",SE.TER.ENRR,Giáo dục & Đào tạo,2020,12.561911777868
Lao PDR,LAO,"School enrollment, tertiary (% gross)",SE.TER.ENRR,Giáo dục & Đào tạo,2021,12.4396649191011
Lao PDR,LAO,"School enrollment, tertiary (% gross)",SE.TER.ENRR,Giáo dục & Đào tạo,2022,13.677811550152
Lao PDR,LAO,"School enrollment, tertiary (% gross)",SE.TER.ENRR,Giáo dục & Đào tạo,2023,14.8841695785522
Lao PDR,LAO,"School enrollment, tertiary (% gross)",SE.TER.ENRR,Giáo dục & Đào tạo,2024,
Lao PDR,LAO,"School enrollment, tertiary (% gross)",SE.TER.ENRR,Giáo dục & Đào tạo,2025,
Lao PDR,LAO,"School enrollment, tertiary, female (% gross)",SE.TER.ENRR.FE,Giáo dục & Đào tạo,2015,17.8083221104104
Lao PDR,LAO,"School enrollment, tertiary, female (% gross)",SE.TER.ENRR.FE,Giáo dục & Đào tạo,2016,17.1474893352804
Lao PDR,LAO,"School enrollment, tertiary, female (% gross)",SE.TER.ENRR.FE,Giáo dục & Đào tạo,2017,15.8843137478738
Lao PDR,LAO,"School enrollment, tertiary, female (% gross)",SE.TER.ENRR.FE,Giáo dục & Đào tạo,2018,15.1543085945674
Lao PDR,LAO,"School enrollment, tertiary, female (% gross)",SE.TER.ENRR.FE,Giáo dục & Đào tạo,2019,14.6763594753094
Lao PDR,LAO,"School enrollment, tertiary, female (% gross)",SE.TER.ENRR.FE,Giáo dục & Đào tạo,2020,13.5463160686123
Lao PDR,LAO,"School enrollment, tertiary, female (% gross)",SE.TER.ENRR.FE,Giáo dục & Đào tạo,2021,13.3323283839577
Lao PDR,LAO,"School enrollment, tertiary, female (% gross)",SE.TER.ENRR.FE,Giáo dục & Đào tạo,2022,13.8471889323409
Lao PDR,LAO,"School enrollment, tertiary, female (% gross)",SE.TER.ENRR.FE,Giáo dục & Đào tạo,2023,12.6891498565674
Lao PDR,LAO,"School enrollment, tertiary, female (% gross)",SE.TER.ENRR.FE,Giáo dục & Đào tạo,2024,
Lao PDR,LAO,"School enrollment, tertiary, female (% gross)",SE.TER.ENRR.FE,Giáo dục & Đào tạo,2025,
Lao PDR,LAO,"School enrollment, tertiary, male (% gross)",SE.TER.ENRR.MA,Giáo dục & Đào tạo,2015,18.5012162681195
Lao PDR,LAO,"School enrollment, tertiary, male (% gross)",SE.TER.ENRR.MA,Giáo dục & Đào tạo,2016,17.0296794752275
Lao PDR,LAO,"School enrollment, tertiary, male (% gross)",SE.TER.ENRR.MA,Giáo dục & Đào tạo,2017,14.9480502786115
Lao PDR,LAO,"School enrollment, tertiary, male (% gross)",SE.TER.ENRR.MA,Giáo dục & Đào tạo,2018,13.8557656502131
Lao PDR,LAO,"School enrollment, tertiary, male (% gross)",SE.TER.ENRR.MA,Giáo dục & Đào tạo,2019,12.8285905545158
Lao PDR,LAO,"School enrollment, tertiary, male (% gross)",SE.TER.ENRR.MA,Giáo dục & Đào tạo,2020,11.6035761841354
Lao PDR,LAO,"School enrollment, tertiary, male (% gross)",SE.TER.ENRR.MA,Giáo dục & Đào tạo,2021,11.5705332050467
Lao PDR,LAO,"School enrollment, tertiary, male (% gross)",SE.TER.ENRR.MA,Giáo dục & Đào tạo,2022,13.5127752678245
Lao PDR,LAO,"School enrollment, tertiary, male (% gross)",SE.TER.ENRR.MA,Giáo dục & Đào tạo,2023,17.0260696411133
Lao PDR,LAO,"School enrollment, tertiary, male (% gross)",SE.TER.ENRR.MA,Giáo dục & Đào tạo,2024,
Lao PDR,LAO,"School enrollment, tertiary, male (% gross)",SE.TER.ENRR.MA,Giáo dục & Đào tạo,2025,
Lao PDR,LAO,"Government expenditure on education, total (% of GDP)",SE.XPD.TOTL.GD.ZS,Giáo dục & Đào tạo,2015,2.73689787884215
Lao PDR,LAO,"Government expenditure on education, total (% of GDP)",SE.XPD.TOTL.GD.ZS,Giáo dục & Đào tạo,2016,2.77442976110388
Lao PDR,LAO,"Government expenditure on education, total (% of GDP)",SE.XPD.TOTL.GD.ZS,Giáo dục & Đào tạo,2017,2.49797261414021
Lao PDR,LAO,"Government expenditure on education, total (% of GDP)",SE.XPD.TOTL.GD.ZS,Giáo dục & Đào tạo,2018,2.33501229018316
Lao PDR,LAO,"Government expenditure on education, total (% of GDP)",SE.XPD.TOTL.GD.ZS,Giáo dục & Đào tạo,2019,2.12201393748998
Lao PDR,LAO,"Government expenditure on education, total (% of GDP)",SE.XPD.TOTL.GD.ZS,Giáo dục & Đào tạo,2020,1.91597273223857
Lao PDR,LAO,"Government expenditure on education, total (% of GDP)",SE.XPD.TOTL.GD.ZS,Giáo dục & Đào tạo,2021,1.85949176876536
Lao PDR,LAO,"Government expenditure on education, total (% of GDP)",SE.XPD.TOTL.GD.ZS,Giáo dục & Đào tạo,2022,1.46083440434069
Lao PDR,LAO,"Government expenditure on education, total (% of GDP)",SE.XPD.TOTL.GD.ZS,Giáo dục & Đào tạo,2023,1.23375160355741
Lao PDR,LAO,"Government expenditure on education, total (% of GDP)",SE.XPD.TOTL.GD.ZS,Giáo dục & Đào tạo,2024,
Lao PDR,LAO,"Government expenditure on education, total (% of GDP)",SE.XPD.TOTL.GD.ZS,Giáo dục & Đào tạo,2025,
Malaysia,MYS,"Literacy rate, adult total (% of people ages 15 and above)",SE.ADT.LITR.ZS,Giáo dục & Đào tạo,2015,
Malaysia,MYS,"Literacy rate, adult total (% of people ages 15 and above)",SE.ADT.LITR.ZS,Giáo dục & Đào tạo,2016,94.879997253418
Malaysia,MYS,"Literacy rate, adult total (% of people ages 15 and above)",SE.ADT.LITR.ZS,Giáo dục & Đào tạo,2017,95.0800018310547
Malaysia,MYS,"Literacy rate, adult total (% of people ages 15 and above)",SE.ADT.LITR.ZS,Giáo dục & Đào tạo,2018,94.8499984741211
Malaysia,MYS,"Literacy rate, adult total (% of people ages 15 and above)",SE.ADT.LITR.ZS,Giáo dục & Đào tạo,2019,94.9700012207031
Malaysia,MYS,"Literacy rate, adult total (% of people ages 15 and above)",SE.ADT.LITR.ZS,Giáo dục & Đào tạo,2020,
Malaysia,MYS,"Literacy rate, adult total (% of people ages 15 and above)",SE.ADT.LITR.ZS,Giáo dục & Đào tạo,2021,
Malaysia,MYS,"Literacy rate, adult total (% of people ages 15 and above)",SE.ADT.LITR.ZS,Giáo dục & Đào tạo,2022,95.7699966430664
Malaysia,MYS,"Literacy rate, adult total (% of people ages 15 and above)",SE.ADT.LITR.ZS,Giáo dục & Đào tạo,2023,
Malaysia,MYS,"Literacy rate, adult total (% of people ages 15 and above)",SE.ADT.LITR.ZS,Giáo dục & Đào tạo,2024,
Malaysia,MYS,"Literacy rate, adult total (% of people ages 15 and above)",SE.ADT.LITR.ZS,Giáo dục & Đào tạo,2025,
Malaysia,MYS,"School enrollment, primary (% gross)",SE.PRM.ENRR,Giáo dục & Đào tạo,2015,95.6311535513474
Malaysia,MYS,"School enrollment, primary (% gross)",SE.PRM.ENRR,Giáo dục & Đào tạo,2016,96.2219697129545
Malaysia,MYS,"School enrollment, primary (% gross)",SE.PRM.ENRR,Giáo dục & Đào tạo,2017,96.2574604579347
Malaysia,MYS,"School enrollment, primary (% gross)",SE.PRM.ENRR,Giáo dục & Đào tạo,2018,95.7761544783431
Malaysia,MYS,"School enrollment, primary (% gross)",SE.PRM.ENRR,Giáo dục & Đào tạo,2019,94.3275054202176
Malaysia,MYS,"School enrollment, primary (% gross)",SE.PRM.ENRR,Giáo dục & Đào tạo,2020,93.1800129351047
Malaysia,MYS,"School enrollment, primary (% gross)",SE.PRM.ENRR,Giáo dục & Đào tạo,2021,92.5769881927004
Malaysia,MYS,"School enrollment, primary (% gross)",SE.PRM.ENRR,Giáo dục & Đào tạo,2022,89.7872630978958
Malaysia,MYS,"School enrollment, primary (% gross)",SE.PRM.ENRR,Giáo dục & Đào tạo,2023,91.5021106685076
Malaysia,MYS,"School enrollment, primary (% gross)",SE.PRM.ENRR,Giáo dục & Đào tạo,2024,90.3595586965317
Malaysia,MYS,"School enrollment, primary (% gross)",SE.PRM.ENRR,Giáo dục & Đào tạo,2025,
Malaysia,MYS,"School enrollment, primary, female (% gross)",SE.PRM.ENRR.FE,Giáo dục & Đào tạo,2015,96.9819919750609
Malaysia,MYS,"School enrollment, primary, female (% gross)",SE.PRM.ENRR.FE,Giáo dục & Đào tạo,2016,97.8841023454709
Malaysia,MYS,"School enrollment, primary, female (% gross)",SE.PRM.ENRR.FE,Giáo dục & Đào tạo,2017,97.9267564303985
Malaysia,MYS,"School enrollment, primary, female (% gross)",SE.PRM.ENRR.FE,Giáo dục & Đào tạo,2018,97.5449902186705
Malaysia,MYS,"School enrollment, primary, female (% gross)",SE.PRM.ENRR.FE,Giáo dục & Đào tạo,2019,95.9157723835808
Malaysia,MYS,"School enrollment, primary, female (% gross)",SE.PRM.ENRR.FE,Giáo dục & Đào tạo,2020,95.0778875200045
Malaysia,MYS,"School enrollment, primary, female (% gross)",SE.PRM.ENRR.FE,Giáo dục & Đào tạo,2021,94.330409095258
Malaysia,MYS,"School enrollment, primary, female (% gross)",SE.PRM.ENRR.FE,Giáo dục & Đào tạo,2022,90.3477318263677
Malaysia,MYS,"School enrollment, primary, female (% gross)",SE.PRM.ENRR.FE,Giáo dục & Đào tạo,2023,92.6516208160676
Malaysia,MYS,"School enrollment, primary, female (% gross)",SE.PRM.ENRR.FE,Giáo dục & Đào tạo,2024,90.3936077644114
Malaysia,MYS,"School enrollment, primary, female (% gross)",SE.PRM.ENRR.FE,Giáo dục & Đào tạo,2025,
Malaysia,MYS,"School enrollment, primary, male (% gross)",SE.PRM.ENRR.MA,Giáo dục & Đào tạo,2015,94.3846722277015
Malaysia,MYS,"School enrollment, primary, male (% gross)",SE.PRM.ENRR.MA,Giáo dục & Đào tạo,2016,94.685473112976
Malaysia,MYS,"School enrollment, primary, male (% gross)",SE.PRM.ENRR.MA,Giáo dục & Đào tạo,2017,94.7124241837928
Malaysia,MYS,"School enrollment, primary, male (% gross)",SE.PRM.ENRR.MA,Giáo dục & Đào tạo,2018,94.1395773678786
Malaysia,MYS,"School enrollment, primary, male (% gross)",SE.PRM.ENRR.MA,Giáo dục & Đào tạo,2019,92.8629373672584
Malaysia,MYS,"School enrollment, primary, male (% gross)",SE.PRM.ENRR.MA,Giáo dục & Đào tạo,2020,91.4354968246305
Malaysia,MYS,"School enrollment, primary, male (% gross)",SE.PRM.ENRR.MA,Giáo dục & Đào tạo,2021,90.9620714201793
Malaysia,MYS,"School enrollment, primary, male (% gross)",SE.PRM.ENRR.MA,Giáo dục & Đào tạo,2022,89.2691588293836
Malaysia,MYS,"School enrollment, primary, male (% gross)",SE.PRM.ENRR.MA,Giáo dục & Đào tạo,2023,90.4333699733052
Malaysia,MYS,"School enrollment, primary, male (% gross)",SE.PRM.ENRR.MA,Giáo dục & Đào tạo,2024,90.3276653777399
Malaysia,MYS,"School enrollment, primary, male (% gross)",SE.PRM.ENRR.MA,Giáo dục & Đào tạo,2025,
Malaysia,MYS,"School enrollment, secondary (% gross)",SE.SEC.ENRR,Giáo dục & Đào tạo,2015,81.5115814208984
Malaysia,MYS,"School enrollment, secondary (% gross)",SE.SEC.ENRR,Giáo dục & Đào tạo,2016,79.8283920288086
Malaysia,MYS,"School enrollment, secondary (% gross)",SE.SEC.ENRR,Giáo dục & Đào tạo,2017,78.8863677978516
Malaysia,MYS,"School enrollment, secondary (% gross)",SE.SEC.ENRR,Giáo dục & Đào tạo,2018,74.4872817993164
Malaysia,MYS,"School enrollment, secondary (% gross)",SE.SEC.ENRR,Giáo dục & Đào tạo,2019,75.3229827880859
Malaysia,MYS,"School enrollment, secondary (% gross)",SE.SEC.ENRR,Giáo dục & Đào tạo,2020,73.2459411621094
Malaysia,MYS,"School enrollment, secondary (% gross)",SE.SEC.ENRR,Giáo dục & Đào tạo,2021,74.9618181140898
Malaysia,MYS,"School enrollment, secondary (% gross)",SE.SEC.ENRR,Giáo dục & Đào tạo,2022,78.8341986282999
Malaysia,MYS,"School enrollment, secondary (% gross)",SE.SEC.ENRR,Giáo dục & Đào tạo,2023,79.4472788704033
Malaysia,MYS,"School enrollment, secondary (% gross)",SE.SEC.ENRR,Giáo dục & Đào tạo,2024,80.2757406864183
Malaysia,MYS,"School enrollment, secondary (% gross)",SE.SEC.ENRR,Giáo dục & Đào tạo,2025,
Malaysia,MYS,"School enrollment, secondary, female (% gross)",SE.SEC.ENRR.FE,Giáo dục & Đào tạo,2015,87.3510665893555
Malaysia,MYS,"School enrollment, secondary, female (% gross)",SE.SEC.ENRR.FE,Giáo dục & Đào tạo,2016,84.7308502197266
Malaysia,MYS,"School enrollment, secondary, female (% gross)",SE.SEC.ENRR.FE,Giáo dục & Đào tạo,2017,83.2714004516602
Malaysia,MYS,"School enrollment, secondary, female (% gross)",SE.SEC.ENRR.FE,Giáo dục & Đào tạo,2018,79.4510116577148
Malaysia,MYS,"School enrollment, secondary, female (% gross)",SE.SEC.ENRR.FE,Giáo dục & Đào tạo,2019,79.9411773681641
Malaysia,MYS,"School enrollment, secondary, female (% gross)",SE.SEC.ENRR.FE,Giáo dục & Đào tạo,2020,77.4047622680664
Malaysia,MYS,"School enrollment, secondary, female (% gross)",SE.SEC.ENRR.FE,Giáo dục & Đào tạo,2021,78.5013407999187
Malaysia,MYS,"School enrollment, secondary, female (% gross)",SE.SEC.ENRR.FE,Giáo dục & Đào tạo,2022,82.2986504789168
Malaysia,MYS,"School enrollment, secondary, female (% gross)",SE.SEC.ENRR.FE,Giáo dục & Đào tạo,2023,82.6422941806466
Malaysia,MYS,"School enrollment, secondary, female (% gross)",SE.SEC.ENRR.FE,Giáo dục & Đào tạo,2024,81.5357622372136
Malaysia,MYS,"School enrollment, secondary, female (% gross)",SE.SEC.ENRR.FE,Giáo dục & Đào tạo,2025,
Malaysia,MYS,"School enrollment, secondary, male (% gross)",SE.SEC.ENRR.MA,Giáo dục & Đào tạo,2015,76.2811889648438
Malaysia,MYS,"School enrollment, secondary, male (% gross)",SE.SEC.ENRR.MA,Giáo dục & Đào tạo,2016,75.4396133422852
Malaysia,MYS,"School enrollment, secondary, male (% gross)",SE.SEC.ENRR.MA,Giáo dục & Đào tạo,2017,74.9579086303711
Malaysia,MYS,"School enrollment, secondary, male (% gross)",SE.SEC.ENRR.MA,Giáo dục & Đào tạo,2018,70.0273895263672
Malaysia,MYS,"School enrollment, secondary, male (% gross)",SE.SEC.ENRR.MA,Giáo dục & Đào tạo,2019,71.1548614501953
Malaysia,MYS,"School enrollment, secondary, male (% gross)",SE.SEC.ENRR.MA,Giáo dục & Đào tạo,2020,69.4781494140625
Malaysia,MYS,"School enrollment, secondary, male (% gross)",SE.SEC.ENRR.MA,Giáo dục & Đào tạo,2021,71.7330778080225
Malaysia,MYS,"School enrollment, secondary, male (% gross)",SE.SEC.ENRR.MA,Giáo dục & Đào tạo,2022,75.6526502809747
Malaysia,MYS,"School enrollment, secondary, male (% gross)",SE.SEC.ENRR.MA,Giáo dục & Đào tạo,2023,76.4987815682604
Malaysia,MYS,"School enrollment, secondary, male (% gross)",SE.SEC.ENRR.MA,Giáo dục & Đào tạo,2024,79.1106347401942
Malaysia,MYS,"School enrollment, secondary, male (% gross)",SE.SEC.ENRR.MA,Giáo dục & Đào tạo,2025,
Malaysia,MYS,"School enrollment, tertiary (% gross)",SE.TER.ENRR,Giáo dục & Đào tạo,2015,44.289909239243
Malaysia,MYS,"School enrollment, tertiary (% gross)",SE.TER.ENRR,Giáo dục & Đào tạo,2016,45.4034659569972
Malaysia,MYS,"School enrollment, tertiary (% gross)",SE.TER.ENRR,Giáo dục & Đào tạo,2017,42.293211695146
Malaysia,MYS,"School enrollment, tertiary (% gross)",SE.TER.ENRR,Giáo dục & Đào tạo,2018,43.3100279300797
Malaysia,MYS,"School enrollment, tertiary (% gross)",SE.TER.ENRR,Giáo dục & Đào tạo,2019,40.8082966813944
Malaysia,MYS,"School enrollment, tertiary (% gross)",SE.TER.ENRR,Giáo dục & Đào tạo,2020,39.7445667367633
Malaysia,MYS,"School enrollment, tertiary (% gross)",SE.TER.ENRR,Giáo dục & Đào tạo,2021,38.1899993008367
Malaysia,MYS,"School enrollment, tertiary (% gross)",SE.TER.ENRR,Giáo dục & Đào tạo,2022,36.9853099297291
Malaysia,MYS,"School enrollment, tertiary (% gross)",SE.TER.ENRR,Giáo dục & Đào tạo,2023,37.2745812491757
Malaysia,MYS,"School enrollment, tertiary (% gross)",SE.TER.ENRR,Giáo dục & Đào tạo,2024,38.5013945445142
Malaysia,MYS,"School enrollment, tertiary (% gross)",SE.TER.ENRR,Giáo dục & Đào tạo,2025,
Malaysia,MYS,"School enrollment, tertiary, female (% gross)",SE.TER.ENRR.FE,Giáo dục & Đào tạo,2015,52.4177910183718
Malaysia,MYS,"School enrollment, tertiary, female (% gross)",SE.TER.ENRR.FE,Giáo dục & Đào tạo,2016,51.5270260861918
Malaysia,MYS,"School enrollment, tertiary, female (% gross)",SE.TER.ENRR.FE,Giáo dục & Đào tạo,2017,47.9160265205655
Malaysia,MYS,"School enrollment, tertiary, female (% gross)",SE.TER.ENRR.FE,Giáo dục & Đào tạo,2018,50.3532516763836
Malaysia,MYS,"School enrollment, tertiary, female (% gross)",SE.TER.ENRR.FE,Giáo dục & Đào tạo,2019,48.4906218464001
Malaysia,MYS,"School enrollment, tertiary, female (% gross)",SE.TER.ENRR.FE,Giáo dục & Đào tạo,2020,47.2760564169745
Malaysia,MYS,"School enrollment, tertiary, female (% gross)",SE.TER.ENRR.FE,Giáo dục & Đào tạo,2021,45.2424409799554
Malaysia,MYS,"School enrollment, tertiary, female (% gross)",SE.TER.ENRR.FE,Giáo dục & Đào tạo,2022,43.6954292890075
Malaysia,MYS,"School enrollment, tertiary, female (% gross)",SE.TER.ENRR.FE,Giáo dục & Đào tạo,2023,44.304019878896
Malaysia,MYS,"School enrollment, tertiary, female (% gross)",SE.TER.ENRR.FE,Giáo dục & Đào tạo,2024,45.8486961220143
Malaysia,MYS,"School enrollment, tertiary, female (% gross)",SE.TER.ENRR.FE,Giáo dục & Đào tạo,2025,
Malaysia,MYS,"School enrollment, tertiary, male (% gross)",SE.TER.ENRR.MA,Giáo dục & Đào tạo,2015,37.1951864333357
Malaysia,MYS,"School enrollment, tertiary, male (% gross)",SE.TER.ENRR.MA,Giáo dục & Đào tạo,2016,40.1123858047382
Malaysia,MYS,"School enrollment, tertiary, male (% gross)",SE.TER.ENRR.MA,Giáo dục & Đào tạo,2017,37.4691314138237
Malaysia,MYS,"School enrollment, tertiary, male (% gross)",SE.TER.ENRR.MA,Giáo dục & Đào tạo,2018,37.2784823195711
Malaysia,MYS,"School enrollment, tertiary, male (% gross)",SE.TER.ENRR.MA,Giáo dục & Đào tạo,2019,34.209677479616
Malaysia,MYS,"School enrollment, tertiary, male (% gross)",SE.TER.ENRR.MA,Giáo dục & Đào tạo,2020,33.2329934825694
Malaysia,MYS,"School enrollment, tertiary, male (% gross)",SE.TER.ENRR.MA,Giáo dục & Đào tạo,2021,32.0071354262667
Malaysia,MYS,"School enrollment, tertiary, male (% gross)",SE.TER.ENRR.MA,Giáo dục & Đào tạo,2022,31.0331221435143
Malaysia,MYS,"School enrollment, tertiary, male (% gross)",SE.TER.ENRR.MA,Giáo dục & Đào tạo,2023,30.9802092564091
Malaysia,MYS,"School enrollment, tertiary, male (% gross)",SE.TER.ENRR.MA,Giáo dục & Đào tạo,2024,31.8631997038357
Malaysia,MYS,"School enrollment, tertiary, male (% gross)",SE.TER.ENRR.MA,Giáo dục & Đào tạo,2025,
Malaysia,MYS,"Government expenditure on education, total (% of GDP)",SE.XPD.TOTL.GD.ZS,Giáo dục & Đào tạo,2015,4.89487981796265
Malaysia,MYS,"Government expenditure on education, total (% of GDP)",SE.XPD.TOTL.GD.ZS,Giáo dục & Đào tạo,2016,4.75191020965576
Malaysia,MYS,"Government expenditure on education, total (% of GDP)",SE.XPD.TOTL.GD.ZS,Giáo dục & Đào tạo,2017,4.6753101348877
Malaysia,MYS,"Government expenditure on education, total (% of GDP)",SE.XPD.TOTL.GD.ZS,Giáo dục & Đào tạo,2018,4.47865009307861
Malaysia,MYS,"Government expenditure on education, total (% of GDP)",SE.XPD.TOTL.GD.ZS,Giáo dục & Đào tạo,2019,4.15775012969971
Malaysia,MYS,"Government expenditure on education, total (% of GDP)",SE.XPD.TOTL.GD.ZS,Giáo dục & Đào tạo,2020,3.91176009178162
Malaysia,MYS,"Government expenditure on education, total (% of GDP)",SE.XPD.TOTL.GD.ZS,Giáo dục & Đào tạo,2021,4.26109393398867
Malaysia,MYS,"Government expenditure on education, total (% of GDP)",SE.XPD.TOTL.GD.ZS,Giáo dục & Đào tạo,2022,3.49933781956284
Malaysia,MYS,"Government expenditure on education, total (% of GDP)",SE.XPD.TOTL.GD.ZS,Giáo dục & Đào tạo,2023,3.51481008529663
Malaysia,MYS,"Government expenditure on education, total (% of GDP)",SE.XPD.TOTL.GD.ZS,Giáo dục & Đào tạo,2024,
Malaysia,MYS,"Government expenditure on education, total (% of GDP)",SE.XPD.TOTL.GD.ZS,Giáo dục & Đào tạo,2025,
Myanmar,MMR,"Literacy rate, adult total (% of people ages 15 and above)",SE.ADT.LITR.ZS,Giáo dục & Đào tạo,2015,
Myanmar,MMR,"Literacy rate, adult total (% of people ages 15 and above)",SE.ADT.LITR.ZS,Giáo dục & Đào tạo,2016,84.7799987792969
Myanmar,MMR,"Literacy rate, adult total (% of people ages 15 and above)",SE.ADT.LITR.ZS,Giáo dục & Đào tạo,2017,
Myanmar,MMR,"Literacy rate, adult total (% of people ages 15 and above)",SE.ADT.LITR.ZS,Giáo dục & Đào tạo,2018,95.8142859113662
Myanmar,MMR,"Literacy rate, adult total (% of people ages 15 and above)",SE.ADT.LITR.ZS,Giáo dục & Đào tạo,2019,89.0699996948242
Myanmar,MMR,"Literacy rate, adult total (% of people ages 15 and above)",SE.ADT.LITR.ZS,Giáo dục & Đào tạo,2020,93.527395549521
Myanmar,MMR,"Literacy rate, adult total (% of people ages 15 and above)",SE.ADT.LITR.ZS,Giáo dục & Đào tạo,2021,
Myanmar,MMR,"Literacy rate, adult total (% of people ages 15 and above)",SE.ADT.LITR.ZS,Giáo dục & Đào tạo,2022,
Myanmar,MMR,"Literacy rate, adult total (% of people ages 15 and above)",SE.ADT.LITR.ZS,Giáo dục & Đào tạo,2023,
Myanmar,MMR,"Literacy rate, adult total (% of people ages 15 and above)",SE.ADT.LITR.ZS,Giáo dục & Đào tạo,2024,
Myanmar,MMR,"Literacy rate, adult total (% of people ages 15 and above)",SE.ADT.LITR.ZS,Giáo dục & Đào tạo,2025,
Myanmar,MMR,"School enrollment, primary (% gross)",SE.PRM.ENRR,Giáo dục & Đào tạo,2015,
Myanmar,MMR,"School enrollment, primary (% gross)",SE.PRM.ENRR,Giáo dục & Đào tạo,2016,119.916152954102
Myanmar,MMR,"School enrollment, primary (% gross)",SE.PRM.ENRR,Giáo dục & Đào tạo,2017,121.799392700195
Myanmar,MMR,"School enrollment, primary (% gross)",SE.PRM.ENRR,Giáo dục & Đào tạo,2018,120.214569091797
Myanmar,MMR,"School enrollment, primary (% gross)",SE.PRM.ENRR,Giáo dục & Đào tạo,2019,
Myanmar,MMR,"School enrollment, primary (% gross)",SE.PRM.ENRR,Giáo dục & Đào tạo,2020,
Myanmar,MMR,"School enrollment, primary (% gross)",SE.PRM.ENRR,Giáo dục & Đào tạo,2021,
Myanmar,MMR,"School enrollment, primary (% gross)",SE.PRM.ENRR,Giáo dục & Đào tạo,2022,
Myanmar,MMR,"School enrollment, primary (% gross)",SE.PRM.ENRR,Giáo dục & Đào tạo,2023,
Myanmar,MMR,"School enrollment, primary (% gross)",SE.PRM.ENRR,Giáo dục & Đào tạo,2024,
Myanmar,MMR,"School enrollment, primary (% gross)",SE.PRM.ENRR,Giáo dục & Đào tạo,2025,
Myanmar,MMR,"School enrollment, primary, female (% gross)",SE.PRM.ENRR.FE,Giáo dục & Đào tạo,2015,
Myanmar,MMR,"School enrollment, primary, female (% gross)",SE.PRM.ENRR.FE,Giáo dục & Đào tạo,2016,120.374160766602
Myanmar,MMR,"School enrollment, primary, female (% gross)",SE.PRM.ENRR.FE,Giáo dục & Đào tạo,2017,120.820251464844
Myanmar,MMR,"School enrollment, primary, female (% gross)",SE.PRM.ENRR.FE,Giáo dục & Đào tạo,2018,119.843170166016
Myanmar,MMR,"School enrollment, primary, female (% gross)",SE.PRM.ENRR.FE,Giáo dục & Đào tạo,2019,
Myanmar,MMR,"School enrollment, primary, female (% gross)",SE.PRM.ENRR.FE,Giáo dục & Đào tạo,2020,
Myanmar,MMR,"School enrollment, primary, female (% gross)",SE.PRM.ENRR.FE,Giáo dục & Đào tạo,2021,
Myanmar,MMR,"School enrollment, primary, female (% gross)",SE.PRM.ENRR.FE,Giáo dục & Đào tạo,2022,
Myanmar,MMR,"School enrollment, primary, female (% gross)",SE.PRM.ENRR.FE,Giáo dục & Đào tạo,2023,
Myanmar,MMR,"School enrollment, primary, female (% gross)",SE.PRM.ENRR.FE,Giáo dục & Đào tạo,2024,
Myanmar,MMR,"School enrollment, primary, female (% gross)",SE.PRM.ENRR.FE,Giáo dục & Đào tạo,2025,
Myanmar,MMR,"School enrollment, primary, male (% gross)",SE.PRM.ENRR.MA,Giáo dục & Đào tạo,2015,
Myanmar,MMR,"School enrollment, primary, male (% gross)",SE.PRM.ENRR.MA,Giáo dục & Đào tạo,2016,119.48104095459
Myanmar,MMR,"School enrollment, primary, male (% gross)",SE.PRM.ENRR.MA,Giáo dục & Đào tạo,2017,122.729553222656
Myanmar,MMR,"School enrollment, primary, male (% gross)",SE.PRM.ENRR.MA,Giáo dục & Đào tạo,2018,120.567283630371
Myanmar,MMR,"School enrollment, primary, male (% gross)",SE.PRM.ENRR.MA,Giáo dục & Đào tạo,2019,
Myanmar,MMR,"School enrollment, primary, male (% gross)",SE.PRM.ENRR.MA,Giáo dục & Đào tạo,2020,
Myanmar,MMR,"School enrollment, primary, male (% gross)",SE.PRM.ENRR.MA,Giáo dục & Đào tạo,2021,
Myanmar,MMR,"School enrollment, primary, male (% gross)",SE.PRM.ENRR.MA,Giáo dục & Đào tạo,2022,
Myanmar,MMR,"School enrollment, primary, male (% gross)",SE.PRM.ENRR.MA,Giáo dục & Đào tạo,2023,
Myanmar,MMR,"School enrollment, primary, male (% gross)",SE.PRM.ENRR.MA,Giáo dục & Đào tạo,2024,
Myanmar,MMR,"School enrollment, primary, male (% gross)",SE.PRM.ENRR.MA,Giáo dục & Đào tạo,2025,
Myanmar,MMR,"School enrollment, secondary (% gross)",SE.SEC.ENRR,Giáo dục & Đào tạo,2015,
Myanmar,MMR,"School enrollment, secondary (% gross)",SE.SEC.ENRR,Giáo dục & Đào tạo,2016,67.7588500976562
Myanmar,MMR,"School enrollment, secondary (% gross)",SE.SEC.ENRR,Giáo dục & Đào tạo,2017,72.3457412719727
Myanmar,MMR,"School enrollment, secondary (% gross)",SE.SEC.ENRR,Giáo dục & Đào tạo,2018,77.0191497802734
Myanmar,MMR,"School enrollment, secondary (% gross)",SE.SEC.ENRR,Giáo dục & Đào tạo,2019,
Myanmar,MMR,"School enrollment, secondary (% gross)",SE.SEC.ENRR,Giáo dục & Đào tạo,2020,
Myanmar,MMR,"School enrollment, secondary (% gross)",SE.SEC.ENRR,Giáo dục & Đào tạo,2021,
Myanmar,MMR,"School enrollment, secondary (% gross)",SE.SEC.ENRR,Giáo dục & Đào tạo,2022,
Myanmar,MMR,"School enrollment, secondary (% gross)",SE.SEC.ENRR,Giáo dục & Đào tạo,2023,
Myanmar,MMR,"School enrollment, secondary (% gross)",SE.SEC.ENRR,Giáo dục & Đào tạo,2024,
Myanmar,MMR,"School enrollment, secondary (% gross)",SE.SEC.ENRR,Giáo dục & Đào tạo,2025,
Myanmar,MMR,"School enrollment, secondary, female (% gross)",SE.SEC.ENRR.FE,Giáo dục & Đào tạo,2015,
Myanmar,MMR,"School enrollment, secondary, female (% gross)",SE.SEC.ENRR.FE,Giáo dục & Đào tạo,2016,72.2770767211914
Myanmar,MMR,"School enrollment, secondary, female (% gross)",SE.SEC.ENRR.FE,Giáo dục & Đào tạo,2017,77.0976104736328
Myanmar,MMR,"School enrollment, secondary, female (% gross)",SE.SEC.ENRR.FE,Giáo dục & Đào tạo,2018,81.8814926147461
Myanmar,MMR,"School enrollment, secondary, female (% gross)",SE.SEC.ENRR.FE,Giáo dục & Đào tạo,2019,
Myanmar,MMR,"School enrollment, secondary, female (% gross)",SE.SEC.ENRR.FE,Giáo dục & Đào tạo,2020,
Myanmar,MMR,"School enrollment, secondary, female (% gross)",SE.SEC.ENRR.FE,Giáo dục & Đào tạo,2021,
Myanmar,MMR,"School enrollment, secondary, female (% gross)",SE.SEC.ENRR.FE,Giáo dục & Đào tạo,2022,
Myanmar,MMR,"School enrollment, secondary, female (% gross)",SE.SEC.ENRR.FE,Giáo dục & Đào tạo,2023,
Myanmar,MMR,"School enrollment, secondary, female (% gross)",SE.SEC.ENRR.FE,Giáo dục & Đào tạo,2024,
Myanmar,MMR,"School enrollment, secondary, female (% gross)",SE.SEC.ENRR.FE,Giáo dục & Đào tạo,2025,
Myanmar,MMR,"School enrollment, secondary, male (% gross)",SE.SEC.ENRR.MA,Giáo dục & Đào tạo,2015,
Myanmar,MMR,"School enrollment, secondary, male (% gross)",SE.SEC.ENRR.MA,Giáo dục & Đào tạo,2016,63.4468193054199
Myanmar,MMR,"School enrollment, secondary, male (% gross)",SE.SEC.ENRR.MA,Giáo dục & Đào tạo,2017,67.8118896484375
Myanmar,MMR,"School enrollment, secondary, male (% gross)",SE.SEC.ENRR.MA,Giáo dục & Đào tạo,2018,72.3807601928711
Myanmar,MMR,"School enrollment, secondary, male (% gross)",SE.SEC.ENRR.MA,Giáo dục & Đào tạo,2019,
Myanmar,MMR,"School enrollment, secondary, male (% gross)",SE.SEC.ENRR.MA,Giáo dục & Đào tạo,2020,
Myanmar,MMR,"School enrollment, secondary, male (% gross)",SE.SEC.ENRR.MA,Giáo dục & Đào tạo,2021,
Myanmar,MMR,"School enrollment, secondary, male (% gross)",SE.SEC.ENRR.MA,Giáo dục & Đào tạo,2022,
Myanmar,MMR,"School enrollment, secondary, male (% gross)",SE.SEC.ENRR.MA,Giáo dục & Đào tạo,2023,
Myanmar,MMR,"School enrollment, secondary, male (% gross)",SE.SEC.ENRR.MA,Giáo dục & Đào tạo,2024,
Myanmar,MMR,"School enrollment, secondary, male (% gross)",SE.SEC.ENRR.MA,Giáo dục & Đào tạo,2025,
Myanmar,MMR,"School enrollment, tertiary (% gross)",SE.TER.ENRR,Giáo dục & Đào tạo,2015,
Myanmar,MMR,"School enrollment, tertiary (% gross)",SE.TER.ENRR,Giáo dục & Đào tạo,2016,
Myanmar,MMR,"School enrollment, tertiary (% gross)",SE.TER.ENRR,Giáo dục & Đào tạo,2017,
Myanmar,MMR,"School enrollment, tertiary (% gross)",SE.TER.ENRR,Giáo dục & Đào tạo,2018,20.3723297119141
Myanmar,MMR,"School enrollment, tertiary (% gross)",SE.TER.ENRR,Giáo dục & Đào tạo,2019,
Myanmar,MMR,"School enrollment, tertiary (% gross)",SE.TER.ENRR,Giáo dục & Đào tạo,2020,
Myanmar,MMR,"School enrollment, tertiary (% gross)",SE.TER.ENRR,Giáo dục & Đào tạo,2021,
Myanmar,MMR,"School enrollment, tertiary (% gross)",SE.TER.ENRR,Giáo dục & Đào tạo,2022,
Myanmar,MMR,"School enrollment, tertiary (% gross)",SE.TER.ENRR,Giáo dục & Đào tạo,2023,
Myanmar,MMR,"School enrollment, tertiary (% gross)",SE.TER.ENRR,Giáo dục & Đào tạo,2024,
Myanmar,MMR,"School enrollment, tertiary (% gross)",SE.TER.ENRR,Giáo dục & Đào tạo,2025,
Myanmar,MMR,"School enrollment, tertiary, female (% gross)",SE.TER.ENRR.FE,Giáo dục & Đào tạo,2015,
Myanmar,MMR,"School enrollment, tertiary, female (% gross)",SE.TER.ENRR.FE,Giáo dục & Đào tạo,2016,
Myanmar,MMR,"School enrollment, tertiary, female (% gross)",SE.TER.ENRR.FE,Giáo dục & Đào tạo,2017,
Myanmar,MMR,"School enrollment, tertiary, female (% gross)",SE.TER.ENRR.FE,Giáo dục & Đào tạo,2018,24.3676490783691
Myanmar,MMR,"School enrollment, tertiary, female (% gross)",SE.TER.ENRR.FE,Giáo dục & Đào tạo,2019,
Myanmar,MMR,"School enrollment, tertiary, female (% gross)",SE.TER.ENRR.FE,Giáo dục & Đào tạo,2020,
Myanmar,MMR,"School enrollment, tertiary, female (% gross)",SE.TER.ENRR.FE,Giáo dục & Đào tạo,2021,
Myanmar,MMR,"School enrollment, tertiary, female (% gross)",SE.TER.ENRR.FE,Giáo dục & Đào tạo,2022,
Myanmar,MMR,"School enrollment, tertiary, female (% gross)",SE.TER.ENRR.FE,Giáo dục & Đào tạo,2023,
Myanmar,MMR,"School enrollment, tertiary, female (% gross)",SE.TER.ENRR.FE,Giáo dục & Đào tạo,2024,
Myanmar,MMR,"School enrollment, tertiary, female (% gross)",SE.TER.ENRR.FE,Giáo dục & Đào tạo,2025,
Myanmar,MMR,"School enrollment, tertiary, male (% gross)",SE.TER.ENRR.MA,Giáo dục & Đào tạo,2015,
Myanmar,MMR,"School enrollment, tertiary, male (% gross)",SE.TER.ENRR.MA,Giáo dục & Đào tạo,2016,
Myanmar,MMR,"School enrollment, tertiary, male (% gross)",SE.TER.ENRR.MA,Giáo dục & Đào tạo,2017,
Myanmar,MMR,"School enrollment, tertiary, male (% gross)",SE.TER.ENRR.MA,Giáo dục & Đào tạo,2018,16.5399894714356
Myanmar,MMR,"School enrollment, tertiary, male (% gross)",SE.TER.ENRR.MA,Giáo dục & Đào tạo,2019,
Myanmar,MMR,"School enrollment, tertiary, male (% gross)",SE.TER.ENRR.MA,Giáo dục & Đào tạo,2020,
Myanmar,MMR,"School enrollment, tertiary, male (% gross)",SE.TER.ENRR.MA,Giáo dục & Đào tạo,2021,
Myanmar,MMR,"School enrollment, tertiary, male (% gross)",SE.TER.ENRR.MA,Giáo dục & Đào tạo,2022,
Myanmar,MMR,"School enrollment, tertiary, male (% gross)",SE.TER.ENRR.MA,Giáo dục & Đào tạo,2023,
Myanmar,MMR,"School enrollment, tertiary, male (% gross)",SE.TER.ENRR.MA,Giáo dục & Đào tạo,2024,
Myanmar,MMR,"School enrollment, tertiary, male (% gross)",SE.TER.ENRR.MA,Giáo dục & Đào tạo,2025,
Myanmar,MMR,"Government expenditure on education, total (% of GDP)",SE.XPD.TOTL.GD.ZS,Giáo dục & Đào tạo,2015,
Myanmar,MMR,"Government expenditure on education, total (% of GDP)",SE.XPD.TOTL.GD.ZS,Giáo dục & Đào tạo,2016,
Myanmar,MMR,"Government expenditure on education, total (% of GDP)",SE.XPD.TOTL.GD.ZS,Giáo dục & Đào tạo,2017,2.16652989387512
Myanmar,MMR,"Government expenditure on education, total (% of GDP)",SE.XPD.TOTL.GD.ZS,Giáo dục & Đào tạo,2018,1.99249005317688
Myanmar,MMR,"Government expenditure on education, total (% of GDP)",SE.XPD.TOTL.GD.ZS,Giáo dục & Đào tạo,2019,1.99976003170013
Myanmar,MMR,"Government expenditure on education, total (% of GDP)",SE.XPD.TOTL.GD.ZS,Giáo dục & Đào tạo,2020,
Myanmar,MMR,"Government expenditure on education, total (% of GDP)",SE.XPD.TOTL.GD.ZS,Giáo dục & Đào tạo,2021,
Myanmar,MMR,"Government expenditure on education, total (% of GDP)",SE.XPD.TOTL.GD.ZS,Giáo dục & Đào tạo,2022,
Myanmar,MMR,"Government expenditure on education, total (% of GDP)",SE.XPD.TOTL.GD.ZS,Giáo dục & Đào tạo,2023,
Myanmar,MMR,"Government expenditure on education, total (% of GDP)",SE.XPD.TOTL.GD.ZS,Giáo dục & Đào tạo,2024,
Myanmar,MMR,"Government expenditure on education, total (% of GDP)",SE.XPD.TOTL.GD.ZS,Giáo dục & Đào tạo,2025,
Philippines,PHL,"Literacy rate, adult total (% of people ages 15 and above)",SE.ADT.LITR.ZS,Giáo dục & Đào tạo,2015,98.1800003051758
Philippines,PHL,"Literacy rate, adult total (% of people ages 15 and above)",SE.ADT.LITR.ZS,Giáo dục & Đào tạo,2016,
Philippines,PHL,"Literacy rate, adult total (% of people ages 15 and above)",SE.ADT.LITR.ZS,Giáo dục & Đào tạo,2017,
Philippines,PHL,"Literacy rate, adult total (% of people ages 15 and above)",SE.ADT.LITR.ZS,Giáo dục & Đào tạo,2018,
Philippines,PHL,"Literacy rate, adult total (% of people ages 15 and above)",SE.ADT.LITR.ZS,Giáo dục & Đào tạo,2019,96.2799987792969
Philippines,PHL,"Literacy rate, adult total (% of people ages 15 and above)",SE.ADT.LITR.ZS,Giáo dục & Đào tạo,2020,98.4700012207031
Philippines,PHL,"Literacy rate, adult total (% of people ages 15 and above)",SE.ADT.LITR.ZS,Giáo dục & Đào tạo,2021,
Philippines,PHL,"Literacy rate, adult total (% of people ages 15 and above)",SE.ADT.LITR.ZS,Giáo dục & Đào tạo,2022,
Philippines,PHL,"Literacy rate, adult total (% of people ages 15 and above)",SE.ADT.LITR.ZS,Giáo dục & Đào tạo,2023,
Philippines,PHL,"Literacy rate, adult total (% of people ages 15 and above)",SE.ADT.LITR.ZS,Giáo dục & Đào tạo,2024,
Philippines,PHL,"Literacy rate, adult total (% of people ages 15 and above)",SE.ADT.LITR.ZS,Giáo dục & Đào tạo,2025,
Philippines,PHL,"School enrollment, primary (% gross)",SE.PRM.ENRR,Giáo dục & Đào tạo,2015,103.408354699272
Philippines,PHL,"School enrollment, primary (% gross)",SE.PRM.ENRR,Giáo dục & Đào tạo,2016,101.721937186986
Philippines,PHL,"School enrollment, primary (% gross)",SE.PRM.ENRR,Giáo dục & Đào tạo,2017,99.3666730080757
Philippines,PHL,"School enrollment, primary (% gross)",SE.PRM.ENRR,Giáo dục & Đào tạo,2018,94.5541345217085
Philippines,PHL,"School enrollment, primary (% gross)",SE.PRM.ENRR,Giáo dục & Đào tạo,2019,93.0076871274695
Philippines,PHL,"School enrollment, primary (% gross)",SE.PRM.ENRR,Giáo dục & Đào tạo,2020,93.2822386485839
Philippines,PHL,"School enrollment, primary (% gross)",SE.PRM.ENRR,Giáo dục & Đào tạo,2021,88.8345145801337
Philippines,PHL,"School enrollment, primary (% gross)",SE.PRM.ENRR,Giáo dục & Đào tạo,2022,90.6131438325611
Philippines,PHL,"School enrollment, primary (% gross)",SE.PRM.ENRR,Giáo dục & Đào tạo,2023,92.4462107015215
Philippines,PHL,"School enrollment, primary (% gross)",SE.PRM.ENRR,Giáo dục & Đào tạo,2024,94.0330906383194
Philippines,PHL,"School enrollment, primary (% gross)",SE.PRM.ENRR,Giáo dục & Đào tạo,2025,
Philippines,PHL,"School enrollment, primary, female (% gross)",SE.PRM.ENRR.FE,Giáo dục & Đào tạo,2015,102.412706991717
Philippines,PHL,"School enrollment, primary, female (% gross)",SE.PRM.ENRR.FE,Giáo dục & Đào tạo,2016,100.373420176464
Philippines,PHL,"School enrollment, primary, female (% gross)",SE.PRM.ENRR.FE,Giáo dục & Đào tạo,2017,97.8018230026456
Philippines,PHL,"School enrollment, primary, female (% gross)",SE.PRM.ENRR.FE,Giáo dục & Đào tạo,2018,92.7170550438659
Philippines,PHL,"School enrollment, primary, female (% gross)",SE.PRM.ENRR.FE,Giáo dục & Đào tạo,2019,91.2141505731944
Philippines,PHL,"School enrollment, primary, female (% gross)",SE.PRM.ENRR.FE,Giáo dục & Đào tạo,2020,91.4407644850532
Philippines,PHL,"School enrollment, primary, female (% gross)",SE.PRM.ENRR.FE,Giáo dục & Đào tạo,2021,87.0400495286934
Philippines,PHL,"School enrollment, primary, female (% gross)",SE.PRM.ENRR.FE,Giáo dục & Đào tạo,2022,88.6871185960354
Philippines,PHL,"School enrollment, primary, female (% gross)",SE.PRM.ENRR.FE,Giáo dục & Đào tạo,2023,90.2603080599647
Philippines,PHL,"School enrollment, primary, female (% gross)",SE.PRM.ENRR.FE,Giáo dục & Đào tạo,2024,92.1194459029965
Philippines,PHL,"School enrollment, primary, female (% gross)",SE.PRM.ENRR.FE,Giáo dục & Đào tạo,2025,
Philippines,PHL,"School enrollment, primary, male (% gross)",SE.PRM.ENRR.MA,Giáo dục & Đào tạo,2015,104.336245717918
Philippines,PHL,"School enrollment, primary, male (% gross)",SE.PRM.ENRR.MA,Giáo dục & Đào tạo,2016,102.990561732699
Philippines,PHL,"School enrollment, primary, male (% gross)",SE.PRM.ENRR.MA,Giáo dục & Đào tạo,2017,100.849889755582
Philippines,PHL,"School enrollment, primary, male (% gross)",SE.PRM.ENRR.MA,Giáo dục & Đào tạo,2018,96.309438477643
Philippines,PHL,"School enrollment, primary, male (% gross)",SE.PRM.ENRR.MA,Giáo dục & Đào tạo,2019,94.7359315316223
Philippines,PHL,"School enrollment, primary, male (% gross)",SE.PRM.ENRR.MA,Giáo dục & Đào tạo,2020,95.0669168751738
Philippines,PHL,"School enrollment, primary, male (% gross)",SE.PRM.ENRR.MA,Giáo dục & Đào tạo,2021,90.5724105444966
Philippines,PHL,"School enrollment, primary, male (% gross)",SE.PRM.ENRR.MA,Giáo dục & Đào tạo,2022,92.477469014773
Philippines,PHL,"School enrollment, primary, male (% gross)",SE.PRM.ENRR.MA,Giáo dục & Đào tạo,2023,94.564628678218
Philippines,PHL,"School enrollment, primary, male (% gross)",SE.PRM.ENRR.MA,Giáo dục & Đào tạo,2024,95.8880950966532
Philippines,PHL,"School enrollment, primary, male (% gross)",SE.PRM.ENRR.MA,Giáo dục & Đào tạo,2025,
Philippines,PHL,"School enrollment, secondary (% gross)",SE.SEC.ENRR,Giáo dục & Đào tạo,2015,82.0085254812081
Philippines,PHL,"School enrollment, secondary (% gross)",SE.SEC.ENRR,Giáo dục & Đào tạo,2016,82.7837574272484
Philippines,PHL,"School enrollment, secondary (% gross)",SE.SEC.ENRR,Giáo dục & Đào tạo,2017,80.9227600097656
Philippines,PHL,"School enrollment, secondary (% gross)",SE.SEC.ENRR,Giáo dục & Đào tạo,2018,79.3622469757001
Philippines,PHL,"School enrollment, secondary (% gross)",SE.SEC.ENRR,Giáo dục & Đào tạo,2019,85.3821865979599
Philippines,PHL,"School enrollment, secondary (% gross)",SE.SEC.ENRR,Giáo dục & Đào tạo,2020,87.9419879481158
Philippines,PHL,"School enrollment, secondary (% gross)",SE.SEC.ENRR,Giáo dục & Đào tạo,2021,85.8666475631511
Philippines,PHL,"School enrollment, secondary (% gross)",SE.SEC.ENRR,Giáo dục & Đào tạo,2022,92.291271176651
Philippines,PHL,"School enrollment, secondary (% gross)",SE.SEC.ENRR,Giáo dục & Đào tạo,2023,91.5493424610693
Philippines,PHL,"School enrollment, secondary (% gross)",SE.SEC.ENRR,Giáo dục & Đào tạo,2024,85.2945085684493
Philippines,PHL,"School enrollment, secondary (% gross)",SE.SEC.ENRR,Giáo dục & Đào tạo,2025,
Philippines,PHL,"School enrollment, secondary, female (% gross)",SE.SEC.ENRR.FE,Giáo dục & Đào tạo,2015,85.5248692113886
Philippines,PHL,"School enrollment, secondary, female (% gross)",SE.SEC.ENRR.FE,Giáo dục & Đào tạo,2016,86.0883666592253
Philippines,PHL,"School enrollment, secondary, female (% gross)",SE.SEC.ENRR.FE,Giáo dục & Đào tạo,2017,84.2528228759766
Philippines,PHL,"School enrollment, secondary, female (% gross)",SE.SEC.ENRR.FE,Giáo dục & Đào tạo,2018,82.4822175600847
Philippines,PHL,"School enrollment, secondary, female (% gross)",SE.SEC.ENRR.FE,Giáo dục & Đào tạo,2019,87.6308727761127
Philippines,PHL,"School enrollment, secondary, female (% gross)",SE.SEC.ENRR.FE,Giáo dục & Đào tạo,2020,89.6099009594054
Philippines,PHL,"School enrollment, secondary, female (% gross)",SE.SEC.ENRR.FE,Giáo dục & Đào tạo,2021,87.9361520075232
Philippines,PHL,"School enrollment, secondary, female (% gross)",SE.SEC.ENRR.FE,Giáo dục & Đào tạo,2022,93.8565182415521
Philippines,PHL,"School enrollment, secondary, female (% gross)",SE.SEC.ENRR.FE,Giáo dục & Đào tạo,2023,92.2052107888903
Philippines,PHL,"School enrollment, secondary, female (% gross)",SE.SEC.ENRR.FE,Giáo dục & Đào tạo,2024,86.1154588164975
Philippines,PHL,"School enrollment, secondary, female (% gross)",SE.SEC.ENRR.FE,Giáo dục & Đào tạo,2025,
Philippines,PHL,"School enrollment, secondary, male (% gross)",SE.SEC.ENRR.MA,Giáo dục & Đào tạo,2015,78.7252974574586
Philippines,PHL,"School enrollment, secondary, male (% gross)",SE.SEC.ENRR.MA,Giáo dục & Đào tạo,2016,79.6621327386656
Philippines,PHL,"School enrollment, secondary, male (% gross)",SE.SEC.ENRR.MA,Giáo dục & Đào tạo,2017,77.7463302612305
Philippines,PHL,"School enrollment, secondary, male (% gross)",SE.SEC.ENRR.MA,Giáo dục & Đào tạo,2018,76.3576913399141
Philippines,PHL,"School enrollment, secondary, male (% gross)",SE.SEC.ENRR.MA,Giáo dục & Đào tạo,2019,83.1943648121134
Philippines,PHL,"School enrollment, secondary, male (% gross)",SE.SEC.ENRR.MA,Giáo dục & Đào tạo,2020,86.3085595704775
Philippines,PHL,"School enrollment, secondary, male (% gross)",SE.SEC.ENRR.MA,Giáo dục & Đào tạo,2021,83.846098770924
Philippines,PHL,"School enrollment, secondary, male (% gross)",SE.SEC.ENRR.MA,Giáo dục & Đào tạo,2022,90.7663228572526
Philippines,PHL,"School enrollment, secondary, male (% gross)",SE.SEC.ENRR.MA,Giáo dục & Đào tạo,2023,90.9115557265909
Philippines,PHL,"School enrollment, secondary, male (% gross)",SE.SEC.ENRR.MA,Giáo dục & Đào tạo,2024,84.4967272459257
Philippines,PHL,"School enrollment, secondary, male (% gross)",SE.SEC.ENRR.MA,Giáo dục & Đào tạo,2025,
Philippines,PHL,"School enrollment, tertiary (% gross)",SE.TER.ENRR,Giáo dục & Đào tạo,2015,35.8745887819664
Philippines,PHL,"School enrollment, tertiary (% gross)",SE.TER.ENRR,Giáo dục & Đào tạo,2016,38.3447414525513
Philippines,PHL,"School enrollment, tertiary (% gross)",SE.TER.ENRR,Giáo dục & Đào tạo,2017,33.6841018682349
Philippines,PHL,"School enrollment, tertiary (% gross)",SE.TER.ENRR,Giáo dục & Đào tạo,2018,28.1166228592308
Philippines,PHL,"School enrollment, tertiary (% gross)",SE.TER.ENRR,Giáo dục & Đào tạo,2019,30.0548680110365
Philippines,PHL,"School enrollment, tertiary (% gross)",SE.TER.ENRR,Giáo dục & Đào tạo,2020,31.6317598507085
Philippines,PHL,"School enrollment, tertiary (% gross)",SE.TER.ENRR,Giáo dục & Đào tạo,2021,33.6166173848126
Philippines,PHL,"School enrollment, tertiary (% gross)",SE.TER.ENRR,Giáo dục & Đào tạo,2022,38.4011392706768
Philippines,PHL,"School enrollment, tertiary (% gross)",SE.TER.ENRR,Giáo dục & Đào tạo,2023,44.2394203278519
Philippines,PHL,"School enrollment, tertiary (% gross)",SE.TER.ENRR,Giáo dục & Đào tạo,2024,47.4134996154186
Philippines,PHL,"School enrollment, tertiary (% gross)",SE.TER.ENRR,Giáo dục & Đào tạo,2025,
Philippines,PHL,"School enrollment, tertiary, female (% gross)",SE.TER.ENRR.FE,Giáo dục & Đào tạo,2015,41.0613047431901
Philippines,PHL,"School enrollment, tertiary, female (% gross)",SE.TER.ENRR.FE,Giáo dục & Đào tạo,2016,43.5571209645523
Philippines,PHL,"School enrollment, tertiary, female (% gross)",SE.TER.ENRR.FE,Giáo dục & Đào tạo,2017,38.286150336618
Philippines,PHL,"School enrollment, tertiary, female (% gross)",SE.TER.ENRR.FE,Giáo dục & Đào tạo,2018,31.8172905767181
Philippines,PHL,"School enrollment, tertiary, female (% gross)",SE.TER.ENRR.FE,Giáo dục & Đào tạo,2019,33.6724362657156
Philippines,PHL,"School enrollment, tertiary, female (% gross)",SE.TER.ENRR.FE,Giáo dục & Đào tạo,2020,34.9776942092469
Philippines,PHL,"School enrollment, tertiary, female (% gross)",SE.TER.ENRR.FE,Giáo dục & Đào tạo,2021,38.0290931957121
Philippines,PHL,"School enrollment, tertiary, female (% gross)",SE.TER.ENRR.FE,Giáo dục & Đào tạo,2022,44.8304989112463
Philippines,PHL,"School enrollment, tertiary, female (% gross)",SE.TER.ENRR.FE,Giáo dục & Đào tạo,2023,50.9499907329313
Philippines,PHL,"School enrollment, tertiary, female (% gross)",SE.TER.ENRR.FE,Giáo dục & Đào tạo,2024,53.2985582335097
Philippines,PHL,"School enrollment, tertiary, female (% gross)",SE.TER.ENRR.FE,Giáo dục & Đào tạo,2025,
Philippines,PHL,"School enrollment, tertiary, male (% gross)",SE.TER.ENRR.MA,Giáo dục & Đào tạo,2015,31.0182503926315
Philippines,PHL,"School enrollment, tertiary, male (% gross)",SE.TER.ENRR.MA,Giáo dục & Đào tạo,2016,33.4151070319383
Philippines,PHL,"School enrollment, tertiary, male (% gross)",SE.TER.ENRR.MA,Giáo dục & Đào tạo,2017,29.2897323063218
Philippines,PHL,"School enrollment, tertiary, male (% gross)",SE.TER.ENRR.MA,Giáo dục & Đào tạo,2018,24.5466556895257
Philippines,PHL,"School enrollment, tertiary, male (% gross)",SE.TER.ENRR.MA,Giáo dục & Đào tạo,2019,26.5245528357297
Philippines,PHL,"School enrollment, tertiary, male (% gross)",SE.TER.ENRR.MA,Giáo dục & Đào tạo,2020,28.3358038010199
Philippines,PHL,"School enrollment, tertiary, male (% gross)",SE.TER.ENRR.MA,Giáo dục & Đào tạo,2021,29.2642161028574
Philippines,PHL,"School enrollment, tertiary, male (% gross)",SE.TER.ENRR.MA,Giáo dục & Đào tạo,2022,32.0541368625707
Philippines,PHL,"School enrollment, tertiary, male (% gross)",SE.TER.ENRR.MA,Giáo dục & Đào tạo,2023,37.6196734791632
Philippines,PHL,"School enrollment, tertiary, male (% gross)",SE.TER.ENRR.MA,Giáo dục & Đào tạo,2024,41.6207344841957
Philippines,PHL,"School enrollment, tertiary, male (% gross)",SE.TER.ENRR.MA,Giáo dục & Đào tạo,2025,
Philippines,PHL,"Government expenditure on education, total (% of GDP)",SE.XPD.TOTL.GD.ZS,Giáo dục & Đào tạo,2015,2.83052303785203
Philippines,PHL,"Government expenditure on education, total (% of GDP)",SE.XPD.TOTL.GD.ZS,Giáo dục & Đào tạo,2016,3.30128109042443
Philippines,PHL,"Government expenditure on education, total (% of GDP)",SE.XPD.TOTL.GD.ZS,Giáo dục & Đào tạo,2017,3.96384087403915
Philippines,PHL,"Government expenditure on education, total (% of GDP)",SE.XPD.TOTL.GD.ZS,Giáo dục & Đào tạo,2018,3.85502760745456
Philippines,PHL,"Government expenditure on education, total (% of GDP)",SE.XPD.TOTL.GD.ZS,Giáo dục & Đào tạo,2019,3.40748649142134
Philippines,PHL,"Government expenditure on education, total (% of GDP)",SE.XPD.TOTL.GD.ZS,Giáo dục & Đào tạo,2020,3.85829051308063
Philippines,PHL,"Government expenditure on education, total (% of GDP)",SE.XPD.TOTL.GD.ZS,Giáo dục & Đào tạo,2021,3.87249754784633
Philippines,PHL,"Government expenditure on education, total (% of GDP)",SE.XPD.TOTL.GD.ZS,Giáo dục & Đào tạo,2022,3.57960089528426
Philippines,PHL,"Government expenditure on education, total (% of GDP)",SE.XPD.TOTL.GD.ZS,Giáo dục & Đào tạo,2023,3.6236863467978
Philippines,PHL,"Government expenditure on education, total (% of GDP)",SE.XPD.TOTL.GD.ZS,Giáo dục & Đào tạo,2024,3.92501087473821
Philippines,PHL,"Government expenditure on education, total (% of GDP)",SE.XPD.TOTL.GD.ZS,Giáo dục & Đào tạo,2025,3.96922646675346
Singapore,SGP,"Literacy rate, adult total (% of people ages 15 and above)",SE.ADT.LITR.ZS,Giáo dục & Đào tạo,2015,96.8300018310547
Singapore,SGP,"Literacy rate, adult total (% of people ages 15 and above)",SE.ADT.LITR.ZS,Giáo dục & Đào tạo,2016,97.0500030517578
Singapore,SGP,"Literacy rate, adult total (% of people ages 15 and above)",SE.ADT.LITR.ZS,Giáo dục & Đào tạo,2017,97.1999969482422
Singapore,SGP,"Literacy rate, adult total (% of people ages 15 and above)",SE.ADT.LITR.ZS,Giáo dục & Đào tạo,2018,97.3399963378906
Singapore,SGP,"Literacy rate, adult total (% of people ages 15 and above)",SE.ADT.LITR.ZS,Giáo dục & Đào tạo,2019,97.4800033569336
Singapore,SGP,"Literacy rate, adult total (% of people ages 15 and above)",SE.ADT.LITR.ZS,Giáo dục & Đào tạo,2020,97.129997253418
Singapore,SGP,"Literacy rate, adult total (% of people ages 15 and above)",SE.ADT.LITR.ZS,Giáo dục & Đào tạo,2021,97.6500015258789
Singapore,SGP,"Literacy rate, adult total (% of people ages 15 and above)",SE.ADT.LITR.ZS,Giáo dục & Đào tạo,2022,
Singapore,SGP,"Literacy rate, adult total (% of people ages 15 and above)",SE.ADT.LITR.ZS,Giáo dục & Đào tạo,2023,
Singapore,SGP,"Literacy rate, adult total (% of people ages 15 and above)",SE.ADT.LITR.ZS,Giáo dục & Đào tạo,2024,
Singapore,SGP,"Literacy rate, adult total (% of people ages 15 and above)",SE.ADT.LITR.ZS,Giáo dục & Đào tạo,2025,
Singapore,SGP,"School enrollment, primary (% gross)",SE.PRM.ENRR,Giáo dục & Đào tạo,2015,
Singapore,SGP,"School enrollment, primary (% gross)",SE.PRM.ENRR,Giáo dục & Đào tạo,2016,100.773205741627
Singapore,SGP,"School enrollment, primary (% gross)",SE.PRM.ENRR,Giáo dục & Đào tạo,2017,100.626953870432
Singapore,SGP,"School enrollment, primary (% gross)",SE.PRM.ENRR,Giáo dục & Đào tạo,2018,100.261866636903
Singapore,SGP,"School enrollment, primary (% gross)",SE.PRM.ENRR,Giáo dục & Đào tạo,2019,100.692578354355
Singapore,SGP,"School enrollment, primary (% gross)",SE.PRM.ENRR,Giáo dục & Đào tạo,2020,100.53590938338
Singapore,SGP,"School enrollment, primary (% gross)",SE.PRM.ENRR,Giáo dục & Đào tạo,2021,99.8746450408043
Singapore,SGP,"School enrollment, primary (% gross)",SE.PRM.ENRR,Giáo dục & Đào tạo,2022,99.5780376637324
Singapore,SGP,"School enrollment, primary (% gross)",SE.PRM.ENRR,Giáo dục & Đào tạo,2023,100.245139192048
Singapore,SGP,"School enrollment, primary (% gross)",SE.PRM.ENRR,Giáo dục & Đào tạo,2024,
Singapore,SGP,"School enrollment, primary (% gross)",SE.PRM.ENRR,Giáo dục & Đào tạo,2025,
Singapore,SGP,"School enrollment, primary, female (% gross)",SE.PRM.ENRR.FE,Giáo dục & Đào tạo,2015,
Singapore,SGP,"School enrollment, primary, female (% gross)",SE.PRM.ENRR.FE,Giáo dục & Đào tạo,2016,100.692864709049
Singapore,SGP,"School enrollment, primary, female (% gross)",SE.PRM.ENRR.FE,Giáo dục & Đào tạo,2017,100.571724204453
Singapore,SGP,"School enrollment, primary, female (% gross)",SE.PRM.ENRR.FE,Giáo dục & Đào tạo,2018,100.224944203293
Singapore,SGP,"School enrollment, primary, female (% gross)",SE.PRM.ENRR.FE,Giáo dục & Đào tạo,2019,100.684973610952
Singapore,SGP,"School enrollment, primary, female (% gross)",SE.PRM.ENRR.FE,Giáo dục & Đào tạo,2020,100.51294317759
Singapore,SGP,"School enrollment, primary, female (% gross)",SE.PRM.ENRR.FE,Giáo dục & Đào tạo,2021,99.6871449794634
Singapore,SGP,"School enrollment, primary, female (% gross)",SE.PRM.ENRR.FE,Giáo dục & Đào tạo,2022,99.5866584461484
Singapore,SGP,"School enrollment, primary, female (% gross)",SE.PRM.ENRR.FE,Giáo dục & Đào tạo,2023,100.092255694849
Singapore,SGP,"School enrollment, primary, female (% gross)",SE.PRM.ENRR.FE,Giáo dục & Đào tạo,2024,
Singapore,SGP,"School enrollment, primary, female (% gross)",SE.PRM.ENRR.FE,Giáo dục & Đào tạo,2025,
Singapore,SGP,"School enrollment, primary, male (% gross)",SE.PRM.ENRR.MA,Giáo dục & Đào tạo,2015,
Singapore,SGP,"School enrollment, primary, male (% gross)",SE.PRM.ENRR.MA,Giáo dục & Đào tạo,2016,100.850347225117
Singapore,SGP,"School enrollment, primary, male (% gross)",SE.PRM.ENRR.MA,Giáo dục & Đào tạo,2017,100.679815358791
Singapore,SGP,"School enrollment, primary, male (% gross)",SE.PRM.ENRR.MA,Giáo dục & Đào tạo,2018,100.297136909608
Singapore,SGP,"School enrollment, primary, male (% gross)",SE.PRM.ENRR.MA,Giáo dục & Đào tạo,2019,100.699827554454
Singapore,SGP,"School enrollment, primary, male (% gross)",SE.PRM.ENRR.MA,Giáo dục & Đào tạo,2020,100.557750798291
Singapore,SGP,"School enrollment, primary, male (% gross)",SE.PRM.ENRR.MA,Giáo dục & Đào tạo,2021,100.053287151136
Singapore,SGP,"School enrollment, primary, male (% gross)",SE.PRM.ENRR.MA,Giáo dục & Đào tạo,2022,99.5698570310247
Singapore,SGP,"School enrollment, primary, male (% gross)",SE.PRM.ENRR.MA,Giáo dục & Đào tạo,2023,100.39018404908
Singapore,SGP,"School enrollment, primary, male (% gross)",SE.PRM.ENRR.MA,Giáo dục & Đào tạo,2024,
Singapore,SGP,"School enrollment, primary, male (% gross)",SE.PRM.ENRR.MA,Giáo dục & Đào tạo,2025,
Singapore,SGP,"School enrollment, secondary (% gross)",SE.SEC.ENRR,Giáo dục & Đào tạo,2015,
Singapore,SGP,"School enrollment, secondary (% gross)",SE.SEC.ENRR,Giáo dục & Đào tạo,2016,107.745868589242
Singapore,SGP,"School enrollment, secondary (% gross)",SE.SEC.ENRR,Giáo dục & Đào tạo,2017,107.472873863465
Singapore,SGP,"School enrollment, secondary (% gross)",SE.SEC.ENRR,Giáo dục & Đào tạo,2018,105.745250914262
Singapore,SGP,"School enrollment, secondary (% gross)",SE.SEC.ENRR,Giáo dục & Đào tạo,2019,104.621987875083
Singapore,SGP,"School enrollment, secondary (% gross)",SE.SEC.ENRR,Giáo dục & Đào tạo,2020,103.115839213946
Singapore,SGP,"School enrollment, secondary (% gross)",SE.SEC.ENRR,Giáo dục & Đào tạo,2021,102.951274385922
Singapore,SGP,"School enrollment, secondary (% gross)",SE.SEC.ENRR,Giáo dục & Đào tạo,2022,103.009804103267
Singapore,SGP,"School enrollment, secondary (% gross)",SE.SEC.ENRR,Giáo dục & Đào tạo,2023,103.082801906213
Singapore,SGP,"School enrollment, secondary (% gross)",SE.SEC.ENRR,Giáo dục & Đào tạo,2024,
Singapore,SGP,"School enrollment, secondary (% gross)",SE.SEC.ENRR,Giáo dục & Đào tạo,2025,
Singapore,SGP,"School enrollment, secondary, female (% gross)",SE.SEC.ENRR.FE,Giáo dục & Đào tạo,2015,
Singapore,SGP,"School enrollment, secondary, female (% gross)",SE.SEC.ENRR.FE,Giáo dục & Đào tạo,2016,107.364959262144
Singapore,SGP,"School enrollment, secondary, female (% gross)",SE.SEC.ENRR.FE,Giáo dục & Đào tạo,2017,106.88839463636
Singapore,SGP,"School enrollment, secondary, female (% gross)",SE.SEC.ENRR.FE,Giáo dục & Đào tạo,2018,105.214493204689
Singapore,SGP,"School enrollment, secondary, female (% gross)",SE.SEC.ENRR.FE,Giáo dục & Đào tạo,2019,104.181057515607
Singapore,SGP,"School enrollment, secondary, female (% gross)",SE.SEC.ENRR.FE,Giáo dục & Đào tạo,2020,102.619251241336
Singapore,SGP,"School enrollment, secondary, female (% gross)",SE.SEC.ENRR.FE,Giáo dục & Đào tạo,2021,102.820483763331
Singapore,SGP,"School enrollment, secondary, female (% gross)",SE.SEC.ENRR.FE,Giáo dục & Đào tạo,2022,102.73547410258
Singapore,SGP,"School enrollment, secondary, female (% gross)",SE.SEC.ENRR.FE,Giáo dục & Đào tạo,2023,102.676070813741
Singapore,SGP,"School enrollment, secondary, female (% gross)",SE.SEC.ENRR.FE,Giáo dục & Đào tạo,2024,
Singapore,SGP,"School enrollment, secondary, female (% gross)",SE.SEC.ENRR.FE,Giáo dục & Đào tạo,2025,
Singapore,SGP,"School enrollment, secondary, male (% gross)",SE.SEC.ENRR.MA,Giáo dục & Đào tạo,2015,
Singapore,SGP,"School enrollment, secondary, male (% gross)",SE.SEC.ENRR.MA,Giáo dục & Đào tạo,2016,108.107125687417
Singapore,SGP,"School enrollment, secondary, male (% gross)",SE.SEC.ENRR.MA,Giáo dục & Đào tạo,2017,108.030881396291
Singapore,SGP,"School enrollment, secondary, male (% gross)",SE.SEC.ENRR.MA,Giáo dục & Đào tạo,2018,106.254353667032
Singapore,SGP,"School enrollment, secondary, male (% gross)",SE.SEC.ENRR.MA,Giáo dục & Đào tạo,2019,105.043272523504
Singapore,SGP,"School enrollment, secondary, male (% gross)",SE.SEC.ENRR.MA,Giáo dục & Đào tạo,2020,103.592337652794
Singapore,SGP,"School enrollment, secondary, male (% gross)",SE.SEC.ENRR.MA,Giáo dục & Đào tạo,2021,103.07670015456
Singapore,SGP,"School enrollment, secondary, male (% gross)",SE.SEC.ENRR.MA,Giáo dục & Đào tạo,2022,103.27297375811
Singapore,SGP,"School enrollment, secondary, male (% gross)",SE.SEC.ENRR.MA,Giáo dục & Đào tạo,2023,103.473602350298
Singapore,SGP,"School enrollment, secondary, male (% gross)",SE.SEC.ENRR.MA,Giáo dục & Đào tạo,2024,
Singapore,SGP,"School enrollment, secondary, male (% gross)",SE.SEC.ENRR.MA,Giáo dục & Đào tạo,2025,
Singapore,SGP,"School enrollment, tertiary (% gross)",SE.TER.ENRR,Giáo dục & Đào tạo,2015,
Singapore,SGP,"School enrollment, tertiary (% gross)",SE.TER.ENRR,Giáo dục & Đào tạo,2016,83.9409778236648
Singapore,SGP,"School enrollment, tertiary (% gross)",SE.TER.ENRR,Giáo dục & Đào tạo,2017,84.7929138455372
Singapore,SGP,"School enrollment, tertiary (% gross)",SE.TER.ENRR,Giáo dục & Đào tạo,2018,88.8864453410769
Singapore,SGP,"School enrollment, tertiary (% gross)",SE.TER.ENRR,Giáo dục & Đào tạo,2019,91.0889904414776
Singapore,SGP,"School enrollment, tertiary (% gross)",SE.TER.ENRR,Giáo dục & Đào tạo,2020,93.134767179468
Singapore,SGP,"School enrollment, tertiary (% gross)",SE.TER.ENRR,Giáo dục & Đào tạo,2021,97.0989103061521
Singapore,SGP,"School enrollment, tertiary (% gross)",SE.TER.ENRR,Giáo dục & Đào tạo,2022,98.02222650098
Singapore,SGP,"School enrollment, tertiary (% gross)",SE.TER.ENRR,Giáo dục & Đào tạo,2023,97.2886546863037
Singapore,SGP,"School enrollment, tertiary (% gross)",SE.TER.ENRR,Giáo dục & Đào tạo,2024,
Singapore,SGP,"School enrollment, tertiary (% gross)",SE.TER.ENRR,Giáo dục & Đào tạo,2025,
Singapore,SGP,"School enrollment, tertiary, female (% gross)",SE.TER.ENRR.FE,Giáo dục & Đào tạo,2015,
Singapore,SGP,"School enrollment, tertiary, female (% gross)",SE.TER.ENRR.FE,Giáo dục & Đào tạo,2016,90.5745224304781
Singapore,SGP,"School enrollment, tertiary, female (% gross)",SE.TER.ENRR.FE,Giáo dục & Đào tạo,2017,91.1969710792811
Singapore,SGP,"School enrollment, tertiary, female (% gross)",SE.TER.ENRR.FE,Giáo dục & Đào tạo,2018,95.417817614672
Singapore,SGP,"School enrollment, tertiary, female (% gross)",SE.TER.ENRR.FE,Giáo dục & Đào tạo,2019,97.0900106709222
Singapore,SGP,"School enrollment, tertiary, female (% gross)",SE.TER.ENRR.FE,Giáo dục & Đào tạo,2020,98.270054517134
Singapore,SGP,"School enrollment, tertiary, female (% gross)",SE.TER.ENRR.FE,Giáo dục & Đào tạo,2021,102.329468912554
Singapore,SGP,"School enrollment, tertiary, female (% gross)",SE.TER.ENRR.FE,Giáo dục & Đào tạo,2022,103.249422302202
Singapore,SGP,"School enrollment, tertiary, female (% gross)",SE.TER.ENRR.FE,Giáo dục & Đào tạo,2023,102.127991350812
Singapore,SGP,"School enrollment, tertiary, female (% gross)",SE.TER.ENRR.FE,Giáo dục & Đào tạo,2024,
Singapore,SGP,"School enrollment, tertiary, female (% gross)",SE.TER.ENRR.FE,Giáo dục & Đào tạo,2025,
Singapore,SGP,"School enrollment, tertiary, male (% gross)",SE.TER.ENRR.MA,Giáo dục & Đào tạo,2015,
Singapore,SGP,"School enrollment, tertiary, male (% gross)",SE.TER.ENRR.MA,Giáo dục & Đào tạo,2016,77.8587744398723
Singapore,SGP,"School enrollment, tertiary, male (% gross)",SE.TER.ENRR.MA,Giáo dục & Đào tạo,2017,78.9388531207259
Singapore,SGP,"School enrollment, tertiary, male (% gross)",SE.TER.ENRR.MA,Giáo dục & Đào tạo,2018,82.9129967776584
Singapore,SGP,"School enrollment, tertiary, male (% gross)",SE.TER.ENRR.MA,Giáo dục & Đào tạo,2019,85.5780775478494
Singapore,SGP,"School enrollment, tertiary, male (% gross)",SE.TER.ENRR.MA,Giáo dục & Đào tạo,2020,88.3773156081459
Singapore,SGP,"School enrollment, tertiary, male (% gross)",SE.TER.ENRR.MA,Giáo dục & Đào tạo,2021,92.1900666285229
Singapore,SGP,"School enrollment, tertiary, male (% gross)",SE.TER.ENRR.MA,Giáo dục & Đào tạo,2022,93.1417006367603
Singapore,SGP,"School enrollment, tertiary, male (% gross)",SE.TER.ENRR.MA,Giáo dục & Đào tạo,2023,92.7966960331169
Singapore,SGP,"School enrollment, tertiary, male (% gross)",SE.TER.ENRR.MA,Giáo dục & Đào tạo,2024,
Singapore,SGP,"School enrollment, tertiary, male (% gross)",SE.TER.ENRR.MA,Giáo dục & Đào tạo,2025,
Singapore,SGP,"Government expenditure on education, total (% of GDP)",SE.XPD.TOTL.GD.ZS,Giáo dục & Đào tạo,2015,2.99161870509909
Singapore,SGP,"Government expenditure on education, total (% of GDP)",SE.XPD.TOTL.GD.ZS,Giáo dục & Đào tạo,2016,2.94466258946576
Singapore,SGP,"Government expenditure on education, total (% of GDP)",SE.XPD.TOTL.GD.ZS,Giáo dục & Đào tạo,2017,2.87916382421742
Singapore,SGP,"Government expenditure on education, total (% of GDP)",SE.XPD.TOTL.GD.ZS,Giáo dục & Đào tạo,2018,2.85314011573792
Singapore,SGP,"Government expenditure on education, total (% of GDP)",SE.XPD.TOTL.GD.ZS,Giáo dục & Đào tạo,2019,2.72783994674683
Singapore,SGP,"Government expenditure on education, total (% of GDP)",SE.XPD.TOTL.GD.ZS,Giáo dục & Đào tạo,2020,2.69227004051208
Singapore,SGP,"Government expenditure on education, total (% of GDP)",SE.XPD.TOTL.GD.ZS,Giáo dục & Đào tạo,2021,2.82732009887695
Singapore,SGP,"Government expenditure on education, total (% of GDP)",SE.XPD.TOTL.GD.ZS,Giáo dục & Đào tạo,2022,2.47478008270264
Singapore,SGP,"Government expenditure on education, total (% of GDP)",SE.XPD.TOTL.GD.ZS,Giáo dục & Đào tạo,2023,2.1037700176239
Singapore,SGP,"Government expenditure on education, total (% of GDP)",SE.XPD.TOTL.GD.ZS,Giáo dục & Đào tạo,2024,2.19099857819757
Singapore,SGP,"Government expenditure on education, total (% of GDP)",SE.XPD.TOTL.GD.ZS,Giáo dục & Đào tạo,2025,
Thailand,THA,"Literacy rate, adult total (% of people ages 15 and above)",SE.ADT.LITR.ZS,Giáo dục & Đào tạo,2015,92.870002746582
Thailand,THA,"Literacy rate, adult total (% of people ages 15 and above)",SE.ADT.LITR.ZS,Giáo dục & Đào tạo,2016,91.9800033569336
Thailand,THA,"Literacy rate, adult total (% of people ages 15 and above)",SE.ADT.LITR.ZS,Giáo dục & Đào tạo,2017,
Thailand,THA,"Literacy rate, adult total (% of people ages 15 and above)",SE.ADT.LITR.ZS,Giáo dục & Đào tạo,2018,93.7699966430664
Thailand,THA,"Literacy rate, adult total (% of people ages 15 and above)",SE.ADT.LITR.ZS,Giáo dục & Đào tạo,2019,91.2699966430664
Thailand,THA,"Literacy rate, adult total (% of people ages 15 and above)",SE.ADT.LITR.ZS,Giáo dục & Đào tạo,2020,
Thailand,THA,"Literacy rate, adult total (% of people ages 15 and above)",SE.ADT.LITR.ZS,Giáo dục & Đào tạo,2021,
Thailand,THA,"Literacy rate, adult total (% of people ages 15 and above)",SE.ADT.LITR.ZS,Giáo dục & Đào tạo,2022,91.0999984741211
Thailand,THA,"Literacy rate, adult total (% of people ages 15 and above)",SE.ADT.LITR.ZS,Giáo dục & Đào tạo,2023,
Thailand,THA,"Literacy rate, adult total (% of people ages 15 and above)",SE.ADT.LITR.ZS,Giáo dục & Đào tạo,2024,
Thailand,THA,"Literacy rate, adult total (% of people ages 15 and above)",SE.ADT.LITR.ZS,Giáo dục & Đào tạo,2025,
Thailand,THA,"School enrollment, primary (% gross)",SE.PRM.ENRR,Giáo dục & Đào tạo,2015,103.333457946777
Thailand,THA,"School enrollment, primary (% gross)",SE.PRM.ENRR,Giáo dục & Đào tạo,2016,104.941299438477
Thailand,THA,"School enrollment, primary (% gross)",SE.PRM.ENRR,Giáo dục & Đào tạo,2017,101.863590810489
Thailand,THA,"School enrollment, primary (% gross)",SE.PRM.ENRR,Giáo dục & Đào tạo,2018,102.013545184574
Thailand,THA,"School enrollment, primary (% gross)",SE.PRM.ENRR,Giáo dục & Đào tạo,2019,103.012241063391
Thailand,THA,"School enrollment, primary (% gross)",SE.PRM.ENRR,Giáo dục & Đào tạo,2020,103.859900460568
Thailand,THA,"School enrollment, primary (% gross)",SE.PRM.ENRR,Giáo dục & Đào tạo,2021,103.619796585158
Thailand,THA,"School enrollment, primary (% gross)",SE.PRM.ENRR,Giáo dục & Đào tạo,2022,104.833004394528
Thailand,THA,"School enrollment, primary (% gross)",SE.PRM.ENRR,Giáo dục & Đào tạo,2023,102.574975655738
Thailand,THA,"School enrollment, primary (% gross)",SE.PRM.ENRR,Giáo dục & Đào tạo,2024,101.004223573604
Thailand,THA,"School enrollment, primary (% gross)",SE.PRM.ENRR,Giáo dục & Đào tạo,2025,100.728168483387
Thailand,THA,"School enrollment, primary, female (% gross)",SE.PRM.ENRR.FE,Giáo dục & Đào tạo,2015,100.97029876709
Thailand,THA,"School enrollment, primary, female (% gross)",SE.PRM.ENRR.FE,Giáo dục & Đào tạo,2016,106.012710571289
Thailand,THA,"School enrollment, primary, female (% gross)",SE.PRM.ENRR.FE,Giáo dục & Đào tạo,2017,97.5062060002166
Thailand,THA,"School enrollment, primary, female (% gross)",SE.PRM.ENRR.FE,Giáo dục & Đào tạo,2018,101.054880104514
Thailand,THA,"School enrollment, primary, female (% gross)",SE.PRM.ENRR.FE,Giáo dục & Đào tạo,2019,102.066604911573
Thailand,THA,"School enrollment, primary, female (% gross)",SE.PRM.ENRR.FE,Giáo dục & Đào tạo,2020,102.946478890921
Thailand,THA,"School enrollment, primary, female (% gross)",SE.PRM.ENRR.FE,Giáo dục & Đào tạo,2021,102.629857722714
Thailand,THA,"School enrollment, primary, female (% gross)",SE.PRM.ENRR.FE,Giáo dục & Đào tạo,2022,103.826141593298
Thailand,THA,"School enrollment, primary, female (% gross)",SE.PRM.ENRR.FE,Giáo dục & Đào tạo,2023,100.309523007892
Thailand,THA,"School enrollment, primary, female (% gross)",SE.PRM.ENRR.FE,Giáo dục & Đào tạo,2024,100.034294056615
Thailand,THA,"School enrollment, primary, female (% gross)",SE.PRM.ENRR.FE,Giáo dục & Đào tạo,2025,99.9599469853848
Thailand,THA,"School enrollment, primary, male (% gross)",SE.PRM.ENRR.MA,Giáo dục & Đào tạo,2015,105.535026550293
Thailand,THA,"School enrollment, primary, male (% gross)",SE.PRM.ENRR.MA,Giáo dục & Đào tạo,2016,103.94580078125
Thailand,THA,"School enrollment, primary, male (% gross)",SE.PRM.ENRR.MA,Giáo dục & Đào tạo,2017,106.017204283313
Thailand,THA,"School enrollment, primary, male (% gross)",SE.PRM.ENRR.MA,Giáo dục & Đào tạo,2018,102.92746824133
Thailand,THA,"School enrollment, primary, male (% gross)",SE.PRM.ENRR.MA,Giáo dục & Đào tạo,2019,103.914053775467
Thailand,THA,"School enrollment, primary, male (% gross)",SE.PRM.ENRR.MA,Giáo dục & Đào tạo,2020,104.731486959918
Thailand,THA,"School enrollment, primary, male (% gross)",SE.PRM.ENRR.MA,Giáo dục & Đào tạo,2021,104.565103930779
Thailand,THA,"School enrollment, primary, male (% gross)",SE.PRM.ENRR.MA,Giáo dục & Đào tạo,2022,105.795286659855
Thailand,THA,"School enrollment, primary, male (% gross)",SE.PRM.ENRR.MA,Giáo dục & Đào tạo,2023,104.741717681421
Thailand,THA,"School enrollment, primary, male (% gross)",SE.PRM.ENRR.MA,Giáo dục & Đào tạo,2024,101.93168533762
Thailand,THA,"School enrollment, primary, male (% gross)",SE.PRM.ENRR.MA,Giáo dục & Đào tạo,2025,101.462596580922
Thailand,THA,"School enrollment, secondary (% gross)",SE.SEC.ENRR,Giáo dục & Đào tạo,2015,124.330596923828
Thailand,THA,"School enrollment, secondary (% gross)",SE.SEC.ENRR,Giáo dục & Đào tạo,2016,122.563217163086
Thailand,THA,"School enrollment, secondary (% gross)",SE.SEC.ENRR,Giáo dục & Đào tạo,2017,79.5062371844027
Thailand,THA,"School enrollment, secondary (% gross)",SE.SEC.ENRR,Giáo dục & Đào tạo,2018,80.6045305135668
Thailand,THA,"School enrollment, secondary (% gross)",SE.SEC.ENRR,Giáo dục & Đào tạo,2019,81.7206425877734
Thailand,THA,"School enrollment, secondary (% gross)",SE.SEC.ENRR,Giáo dục & Đào tạo,2020,82.3668560969625
Thailand,THA,"School enrollment, secondary (% gross)",SE.SEC.ENRR,Giáo dục & Đào tạo,2021,84.6644528199547
Thailand,THA,"School enrollment, secondary (% gross)",SE.SEC.ENRR,Giáo dục & Đào tạo,2022,88.0661686868399
Thailand,THA,"School enrollment, secondary (% gross)",SE.SEC.ENRR,Giáo dục & Đào tạo,2023,93.3356315272258
Thailand,THA,"School enrollment, secondary (% gross)",SE.SEC.ENRR,Giáo dục & Đào tạo,2024,92.507325535959
Thailand,THA,"School enrollment, secondary (% gross)",SE.SEC.ENRR,Giáo dục & Đào tạo,2025,92.0872315506486
Thailand,THA,"School enrollment, secondary, female (% gross)",SE.SEC.ENRR.FE,Giáo dục & Đào tạo,2015,121.944808959961
Thailand,THA,"School enrollment, secondary, female (% gross)",SE.SEC.ENRR.FE,Giáo dục & Đào tạo,2016,122.222442626953
Thailand,THA,"School enrollment, secondary, female (% gross)",SE.SEC.ENRR.FE,Giáo dục & Đào tạo,2017,86.0704322494438
Thailand,THA,"School enrollment, secondary, female (% gross)",SE.SEC.ENRR.FE,Giáo dục & Đào tạo,2018,87.3145736498592
Thailand,THA,"School enrollment, secondary, female (% gross)",SE.SEC.ENRR.FE,Giáo dục & Đào tạo,2019,85.5828342157346
Thailand,THA,"School enrollment, secondary, female (% gross)",SE.SEC.ENRR.FE,Giáo dục & Đào tạo,2020,86.5028787913307
Thailand,THA,"School enrollment, secondary, female (% gross)",SE.SEC.ENRR.FE,Giáo dục & Đào tạo,2021,88.4176900305973
Thailand,THA,"School enrollment, secondary, female (% gross)",SE.SEC.ENRR.FE,Giáo dục & Đào tạo,2022,94.929673800743
Thailand,THA,"School enrollment, secondary, female (% gross)",SE.SEC.ENRR.FE,Giáo dục & Đào tạo,2023,96.6361035696829
Thailand,THA,"School enrollment, secondary, female (% gross)",SE.SEC.ENRR.FE,Giáo dục & Đào tạo,2024,94.0628144371624
Thailand,THA,"School enrollment, secondary, female (% gross)",SE.SEC.ENRR.FE,Giáo dục & Đào tạo,2025,95.1639658088824
Thailand,THA,"School enrollment, secondary, male (% gross)",SE.SEC.ENRR.MA,Giáo dục & Đào tạo,2015,126.597579956055
Thailand,THA,"School enrollment, secondary, male (% gross)",SE.SEC.ENRR.MA,Giáo dục & Đào tạo,2016,122.887626647949
Thailand,THA,"School enrollment, secondary, male (% gross)",SE.SEC.ENRR.MA,Giáo dục & Đào tạo,2017,73.1750375307641
Thailand,THA,"School enrollment, secondary, male (% gross)",SE.SEC.ENRR.MA,Giáo dục & Đào tạo,2018,74.1410133525236
Thailand,THA,"School enrollment, secondary, male (% gross)",SE.SEC.ENRR.MA,Giáo dục & Đào tạo,2019,78.0052710470125
Thailand,THA,"School enrollment, secondary, male (% gross)",SE.SEC.ENRR.MA,Giáo dục & Đào tạo,2020,78.3935637808293
Thailand,THA,"School enrollment, secondary, male (% gross)",SE.SEC.ENRR.MA,Giáo dục & Đào tạo,2021,81.0639358195783
Thailand,THA,"School enrollment, secondary, male (% gross)",SE.SEC.ENRR.MA,Giáo dục & Đào tạo,2022,81.4907422932092
Thailand,THA,"School enrollment, secondary, male (% gross)",SE.SEC.ENRR.MA,Giáo dục & Đào tạo,2023,90.1769888485506
Thailand,THA,"School enrollment, secondary, male (% gross)",SE.SEC.ENRR.MA,Giáo dục & Đào tạo,2024,91.0185505146134
Thailand,THA,"School enrollment, secondary, male (% gross)",SE.SEC.ENRR.MA,Giáo dục & Đào tạo,2025,89.1414973023905
Thailand,THA,"School enrollment, tertiary (% gross)",SE.TER.ENRR,Giáo dục & Đào tạo,2015,45.713134717198
Thailand,THA,"School enrollment, tertiary (% gross)",SE.TER.ENRR,Giáo dục & Đào tạo,2016,49.3227291503798
Thailand,THA,"School enrollment, tertiary (% gross)",SE.TER.ENRR,Giáo dục & Đào tạo,2017,47.427491541895
Thailand,THA,"School enrollment, tertiary (% gross)",SE.TER.ENRR,Giáo dục & Đào tạo,2018,46.1667791174286
Thailand,THA,"School enrollment, tertiary (% gross)",SE.TER.ENRR,Giáo dục & Đào tạo,2019,44.9880040072053
Thailand,THA,"School enrollment, tertiary (% gross)",SE.TER.ENRR,Giáo dục & Đào tạo,2020,42.5900878816865
Thailand,THA,"School enrollment, tertiary (% gross)",SE.TER.ENRR,Giáo dục & Đào tạo,2021,43.4690405127808
Thailand,THA,"School enrollment, tertiary (% gross)",SE.TER.ENRR,Giáo dục & Đào tạo,2022,43.29484965617
Thailand,THA,"School enrollment, tertiary (% gross)",SE.TER.ENRR,Giáo dục & Đào tạo,2023,45.4407811172674
Thailand,THA,"School enrollment, tertiary (% gross)",SE.TER.ENRR,Giáo dục & Đào tạo,2024,44.9845744019321
Thailand,THA,"School enrollment, tertiary (% gross)",SE.TER.ENRR,Giáo dục & Đào tạo,2025,49.0776442074561
Thailand,THA,"School enrollment, tertiary, female (% gross)",SE.TER.ENRR.FE,Giáo dục & Đào tạo,2015,53.7092451288539
Thailand,THA,"School enrollment, tertiary, female (% gross)",SE.TER.ENRR.FE,Giáo dục & Đào tạo,2016,57.4214006652236
Thailand,THA,"School enrollment, tertiary, female (% gross)",SE.TER.ENRR.FE,Giáo dục & Đào tạo,2017,55.0749782401459
Thailand,THA,"School enrollment, tertiary, female (% gross)",SE.TER.ENRR.FE,Giáo dục & Đào tạo,2018,53.9808588108715
Thailand,THA,"School enrollment, tertiary, female (% gross)",SE.TER.ENRR.FE,Giáo dục & Đào tạo,2019,52.1112881079867
Thailand,THA,"School enrollment, tertiary, female (% gross)",SE.TER.ENRR.FE,Giáo dục & Đào tạo,2020,49.2478167092024
Thailand,THA,"School enrollment, tertiary, female (% gross)",SE.TER.ENRR.FE,Giáo dục & Đào tạo,2021,49.9275516782207
Thailand,THA,"School enrollment, tertiary, female (% gross)",SE.TER.ENRR.FE,Giáo dục & Đào tạo,2022,49.6871101465991
Thailand,THA,"School enrollment, tertiary, female (% gross)",SE.TER.ENRR.FE,Giáo dục & Đào tạo,2023,52.2406320377059
Thailand,THA,"School enrollment, tertiary, female (% gross)",SE.TER.ENRR.FE,Giáo dục & Đào tạo,2024,51.5777288105997
Thailand,THA,"School enrollment, tertiary, female (% gross)",SE.TER.ENRR.FE,Giáo dục & Đào tạo,2025,56.4104050978021
Thailand,THA,"School enrollment, tertiary, male (% gross)",SE.TER.ENRR.MA,Giáo dục & Đào tạo,2015,37.8268590418986
Thailand,THA,"School enrollment, tertiary, male (% gross)",SE.TER.ENRR.MA,Giáo dục & Đào tạo,2016,41.3514140037504
Thailand,THA,"School enrollment, tertiary, male (% gross)",SE.TER.ENRR.MA,Giáo dục & Đào tạo,2017,39.9166488235337
Thailand,THA,"School enrollment, tertiary, male (% gross)",SE.TER.ENRR.MA,Giáo dục & Đào tạo,2018,38.5089070976094
Thailand,THA,"School enrollment, tertiary, male (% gross)",SE.TER.ENRR.MA,Giáo dục & Đào tạo,2019,38.0210252010671
Thailand,THA,"School enrollment, tertiary, male (% gross)",SE.TER.ENRR.MA,Giáo dục & Đào tạo,2020,36.0897893869241
Thailand,THA,"School enrollment, tertiary, male (% gross)",SE.TER.ENRR.MA,Giáo dục & Đào tạo,2021,37.1726929390098
Thailand,THA,"School enrollment, tertiary, male (% gross)",SE.TER.ENRR.MA,Giáo dục & Đào tạo,2022,37.0712790825077
Thailand,THA,"School enrollment, tertiary, male (% gross)",SE.TER.ENRR.MA,Giáo dục & Đào tạo,2023,38.8285696857321
Thailand,THA,"School enrollment, tertiary, male (% gross)",SE.TER.ENRR.MA,Giáo dục & Đào tạo,2024,38.5814272979733
Thailand,THA,"School enrollment, tertiary, male (% gross)",SE.TER.ENRR.MA,Giáo dục & Đào tạo,2025,41.9656224305874
Thailand,THA,"Government expenditure on education, total (% of GDP)",SE.XPD.TOTL.GD.ZS,Giáo dục & Đào tạo,2015,3.86397622727286
Thailand,THA,"Government expenditure on education, total (% of GDP)",SE.XPD.TOTL.GD.ZS,Giáo dục & Đào tạo,2016,3.76761756770937
Thailand,THA,"Government expenditure on education, total (% of GDP)",SE.XPD.TOTL.GD.ZS,Giáo dục & Đào tạo,2017,3.46532147640365
Thailand,THA,"Government expenditure on education, total (% of GDP)",SE.XPD.TOTL.GD.ZS,Giáo dục & Đào tạo,2018,3.19769395901619
Thailand,THA,"Government expenditure on education, total (% of GDP)",SE.XPD.TOTL.GD.ZS,Giáo dục & Đào tạo,2019,3.02221411183282
Thailand,THA,"Government expenditure on education, total (% of GDP)",SE.XPD.TOTL.GD.ZS,Giáo dục & Đào tạo,2020,3.15314171737183
Thailand,THA,"Government expenditure on education, total (% of GDP)",SE.XPD.TOTL.GD.ZS,Giáo dục & Đào tạo,2021,2.98212428478268
Thailand,THA,"Government expenditure on education, total (% of GDP)",SE.XPD.TOTL.GD.ZS,Giáo dục & Đào tạo,2022,2.61187022798634
Thailand,THA,"Government expenditure on education, total (% of GDP)",SE.XPD.TOTL.GD.ZS,Giáo dục & Đào tạo,2023,2.52122219628772
Thailand,THA,"Government expenditure on education, total (% of GDP)",SE.XPD.TOTL.GD.ZS,Giáo dục & Đào tạo,2024,
Thailand,THA,"Government expenditure on education, total (% of GDP)",SE.XPD.TOTL.GD.ZS,Giáo dục & Đào tạo,2025,
Viet Nam,VNM,"Literacy rate, adult total (% of people ages 15 and above)",SE.ADT.LITR.ZS,Giáo dục & Đào tạo,2015,
Viet Nam,VNM,"Literacy rate, adult total (% of people ages 15 and above)",SE.ADT.LITR.ZS,Giáo dục & Đào tạo,2016,
Viet Nam,VNM,"Literacy rate, adult total (% of people ages 15 and above)",SE.ADT.LITR.ZS,Giáo dục & Đào tạo,2017,
Viet Nam,VNM,"Literacy rate, adult total (% of people ages 15 and above)",SE.ADT.LITR.ZS,Giáo dục & Đào tạo,2018,
Viet Nam,VNM,"Literacy rate, adult total (% of people ages 15 and above)",SE.ADT.LITR.ZS,Giáo dục & Đào tạo,2019,95.75
Viet Nam,VNM,"Literacy rate, adult total (% of people ages 15 and above)",SE.ADT.LITR.ZS,Giáo dục & Đào tạo,2020,
Viet Nam,VNM,"Literacy rate, adult total (% of people ages 15 and above)",SE.ADT.LITR.ZS,Giáo dục & Đào tạo,2021,
Viet Nam,VNM,"Literacy rate, adult total (% of people ages 15 and above)",SE.ADT.LITR.ZS,Giáo dục & Đào tạo,2022,96.129997253418
Viet Nam,VNM,"Literacy rate, adult total (% of people ages 15 and above)",SE.ADT.LITR.ZS,Giáo dục & Đào tạo,2023,
Viet Nam,VNM,"Literacy rate, adult total (% of people ages 15 and above)",SE.ADT.LITR.ZS,Giáo dục & Đào tạo,2024,
Viet Nam,VNM,"Literacy rate, adult total (% of people ages 15 and above)",SE.ADT.LITR.ZS,Giáo dục & Đào tạo,2025,
Viet Nam,VNM,"School enrollment, primary (% gross)",SE.PRM.ENRR,Giáo dục & Đào tạo,2015,103.278372065069
Viet Nam,VNM,"School enrollment, primary (% gross)",SE.PRM.ENRR,Giáo dục & Đào tạo,2016,105.947597481197
Viet Nam,VNM,"School enrollment, primary (% gross)",SE.PRM.ENRR,Giáo dục & Đào tạo,2017,104.437659436385
Viet Nam,VNM,"School enrollment, primary (% gross)",SE.PRM.ENRR,Giáo dục & Đào tạo,2018,104.190504718464
Viet Nam,VNM,"School enrollment, primary (% gross)",SE.PRM.ENRR,Giáo dục & Đào tạo,2019,103.337272102979
Viet Nam,VNM,"School enrollment, primary (% gross)",SE.PRM.ENRR,Giáo dục & Đào tạo,2020,102.847744602601
Viet Nam,VNM,"School enrollment, primary (% gross)",SE.PRM.ENRR,Giáo dục & Đào tạo,2021,103.391282723881
Viet Nam,VNM,"School enrollment, primary (% gross)",SE.PRM.ENRR,Giáo dục & Đào tạo,2022,104.129392785949
Viet Nam,VNM,"School enrollment, primary (% gross)",SE.PRM.ENRR,Giáo dục & Đào tạo,2023,105.170807361038
Viet Nam,VNM,"School enrollment, primary (% gross)",SE.PRM.ENRR,Giáo dục & Đào tạo,2024,106.332886485835
Viet Nam,VNM,"School enrollment, primary (% gross)",SE.PRM.ENRR,Giáo dục & Đào tạo,2025,
Viet Nam,VNM,"School enrollment, primary, female (% gross)",SE.PRM.ENRR.FE,Giáo dục & Đào tạo,2015,102.378273925626
Viet Nam,VNM,"School enrollment, primary, female (% gross)",SE.PRM.ENRR.FE,Giáo dục & Đào tạo,2016,105.638184866421
Viet Nam,VNM,"School enrollment, primary, female (% gross)",SE.PRM.ENRR.FE,Giáo dục & Đào tạo,2017,103.268548231168
Viet Nam,VNM,"School enrollment, primary, female (% gross)",SE.PRM.ENRR.FE,Giáo dục & Đào tạo,2018,102.28789247134
Viet Nam,VNM,"School enrollment, primary, female (% gross)",SE.PRM.ENRR.FE,Giáo dục & Đào tạo,2019,100.67166222154
Viet Nam,VNM,"School enrollment, primary, female (% gross)",SE.PRM.ENRR.FE,Giáo dục & Đào tạo,2020,100.299045610896
Viet Nam,VNM,"School enrollment, primary, female (% gross)",SE.PRM.ENRR.FE,Giáo dục & Đào tạo,2021,100.789646993236
Viet Nam,VNM,"School enrollment, primary, female (% gross)",SE.PRM.ENRR.FE,Giáo dục & Đào tạo,2022,101.74202938403
Viet Nam,VNM,"School enrollment, primary, female (% gross)",SE.PRM.ENRR.FE,Giáo dục & Đào tạo,2023,102.876683127032
Viet Nam,VNM,"School enrollment, primary, female (% gross)",SE.PRM.ENRR.FE,Giáo dục & Đào tạo,2024,104.136144338916
Viet Nam,VNM,"School enrollment, primary, female (% gross)",SE.PRM.ENRR.FE,Giáo dục & Đào tạo,2025,
Viet Nam,VNM,"School enrollment, primary, male (% gross)",SE.PRM.ENRR.MA,Giáo dục & Đào tạo,2015,104.118975564681
Viet Nam,VNM,"School enrollment, primary, male (% gross)",SE.PRM.ENRR.MA,Giáo dục & Đào tạo,2016,106.234234290882
Viet Nam,VNM,"School enrollment, primary, male (% gross)",SE.PRM.ENRR.MA,Giáo dục & Đào tạo,2017,105.534074852116
Viet Nam,VNM,"School enrollment, primary, male (% gross)",SE.PRM.ENRR.MA,Giáo dục & Đào tạo,2018,105.999116996454
Viet Nam,VNM,"School enrollment, primary, male (% gross)",SE.PRM.ENRR.MA,Giáo dục & Đào tạo,2019,105.901651925785
Viet Nam,VNM,"School enrollment, primary, male (% gross)",SE.PRM.ENRR.MA,Giáo dục & Đào tạo,2020,105.296309137678
Viet Nam,VNM,"School enrollment, primary, male (% gross)",SE.PRM.ENRR.MA,Giáo dục & Đào tạo,2021,105.883577929896
Viet Nam,VNM,"School enrollment, primary, male (% gross)",SE.PRM.ENRR.MA,Giáo dục & Đào tạo,2022,106.413202784023
Viet Nam,VNM,"School enrollment, primary, male (% gross)",SE.PRM.ENRR.MA,Giáo dục & Đào tạo,2023,107.360767855338
Viet Nam,VNM,"School enrollment, primary, male (% gross)",SE.PRM.ENRR.MA,Giáo dục & Đào tạo,2024,108.424458564383
Viet Nam,VNM,"School enrollment, primary, male (% gross)",SE.PRM.ENRR.MA,Giáo dục & Đào tạo,2025,
Viet Nam,VNM,"School enrollment, secondary (% gross)",SE.SEC.ENRR,Giáo dục & Đào tạo,2015,89.4548341262217
Viet Nam,VNM,"School enrollment, secondary (% gross)",SE.SEC.ENRR,Giáo dục & Đào tạo,2016,90.1583347107672
Viet Nam,VNM,"School enrollment, secondary (% gross)",SE.SEC.ENRR,Giáo dục & Đào tạo,2017,91.0725198149335
Viet Nam,VNM,"School enrollment, secondary (% gross)",SE.SEC.ENRR,Giáo dục & Đào tạo,2018,92.8377710790826
Viet Nam,VNM,"School enrollment, secondary (% gross)",SE.SEC.ENRR,Giáo dục & Đào tạo,2019,94.654621676317
Viet Nam,VNM,"School enrollment, secondary (% gross)",SE.SEC.ENRR,Giáo dục & Đào tạo,2020,93.1921389514105
Viet Nam,VNM,"School enrollment, secondary (% gross)",SE.SEC.ENRR,Giáo dục & Đào tạo,2021,92.7690209240401
Viet Nam,VNM,"School enrollment, secondary (% gross)",SE.SEC.ENRR,Giáo dục & Đào tạo,2022,93.4123434096522
Viet Nam,VNM,"School enrollment, secondary (% gross)",SE.SEC.ENRR,Giáo dục & Đào tạo,2023,
Viet Nam,VNM,"School enrollment, secondary (% gross)",SE.SEC.ENRR,Giáo dục & Đào tạo,2024,
Viet Nam,VNM,"School enrollment, secondary (% gross)",SE.SEC.ENRR,Giáo dục & Đào tạo,2025,
Viet Nam,VNM,"School enrollment, secondary, female (% gross)",SE.SEC.ENRR.FE,Giáo dục & Đào tạo,2015,83.8337492903167
Viet Nam,VNM,"School enrollment, secondary, female (% gross)",SE.SEC.ENRR.FE,Giáo dục & Đào tạo,2016,86.3064277183873
Viet Nam,VNM,"School enrollment, secondary, female (% gross)",SE.SEC.ENRR.FE,Giáo dục & Đào tạo,2017,87.6304773371075
Viet Nam,VNM,"School enrollment, secondary, female (% gross)",SE.SEC.ENRR.FE,Giáo dục & Đào tạo,2018,88.6447461101443
Viet Nam,VNM,"School enrollment, secondary, female (% gross)",SE.SEC.ENRR.FE,Giáo dục & Đào tạo,2019,89.7093994425268
Viet Nam,VNM,"School enrollment, secondary, female (% gross)",SE.SEC.ENRR.FE,Giáo dục & Đào tạo,2020,89.4501554566878
Viet Nam,VNM,"School enrollment, secondary, female (% gross)",SE.SEC.ENRR.FE,Giáo dục & Đào tạo,2021,90.3080638471257
Viet Nam,VNM,"School enrollment, secondary, female (% gross)",SE.SEC.ENRR.FE,Giáo dục & Đào tạo,2022,90.5445572317873
Viet Nam,VNM,"School enrollment, secondary, female (% gross)",SE.SEC.ENRR.FE,Giáo dục & Đào tạo,2023,
Viet Nam,VNM,"School enrollment, secondary, female (% gross)",SE.SEC.ENRR.FE,Giáo dục & Đào tạo,2024,
Viet Nam,VNM,"School enrollment, secondary, female (% gross)",SE.SEC.ENRR.FE,Giáo dục & Đào tạo,2025,
Viet Nam,VNM,"School enrollment, secondary, male (% gross)",SE.SEC.ENRR.MA,Giáo dục & Đào tạo,2015,94.8760643019166
Viet Nam,VNM,"School enrollment, secondary, male (% gross)",SE.SEC.ENRR.MA,Giáo dục & Đào tạo,2016,93.8726930986627
Viet Nam,VNM,"School enrollment, secondary, male (% gross)",SE.SEC.ENRR.MA,Giáo dục & Đào tạo,2017,94.4078377851191
Viet Nam,VNM,"School enrollment, secondary, male (% gross)",SE.SEC.ENRR.MA,Giáo dục & Đào tạo,2018,96.929171698508
Viet Nam,VNM,"School enrollment, secondary, male (% gross)",SE.SEC.ENRR.MA,Giáo dục & Đào tạo,2019,99.5151106974771
Viet Nam,VNM,"School enrollment, secondary, male (% gross)",SE.SEC.ENRR.MA,Giáo dục & Đào tạo,2020,96.8611404229179
Viet Nam,VNM,"School enrollment, secondary, male (% gross)",SE.SEC.ENRR.MA,Giáo dục & Đào tạo,2021,95.1768509933672
Viet Nam,VNM,"School enrollment, secondary, male (% gross)",SE.SEC.ENRR.MA,Giáo dục & Đào tạo,2022,96.2090753212709
Viet Nam,VNM,"School enrollment, secondary, male (% gross)",SE.SEC.ENRR.MA,Giáo dục & Đào tạo,2023,
Viet Nam,VNM,"School enrollment, secondary, male (% gross)",SE.SEC.ENRR.MA,Giáo dục & Đào tạo,2024,
Viet Nam,VNM,"School enrollment, secondary, male (% gross)",SE.SEC.ENRR.MA,Giáo dục & Đào tạo,2025,
Viet Nam,VNM,"School enrollment, tertiary (% gross)",SE.TER.ENRR,Giáo dục & Đào tạo,2015,29.7250797402999
Viet Nam,VNM,"School enrollment, tertiary (% gross)",SE.TER.ENRR,Giáo dục & Đào tạo,2016,29.0811980839409
Viet Nam,VNM,"School enrollment, tertiary (% gross)",SE.TER.ENRR,Giáo dục & Đào tạo,2017,25.9526307046456
Viet Nam,VNM,"School enrollment, tertiary (% gross)",SE.TER.ENRR,Giáo dục & Đào tạo,2018,
Viet Nam,VNM,"School enrollment, tertiary (% gross)",SE.TER.ENRR,Giáo dục & Đào tạo,2019,30.2241191864014
Viet Nam,VNM,"School enrollment, tertiary (% gross)",SE.TER.ENRR,Giáo dục & Đào tạo,2020,
Viet Nam,VNM,"School enrollment, tertiary (% gross)",SE.TER.ENRR,Giáo dục & Đào tạo,2021,41.9554971195048
Viet Nam,VNM,"School enrollment, tertiary (% gross)",SE.TER.ENRR,Giáo dục & Đào tạo,2022,44.7536854027422
Viet Nam,VNM,"School enrollment, tertiary (% gross)",SE.TER.ENRR,Giáo dục & Đào tạo,2023,32.8415128147815
Viet Nam,VNM,"School enrollment, tertiary (% gross)",SE.TER.ENRR,Giáo dục & Đào tạo,2024,37.5923642016718
Viet Nam,VNM,"School enrollment, tertiary (% gross)",SE.TER.ENRR,Giáo dục & Đào tạo,2025,
Viet Nam,VNM,"School enrollment, tertiary, female (% gross)",SE.TER.ENRR.FE,Giáo dục & Đào tạo,2015,29.4365366202641
Viet Nam,VNM,"School enrollment, tertiary, female (% gross)",SE.TER.ENRR.FE,Giáo dục & Đào tạo,2016,31.9215031225633
Viet Nam,VNM,"School enrollment, tertiary, female (% gross)",SE.TER.ENRR.FE,Giáo dục & Đào tạo,2017,27.4448664101479
Viet Nam,VNM,"School enrollment, tertiary, female (% gross)",SE.TER.ENRR.FE,Giáo dục & Đào tạo,2018,
Viet Nam,VNM,"School enrollment, tertiary, female (% gross)",SE.TER.ENRR.FE,Giáo dục & Đào tạo,2019,
Viet Nam,VNM,"School enrollment, tertiary, female (% gross)",SE.TER.ENRR.FE,Giáo dục & Đào tạo,2020,
Viet Nam,VNM,"School enrollment, tertiary, female (% gross)",SE.TER.ENRR.FE,Giáo dục & Đào tạo,2021,41.0590994828712
Viet Nam,VNM,"School enrollment, tertiary, female (% gross)",SE.TER.ENRR.FE,Giáo dục & Đào tạo,2022,45.3703223280821
Viet Nam,VNM,"School enrollment, tertiary, female (% gross)",SE.TER.ENRR.FE,Giáo dục & Đào tạo,2023,36.0774676873689
Viet Nam,VNM,"School enrollment, tertiary, female (% gross)",SE.TER.ENRR.FE,Giáo dục & Đào tạo,2024,40.8617680104156
Viet Nam,VNM,"School enrollment, tertiary, female (% gross)",SE.TER.ENRR.FE,Giáo dục & Đào tạo,2025,
Viet Nam,VNM,"School enrollment, tertiary, male (% gross)",SE.TER.ENRR.MA,Giáo dục & Đào tạo,2015,30.0066478469738
Viet Nam,VNM,"School enrollment, tertiary, male (% gross)",SE.TER.ENRR.MA,Giáo dục & Đào tạo,2016,26.3157973289288
Viet Nam,VNM,"School enrollment, tertiary, male (% gross)",SE.TER.ENRR.MA,Giáo dục & Đào tạo,2017,24.4948645754524
Viet Nam,VNM,"School enrollment, tertiary, male (% gross)",SE.TER.ENRR.MA,Giáo dục & Đào tạo,2018,
Viet Nam,VNM,"School enrollment, tertiary, male (% gross)",SE.TER.ENRR.MA,Giáo dục & Đào tạo,2019,
Viet Nam,VNM,"School enrollment, tertiary, male (% gross)",SE.TER.ENRR.MA,Giáo dục & Đào tạo,2020,
Viet Nam,VNM,"School enrollment, tertiary, male (% gross)",SE.TER.ENRR.MA,Giáo dục & Đào tạo,2021,42.8379016583449
Viet Nam,VNM,"School enrollment, tertiary, male (% gross)",SE.TER.ENRR.MA,Giáo dục & Đào tạo,2022,44.145253554546
Viet Nam,VNM,"School enrollment, tertiary, male (% gross)",SE.TER.ENRR.MA,Giáo dục & Đào tạo,2023,29.6371360595075
Viet Nam,VNM,"School enrollment, tertiary, male (% gross)",SE.TER.ENRR.MA,Giáo dục & Đào tạo,2024,34.348050984579
Viet Nam,VNM,"School enrollment, tertiary, male (% gross)",SE.TER.ENRR.MA,Giáo dục & Đào tạo,2025,
Viet Nam,VNM,"Government expenditure on education, total (% of GDP)",SE.XPD.TOTL.GD.ZS,Giáo dục & Đào tạo,2015,3.41660449674943
Viet Nam,VNM,"Government expenditure on education, total (% of GDP)",SE.XPD.TOTL.GD.ZS,Giáo dục & Đào tạo,2016,3.46906995773315
Viet Nam,VNM,"Government expenditure on education, total (% of GDP)",SE.XPD.TOTL.GD.ZS,Giáo dục & Đào tạo,2017,3.41865686539527
Viet Nam,VNM,"Government expenditure on education, total (% of GDP)",SE.XPD.TOTL.GD.ZS,Giáo dục & Đào tạo,2018,3.29537010192871
Viet Nam,VNM,"Government expenditure on education, total (% of GDP)",SE.XPD.TOTL.GD.ZS,Giáo dục & Đào tạo,2019,3.08499832693462
Viet Nam,VNM,"Government expenditure on education, total (% of GDP)",SE.XPD.TOTL.GD.ZS,Giáo dục & Đào tạo,2020,3.21652900152514
Viet Nam,VNM,"Government expenditure on education, total (% of GDP)",SE.XPD.TOTL.GD.ZS,Giáo dục & Đào tạo,2021,2.94517488804327
Viet Nam,VNM,"Government expenditure on education, total (% of GDP)",SE.XPD.TOTL.GD.ZS,Giáo dục & Đào tạo,2022,2.88738689372749
Viet Nam,VNM,"Government expenditure on education, total (% of GDP)",SE.XPD.TOTL.GD.ZS,Giáo dục & Đào tạo,2023,
Viet Nam,VNM,"Government expenditure on education, total (% of GDP)",SE.XPD.TOTL.GD.ZS,Giáo dục & Đào tạo,2024,
Viet Nam,VNM,"Government expenditure on education, total (% of GDP)",SE.XPD.TOTL.GD.ZS,Giáo dục & Đào tạo,2025,
Timor-Leste,TLS,"Literacy rate, adult total (% of people ages 15 and above)",SE.ADT.LITR.ZS,Giáo dục & Đào tạo,2015,64.4499969482422
Timor-Leste,TLS,"Literacy rate, adult total (% of people ages 15 and above)",SE.ADT.LITR.ZS,Giáo dục & Đào tạo,2016,65.7799987792969
Timor-Leste,TLS,"Literacy rate, adult total (% of people ages 15 and above)",SE.ADT.LITR.ZS,Giáo dục & Đào tạo,2017,
Timor-Leste,TLS,"Literacy rate, adult total (% of people ages 15 and above)",SE.ADT.LITR.ZS,Giáo dục & Đào tạo,2018,
Timor-Leste,TLS,"Literacy rate, adult total (% of people ages 15 and above)",SE.ADT.LITR.ZS,Giáo dục & Đào tạo,2019,
Timor-Leste,TLS,"Literacy rate, adult total (% of people ages 15 and above)",SE.ADT.LITR.ZS,Giáo dục & Đào tạo,2020,
Timor-Leste,TLS,"Literacy rate, adult total (% of people ages 15 and above)",SE.ADT.LITR.ZS,Giáo dục & Đào tạo,2021,
Timor-Leste,TLS,"Literacy rate, adult total (% of people ages 15 and above)",SE.ADT.LITR.ZS,Giáo dục & Đào tạo,2022,69.4000015258789
Timor-Leste,TLS,"Literacy rate, adult total (% of people ages 15 and above)",SE.ADT.LITR.ZS,Giáo dục & Đào tạo,2023,
Timor-Leste,TLS,"Literacy rate, adult total (% of people ages 15 and above)",SE.ADT.LITR.ZS,Giáo dục & Đào tạo,2024,
Timor-Leste,TLS,"Literacy rate, adult total (% of people ages 15 and above)",SE.ADT.LITR.ZS,Giáo dục & Đào tạo,2025,
Timor-Leste,TLS,"School enrollment, primary (% gross)",SE.PRM.ENRR,Giáo dục & Đào tạo,2015,126.646454350675
Timor-Leste,TLS,"School enrollment, primary (% gross)",SE.PRM.ENRR,Giáo dục & Đào tạo,2016,123.315981015137
Timor-Leste,TLS,"School enrollment, primary (% gross)",SE.PRM.ENRR,Giáo dục & Đào tạo,2017,117.545590260011
Timor-Leste,TLS,"School enrollment, primary (% gross)",SE.PRM.ENRR,Giáo dục & Đào tạo,2018,113.613823069409
Timor-Leste,TLS,"School enrollment, primary (% gross)",SE.PRM.ENRR,Giáo dục & Đào tạo,2019,111.537505941321
Timor-Leste,TLS,"School enrollment, primary (% gross)",SE.PRM.ENRR,Giáo dục & Đào tạo,2020,110.606703667428
Timor-Leste,TLS,"School enrollment, primary (% gross)",SE.PRM.ENRR,Giáo dục & Đào tạo,2021,123.584941487948
Timor-Leste,TLS,"School enrollment, primary (% gross)",SE.PRM.ENRR,Giáo dục & Đào tạo,2022,119.036719326581
Timor-Leste,TLS,"School enrollment, primary (% gross)",SE.PRM.ENRR,Giáo dục & Đào tạo,2023,119.652693100113
Timor-Leste,TLS,"School enrollment, primary (% gross)",SE.PRM.ENRR,Giáo dục & Đào tạo,2024,
Timor-Leste,TLS,"School enrollment, primary (% gross)",SE.PRM.ENRR,Giáo dục & Đào tạo,2025,
Timor-Leste,TLS,"School enrollment, primary, female (% gross)",SE.PRM.ENRR.FE,Giáo dục & Đào tạo,2015,127.332451641345
Timor-Leste,TLS,"School enrollment, primary, female (% gross)",SE.PRM.ENRR.FE,Giáo dục & Đào tạo,2016,123.303783970099
Timor-Leste,TLS,"School enrollment, primary, female (% gross)",SE.PRM.ENRR.FE,Giáo dục & Đào tạo,2017,116.662871764846
Timor-Leste,TLS,"School enrollment, primary, female (% gross)",SE.PRM.ENRR.FE,Giáo dục & Đào tạo,2018,112.376513833733
Timor-Leste,TLS,"School enrollment, primary, female (% gross)",SE.PRM.ENRR.FE,Giáo dục & Đào tạo,2019,110.834815461264
Timor-Leste,TLS,"School enrollment, primary, female (% gross)",SE.PRM.ENRR.FE,Giáo dục & Đào tạo,2020,109.882441832041
Timor-Leste,TLS,"School enrollment, primary, female (% gross)",SE.PRM.ENRR.FE,Giáo dục & Đào tạo,2021,123.526744237491
Timor-Leste,TLS,"School enrollment, primary, female (% gross)",SE.PRM.ENRR.FE,Giáo dục & Đào tạo,2022,119.331890222014
Timor-Leste,TLS,"School enrollment, primary, female (% gross)",SE.PRM.ENRR.FE,Giáo dục & Đào tạo,2023,120.588958104051
Timor-Leste,TLS,"School enrollment, primary, female (% gross)",SE.PRM.ENRR.FE,Giáo dục & Đào tạo,2024,
Timor-Leste,TLS,"School enrollment, primary, female (% gross)",SE.PRM.ENRR.FE,Giáo dục & Đào tạo,2025,
Timor-Leste,TLS,"School enrollment, primary, male (% gross)",SE.PRM.ENRR.MA,Giáo dục & Đào tạo,2015,126.003887641128
Timor-Leste,TLS,"School enrollment, primary, male (% gross)",SE.PRM.ENRR.MA,Giáo dục & Đào tạo,2016,123.327455868345
Timor-Leste,TLS,"School enrollment, primary, male (% gross)",SE.PRM.ENRR.MA,Giáo dục & Đào tạo,2017,118.381960139716
Timor-Leste,TLS,"School enrollment, primary, male (% gross)",SE.PRM.ENRR.MA,Giáo dục & Đào tạo,2018,114.792769878664
Timor-Leste,TLS,"School enrollment, primary, male (% gross)",SE.PRM.ENRR.MA,Giáo dục & Đào tạo,2019,112.209763160398
Timor-Leste,TLS,"School enrollment, primary, male (% gross)",SE.PRM.ENRR.MA,Giáo dục & Đào tạo,2020,111.301742338615
Timor-Leste,TLS,"School enrollment, primary, male (% gross)",SE.PRM.ENRR.MA,Giáo dục & Đào tạo,2021,123.640971578869
Timor-Leste,TLS,"School enrollment, primary, male (% gross)",SE.PRM.ENRR.MA,Giáo dục & Đào tạo,2022,118.751249276734
Timor-Leste,TLS,"School enrollment, primary, male (% gross)",SE.PRM.ENRR.MA,Giáo dục & Đào tạo,2023,118.746314972847
Timor-Leste,TLS,"School enrollment, primary, male (% gross)",SE.PRM.ENRR.MA,Giáo dục & Đào tạo,2024,
Timor-Leste,TLS,"School enrollment, primary, male (% gross)",SE.PRM.ENRR.MA,Giáo dục & Đào tạo,2025,
Timor-Leste,TLS,"School enrollment, secondary (% gross)",SE.SEC.ENRR,Giáo dục & Đào tạo,2015,72.9840325557506
Timor-Leste,TLS,"School enrollment, secondary (% gross)",SE.SEC.ENRR,Giáo dục & Đào tạo,2016,77.3856943732818
Timor-Leste,TLS,"School enrollment, secondary (% gross)",SE.SEC.ENRR,Giáo dục & Đào tạo,2017,81.1665700933061
Timor-Leste,TLS,"School enrollment, secondary (% gross)",SE.SEC.ENRR,Giáo dục & Đào tạo,2018,83.0952419040915
Timor-Leste,TLS,"School enrollment, secondary (% gross)",SE.SEC.ENRR,Giáo dục & Đào tạo,2019,85.1248242560832
Timor-Leste,TLS,"School enrollment, secondary (% gross)",SE.SEC.ENRR,Giáo dục & Đào tạo,2020,84.7410404382553
Timor-Leste,TLS,"School enrollment, secondary (% gross)",SE.SEC.ENRR,Giáo dục & Đào tạo,2021,
Timor-Leste,TLS,"School enrollment, secondary (% gross)",SE.SEC.ENRR,Giáo dục & Đào tạo,2022,
Timor-Leste,TLS,"School enrollment, secondary (% gross)",SE.SEC.ENRR,Giáo dục & Đào tạo,2023,
Timor-Leste,TLS,"School enrollment, secondary (% gross)",SE.SEC.ENRR,Giáo dục & Đào tạo,2024,
Timor-Leste,TLS,"School enrollment, secondary (% gross)",SE.SEC.ENRR,Giáo dục & Đào tạo,2025,
Timor-Leste,TLS,"School enrollment, secondary, female (% gross)",SE.SEC.ENRR.FE,Giáo dục & Đào tạo,2015,75.7349709712488
Timor-Leste,TLS,"School enrollment, secondary, female (% gross)",SE.SEC.ENRR.FE,Giáo dục & Đào tạo,2016,80.4793824903514
Timor-Leste,TLS,"School enrollment, secondary, female (% gross)",SE.SEC.ENRR.FE,Giáo dục & Đào tạo,2017,84.7672794199171
Timor-Leste,TLS,"School enrollment, secondary, female (% gross)",SE.SEC.ENRR.FE,Giáo dục & Đào tạo,2018,87.2436736474694
Timor-Leste,TLS,"School enrollment, secondary, female (% gross)",SE.SEC.ENRR.FE,Giáo dục & Đào tạo,2019,89.6775720031834
Timor-Leste,TLS,"School enrollment, secondary, female (% gross)",SE.SEC.ENRR.FE,Giáo dục & Đào tạo,2020,89.3942621030436
Timor-Leste,TLS,"School enrollment, secondary, female (% gross)",SE.SEC.ENRR.FE,Giáo dục & Đào tạo,2021,
Timor-Leste,TLS,"School enrollment, secondary, female (% gross)",SE.SEC.ENRR.FE,Giáo dục & Đào tạo,2022,
Timor-Leste,TLS,"School enrollment, secondary, female (% gross)",SE.SEC.ENRR.FE,Giáo dục & Đào tạo,2023,
Timor-Leste,TLS,"School enrollment, secondary, female (% gross)",SE.SEC.ENRR.FE,Giáo dục & Đào tạo,2024,
Timor-Leste,TLS,"School enrollment, secondary, female (% gross)",SE.SEC.ENRR.FE,Giáo dục & Đào tạo,2025,
Timor-Leste,TLS,"School enrollment, secondary, male (% gross)",SE.SEC.ENRR.MA,Giáo dục & Đào tạo,2015,70.361714090423
Timor-Leste,TLS,"School enrollment, secondary, male (% gross)",SE.SEC.ENRR.MA,Giáo dục & Đào tạo,2016,74.4345766725873
Timor-Leste,TLS,"School enrollment, secondary, male (% gross)",SE.SEC.ENRR.MA,Giáo dục & Đào tạo,2017,77.7287306678523
Timor-Leste,TLS,"School enrollment, secondary, male (% gross)",SE.SEC.ENRR.MA,Giáo dục & Đào tạo,2018,79.1274138524616
Timor-Leste,TLS,"School enrollment, secondary, male (% gross)",SE.SEC.ENRR.MA,Giáo dục & Đào tạo,2019,80.7572865617746
Timor-Leste,TLS,"School enrollment, secondary, male (% gross)",SE.SEC.ENRR.MA,Giáo dục & Đào tạo,2020,80.2550255641568
Timor-Leste,TLS,"School enrollment, secondary, male (% gross)",SE.SEC.ENRR.MA,Giáo dục & Đào tạo,2021,
Timor-Leste,TLS,"School enrollment, secondary, male (% gross)",SE.SEC.ENRR.MA,Giáo dục & Đào tạo,2022,
Timor-Leste,TLS,"School enrollment, secondary, male (% gross)",SE.SEC.ENRR.MA,Giáo dục & Đào tạo,2023,
Timor-Leste,TLS,"School enrollment, secondary, male (% gross)",SE.SEC.ENRR.MA,Giáo dục & Đào tạo,2024,
Timor-Leste,TLS,"School enrollment, secondary, male (% gross)",SE.SEC.ENRR.MA,Giáo dục & Đào tạo,2025,
Timor-Leste,TLS,"School enrollment, tertiary (% gross)",SE.TER.ENRR,Giáo dục & Đào tạo,2015,
Timor-Leste,TLS,"School enrollment, tertiary (% gross)",SE.TER.ENRR,Giáo dục & Đào tạo,2016,
Timor-Leste,TLS,"School enrollment, tertiary (% gross)",SE.TER.ENRR,Giáo dục & Đào tạo,2017,
Timor-Leste,TLS,"School enrollment, tertiary (% gross)",SE.TER.ENRR,Giáo dục & Đào tạo,2018,
Timor-Leste,TLS,"School enrollment, tertiary (% gross)",SE.TER.ENRR,Giáo dục & Đào tạo,2019,
Timor-Leste,TLS,"School enrollment, tertiary (% gross)",SE.TER.ENRR,Giáo dục & Đào tạo,2020,
Timor-Leste,TLS,"School enrollment, tertiary (% gross)",SE.TER.ENRR,Giáo dục & Đào tạo,2021,
Timor-Leste,TLS,"School enrollment, tertiary (% gross)",SE.TER.ENRR,Giáo dục & Đào tạo,2022,
Timor-Leste,TLS,"School enrollment, tertiary (% gross)",SE.TER.ENRR,Giáo dục & Đào tạo,2023,30.9611108169641
Timor-Leste,TLS,"School enrollment, tertiary (% gross)",SE.TER.ENRR,Giáo dục & Đào tạo,2024,
Timor-Leste,TLS,"School enrollment, tertiary (% gross)",SE.TER.ENRR,Giáo dục & Đào tạo,2025,
Timor-Leste,TLS,"School enrollment, tertiary, female (% gross)",SE.TER.ENRR.FE,Giáo dục & Đào tạo,2015,
Timor-Leste,TLS,"School enrollment, tertiary, female (% gross)",SE.TER.ENRR.FE,Giáo dục & Đào tạo,2016,
Timor-Leste,TLS,"School enrollment, tertiary, female (% gross)",SE.TER.ENRR.FE,Giáo dục & Đào tạo,2017,
Timor-Leste,TLS,"School enrollment, tertiary, female (% gross)",SE.TER.ENRR.FE,Giáo dục & Đào tạo,2018,
Timor-Leste,TLS,"School enrollment, tertiary, female (% gross)",SE.TER.ENRR.FE,Giáo dục & Đào tạo,2019,
Timor-Leste,TLS,"School enrollment, tertiary, female (% gross)",SE.TER.ENRR.FE,Giáo dục & Đào tạo,2020,
Timor-Leste,TLS,"School enrollment, tertiary, female (% gross)",SE.TER.ENRR.FE,Giáo dục & Đào tạo,2021,
Timor-Leste,TLS,"School enrollment, tertiary, female (% gross)",SE.TER.ENRR.FE,Giáo dục & Đào tạo,2022,
Timor-Leste,TLS,"School enrollment, tertiary, female (% gross)",SE.TER.ENRR.FE,Giáo dục & Đào tạo,2023,31.5507306442772
Timor-Leste,TLS,"School enrollment, tertiary, female (% gross)",SE.TER.ENRR.FE,Giáo dục & Đào tạo,2024,
Timor-Leste,TLS,"School enrollment, tertiary, female (% gross)",SE.TER.ENRR.FE,Giáo dục & Đào tạo,2025,
Timor-Leste,TLS,"School enrollment, tertiary, male (% gross)",SE.TER.ENRR.MA,Giáo dục & Đào tạo,2015,
Timor-Leste,TLS,"School enrollment, tertiary, male (% gross)",SE.TER.ENRR.MA,Giáo dục & Đào tạo,2016,
Timor-Leste,TLS,"School enrollment, tertiary, male (% gross)",SE.TER.ENRR.MA,Giáo dục & Đào tạo,2017,
Timor-Leste,TLS,"School enrollment, tertiary, male (% gross)",SE.TER.ENRR.MA,Giáo dục & Đào tạo,2018,
Timor-Leste,TLS,"School enrollment, tertiary, male (% gross)",SE.TER.ENRR.MA,Giáo dục & Đào tạo,2019,
Timor-Leste,TLS,"School enrollment, tertiary, male (% gross)",SE.TER.ENRR.MA,Giáo dục & Đào tạo,2020,
Timor-Leste,TLS,"School enrollment, tertiary, male (% gross)",SE.TER.ENRR.MA,Giáo dục & Đào tạo,2021,
Timor-Leste,TLS,"School enrollment, tertiary, male (% gross)",SE.TER.ENRR.MA,Giáo dục & Đào tạo,2022,
Timor-Leste,TLS,"School enrollment, tertiary, male (% gross)",SE.TER.ENRR.MA,Giáo dục & Đào tạo,2023,30.3830980746799
Timor-Leste,TLS,"School enrollment, tertiary, male (% gross)",SE.TER.ENRR.MA,Giáo dục & Đào tạo,2024,
Timor-Leste,TLS,"School enrollment, tertiary, male (% gross)",SE.TER.ENRR.MA,Giáo dục & Đào tạo,2025,
Timor-Leste,TLS,"Government expenditure on education, total (% of GDP)",SE.XPD.TOTL.GD.ZS,Giáo dục & Đào tạo,2015,8.46706962585449
Timor-Leste,TLS,"Government expenditure on education, total (% of GDP)",SE.XPD.TOTL.GD.ZS,Giáo dục & Đào tạo,2016,8.12837982177734
Timor-Leste,TLS,"Government expenditure on education, total (% of GDP)",SE.XPD.TOTL.GD.ZS,Giáo dục & Đào tạo,2017,7.17093992233276
Timor-Leste,TLS,"Government expenditure on education, total (% of GDP)",SE.XPD.TOTL.GD.ZS,Giáo dục & Đào tạo,2018,6.848060131073
Timor-Leste,TLS,"Government expenditure on education, total (% of GDP)",SE.XPD.TOTL.GD.ZS,Giáo dục & Đào tạo,2019,4.17968913742937
Timor-Leste,TLS,"Government expenditure on education, total (% of GDP)",SE.XPD.TOTL.GD.ZS,Giáo dục & Đào tạo,2020,3.65287360437751
Timor-Leste,TLS,"Government expenditure on education, total (% of GDP)",SE.XPD.TOTL.GD.ZS,Giáo dục & Đào tạo,2021,2.97389404101318
Timor-Leste,TLS,"Government expenditure on education, total (% of GDP)",SE.XPD.TOTL.GD.ZS,Giáo dục & Đào tạo,2022,
Timor-Leste,TLS,"Government expenditure on education, total (% of GDP)",SE.XPD.TOTL.GD.ZS,Giáo dục & Đào tạo,2023,5.24052834781801
Timor-Leste,TLS,"Government expenditure on education, total (% of GDP)",SE.XPD.TOTL.GD.ZS,Giáo dục & Đào tạo,2024,
Timor-Leste,TLS,"Government expenditure on education, total (% of GDP)",SE.XPD.TOTL.GD.ZS,Giáo dục & Đào tạo,2025,
Brunei Darussalam,BRN,GDP (current US$),NY.GDP.MKTP.CD,Kinh tế & GDP,2015,12930296870.1247
Brunei Darussalam,BRN,GDP (current US$),NY.GDP.MKTP.CD,Kinh tế & GDP,2016,11400266044.6651
Brunei Darussalam,BRN,GDP (current US$),NY.GDP.MKTP.CD,Kinh tế & GDP,2017,12128168045.1245
Brunei Darussalam,BRN,GDP (current US$),NY.GDP.MKTP.CD,Kinh tế & GDP,2018,13566908391.0895
Brunei Darussalam,BRN,GDP (current US$),NY.GDP.MKTP.CD,Kinh tế & GDP,2019,13469235364.7032
Brunei Darussalam,BRN,GDP (current US$),NY.GDP.MKTP.CD,Kinh tế & GDP,2020,12005799653.9835
Brunei Darussalam,BRN,GDP (current US$),NY.GDP.MKTP.CD,Kinh tế & GDP,2021,14006496617.4458
Brunei Darussalam,BRN,GDP (current US$),NY.GDP.MKTP.CD,Kinh tế & GDP,2022,16681536466.7183
Brunei Darussalam,BRN,GDP (current US$),NY.GDP.MKTP.CD,Kinh tế & GDP,2023,15095084656.1634
Brunei Darussalam,BRN,GDP (current US$),NY.GDP.MKTP.CD,Kinh tế & GDP,2024,15340808592.48
Brunei Darussalam,BRN,GDP (current US$),NY.GDP.MKTP.CD,Kinh tế & GDP,2025,15031980994.1121
Brunei Darussalam,BRN,GDP growth (annual %),NY.GDP.MKTP.KD.ZG,Kinh tế & GDP,2015,-0.392383749502031
Brunei Darussalam,BRN,GDP growth (annual %),NY.GDP.MKTP.KD.ZG,Kinh tế & GDP,2016,-2.47791771833224
Brunei Darussalam,BRN,GDP growth (annual %),NY.GDP.MKTP.KD.ZG,Kinh tế & GDP,2017,1.32872661057823
Brunei Darussalam,BRN,GDP growth (annual %),NY.GDP.MKTP.KD.ZG,Kinh tế & GDP,2018,0.0523710418528935
Brunei Darussalam,BRN,GDP growth (annual %),NY.GDP.MKTP.KD.ZG,Kinh tế & GDP,2019,3.86884436177075
Brunei Darussalam,BRN,GDP growth (annual %),NY.GDP.MKTP.KD.ZG,Kinh tế & GDP,2020,1.1335733495246
Brunei Darussalam,BRN,GDP growth (annual %),NY.GDP.MKTP.KD.ZG,Kinh tế & GDP,2021,-1.59076260099606
Brunei Darussalam,BRN,GDP growth (annual %),NY.GDP.MKTP.KD.ZG,Kinh tế & GDP,2022,-1.62833154515108
Brunei Darussalam,BRN,GDP growth (annual %),NY.GDP.MKTP.KD.ZG,Kinh tế & GDP,2023,1.12764418162719
Brunei Darussalam,BRN,GDP growth (annual %),NY.GDP.MKTP.KD.ZG,Kinh tế & GDP,2024,4.05251709306727
Brunei Darussalam,BRN,GDP growth (annual %),NY.GDP.MKTP.KD.ZG,Kinh tế & GDP,2025,0.66956214816436
Brunei Darussalam,BRN,GDP per capita (current US$),NY.GDP.PCAP.CD,Kinh tế & GDP,2015,30625.1287744656
Brunei Darussalam,BRN,GDP per capita (current US$),NY.GDP.PCAP.CD,Kinh tế & GDP,2016,26663.2972950602
Brunei Darussalam,BRN,GDP per capita (current US$),NY.GDP.PCAP.CD,Kinh tế & GDP,2017,28024.3824580252
Brunei Darussalam,BRN,GDP per capita (current US$),NY.GDP.PCAP.CD,Kinh tế & GDP,2018,30988.1190267227
Brunei Darussalam,BRN,GDP per capita (current US$),NY.GDP.PCAP.CD,Kinh tế & GDP,2019,30426.5730656528
Brunei Darussalam,BRN,GDP per capita (current US$),NY.GDP.PCAP.CD,Kinh tế & GDP,2020,26834.3592233943
Brunei Darussalam,BRN,GDP per capita (current US$),NY.GDP.PCAP.CD,Kinh tế & GDP,2021,31006.9636289785
Brunei Darussalam,BRN,GDP per capita (current US$),NY.GDP.PCAP.CD,Kinh tế & GDP,2022,36632.9280952155
Brunei Darussalam,BRN,GDP per capita (current US$),NY.GDP.PCAP.CD,Kinh tế & GDP,2023,32890.5491812019
Brunei Darussalam,BRN,GDP per capita (current US$),NY.GDP.PCAP.CD,Kinh tế & GDP,2024,33153.4738913513
Brunei Darussalam,BRN,GDP per capita (current US$),NY.GDP.PCAP.CD,Kinh tế & GDP,2025,32234.6428368582
Brunei Darussalam,BRN,"Inflation, consumer prices (annual %)",FP.CPI.TOTL.ZG,Kinh tế & GDP,2015,-0.488347420743522
Brunei Darussalam,BRN,"Inflation, consumer prices (annual %)",FP.CPI.TOTL.ZG,Kinh tế & GDP,2016,-0.278693265753083
Brunei Darussalam,BRN,"Inflation, consumer prices (annual %)",FP.CPI.TOTL.ZG,Kinh tế & GDP,2017,-1.2605056462896
Brunei Darussalam,BRN,"Inflation, consumer prices (annual %)",FP.CPI.TOTL.ZG,Kinh tế & GDP,2018,1.02505179290212
Brunei Darussalam,BRN,"Inflation, consumer prices (annual %)",FP.CPI.TOTL.ZG,Kinh tế & GDP,2019,-0.390522069165529
Brunei Darussalam,BRN,"Inflation, consumer prices (annual %)",FP.CPI.TOTL.ZG,Kinh tế & GDP,2020,1.94031996607184
Brunei Darussalam,BRN,"Inflation, consumer prices (annual %)",FP.CPI.TOTL.ZG,Kinh tế & GDP,2021,1.73341388450593
Brunei Darussalam,BRN,"Inflation, consumer prices (annual %)",FP.CPI.TOTL.ZG,Kinh tế & GDP,2022,3.68225030604216
Brunei Darussalam,BRN,"Inflation, consumer prices (annual %)",FP.CPI.TOTL.ZG,Kinh tế & GDP,2023,0.35706431153689
Brunei Darussalam,BRN,"Inflation, consumer prices (annual %)",FP.CPI.TOTL.ZG,Kinh tế & GDP,2024,-0.388674165036461
Brunei Darussalam,BRN,"Inflation, consumer prices (annual %)",FP.CPI.TOTL.ZG,Kinh tế & GDP,2025,-0.302994414446762
Brunei Darussalam,BRN,"Central government debt, total (% of GDP)",GC.DOD.TOTL.GD.ZS,Kinh tế & GDP,2015,
Brunei Darussalam,BRN,"Central government debt, total (% of GDP)",GC.DOD.TOTL.GD.ZS,Kinh tế & GDP,2016,
Brunei Darussalam,BRN,"Central government debt, total (% of GDP)",GC.DOD.TOTL.GD.ZS,Kinh tế & GDP,2017,
Brunei Darussalam,BRN,"Central government debt, total (% of GDP)",GC.DOD.TOTL.GD.ZS,Kinh tế & GDP,2018,
Brunei Darussalam,BRN,"Central government debt, total (% of GDP)",GC.DOD.TOTL.GD.ZS,Kinh tế & GDP,2019,
Brunei Darussalam,BRN,"Central government debt, total (% of GDP)",GC.DOD.TOTL.GD.ZS,Kinh tế & GDP,2020,
Brunei Darussalam,BRN,"Central government debt, total (% of GDP)",GC.DOD.TOTL.GD.ZS,Kinh tế & GDP,2021,
Brunei Darussalam,BRN,"Central government debt, total (% of GDP)",GC.DOD.TOTL.GD.ZS,Kinh tế & GDP,2022,
Brunei Darussalam,BRN,"Central government debt, total (% of GDP)",GC.DOD.TOTL.GD.ZS,Kinh tế & GDP,2023,
Brunei Darussalam,BRN,"Central government debt, total (% of GDP)",GC.DOD.TOTL.GD.ZS,Kinh tế & GDP,2024,
Brunei Darussalam,BRN,"Central government debt, total (% of GDP)",GC.DOD.TOTL.GD.ZS,Kinh tế & GDP,2025,
Brunei Darussalam,BRN,Gross capital formation (% of GDP),NE.GDI.TOTL.ZS,Kinh tế & GDP,2015,35.2473258617273
Brunei Darussalam,BRN,Gross capital formation (% of GDP),NE.GDI.TOTL.ZS,Kinh tế & GDP,2016,34.6202628541232
Brunei Darussalam,BRN,Gross capital formation (% of GDP),NE.GDI.TOTL.ZS,Kinh tế & GDP,2017,34.804760189414
Brunei Darussalam,BRN,Gross capital formation (% of GDP),NE.GDI.TOTL.ZS,Kinh tế & GDP,2018,41.0665959296934
Brunei Darussalam,BRN,Gross capital formation (% of GDP),NE.GDI.TOTL.ZS,Kinh tế & GDP,2019,38.6777534991209
Brunei Darussalam,BRN,Gross capital formation (% of GDP),NE.GDI.TOTL.ZS,Kinh tế & GDP,2020,40.5878302733583
Brunei Darussalam,BRN,Gross capital formation (% of GDP),NE.GDI.TOTL.ZS,Kinh tế & GDP,2021,31.2725676396553
Brunei Darussalam,BRN,Gross capital formation (% of GDP),NE.GDI.TOTL.ZS,Kinh tế & GDP,2022,25.8510429426901
Brunei Darussalam,BRN,Gross capital formation (% of GDP),NE.GDI.TOTL.ZS,Kinh tế & GDP,2023,29.6282073672206
Brunei Darussalam,BRN,Gross capital formation (% of GDP),NE.GDI.TOTL.ZS,Kinh tế & GDP,2024,27.8989646632704
Brunei Darussalam,BRN,Gross capital formation (% of GDP),NE.GDI.TOTL.ZS,Kinh tế & GDP,2025,27.1271902797812
Brunei Darussalam,BRN,Gross savings (% of GDP),NY.GNS.ICTR.ZS,Kinh tế & GDP,2015,57.1182687749519
Brunei Darussalam,BRN,Gross savings (% of GDP),NY.GNS.ICTR.ZS,Kinh tế & GDP,2016,56.4115794432201
Brunei Darussalam,BRN,Gross savings (% of GDP),NY.GNS.ICTR.ZS,Kinh tế & GDP,2017,55.3364205017207
Brunei Darussalam,BRN,Gross savings (% of GDP),NY.GNS.ICTR.ZS,Kinh tế & GDP,2018,53.2133009127659
Brunei Darussalam,BRN,Gross savings (% of GDP),NY.GNS.ICTR.ZS,Kinh tế & GDP,2019,53.5317208322741
Brunei Darussalam,BRN,Gross savings (% of GDP),NY.GNS.ICTR.ZS,Kinh tế & GDP,2020,50.8859947205967
Brunei Darussalam,BRN,Gross savings (% of GDP),NY.GNS.ICTR.ZS,Kinh tế & GDP,2021,49.7343409455499
Brunei Darussalam,BRN,Gross savings (% of GDP),NY.GNS.ICTR.ZS,Kinh tế & GDP,2022,50.3806352832592
Brunei Darussalam,BRN,Gross savings (% of GDP),NY.GNS.ICTR.ZS,Kinh tế & GDP,2023,45.871344690754
Brunei Darussalam,BRN,Gross savings (% of GDP),NY.GNS.ICTR.ZS,Kinh tế & GDP,2024,47.6532634913652
Brunei Darussalam,BRN,Gross savings (% of GDP),NY.GNS.ICTR.ZS,Kinh tế & GDP,2025,45.3344398925132
Cambodia,KHM,GDP (current US$),NY.GDP.MKTP.CD,Kinh tế & GDP,2015,24174170369.0738
Cambodia,KHM,GDP (current US$),NY.GDP.MKTP.CD,Kinh tế & GDP,2016,26556545153.3573
Cambodia,KHM,GDP (current US$),NY.GDP.MKTP.CD,Kinh tế & GDP,2017,29355665909.7905
Cambodia,KHM,GDP (current US$),NY.GDP.MKTP.CD,Kinh tế & GDP,2018,33145892168.8958
Cambodia,KHM,GDP (current US$),NY.GDP.MKTP.CD,Kinh tế & GDP,2019,36685356407.7206
Cambodia,KHM,GDP (current US$),NY.GDP.MKTP.CD,Kinh tế & GDP,2020,34818073901.4851
Cambodia,KHM,GDP (current US$),NY.GDP.MKTP.CD,Kinh tế & GDP,2021,36790163687.4421
Cambodia,KHM,GDP (current US$),NY.GDP.MKTP.CD,Kinh tế & GDP,2022,39994532959.6074
Cambodia,KHM,GDP (current US$),NY.GDP.MKTP.CD,Kinh tế & GDP,2023,42335646895.7984
Cambodia,KHM,GDP (current US$),NY.GDP.MKTP.CD,Kinh tế & GDP,2024,46352647037.2406
Cambodia,KHM,GDP (current US$),NY.GDP.MKTP.CD,Kinh tế & GDP,2025,51267065842.9641
Cambodia,KHM,GDP growth (annual %),NY.GDP.MKTP.KD.ZG,Kinh tế & GDP,2015,7.20703472529512
Cambodia,KHM,GDP growth (annual %),NY.GDP.MKTP.KD.ZG,Kinh tế & GDP,2016,7.90550116130704
Cambodia,KHM,GDP growth (annual %),NY.GDP.MKTP.KD.ZG,Kinh tế & GDP,2017,8.07503915535979
Cambodia,KHM,GDP growth (annual %),NY.GDP.MKTP.KD.ZG,Kinh tế & GDP,2018,8.77622376224463
Cambodia,KHM,GDP growth (annual %),NY.GDP.MKTP.KD.ZG,Kinh tế & GDP,2019,7.93695013588524
Cambodia,KHM,GDP growth (annual %),NY.GDP.MKTP.KD.ZG,Kinh tế & GDP,2020,-3.55572193406549
Cambodia,KHM,GDP growth (annual %),NY.GDP.MKTP.KD.ZG,Kinh tế & GDP,2021,3.08984284148661
Cambodia,KHM,GDP growth (annual %),NY.GDP.MKTP.KD.ZG,Kinh tế & GDP,2022,5.12990110773977
Cambodia,KHM,GDP growth (annual %),NY.GDP.MKTP.KD.ZG,Kinh tế & GDP,2023,5.00733043811898
Cambodia,KHM,GDP growth (annual %),NY.GDP.MKTP.KD.ZG,Kinh tế & GDP,2024,6.0158145735202
Cambodia,KHM,GDP growth (annual %),NY.GDP.MKTP.KD.ZG,Kinh tế & GDP,2025,5.34932084572877
Cambodia,KHM,GDP per capita (current US$),NY.GDP.PCAP.CD,Kinh tế & GDP,2015,1547.32010444393
Cambodia,KHM,GDP per capita (current US$),NY.GDP.PCAP.CD,Kinh tế & GDP,2016,1675.19555711109
Cambodia,KHM,GDP per capita (current US$),NY.GDP.PCAP.CD,Kinh tế & GDP,2017,1826.35391688754
Cambodia,KHM,GDP per capita (current US$),NY.GDP.PCAP.CD,Kinh tế & GDP,2018,2036.67377566578
Cambodia,KHM,GDP per capita (current US$),NY.GDP.PCAP.CD,Kinh tế & GDP,2019,2225.87705485686
Cambodia,KHM,GDP per capita (current US$),NY.GDP.PCAP.CD,Kinh tế & GDP,2020,2081.73914242939
Cambodia,KHM,GDP per capita (current US$),NY.GDP.PCAP.CD,Kinh tế & GDP,2021,2167.40324198499
Cambodia,KHM,GDP per capita (current US$),NY.GDP.PCAP.CD,Kinh tế & GDP,2022,2325.03050040841
Cambodia,KHM,GDP per capita (current US$),NY.GDP.PCAP.CD,Kinh tế & GDP,2023,2429.74853452838
Cambodia,KHM,GDP per capita (current US$),NY.GDP.PCAP.CD,Kinh tế & GDP,2024,2627.87969756224
Cambodia,KHM,GDP per capita (current US$),NY.GDP.PCAP.CD,Kinh tế & GDP,2025,2872.42926639909
Cambodia,KHM,"Inflation, consumer prices (annual %)",FP.CPI.TOTL.ZG,Kinh tế & GDP,2015,1.22393195511119
Cambodia,KHM,"Inflation, consumer prices (annual %)",FP.CPI.TOTL.ZG,Kinh tế & GDP,2016,3.01913975139128
Cambodia,KHM,"Inflation, consumer prices (annual %)",FP.CPI.TOTL.ZG,Kinh tế & GDP,2017,2.91263557371478
Cambodia,KHM,"Inflation, consumer prices (annual %)",FP.CPI.TOTL.ZG,Kinh tế & GDP,2018,2.45908515380146
Cambodia,KHM,"Inflation, consumer prices (annual %)",FP.CPI.TOTL.ZG,Kinh tế & GDP,2019,1.94257500833107
Cambodia,KHM,"Inflation, consumer prices (annual %)",FP.CPI.TOTL.ZG,Kinh tế & GDP,2020,2.9402951426397
Cambodia,KHM,"Inflation, consumer prices (annual %)",FP.CPI.TOTL.ZG,Kinh tế & GDP,2021,2.92073477592949
Cambodia,KHM,"Inflation, consumer prices (annual %)",FP.CPI.TOTL.ZG,Kinh tế & GDP,2022,5.34370264895437
Cambodia,KHM,"Inflation, consumer prices (annual %)",FP.CPI.TOTL.ZG,Kinh tế & GDP,2023,2.12746796594194
Cambodia,KHM,"Inflation, consumer prices (annual %)",FP.CPI.TOTL.ZG,Kinh tế & GDP,2024,0.808042016536654
Cambodia,KHM,"Inflation, consumer prices (annual %)",FP.CPI.TOTL.ZG,Kinh tế & GDP,2025,2.35127105896507
Cambodia,KHM,"Central government debt, total (% of GDP)",GC.DOD.TOTL.GD.ZS,Kinh tế & GDP,2015,
Cambodia,KHM,"Central government debt, total (% of GDP)",GC.DOD.TOTL.GD.ZS,Kinh tế & GDP,2016,
Cambodia,KHM,"Central government debt, total (% of GDP)",GC.DOD.TOTL.GD.ZS,Kinh tế & GDP,2017,
Cambodia,KHM,"Central government debt, total (% of GDP)",GC.DOD.TOTL.GD.ZS,Kinh tế & GDP,2018,
Cambodia,KHM,"Central government debt, total (% of GDP)",GC.DOD.TOTL.GD.ZS,Kinh tế & GDP,2019,
Cambodia,KHM,"Central government debt, total (% of GDP)",GC.DOD.TOTL.GD.ZS,Kinh tế & GDP,2020,
Cambodia,KHM,"Central government debt, total (% of GDP)",GC.DOD.TOTL.GD.ZS,Kinh tế & GDP,2021,28.0325110484223
Cambodia,KHM,"Central government debt, total (% of GDP)",GC.DOD.TOTL.GD.ZS,Kinh tế & GDP,2022,27.4923946808839
Cambodia,KHM,"Central government debt, total (% of GDP)",GC.DOD.TOTL.GD.ZS,Kinh tế & GDP,2023,50.3420177209934
Cambodia,KHM,"Central government debt, total (% of GDP)",GC.DOD.TOTL.GD.ZS,Kinh tế & GDP,2024,
Cambodia,KHM,"Central government debt, total (% of GDP)",GC.DOD.TOTL.GD.ZS,Kinh tế & GDP,2025,
Cambodia,KHM,Gross capital formation (% of GDP),NE.GDI.TOTL.ZS,Kinh tế & GDP,2015,29.8714938168298
Cambodia,KHM,Gross capital formation (% of GDP),NE.GDI.TOTL.ZS,Kinh tế & GDP,2016,30.3850325759008
Cambodia,KHM,Gross capital formation (% of GDP),NE.GDI.TOTL.ZS,Kinh tế & GDP,2017,30.6334526919382
Cambodia,KHM,Gross capital formation (% of GDP),NE.GDI.TOTL.ZS,Kinh tế & GDP,2018,30.7394192448512
Cambodia,KHM,Gross capital formation (% of GDP),NE.GDI.TOTL.ZS,Kinh tế & GDP,2019,31.3945541935104
Cambodia,KHM,Gross capital formation (% of GDP),NE.GDI.TOTL.ZS,Kinh tế & GDP,2020,31.351227539335
Cambodia,KHM,Gross capital formation (% of GDP),NE.GDI.TOTL.ZS,Kinh tế & GDP,2021,30.3788112661952
Cambodia,KHM,Gross capital formation (% of GDP),NE.GDI.TOTL.ZS,Kinh tế & GDP,2022,34.5945264318735
Cambodia,KHM,Gross capital formation (% of GDP),NE.GDI.TOTL.ZS,Kinh tế & GDP,2023,33.2944796211269
Cambodia,KHM,Gross capital formation (% of GDP),NE.GDI.TOTL.ZS,Kinh tế & GDP,2024,32.1861316004857
Cambodia,KHM,Gross capital formation (% of GDP),NE.GDI.TOTL.ZS,Kinh tế & GDP,2025,31.5241909112165
Cambodia,KHM,Gross savings (% of GDP),NY.GNS.ICTR.ZS,Kinh tế & GDP,2015,22.9390336317077
Cambodia,KHM,Gross savings (% of GDP),NY.GNS.ICTR.ZS,Kinh tế & GDP,2016,22.8048280679151
Cambodia,KHM,Gross savings (% of GDP),NY.GNS.ICTR.ZS,Kinh tế & GDP,2017,25.0783729355021
Cambodia,KHM,Gross savings (% of GDP),NY.GNS.ICTR.ZS,Kinh tế & GDP,2018,25.9519348819568
Cambodia,KHM,Gross savings (% of GDP),NY.GNS.ICTR.ZS,Kinh tế & GDP,2019,32.5781256977153
Cambodia,KHM,Gross savings (% of GDP),NY.GNS.ICTR.ZS,Kinh tế & GDP,2020,35.7612701114381
Cambodia,KHM,Gross savings (% of GDP),NY.GNS.ICTR.ZS,Kinh tế & GDP,2021,35.3659726759286
Cambodia,KHM,Gross savings (% of GDP),NY.GNS.ICTR.ZS,Kinh tế & GDP,2022,38.2844445109766
Cambodia,KHM,Gross savings (% of GDP),NY.GNS.ICTR.ZS,Kinh tế & GDP,2023,38.8430928092707
Cambodia,KHM,Gross savings (% of GDP),NY.GNS.ICTR.ZS,Kinh tế & GDP,2024,40.5312466046579
Cambodia,KHM,Gross savings (% of GDP),NY.GNS.ICTR.ZS,Kinh tế & GDP,2025,39.1621590422221
Indonesia,IDN,GDP (current US$),NY.GDP.MKTP.CD,Kinh tế & GDP,2015,860854232686.214
Indonesia,IDN,GDP (current US$),NY.GDP.MKTP.CD,Kinh tế & GDP,2016,931877364037.698
Indonesia,IDN,GDP (current US$),NY.GDP.MKTP.CD,Kinh tế & GDP,2017,1015618744159.73
Indonesia,IDN,GDP (current US$),NY.GDP.MKTP.CD,Kinh tế & GDP,2018,1042271532988.63
Indonesia,IDN,GDP (current US$),NY.GDP.MKTP.CD,Kinh tế & GDP,2019,1119099871350.2
Indonesia,IDN,GDP (current US$),NY.GDP.MKTP.CD,Kinh tế & GDP,2020,1059054842698.48
Indonesia,IDN,GDP (current US$),NY.GDP.MKTP.CD,Kinh tế & GDP,2021,1186509691086.73
Indonesia,IDN,GDP (current US$),NY.GDP.MKTP.CD,Kinh tế & GDP,2022,1319101183380.15
Indonesia,IDN,GDP (current US$),NY.GDP.MKTP.CD,Kinh tế & GDP,2023,1371166925749.88
Indonesia,IDN,GDP (current US$),NY.GDP.MKTP.CD,Kinh tế & GDP,2024,1396301788461.69
Indonesia,IDN,GDP (current US$),NY.GDP.MKTP.CD,Kinh tế & GDP,2025,1445642584163.81
Indonesia,IDN,GDP growth (annual %),NY.GDP.MKTP.KD.ZG,Kinh tế & GDP,2015,4.87632230022123
Indonesia,IDN,GDP growth (annual %),NY.GDP.MKTP.KD.ZG,Kinh tế & GDP,2016,5.03306918280177
Indonesia,IDN,GDP growth (annual %),NY.GDP.MKTP.KD.ZG,Kinh tế & GDP,2017,5.06978590134916
Indonesia,IDN,GDP growth (annual %),NY.GDP.MKTP.KD.ZG,Kinh tế & GDP,2018,5.17429153955024
Indonesia,IDN,GDP growth (annual %),NY.GDP.MKTP.KD.ZG,Kinh tế & GDP,2019,5.01928768046282
Indonesia,IDN,GDP growth (annual %),NY.GDP.MKTP.KD.ZG,Kinh tế & GDP,2020,-2.06551182934165
Indonesia,IDN,GDP growth (annual %),NY.GDP.MKTP.KD.ZG,Kinh tế & GDP,2021,3.70288562827751
Indonesia,IDN,GDP growth (annual %),NY.GDP.MKTP.KD.ZG,Kinh tế & GDP,2022,5.30719722664799
Indonesia,IDN,GDP growth (annual %),NY.GDP.MKTP.KD.ZG,Kinh tế & GDP,2023,5.04883117855516
Indonesia,IDN,GDP growth (annual %),NY.GDP.MKTP.KD.ZG,Kinh tế & GDP,2024,5.03257477088519
Indonesia,IDN,GDP growth (annual %),NY.GDP.MKTP.KD.ZG,Kinh tế & GDP,2025,5.10808904438025
Indonesia,IDN,GDP per capita (current US$),NY.GDP.PCAP.CD,Kinh tế & GDP,2015,3288.22269725538
Indonesia,IDN,GDP per capita (current US$),NY.GDP.PCAP.CD,Kinh tế & GDP,2016,3521.46943457574
Indonesia,IDN,GDP per capita (current US$),NY.GDP.PCAP.CD,Kinh tế & GDP,2017,3798.88326174526
Indonesia,IDN,GDP per capita (current US$),NY.GDP.PCAP.CD,Kinh tế & GDP,2018,3860.95353090726
Indonesia,IDN,GDP per capita (current US$),NY.GDP.PCAP.CD,Kinh tế & GDP,2019,4106.94856160358
Indonesia,IDN,GDP per capita (current US$),NY.GDP.PCAP.CD,Kinh tế & GDP,2020,3853.70288774146
Indonesia,IDN,GDP per capita (current US$),NY.GDP.PCAP.CD,Kinh tế & GDP,2021,4287.17313995098
Indonesia,IDN,GDP per capita (current US$),NY.GDP.PCAP.CD,Kinh tế & GDP,2022,4730.83484836107
Indonesia,IDN,GDP per capita (current US$),NY.GDP.PCAP.CD,Kinh tế & GDP,2023,4876.2992959843
Indonesia,IDN,GDP per capita (current US$),NY.GDP.PCAP.CD,Kinh tế & GDP,2024,4925.43644992666
Indonesia,IDN,GDP per capita (current US$),NY.GDP.PCAP.CD,Kinh tế & GDP,2025,5059.62596411213
Indonesia,IDN,"Inflation, consumer prices (annual %)",FP.CPI.TOTL.ZG,Kinh tế & GDP,2015,6.36312061196646
Indonesia,IDN,"Inflation, consumer prices (annual %)",FP.CPI.TOTL.ZG,Kinh tế & GDP,2016,3.52580452815451
Indonesia,IDN,"Inflation, consumer prices (annual %)",FP.CPI.TOTL.ZG,Kinh tế & GDP,2017,3.80879857691949
Indonesia,IDN,"Inflation, consumer prices (annual %)",FP.CPI.TOTL.ZG,Kinh tế & GDP,2018,3.19834755924996
Indonesia,IDN,"Inflation, consumer prices (annual %)",FP.CPI.TOTL.ZG,Kinh tế & GDP,2019,3.03058460941661
Indonesia,IDN,"Inflation, consumer prices (annual %)",FP.CPI.TOTL.ZG,Kinh tế & GDP,2020,1.91983527270793
Indonesia,IDN,"Inflation, consumer prices (annual %)",FP.CPI.TOTL.ZG,Kinh tế & GDP,2021,1.56007882983334
Indonesia,IDN,"Inflation, consumer prices (annual %)",FP.CPI.TOTL.ZG,Kinh tế & GDP,2022,4.20946463714784
Indonesia,IDN,"Inflation, consumer prices (annual %)",FP.CPI.TOTL.ZG,Kinh tế & GDP,2023,3.66938654859761
Indonesia,IDN,"Inflation, consumer prices (annual %)",FP.CPI.TOTL.ZG,Kinh tế & GDP,2024,2.18151273615189
Indonesia,IDN,"Inflation, consumer prices (annual %)",FP.CPI.TOTL.ZG,Kinh tế & GDP,2025,1.9133344329508
Indonesia,IDN,"Central government debt, total (% of GDP)",GC.DOD.TOTL.GD.ZS,Kinh tế & GDP,2015,
Indonesia,IDN,"Central government debt, total (% of GDP)",GC.DOD.TOTL.GD.ZS,Kinh tế & GDP,2016,
Indonesia,IDN,"Central government debt, total (% of GDP)",GC.DOD.TOTL.GD.ZS,Kinh tế & GDP,2017,
Indonesia,IDN,"Central government debt, total (% of GDP)",GC.DOD.TOTL.GD.ZS,Kinh tế & GDP,2018,
Indonesia,IDN,"Central government debt, total (% of GDP)",GC.DOD.TOTL.GD.ZS,Kinh tế & GDP,2019,
Indonesia,IDN,"Central government debt, total (% of GDP)",GC.DOD.TOTL.GD.ZS,Kinh tế & GDP,2020,
Indonesia,IDN,"Central government debt, total (% of GDP)",GC.DOD.TOTL.GD.ZS,Kinh tế & GDP,2021,
Indonesia,IDN,"Central government debt, total (% of GDP)",GC.DOD.TOTL.GD.ZS,Kinh tế & GDP,2022,
Indonesia,IDN,"Central government debt, total (% of GDP)",GC.DOD.TOTL.GD.ZS,Kinh tế & GDP,2023,
Indonesia,IDN,"Central government debt, total (% of GDP)",GC.DOD.TOTL.GD.ZS,Kinh tế & GDP,2024,
Indonesia,IDN,"Central government debt, total (% of GDP)",GC.DOD.TOTL.GD.ZS,Kinh tế & GDP,2025,
Indonesia,IDN,Gross capital formation (% of GDP),NE.GDI.TOTL.ZS,Kinh tế & GDP,2015,34.0627921803386
Indonesia,IDN,Gross capital formation (% of GDP),NE.GDI.TOTL.ZS,Kinh tế & GDP,2016,33.8587393039462
Indonesia,IDN,Gross capital formation (% of GDP),NE.GDI.TOTL.ZS,Kinh tế & GDP,2017,33.7105947957751
Indonesia,IDN,Gross capital formation (% of GDP),NE.GDI.TOTL.ZS,Kinh tế & GDP,2018,34.5705858319707
Indonesia,IDN,Gross capital formation (% of GDP),NE.GDI.TOTL.ZS,Kinh tế & GDP,2019,33.7801423773995
Indonesia,IDN,Gross capital formation (% of GDP),NE.GDI.TOTL.ZS,Kinh tế & GDP,2020,32.3434120537481
Indonesia,IDN,Gross capital formation (% of GDP),NE.GDI.TOTL.ZS,Kinh tế & GDP,2021,31.4488724858485
Indonesia,IDN,Gross capital formation (% of GDP),NE.GDI.TOTL.ZS,Kinh tế & GDP,2022,29.7453138212259
Indonesia,IDN,Gross capital formation (% of GDP),NE.GDI.TOTL.ZS,Kinh tế & GDP,2023,30.3426390629498
Indonesia,IDN,Gross capital formation (% of GDP),NE.GDI.TOTL.ZS,Kinh tế & GDP,2024,31.396316156558
Indonesia,IDN,Gross capital formation (% of GDP),NE.GDI.TOTL.ZS,Kinh tế & GDP,2025,30.6186915015727
Indonesia,IDN,Gross savings (% of GDP),NY.GNS.ICTR.ZS,Kinh tế & GDP,2015,30.1233564897489
Indonesia,IDN,Gross savings (% of GDP),NY.GNS.ICTR.ZS,Kinh tế & GDP,2016,29.9227683259243
Indonesia,IDN,Gross savings (% of GDP),NY.GNS.ICTR.ZS,Kinh tế & GDP,2017,30.8783634343379
Indonesia,IDN,Gross savings (% of GDP),NY.GNS.ICTR.ZS,Kinh tế & GDP,2018,31.6805227940956
Indonesia,IDN,Gross savings (% of GDP),NY.GNS.ICTR.ZS,Kinh tế & GDP,2019,30.9027135119119
Indonesia,IDN,Gross savings (% of GDP),NY.GNS.ICTR.ZS,Kinh tế & GDP,2020,29.2246087288697
Indonesia,IDN,Gross savings (% of GDP),NY.GNS.ICTR.ZS,Kinh tế & GDP,2021,32.9372955843682
Indonesia,IDN,Gross savings (% of GDP),NY.GNS.ICTR.ZS,Kinh tế & GDP,2022,37.0041185901717
Indonesia,IDN,Gross savings (% of GDP),NY.GNS.ICTR.ZS,Kinh tế & GDP,2023,35.8619339722029
Indonesia,IDN,Gross savings (% of GDP),NY.GNS.ICTR.ZS,Kinh tế & GDP,2024,34.6828714970206
Indonesia,IDN,Gross savings (% of GDP),NY.GNS.ICTR.ZS,Kinh tế & GDP,2025,35.043148493834
Lao PDR,LAO,GDP (current US$),NY.GDP.MKTP.CD,Kinh tế & GDP,2015,14426380125.6488
Lao PDR,LAO,GDP (current US$),NY.GDP.MKTP.CD,Kinh tế & GDP,2016,15912501722.6143
Lao PDR,LAO,GDP (current US$),NY.GDP.MKTP.CD,Kinh tế & GDP,2017,17071155481.4994
Lao PDR,LAO,GDP (current US$),NY.GDP.MKTP.CD,Kinh tế & GDP,2018,18141641089.7963
Lao PDR,LAO,GDP (current US$),NY.GDP.MKTP.CD,Kinh tế & GDP,2019,18740561512.5555
Lao PDR,LAO,GDP (current US$),NY.GDP.MKTP.CD,Kinh tế & GDP,2020,18981805250.2424
Lao PDR,LAO,GDP (current US$),NY.GDP.MKTP.CD,Kinh tế & GDP,2021,18827148530.9347
Lao PDR,LAO,GDP (current US$),NY.GDP.MKTP.CD,Kinh tế & GDP,2022,15468785203.7532
Lao PDR,LAO,GDP (current US$),NY.GDP.MKTP.CD,Kinh tế & GDP,2023,15843155731.2552
Lao PDR,LAO,GDP (current US$),NY.GDP.MKTP.CD,Kinh tế & GDP,2024,16502933121.3379
Lao PDR,LAO,GDP (current US$),NY.GDP.MKTP.CD,Kinh tế & GDP,2025,18302970218.5902
Lao PDR,LAO,GDP growth (annual %),NY.GDP.MKTP.KD.ZG,Kinh tế & GDP,2015,7.27006584373785
Lao PDR,LAO,GDP growth (annual %),NY.GDP.MKTP.KD.ZG,Kinh tế & GDP,2016,7.02283625501138
Lao PDR,LAO,GDP growth (annual %),NY.GDP.MKTP.KD.ZG,Kinh tế & GDP,2017,6.8925308726989
Lao PDR,LAO,GDP growth (annual %),NY.GDP.MKTP.KD.ZG,Kinh tế & GDP,2018,6.24796000755872
Lao PDR,LAO,GDP growth (annual %),NY.GDP.MKTP.KD.ZG,Kinh tế & GDP,2019,5.4577350924848
Lao PDR,LAO,GDP growth (annual %),NY.GDP.MKTP.KD.ZG,Kinh tế & GDP,2020,0.503031829018681
Lao PDR,LAO,GDP growth (annual %),NY.GDP.MKTP.KD.ZG,Kinh tế & GDP,2021,2.52835100486102
Lao PDR,LAO,GDP growth (annual %),NY.GDP.MKTP.KD.ZG,Kinh tế & GDP,2022,2.70742652643155
Lao PDR,LAO,GDP growth (annual %),NY.GDP.MKTP.KD.ZG,Kinh tế & GDP,2023,3.74568140158232
Lao PDR,LAO,GDP growth (annual %),NY.GDP.MKTP.KD.ZG,Kinh tế & GDP,2024,4.13019264438475
Lao PDR,LAO,GDP growth (annual %),NY.GDP.MKTP.KD.ZG,Kinh tế & GDP,2025,4.53760564766725
Lao PDR,LAO,GDP per capita (current US$),NY.GDP.PCAP.CD,Kinh tế & GDP,2015,2121.01339097363
Lao PDR,LAO,GDP per capita (current US$),NY.GDP.PCAP.CD,Kinh tế & GDP,2016,2303.22156035363
Lao PDR,LAO,GDP per capita (current US$),NY.GDP.PCAP.CD,Kinh tế & GDP,2017,2432.43059478511
Lao PDR,LAO,GDP per capita (current US$),NY.GDP.PCAP.CD,Kinh tế & GDP,2018,2545.1075420815
Lao PDR,LAO,GDP per capita (current US$),NY.GDP.PCAP.CD,Kinh tế & GDP,2019,2589.32081035237
Lao PDR,LAO,GDP per capita (current US$),NY.GDP.PCAP.CD,Kinh tế & GDP,2020,2583.77730696131
Lao PDR,LAO,GDP per capita (current US$),NY.GDP.PCAP.CD,Kinh tế & GDP,2021,2526.05105018529
Lao PDR,LAO,GDP per capita (current US$),NY.GDP.PCAP.CD,Kinh tế & GDP,2022,2046.40440255621
Lao PDR,LAO,GDP per capita (current US$),NY.GDP.PCAP.CD,Kinh tế & GDP,2023,2066.94979776957
Lao PDR,LAO,GDP per capita (current US$),NY.GDP.PCAP.CD,Kinh tế & GDP,2024,2123.97909415109
Lao PDR,LAO,GDP per capita (current US$),NY.GDP.PCAP.CD,Kinh tế & GDP,2025,2324.76353098791
Lao PDR,LAO,"Inflation, consumer prices (annual %)",FP.CPI.TOTL.ZG,Kinh tế & GDP,2015,1.27735427102992
Lao PDR,LAO,"Inflation, consumer prices (annual %)",FP.CPI.TOTL.ZG,Kinh tế & GDP,2016,1.59691227583204
Lao PDR,LAO,"Inflation, consumer prices (annual %)",FP.CPI.TOTL.ZG,Kinh tế & GDP,2017,0.825478607568026
Lao PDR,LAO,"Inflation, consumer prices (annual %)",FP.CPI.TOTL.ZG,Kinh tế & GDP,2018,2.04039266890201
Lao PDR,LAO,"Inflation, consumer prices (annual %)",FP.CPI.TOTL.ZG,Kinh tế & GDP,2019,3.32255881256925
Lao PDR,LAO,"Inflation, consumer prices (annual %)",FP.CPI.TOTL.ZG,Kinh tế & GDP,2020,5.10407262959919
Lao PDR,LAO,"Inflation, consumer prices (annual %)",FP.CPI.TOTL.ZG,Kinh tế & GDP,2021,3.75562036658877
Lao PDR,LAO,"Inflation, consumer prices (annual %)",FP.CPI.TOTL.ZG,Kinh tế & GDP,2022,22.9562225132056
Lao PDR,LAO,"Inflation, consumer prices (annual %)",FP.CPI.TOTL.ZG,Kinh tế & GDP,2023,31.2301341732646
Lao PDR,LAO,"Inflation, consumer prices (annual %)",FP.CPI.TOTL.ZG,Kinh tế & GDP,2024,23.1305695942588
Lao PDR,LAO,"Inflation, consumer prices (annual %)",FP.CPI.TOTL.ZG,Kinh tế & GDP,2025,7.74226936553695
Lao PDR,LAO,"Central government debt, total (% of GDP)",GC.DOD.TOTL.GD.ZS,Kinh tế & GDP,2015,
Lao PDR,LAO,"Central government debt, total (% of GDP)",GC.DOD.TOTL.GD.ZS,Kinh tế & GDP,2016,
Lao PDR,LAO,"Central government debt, total (% of GDP)",GC.DOD.TOTL.GD.ZS,Kinh tế & GDP,2017,
Lao PDR,LAO,"Central government debt, total (% of GDP)",GC.DOD.TOTL.GD.ZS,Kinh tế & GDP,2018,
Lao PDR,LAO,"Central government debt, total (% of GDP)",GC.DOD.TOTL.GD.ZS,Kinh tế & GDP,2019,
Lao PDR,LAO,"Central government debt, total (% of GDP)",GC.DOD.TOTL.GD.ZS,Kinh tế & GDP,2020,
Lao PDR,LAO,"Central government debt, total (% of GDP)",GC.DOD.TOTL.GD.ZS,Kinh tế & GDP,2021,
Lao PDR,LAO,"Central government debt, total (% of GDP)",GC.DOD.TOTL.GD.ZS,Kinh tế & GDP,2022,
Lao PDR,LAO,"Central government debt, total (% of GDP)",GC.DOD.TOTL.GD.ZS,Kinh tế & GDP,2023,
Lao PDR,LAO,"Central government debt, total (% of GDP)",GC.DOD.TOTL.GD.ZS,Kinh tế & GDP,2024,
Lao PDR,LAO,"Central government debt, total (% of GDP)",GC.DOD.TOTL.GD.ZS,Kinh tế & GDP,2025,
Lao PDR,LAO,Gross capital formation (% of GDP),NE.GDI.TOTL.ZS,Kinh tế & GDP,2015,31.556651604237
Lao PDR,LAO,Gross capital formation (% of GDP),NE.GDI.TOTL.ZS,Kinh tế & GDP,2016,29.0076540961796
Lao PDR,LAO,Gross capital formation (% of GDP),NE.GDI.TOTL.ZS,Kinh tế & GDP,2017,
Lao PDR,LAO,Gross capital formation (% of GDP),NE.GDI.TOTL.ZS,Kinh tế & GDP,2018,
Lao PDR,LAO,Gross capital formation (% of GDP),NE.GDI.TOTL.ZS,Kinh tế & GDP,2019,
Lao PDR,LAO,Gross capital formation (% of GDP),NE.GDI.TOTL.ZS,Kinh tế & GDP,2020,
Lao PDR,LAO,Gross capital formation (% of GDP),NE.GDI.TOTL.ZS,Kinh tế & GDP,2021,
Lao PDR,LAO,Gross capital formation (% of GDP),NE.GDI.TOTL.ZS,Kinh tế & GDP,2022,
Lao PDR,LAO,Gross capital formation (% of GDP),NE.GDI.TOTL.ZS,Kinh tế & GDP,2023,
Lao PDR,LAO,Gross capital formation (% of GDP),NE.GDI.TOTL.ZS,Kinh tế & GDP,2024,
Lao PDR,LAO,Gross capital formation (% of GDP),NE.GDI.TOTL.ZS,Kinh tế & GDP,2025,
Lao PDR,LAO,Gross savings (% of GDP),NY.GNS.ICTR.ZS,Kinh tế & GDP,2015,10.7473654724725
Lao PDR,LAO,Gross savings (% of GDP),NY.GNS.ICTR.ZS,Kinh tế & GDP,2016,17.6387955255376
Lao PDR,LAO,Gross savings (% of GDP),NY.GNS.ICTR.ZS,Kinh tế & GDP,2017,
Lao PDR,LAO,Gross savings (% of GDP),NY.GNS.ICTR.ZS,Kinh tế & GDP,2018,
Lao PDR,LAO,Gross savings (% of GDP),NY.GNS.ICTR.ZS,Kinh tế & GDP,2019,
Lao PDR,LAO,Gross savings (% of GDP),NY.GNS.ICTR.ZS,Kinh tế & GDP,2020,
Lao PDR,LAO,Gross savings (% of GDP),NY.GNS.ICTR.ZS,Kinh tế & GDP,2021,
Lao PDR,LAO,Gross savings (% of GDP),NY.GNS.ICTR.ZS,Kinh tế & GDP,2022,
Lao PDR,LAO,Gross savings (% of GDP),NY.GNS.ICTR.ZS,Kinh tế & GDP,2023,
Lao PDR,LAO,Gross savings (% of GDP),NY.GNS.ICTR.ZS,Kinh tế & GDP,2024,
Lao PDR,LAO,Gross savings (% of GDP),NY.GNS.ICTR.ZS,Kinh tế & GDP,2025,
Malaysia,MYS,GDP (current US$),NY.GDP.MKTP.CD,Kinh tế & GDP,2015,301355266964.947
Malaysia,MYS,GDP (current US$),NY.GDP.MKTP.CD,Kinh tế & GDP,2016,301256033870.334
Malaysia,MYS,GDP (current US$),NY.GDP.MKTP.CD,Kinh tế & GDP,2017,319109094160.343
Malaysia,MYS,GDP (current US$),NY.GDP.MKTP.CD,Kinh tế & GDP,2018,358788845712.53
Malaysia,MYS,GDP (current US$),NY.GDP.MKTP.CD,Kinh tế & GDP,2019,365177721021.516
Malaysia,MYS,GDP (current US$),NY.GDP.MKTP.CD,Kinh tế & GDP,2020,337456163961.211
Malaysia,MYS,GDP (current US$),NY.GDP.MKTP.CD,Kinh tế & GDP,2021,373784553029.978
Malaysia,MYS,GDP (current US$),NY.GDP.MKTP.CD,Kinh tế & GDP,2022,407830525989.553
Malaysia,MYS,GDP (current US$),NY.GDP.MKTP.CD,Kinh tế & GDP,2023,399949418752.657
Malaysia,MYS,GDP (current US$),NY.GDP.MKTP.CD,Kinh tế & GDP,2024,422227005428.688
Malaysia,MYS,GDP (current US$),NY.GDP.MKTP.CD,Kinh tế & GDP,2025,472193128644.597
Malaysia,MYS,GDP growth (annual %),NY.GDP.MKTP.KD.ZG,Kinh tế & GDP,2015,5.09153242155011
Malaysia,MYS,GDP growth (annual %),NY.GDP.MKTP.KD.ZG,Kinh tế & GDP,2016,4.44978139761541
Malaysia,MYS,GDP growth (annual %),NY.GDP.MKTP.KD.ZG,Kinh tế & GDP,2017,5.81272240983328
Malaysia,MYS,GDP growth (annual %),NY.GDP.MKTP.KD.ZG,Kinh tế & GDP,2018,4.84308697634881
Malaysia,MYS,GDP growth (annual %),NY.GDP.MKTP.KD.ZG,Kinh tế & GDP,2019,4.41318742129586
Malaysia,MYS,GDP growth (annual %),NY.GDP.MKTP.KD.ZG,Kinh tế & GDP,2020,-5.45684658426701
Malaysia,MYS,GDP growth (annual %),NY.GDP.MKTP.KD.ZG,Kinh tế & GDP,2021,3.31534954399166
Malaysia,MYS,GDP growth (annual %),NY.GDP.MKTP.KD.ZG,Kinh tế & GDP,2022,9.03173723044451
Malaysia,MYS,GDP growth (annual %),NY.GDP.MKTP.KD.ZG,Kinh tế & GDP,2023,3.5370638041057
Malaysia,MYS,GDP growth (annual %),NY.GDP.MKTP.KD.ZG,Kinh tế & GDP,2024,5.10545921024041
Malaysia,MYS,GDP growth (annual %),NY.GDP.MKTP.KD.ZG,Kinh tế & GDP,2025,5.17127082911057
Malaysia,MYS,GDP per capita (current US$),NY.GDP.PCAP.CD,Kinh tế & GDP,2015,9648.6797937523
Malaysia,MYS,GDP per capita (current US$),NY.GDP.PCAP.CD,Kinh tế & GDP,2016,9476.53409809923
Malaysia,MYS,GDP per capita (current US$),NY.GDP.PCAP.CD,Kinh tế & GDP,2017,9862.54806612235
Malaysia,MYS,GDP per capita (current US$),NY.GDP.PCAP.CD,Kinh tế & GDP,2018,10901.8019954421
Malaysia,MYS,GDP per capita (current US$),NY.GDP.PCAP.CD,Kinh tế & GDP,2019,10920.191763972
Malaysia,MYS,GDP per capita (current US$),NY.GDP.PCAP.CD,Kinh tế & GDP,2020,9957.52626697613
Malaysia,MYS,GDP per capita (current US$),NY.GDP.PCAP.CD,Kinh tế & GDP,2021,10903.1037480772
Malaysia,MYS,GDP per capita (current US$),NY.GDP.PCAP.CD,Kinh tế & GDP,2022,11754.5678336248
Malaysia,MYS,GDP per capita (current US$),NY.GDP.PCAP.CD,Kinh tế & GDP,2023,11386.0395636528
Malaysia,MYS,GDP per capita (current US$),NY.GDP.PCAP.CD,Kinh tế & GDP,2024,11874.4273684245
Malaysia,MYS,GDP per capita (current US$),NY.GDP.PCAP.CD,Kinh tế & GDP,2025,13124.5554178269
Malaysia,MYS,"Inflation, consumer prices (annual %)",FP.CPI.TOTL.ZG,Kinh tế & GDP,2015,2.10438980238359
Malaysia,MYS,"Inflation, consumer prices (annual %)",FP.CPI.TOTL.ZG,Kinh tế & GDP,2016,2.09056659525742
Malaysia,MYS,"Inflation, consumer prices (annual %)",FP.CPI.TOTL.ZG,Kinh tế & GDP,2017,3.87120115774237
Malaysia,MYS,"Inflation, consumer prices (annual %)",FP.CPI.TOTL.ZG,Kinh tế & GDP,2018,0.884709160571235
Malaysia,MYS,"Inflation, consumer prices (annual %)",FP.CPI.TOTL.ZG,Kinh tế & GDP,2019,0.662891865764326
Malaysia,MYS,"Inflation, consumer prices (annual %)",FP.CPI.TOTL.ZG,Kinh tế & GDP,2020,-1.1387021539305
Malaysia,MYS,"Inflation, consumer prices (annual %)",FP.CPI.TOTL.ZG,Kinh tế & GDP,2021,2.47710241465447
Malaysia,MYS,"Inflation, consumer prices (annual %)",FP.CPI.TOTL.ZG,Kinh tế & GDP,2022,3.37869862549928
Malaysia,MYS,"Inflation, consumer prices (annual %)",FP.CPI.TOTL.ZG,Kinh tế & GDP,2023,2.48886560125754
Malaysia,MYS,"Inflation, consumer prices (annual %)",FP.CPI.TOTL.ZG,Kinh tế & GDP,2024,1.834100204499
Malaysia,MYS,"Inflation, consumer prices (annual %)",FP.CPI.TOTL.ZG,Kinh tế & GDP,2025,1.38060872293692
Malaysia,MYS,"Central government debt, total (% of GDP)",GC.DOD.TOTL.GD.ZS,Kinh tế & GDP,2015,53.5744697326154
Malaysia,MYS,"Central government debt, total (% of GDP)",GC.DOD.TOTL.GD.ZS,Kinh tế & GDP,2016,51.8905275342534
Malaysia,MYS,"Central government debt, total (% of GDP)",GC.DOD.TOTL.GD.ZS,Kinh tế & GDP,2017,50.0496777374929
Malaysia,MYS,"Central government debt, total (% of GDP)",GC.DOD.TOTL.GD.ZS,Kinh tế & GDP,2018,51.1859148831795
Malaysia,MYS,"Central government debt, total (% of GDP)",GC.DOD.TOTL.GD.ZS,Kinh tế & GDP,2019,52.4213502119727
Malaysia,MYS,"Central government debt, total (% of GDP)",GC.DOD.TOTL.GD.ZS,Kinh tế & GDP,2020,62.0067215086738
Malaysia,MYS,"Central government debt, total (% of GDP)",GC.DOD.TOTL.GD.ZS,Kinh tế & GDP,2021,63.2668366732951
Malaysia,MYS,"Central government debt, total (% of GDP)",GC.DOD.TOTL.GD.ZS,Kinh tế & GDP,2022,60.1479261322487
Malaysia,MYS,"Central government debt, total (% of GDP)",GC.DOD.TOTL.GD.ZS,Kinh tế & GDP,2023,64.2816241956596
Malaysia,MYS,"Central government debt, total (% of GDP)",GC.DOD.TOTL.GD.ZS,Kinh tế & GDP,2024,64.566529006102
Malaysia,MYS,"Central government debt, total (% of GDP)",GC.DOD.TOTL.GD.ZS,Kinh tế & GDP,2025,
Malaysia,MYS,Gross capital formation (% of GDP),NE.GDI.TOTL.ZS,Kinh tế & GDP,2015,25.424263277142
Malaysia,MYS,Gross capital formation (% of GDP),NE.GDI.TOTL.ZS,Kinh tế & GDP,2016,25.9955119994004
Malaysia,MYS,Gross capital formation (% of GDP),NE.GDI.TOTL.ZS,Kinh tế & GDP,2017,25.5473434515187
Malaysia,MYS,Gross capital formation (% of GDP),NE.GDI.TOTL.ZS,Kinh tế & GDP,2018,23.8974199608763
Malaysia,MYS,Gross capital formation (% of GDP),NE.GDI.TOTL.ZS,Kinh tế & GDP,2019,21.0482403944815
Malaysia,MYS,Gross capital formation (% of GDP),NE.GDI.TOTL.ZS,Kinh tế & GDP,2020,19.6580082281542
Malaysia,MYS,Gross capital formation (% of GDP),NE.GDI.TOTL.ZS,Kinh tế & GDP,2021,22.1257083996672
Malaysia,MYS,Gross capital formation (% of GDP),NE.GDI.TOTL.ZS,Kinh tế & GDP,2022,23.5862921622175
Malaysia,MYS,Gross capital formation (% of GDP),NE.GDI.TOTL.ZS,Kinh tế & GDP,2023,22.8017590224926
Malaysia,MYS,Gross capital formation (% of GDP),NE.GDI.TOTL.ZS,Kinh tế & GDP,2024,21.9538831069426
Malaysia,MYS,Gross capital formation (% of GDP),NE.GDI.TOTL.ZS,Kinh tế & GDP,2025,20.4609568977283
Malaysia,MYS,Gross savings (% of GDP),NY.GNS.ICTR.ZS,Kinh tế & GDP,2015,28.3991476426936
Malaysia,MYS,Gross savings (% of GDP),NY.GNS.ICTR.ZS,Kinh tế & GDP,2016,28.3850019206649
Malaysia,MYS,Gross savings (% of GDP),NY.GNS.ICTR.ZS,Kinh tế & GDP,2017,28.3359876066459
Malaysia,MYS,Gross savings (% of GDP),NY.GNS.ICTR.ZS,Kinh tế & GDP,2018,26.1283247399226
Malaysia,MYS,Gross savings (% of GDP),NY.GNS.ICTR.ZS,Kinh tế & GDP,2019,24.546150625052
Malaysia,MYS,Gross savings (% of GDP),NY.GNS.ICTR.ZS,Kinh tế & GDP,2020,23.8210614819294
Malaysia,MYS,Gross savings (% of GDP),NY.GNS.ICTR.ZS,Kinh tế & GDP,2021,26.0099609240741
Malaysia,MYS,Gross savings (% of GDP),NY.GNS.ICTR.ZS,Kinh tế & GDP,2022,26.7807789507514
Malaysia,MYS,Gross savings (% of GDP),NY.GNS.ICTR.ZS,Kinh tế & GDP,2023,23.8583516969162
Malaysia,MYS,Gross savings (% of GDP),NY.GNS.ICTR.ZS,Kinh tế & GDP,2024,23.3780820262118
Malaysia,MYS,Gross savings (% of GDP),NY.GNS.ICTR.ZS,Kinh tế & GDP,2025,
Myanmar,MMR,GDP (current US$),NY.GDP.MKTP.CD,Kinh tế & GDP,2015,59607290407.6191
Myanmar,MMR,GDP (current US$),NY.GDP.MKTP.CD,Kinh tế & GDP,2016,63298361996.2153
Myanmar,MMR,GDP (current US$),NY.GDP.MKTP.CD,Kinh tế & GDP,2017,66053040483.0016
Myanmar,MMR,GDP (current US$),NY.GDP.MKTP.CD,Kinh tế & GDP,2018,67860515989.517
Myanmar,MMR,GDP (current US$),NY.GDP.MKTP.CD,Kinh tế & GDP,2019,75065106227.6892
Myanmar,MMR,GDP (current US$),NY.GDP.MKTP.CD,Kinh tế & GDP,2020,79006113643.1906
Myanmar,MMR,GDP (current US$),NY.GDP.MKTP.CD,Kinh tế & GDP,2021,66345291160.1683
Myanmar,MMR,GDP (current US$),NY.GDP.MKTP.CD,Kinh tế & GDP,2022,62253049891.6449
Myanmar,MMR,GDP (current US$),NY.GDP.MKTP.CD,Kinh tế & GDP,2023,66757619000.0
Myanmar,MMR,GDP (current US$),NY.GDP.MKTP.CD,Kinh tế & GDP,2024,74068349523.8095
Myanmar,MMR,GDP (current US$),NY.GDP.MKTP.CD,Kinh tế & GDP,2025,81665773809.5238
Myanmar,MMR,GDP growth (annual %),NY.GDP.MKTP.KD.ZG,Kinh tế & GDP,2015,6.99284029026121
Myanmar,MMR,GDP growth (annual %),NY.GDP.MKTP.KD.ZG,Kinh tế & GDP,2016,5.86247291518572
Myanmar,MMR,GDP growth (annual %),NY.GDP.MKTP.KD.ZG,Kinh tế & GDP,2017,6.13610824360305
Myanmar,MMR,GDP growth (annual %),NY.GDP.MKTP.KD.ZG,Kinh tế & GDP,2018,6.26886221471075
Myanmar,MMR,GDP growth (annual %),NY.GDP.MKTP.KD.ZG,Kinh tế & GDP,2019,6.57911006765414
Myanmar,MMR,GDP growth (annual %),NY.GDP.MKTP.KD.ZG,Kinh tế & GDP,2020,-9.04834717984643
Myanmar,MMR,GDP growth (annual %),NY.GDP.MKTP.KD.ZG,Kinh tế & GDP,2021,-12.0163724829177
Myanmar,MMR,GDP growth (annual %),NY.GDP.MKTP.KD.ZG,Kinh tế & GDP,2022,4.0374934360085
Myanmar,MMR,GDP growth (annual %),NY.GDP.MKTP.KD.ZG,Kinh tế & GDP,2023,0.958446625126115
Myanmar,MMR,GDP growth (annual %),NY.GDP.MKTP.KD.ZG,Kinh tế & GDP,2024,-0.97204641363362
Myanmar,MMR,GDP growth (annual %),NY.GDP.MKTP.KD.ZG,Kinh tế & GDP,2025,-2.01184475795665
Myanmar,MMR,GDP per capita (current US$),NY.GDP.PCAP.CD,Kinh tế & GDP,2015,1166.73305546337
Myanmar,MMR,GDP per capita (current US$),NY.GDP.PCAP.CD,Kinh tế & GDP,2016,1229.19713515893
Myanmar,MMR,GDP per capita (current US$),NY.GDP.PCAP.CD,Kinh tế & GDP,2017,1272.82241830603
Myanmar,MMR,GDP per capita (current US$),NY.GDP.PCAP.CD,Kinh tế & GDP,2018,1298.21310320785
Myanmar,MMR,GDP per capita (current US$),NY.GDP.PCAP.CD,Kinh tế & GDP,2019,1425.98954211903
Myanmar,MMR,GDP per capita (current US$),NY.GDP.PCAP.CD,Kinh tế & GDP,2020,1490.21683548367
Myanmar,MMR,GDP per capita (current US$),NY.GDP.PCAP.CD,Kinh tế & GDP,2021,1242.72134419599
Myanmar,MMR,GDP per capita (current US$),NY.GDP.PCAP.CD,Kinh tế & GDP,2022,1158.05005034332
Myanmar,MMR,GDP per capita (current US$),NY.GDP.PCAP.CD,Kinh tế & GDP,2023,1233.19666209269
Myanmar,MMR,GDP per capita (current US$),NY.GDP.PCAP.CD,Kinh tế & GDP,2024,1359.05001560107
Myanmar,MMR,GDP per capita (current US$),NY.GDP.PCAP.CD,Kinh tế & GDP,2025,1488.87527836542
Myanmar,MMR,"Inflation, consumer prices (annual %)",FP.CPI.TOTL.ZG,Kinh tế & GDP,2015,9.45417189526018
Myanmar,MMR,"Inflation, consumer prices (annual %)",FP.CPI.TOTL.ZG,Kinh tế & GDP,2016,6.92882525816076
Myanmar,MMR,"Inflation, consumer prices (annual %)",FP.CPI.TOTL.ZG,Kinh tế & GDP,2017,4.5725365531752
Myanmar,MMR,"Inflation, consumer prices (annual %)",FP.CPI.TOTL.ZG,Kinh tế & GDP,2018,6.87232865662935
Myanmar,MMR,"Inflation, consumer prices (annual %)",FP.CPI.TOTL.ZG,Kinh tế & GDP,2019,8.82506696804558
Myanmar,MMR,"Inflation, consumer prices (annual %)",FP.CPI.TOTL.ZG,Kinh tế & GDP,2020,
Myanmar,MMR,"Inflation, consumer prices (annual %)",FP.CPI.TOTL.ZG,Kinh tế & GDP,2021,
Myanmar,MMR,"Inflation, consumer prices (annual %)",FP.CPI.TOTL.ZG,Kinh tế & GDP,2022,
Myanmar,MMR,"Inflation, consumer prices (annual %)",FP.CPI.TOTL.ZG,Kinh tế & GDP,2023,
Myanmar,MMR,"Inflation, consumer prices (annual %)",FP.CPI.TOTL.ZG,Kinh tế & GDP,2024,
Myanmar,MMR,"Inflation, consumer prices (annual %)",FP.CPI.TOTL.ZG,Kinh tế & GDP,2025,
Myanmar,MMR,"Central government debt, total (% of GDP)",GC.DOD.TOTL.GD.ZS,Kinh tế & GDP,2015,
Myanmar,MMR,"Central government debt, total (% of GDP)",GC.DOD.TOTL.GD.ZS,Kinh tế & GDP,2016,
Myanmar,MMR,"Central government debt, total (% of GDP)",GC.DOD.TOTL.GD.ZS,Kinh tế & GDP,2017,
Myanmar,MMR,"Central government debt, total (% of GDP)",GC.DOD.TOTL.GD.ZS,Kinh tế & GDP,2018,
Myanmar,MMR,"Central government debt, total (% of GDP)",GC.DOD.TOTL.GD.ZS,Kinh tế & GDP,2019,
Myanmar,MMR,"Central government debt, total (% of GDP)",GC.DOD.TOTL.GD.ZS,Kinh tế & GDP,2020,
Myanmar,MMR,"Central government debt, total (% of GDP)",GC.DOD.TOTL.GD.ZS,Kinh tế & GDP,2021,
Myanmar,MMR,"Central government debt, total (% of GDP)",GC.DOD.TOTL.GD.ZS,Kinh tế & GDP,2022,
Myanmar,MMR,"Central government debt, total (% of GDP)",GC.DOD.TOTL.GD.ZS,Kinh tế & GDP,2023,
Myanmar,MMR,"Central government debt, total (% of GDP)",GC.DOD.TOTL.GD.ZS,Kinh tế & GDP,2024,
Myanmar,MMR,"Central government debt, total (% of GDP)",GC.DOD.TOTL.GD.ZS,Kinh tế & GDP,2025,
Myanmar,MMR,Gross capital formation (% of GDP),NE.GDI.TOTL.ZS,Kinh tế & GDP,2015,
Myanmar,MMR,Gross capital formation (% of GDP),NE.GDI.TOTL.ZS,Kinh tế & GDP,2016,
Myanmar,MMR,Gross capital formation (% of GDP),NE.GDI.TOTL.ZS,Kinh tế & GDP,2017,
Myanmar,MMR,Gross capital formation (% of GDP),NE.GDI.TOTL.ZS,Kinh tế & GDP,2018,
Myanmar,MMR,Gross capital formation (% of GDP),NE.GDI.TOTL.ZS,Kinh tế & GDP,2019,
Myanmar,MMR,Gross capital formation (% of GDP),NE.GDI.TOTL.ZS,Kinh tế & GDP,2020,
Myanmar,MMR,Gross capital formation (% of GDP),NE.GDI.TOTL.ZS,Kinh tế & GDP,2021,
Myanmar,MMR,Gross capital formation (% of GDP),NE.GDI.TOTL.ZS,Kinh tế & GDP,2022,
Myanmar,MMR,Gross capital formation (% of GDP),NE.GDI.TOTL.ZS,Kinh tế & GDP,2023,
Myanmar,MMR,Gross capital formation (% of GDP),NE.GDI.TOTL.ZS,Kinh tế & GDP,2024,
Myanmar,MMR,Gross capital formation (% of GDP),NE.GDI.TOTL.ZS,Kinh tế & GDP,2025,
Myanmar,MMR,Gross savings (% of GDP),NY.GNS.ICTR.ZS,Kinh tế & GDP,2015,
Myanmar,MMR,Gross savings (% of GDP),NY.GNS.ICTR.ZS,Kinh tế & GDP,2016,
Myanmar,MMR,Gross savings (% of GDP),NY.GNS.ICTR.ZS,Kinh tế & GDP,2017,
Myanmar,MMR,Gross savings (% of GDP),NY.GNS.ICTR.ZS,Kinh tế & GDP,2018,
Myanmar,MMR,Gross savings (% of GDP),NY.GNS.ICTR.ZS,Kinh tế & GDP,2019,
Myanmar,MMR,Gross savings (% of GDP),NY.GNS.ICTR.ZS,Kinh tế & GDP,2020,
Myanmar,MMR,Gross savings (% of GDP),NY.GNS.ICTR.ZS,Kinh tế & GDP,2021,
Myanmar,MMR,Gross savings (% of GDP),NY.GNS.ICTR.ZS,Kinh tế & GDP,2022,
Myanmar,MMR,Gross savings (% of GDP),NY.GNS.ICTR.ZS,Kinh tế & GDP,2023,
Myanmar,MMR,Gross savings (% of GDP),NY.GNS.ICTR.ZS,Kinh tế & GDP,2024,
Myanmar,MMR,Gross savings (% of GDP),NY.GNS.ICTR.ZS,Kinh tế & GDP,2025,
Philippines,PHL,GDP (current US$),NY.GDP.MKTP.CD,Kinh tế & GDP,2015,306445871242.322
Philippines,PHL,GDP (current US$),NY.GDP.MKTP.CD,Kinh tế & GDP,2016,318627003016.731
Philippines,PHL,GDP (current US$),NY.GDP.MKTP.CD,Kinh tế & GDP,2017,328480736802.76
Philippines,PHL,GDP (current US$),NY.GDP.MKTP.CD,Kinh tế & GDP,2018,346841896587.313
Philippines,PHL,GDP (current US$),NY.GDP.MKTP.CD,Kinh tế & GDP,2019,376823402239.136
Philippines,PHL,GDP (current US$),NY.GDP.MKTP.CD,Kinh tế & GDP,2020,361751145451.597
Philippines,PHL,GDP (current US$),NY.GDP.MKTP.CD,Kinh tế & GDP,2021,394087359848.11
Philippines,PHL,GDP (current US$),NY.GDP.MKTP.CD,Kinh tế & GDP,2022,404353369604.631
Philippines,PHL,GDP (current US$),NY.GDP.MKTP.CD,Kinh tế & GDP,2023,437055627245.138
Philippines,PHL,GDP (current US$),NY.GDP.MKTP.CD,Kinh tế & GDP,2024,461671157904.74
Philippines,PHL,GDP (current US$),NY.GDP.MKTP.CD,Kinh tế & GDP,2025,487086123720.417
Philippines,PHL,GDP growth (annual %),NY.GDP.MKTP.KD.ZG,Kinh tế & GDP,2015,6.34830971672761
Philippines,PHL,GDP growth (annual %),NY.GDP.MKTP.KD.ZG,Kinh tế & GDP,2016,7.14945675000752
Philippines,PHL,GDP growth (annual %),NY.GDP.MKTP.KD.ZG,Kinh tế & GDP,2017,6.9309883258402
Philippines,PHL,GDP growth (annual %),NY.GDP.MKTP.KD.ZG,Kinh tế & GDP,2018,6.34148557153473
Philippines,PHL,GDP growth (annual %),NY.GDP.MKTP.KD.ZG,Kinh tế & GDP,2019,6.11852566221303
Philippines,PHL,GDP growth (annual %),NY.GDP.MKTP.KD.ZG,Kinh tế & GDP,2020,-9.51829474045297
Philippines,PHL,GDP growth (annual %),NY.GDP.MKTP.KD.ZG,Kinh tế & GDP,2021,5.71473313185116
Philippines,PHL,GDP growth (annual %),NY.GDP.MKTP.KD.ZG,Kinh tế & GDP,2022,7.58098212785563
Philippines,PHL,GDP growth (annual %),NY.GDP.MKTP.KD.ZG,Kinh tế & GDP,2023,5.51894967856043
Philippines,PHL,GDP growth (annual %),NY.GDP.MKTP.KD.ZG,Kinh tế & GDP,2024,5.71474526128652
Philippines,PHL,GDP growth (annual %),NY.GDP.MKTP.KD.ZG,Kinh tế & GDP,2025,4.40240158710621
Philippines,PHL,GDP per capita (current US$),NY.GDP.PCAP.CD,Kinh tế & GDP,2015,2909.85818010301
Philippines,PHL,GDP per capita (current US$),NY.GDP.PCAP.CD,Kinh tế & GDP,2016,2985.19564024046
Philippines,PHL,GDP per capita (current US$),NY.GDP.PCAP.CD,Kinh tế & GDP,2017,3038.12124959289
Philippines,PHL,GDP per capita (current US$),NY.GDP.PCAP.CD,Kinh tế & GDP,2018,3168.51036609727
Philippines,PHL,GDP per capita (current US$),NY.GDP.PCAP.CD,Kinh tế & GDP,2019,3400.78949767074
Philippines,PHL,GDP per capita (current US$),NY.GDP.PCAP.CD,Kinh tế & GDP,2020,3227.57910235199
Philippines,PHL,GDP per capita (current US$),NY.GDP.PCAP.CD,Kinh tế & GDP,2021,3484.38593882819
Philippines,PHL,GDP per capita (current US$),NY.GDP.PCAP.CD,Kinh tế & GDP,2022,3548.06930572116
Philippines,PHL,GDP per capita (current US$),NY.GDP.PCAP.CD,Kinh tế & GDP,2023,3804.08274131718
Philippines,PHL,GDP per capita (current US$),NY.GDP.PCAP.CD,Kinh tế & GDP,2024,3985.29464669706
Philippines,PHL,GDP per capita (current US$),NY.GDP.PCAP.CD,Kinh tế & GDP,2025,4170.72347271451
Philippines,PHL,"Inflation, consumer prices (annual %)",FP.CPI.TOTL.ZG,Kinh tế & GDP,2015,0.674192536845408
Philippines,PHL,"Inflation, consumer prices (annual %)",FP.CPI.TOTL.ZG,Kinh tế & GDP,2016,1.25369880080982
Philippines,PHL,"Inflation, consumer prices (annual %)",FP.CPI.TOTL.ZG,Kinh tế & GDP,2017,2.85318772590947
Philippines,PHL,"Inflation, consumer prices (annual %)",FP.CPI.TOTL.ZG,Kinh tế & GDP,2018,5.30934661627707
Philippines,PHL,"Inflation, consumer prices (annual %)",FP.CPI.TOTL.ZG,Kinh tế & GDP,2019,2.39206534422404
Philippines,PHL,"Inflation, consumer prices (annual %)",FP.CPI.TOTL.ZG,Kinh tế & GDP,2020,2.3931623931624
Philippines,PHL,"Inflation, consumer prices (annual %)",FP.CPI.TOTL.ZG,Kinh tế & GDP,2021,3.92718022100332
Philippines,PHL,"Inflation, consumer prices (annual %)",FP.CPI.TOTL.ZG,Kinh tế & GDP,2022,5.82115811213955
Philippines,PHL,"Inflation, consumer prices (annual %)",FP.CPI.TOTL.ZG,Kinh tế & GDP,2023,5.97802515541409
Philippines,PHL,"Inflation, consumer prices (annual %)",FP.CPI.TOTL.ZG,Kinh tế & GDP,2024,3.21260487006347
Philippines,PHL,"Inflation, consumer prices (annual %)",FP.CPI.TOTL.ZG,Kinh tế & GDP,2025,1.6587364525509
Philippines,PHL,"Central government debt, total (% of GDP)",GC.DOD.TOTL.GD.ZS,Kinh tế & GDP,2015,
Philippines,PHL,"Central government debt, total (% of GDP)",GC.DOD.TOTL.GD.ZS,Kinh tế & GDP,2016,
Philippines,PHL,"Central government debt, total (% of GDP)",GC.DOD.TOTL.GD.ZS,Kinh tế & GDP,2017,
Philippines,PHL,"Central government debt, total (% of GDP)",GC.DOD.TOTL.GD.ZS,Kinh tế & GDP,2018,
Philippines,PHL,"Central government debt, total (% of GDP)",GC.DOD.TOTL.GD.ZS,Kinh tế & GDP,2019,
Philippines,PHL,"Central government debt, total (% of GDP)",GC.DOD.TOTL.GD.ZS,Kinh tế & GDP,2020,
Philippines,PHL,"Central government debt, total (% of GDP)",GC.DOD.TOTL.GD.ZS,Kinh tế & GDP,2021,
Philippines,PHL,"Central government debt, total (% of GDP)",GC.DOD.TOTL.GD.ZS,Kinh tế & GDP,2022,
Philippines,PHL,"Central government debt, total (% of GDP)",GC.DOD.TOTL.GD.ZS,Kinh tế & GDP,2023,
Philippines,PHL,"Central government debt, total (% of GDP)",GC.DOD.TOTL.GD.ZS,Kinh tế & GDP,2024,
Philippines,PHL,"Central government debt, total (% of GDP)",GC.DOD.TOTL.GD.ZS,Kinh tế & GDP,2025,
Philippines,PHL,Gross capital formation (% of GDP),NE.GDI.TOTL.ZS,Kinh tế & GDP,2015,21.3409478711064
Philippines,PHL,Gross capital formation (% of GDP),NE.GDI.TOTL.ZS,Kinh tế & GDP,2016,24.618503101685
Philippines,PHL,Gross capital formation (% of GDP),NE.GDI.TOTL.ZS,Kinh tế & GDP,2017,25.5587738639602
Philippines,PHL,Gross capital formation (% of GDP),NE.GDI.TOTL.ZS,Kinh tế & GDP,2018,27.1505820415621
Philippines,PHL,Gross capital formation (% of GDP),NE.GDI.TOTL.ZS,Kinh tế & GDP,2019,26.4018084647284
Philippines,PHL,Gross capital formation (% of GDP),NE.GDI.TOTL.ZS,Kinh tế & GDP,2020,17.4333790282876
Philippines,PHL,Gross capital formation (% of GDP),NE.GDI.TOTL.ZS,Kinh tế & GDP,2021,21.1407371483135
Philippines,PHL,Gross capital formation (% of GDP),NE.GDI.TOTL.ZS,Kinh tế & GDP,2022,24.6858616763102
Philippines,PHL,Gross capital formation (% of GDP),NE.GDI.TOTL.ZS,Kinh tế & GDP,2023,23.4061516161597
Philippines,PHL,Gross capital formation (% of GDP),NE.GDI.TOTL.ZS,Kinh tế & GDP,2024,23.6782004674363
Philippines,PHL,Gross capital formation (% of GDP),NE.GDI.TOTL.ZS,Kinh tế & GDP,2025,22.1409469966766
Philippines,PHL,Gross savings (% of GDP),NY.GNS.ICTR.ZS,Kinh tế & GDP,2015,35.6348333700962
Philippines,PHL,Gross savings (% of GDP),NY.GNS.ICTR.ZS,Kinh tế & GDP,2016,35.0547724231085
Philippines,PHL,Gross savings (% of GDP),NY.GNS.ICTR.ZS,Kinh tế & GDP,2017,35.4886316753905
Philippines,PHL,Gross savings (% of GDP),NY.GNS.ICTR.ZS,Kinh tế & GDP,2018,33.8070507208738
Philippines,PHL,Gross savings (% of GDP),NY.GNS.ICTR.ZS,Kinh tế & GDP,2019,31.7551872075089
Philippines,PHL,Gross savings (% of GDP),NY.GNS.ICTR.ZS,Kinh tế & GDP,2020,24.8181733606399
Philippines,PHL,Gross savings (% of GDP),NY.GNS.ICTR.ZS,Kinh tế & GDP,2021,20.2029188331693
Philippines,PHL,Gross savings (% of GDP),NY.GNS.ICTR.ZS,Kinh tế & GDP,2022,22.4737175447068
Philippines,PHL,Gross savings (% of GDP),NY.GNS.ICTR.ZS,Kinh tế & GDP,2023,27.3405418997346
Philippines,PHL,Gross savings (% of GDP),NY.GNS.ICTR.ZS,Kinh tế & GDP,2024,29.1320470859788
Philippines,PHL,Gross savings (% of GDP),NY.GNS.ICTR.ZS,Kinh tế & GDP,2025,30.1126617213724
Singapore,SGP,GDP (current US$),NY.GDP.MKTP.CD,Kinh tế & GDP,2015,307998545269.398
Singapore,SGP,GDP (current US$),NY.GDP.MKTP.CD,Kinh tế & GDP,2016,320759207438.623
Singapore,SGP,GDP (current US$),NY.GDP.MKTP.CD,Kinh tế & GDP,2017,344795119213.571
Singapore,SGP,GDP (current US$),NY.GDP.MKTP.CD,Kinh tế & GDP,2018,377976367877.038
Singapore,SGP,GDP (current US$),NY.GDP.MKTP.CD,Kinh tế & GDP,2019,376827390962.044
Singapore,SGP,GDP (current US$),NY.GDP.MKTP.CD,Kinh tế & GDP,2020,351226533656.292
Singapore,SGP,GDP (current US$),NY.GDP.MKTP.CD,Kinh tế & GDP,2021,441110903524.645
Singapore,SGP,GDP (current US$),NY.GDP.MKTP.CD,Kinh tế & GDP,2022,514252535238.749
Singapore,SGP,GDP (current US$),NY.GDP.MKTP.CD,Kinh tế & GDP,2023,511181761243.76
Singapore,SGP,GDP (current US$),NY.GDP.MKTP.CD,Kinh tế & GDP,2024,572877260178.427
Singapore,SGP,GDP (current US$),NY.GDP.MKTP.CD,Kinh tế & GDP,2025,603869516998.738
Singapore,SGP,GDP growth (annual %),NY.GDP.MKTP.KD.ZG,Kinh tế & GDP,2015,2.97679931634806
Singapore,SGP,GDP growth (annual %),NY.GDP.MKTP.KD.ZG,Kinh tế & GDP,2016,3.91095306322606
Singapore,SGP,GDP growth (annual %),NY.GDP.MKTP.KD.ZG,Kinh tế & GDP,2017,4.32679370770501
Singapore,SGP,GDP growth (annual %),NY.GDP.MKTP.KD.ZG,Kinh tế & GDP,2018,3.18660848474074
Singapore,SGP,GDP growth (annual %),NY.GDP.MKTP.KD.ZG,Kinh tế & GDP,2019,1.15877947300108
Singapore,SGP,GDP growth (annual %),NY.GDP.MKTP.KD.ZG,Kinh tế & GDP,2020,-3.61084281729929
Singapore,SGP,GDP growth (annual %),NY.GDP.MKTP.KD.ZG,Kinh tế & GDP,2021,10.1410845197192
Singapore,SGP,GDP growth (annual %),NY.GDP.MKTP.KD.ZG,Kinh tế & GDP,2022,4.01027884472296
Singapore,SGP,GDP growth (annual %),NY.GDP.MKTP.KD.ZG,Kinh tế & GDP,2023,1.45026775889565
Singapore,SGP,GDP growth (annual %),NY.GDP.MKTP.KD.ZG,Kinh tế & GDP,2024,5.3435120192366
Singapore,SGP,GDP growth (annual %),NY.GDP.MKTP.KD.ZG,Kinh tế & GDP,2025,5.02588199508003
Singapore,SGP,GDP per capita (current US$),NY.GDP.PCAP.CD,Kinh tế & GDP,2015,55645.6068614606
Singapore,SGP,GDP per capita (current US$),NY.GDP.PCAP.CD,Kinh tế & GDP,2016,57204.0340105222
Singapore,SGP,GDP per capita (current US$),NY.GDP.PCAP.CD,Kinh tế & GDP,2017,61436.1325502558
Singapore,SGP,GDP per capita (current US$),NY.GDP.PCAP.CD,Kinh tế & GDP,2018,67032.8225769734
Singapore,SGP,GDP per capita (current US$),NY.GDP.PCAP.CD,Kinh tế & GDP,2019,66068.7003106378
Singapore,SGP,GDP per capita (current US$),NY.GDP.PCAP.CD,Kinh tế & GDP,2020,61772.5036492256
Singapore,SGP,GDP per capita (current US$),NY.GDP.PCAP.CD,Kinh tế & GDP,2021,80884.8565369236
Singapore,SGP,GDP per capita (current US$),NY.GDP.PCAP.CD,Kinh tế & GDP,2022,91227.6970426492
Singapore,SGP,GDP per capita (current US$),NY.GDP.PCAP.CD,Kinh tế & GDP,2023,86382.5900499252
Singapore,SGP,GDP per capita (current US$),NY.GDP.PCAP.CD,Kinh tế & GDP,2024,94896.5621495988
Singapore,SGP,GDP per capita (current US$),NY.GDP.PCAP.CD,Kinh tế & GDP,2025,98813.9788172877
Singapore,SGP,"Inflation, consumer prices (annual %)",FP.CPI.TOTL.ZG,Kinh tế & GDP,2015,-0.521975611895763
Singapore,SGP,"Inflation, consumer prices (annual %)",FP.CPI.TOTL.ZG,Kinh tế & GDP,2016,-0.529809760375464
Singapore,SGP,"Inflation, consumer prices (annual %)",FP.CPI.TOTL.ZG,Kinh tế & GDP,2017,0.576763191179996
Singapore,SGP,"Inflation, consumer prices (annual %)",FP.CPI.TOTL.ZG,Kinh tế & GDP,2018,0.438784215129623
Singapore,SGP,"Inflation, consumer prices (annual %)",FP.CPI.TOTL.ZG,Kinh tế & GDP,2019,0.567829988405447
Singapore,SGP,"Inflation, consumer prices (annual %)",FP.CPI.TOTL.ZG,Kinh tế & GDP,2020,-0.172111865925382
Singapore,SGP,"Inflation, consumer prices (annual %)",FP.CPI.TOTL.ZG,Kinh tế & GDP,2021,2.31610315765146
Singapore,SGP,"Inflation, consumer prices (annual %)",FP.CPI.TOTL.ZG,Kinh tế & GDP,2022,6.13095418919732
Singapore,SGP,"Inflation, consumer prices (annual %)",FP.CPI.TOTL.ZG,Kinh tế & GDP,2023,4.83372362825798
Singapore,SGP,"Inflation, consumer prices (annual %)",FP.CPI.TOTL.ZG,Kinh tế & GDP,2024,2.38951123595017
Singapore,SGP,"Inflation, consumer prices (annual %)",FP.CPI.TOTL.ZG,Kinh tế & GDP,2025,0.902998495002676
Singapore,SGP,"Central government debt, total (% of GDP)",GC.DOD.TOTL.GD.ZS,Kinh tế & GDP,2015,103.320839751929
Singapore,SGP,"Central government debt, total (% of GDP)",GC.DOD.TOTL.GD.ZS,Kinh tế & GDP,2016,108.476641908311
Singapore,SGP,"Central government debt, total (% of GDP)",GC.DOD.TOTL.GD.ZS,Kinh tế & GDP,2017,108.841755783324
Singapore,SGP,"Central government debt, total (% of GDP)",GC.DOD.TOTL.GD.ZS,Kinh tế & GDP,2018,110.440057046779
Singapore,SGP,"Central government debt, total (% of GDP)",GC.DOD.TOTL.GD.ZS,Kinh tế & GDP,2019,127.851935478091
Singapore,SGP,"Central government debt, total (% of GDP)",GC.DOD.TOTL.GD.ZS,Kinh tế & GDP,2020,150.816252807492
Singapore,SGP,"Central government debt, total (% of GDP)",GC.DOD.TOTL.GD.ZS,Kinh tế & GDP,2021,147.759530258993
Singapore,SGP,"Central government debt, total (% of GDP)",GC.DOD.TOTL.GD.ZS,Kinh tế & GDP,2022,152.534986779861
Singapore,SGP,"Central government debt, total (% of GDP)",GC.DOD.TOTL.GD.ZS,Kinh tế & GDP,2023,173.624161872218
Singapore,SGP,"Central government debt, total (% of GDP)",GC.DOD.TOTL.GD.ZS,Kinh tế & GDP,2024,167.799832036767
Singapore,SGP,"Central government debt, total (% of GDP)",GC.DOD.TOTL.GD.ZS,Kinh tế & GDP,2025,
Singapore,SGP,Gross capital formation (% of GDP),NE.GDI.TOTL.ZS,Kinh tế & GDP,2015,25.353193018866
Singapore,SGP,Gross capital formation (% of GDP),NE.GDI.TOTL.ZS,Kinh tế & GDP,2016,26.3428829842065
Singapore,SGP,Gross capital formation (% of GDP),NE.GDI.TOTL.ZS,Kinh tế & GDP,2017,27.1803110118491
Singapore,SGP,Gross capital formation (% of GDP),NE.GDI.TOTL.ZS,Kinh tế & GDP,2018,24.6650062452141
Singapore,SGP,Gross capital formation (% of GDP),NE.GDI.TOTL.ZS,Kinh tế & GDP,2019,24.3414821182522
Singapore,SGP,Gross capital formation (% of GDP),NE.GDI.TOTL.ZS,Kinh tế & GDP,2020,22.930549192946
Singapore,SGP,Gross capital formation (% of GDP),NE.GDI.TOTL.ZS,Kinh tế & GDP,2021,24.1177810588483
Singapore,SGP,Gross capital formation (% of GDP),NE.GDI.TOTL.ZS,Kinh tế & GDP,2022,21.8791987960219
Singapore,SGP,Gross capital formation (% of GDP),NE.GDI.TOTL.ZS,Kinh tế & GDP,2023,21.1305685622627
Singapore,SGP,Gross capital formation (% of GDP),NE.GDI.TOTL.ZS,Kinh tế & GDP,2024,21.8490850721263
Singapore,SGP,Gross capital formation (% of GDP),NE.GDI.TOTL.ZS,Kinh tế & GDP,2025,22.4864260878508
Singapore,SGP,Gross savings (% of GDP),NY.GNS.ICTR.ZS,Kinh tế & GDP,2015,44.0462153091754
Singapore,SGP,Gross savings (% of GDP),NY.GNS.ICTR.ZS,Kinh tế & GDP,2016,45.2357210400528
Singapore,SGP,Gross savings (% of GDP),NY.GNS.ICTR.ZS,Kinh tế & GDP,2017,46.6182575489954
Singapore,SGP,Gross savings (% of GDP),NY.GNS.ICTR.ZS,Kinh tế & GDP,2018,41.4218332441414
Singapore,SGP,Gross savings (% of GDP),NY.GNS.ICTR.ZS,Kinh tế & GDP,2019,39.9868811642176
Singapore,SGP,Gross savings (% of GDP),NY.GNS.ICTR.ZS,Kinh tế & GDP,2020,42.0805317790255
Singapore,SGP,Gross savings (% of GDP),NY.GNS.ICTR.ZS,Kinh tế & GDP,2021,44.1544994049441
Singapore,SGP,Gross savings (% of GDP),NY.GNS.ICTR.ZS,Kinh tế & GDP,2022,41.9202431450759
Singapore,SGP,Gross savings (% of GDP),NY.GNS.ICTR.ZS,Kinh tế & GDP,2023,37.8776158568895
Singapore,SGP,Gross savings (% of GDP),NY.GNS.ICTR.ZS,Kinh tế & GDP,2024,40.4512885852667
Singapore,SGP,Gross savings (% of GDP),NY.GNS.ICTR.ZS,Kinh tế & GDP,2025,39.9756209143373
Thailand,THA,GDP (current US$),NY.GDP.MKTP.CD,Kinh tế & GDP,2015,401296238228.084
Thailand,THA,GDP (current US$),NY.GDP.MKTP.CD,Kinh tế & GDP,2016,413366349747.508
Thailand,THA,GDP (current US$),NY.GDP.MKTP.CD,Kinh tế & GDP,2017,456356813536.764
Thailand,THA,GDP (current US$),NY.GDP.MKTP.CD,Kinh tế & GDP,2018,506754208404.485
Thailand,THA,GDP (current US$),NY.GDP.MKTP.CD,Kinh tế & GDP,2019,543976691793.886
Thailand,THA,GDP (current US$),NY.GDP.MKTP.CD,Kinh tế & GDP,2020,500274927778.532
Thailand,THA,GDP (current US$),NY.GDP.MKTP.CD,Kinh tế & GDP,2021,506049783824.94
Thailand,THA,GDP (current US$),NY.GDP.MKTP.CD,Kinh tế & GDP,2022,495691837308.033
Thailand,THA,GDP (current US$),NY.GDP.MKTP.CD,Kinh tế & GDP,2023,517013369475.121
Thailand,THA,GDP (current US$),NY.GDP.MKTP.CD,Kinh tế & GDP,2024,529385520941.539
Thailand,THA,GDP (current US$),NY.GDP.MKTP.CD,Kinh tế & GDP,2025,577009981112.015
Thailand,THA,GDP growth (annual %),NY.GDP.MKTP.KD.ZG,Kinh tế & GDP,2015,3.13404724911635
Thailand,THA,GDP growth (annual %),NY.GDP.MKTP.KD.ZG,Kinh tế & GDP,2016,3.43515771692182
Thailand,THA,GDP growth (annual %),NY.GDP.MKTP.KD.ZG,Kinh tế & GDP,2017,4.1776810321001
Thailand,THA,GDP growth (annual %),NY.GDP.MKTP.KD.ZG,Kinh tế & GDP,2018,4.22287028746071
Thailand,THA,GDP growth (annual %),NY.GDP.MKTP.KD.ZG,Kinh tế & GDP,2019,2.11455779628278
Thailand,THA,GDP growth (annual %),NY.GDP.MKTP.KD.ZG,Kinh tế & GDP,2020,-6.09306312966953
Thailand,THA,GDP growth (annual %),NY.GDP.MKTP.KD.ZG,Kinh tế & GDP,2021,1.55858232076893
Thailand,THA,GDP growth (annual %),NY.GDP.MKTP.KD.ZG,Kinh tế & GDP,2022,2.63784213566305
Thailand,THA,GDP growth (annual %),NY.GDP.MKTP.KD.ZG,Kinh tế & GDP,2023,2.24883437970568
Thailand,THA,GDP growth (annual %),NY.GDP.MKTP.KD.ZG,Kinh tế & GDP,2024,2.94859986593323
Thailand,THA,GDP growth (annual %),NY.GDP.MKTP.KD.ZG,Kinh tế & GDP,2025,2.44247444990198
Thailand,THA,GDP per capita (current US$),NY.GDP.PCAP.CD,Kinh tế & GDP,2015,5688.85335397884
Thailand,THA,GDP per capita (current US$),NY.GDP.PCAP.CD,Kinh tế & GDP,2016,5833.57715617098
Thailand,THA,GDP per capita (current US$),NY.GDP.PCAP.CD,Kinh tế & GDP,2017,6413.09182530343
Thailand,THA,GDP per capita (current US$),NY.GDP.PCAP.CD,Kinh tế & GDP,2018,7099.77650081458
Thailand,THA,GDP per capita (current US$),NY.GDP.PCAP.CD,Kinh tế & GDP,2019,7605.69657797759
Thailand,THA,GDP per capita (current US$),NY.GDP.PCAP.CD,Kinh tế & GDP,2020,6983.03412836245
Thailand,THA,GDP per capita (current US$),NY.GDP.PCAP.CD,Kinh tế & GDP,2021,7055.18760721422
Thailand,THA,GDP per capita (current US$),NY.GDP.PCAP.CD,Kinh tế & GDP,2022,6910.00995211206
Thailand,THA,GDP per capita (current US$),NY.GDP.PCAP.CD,Kinh tế & GDP,2023,7210.54130832685
Thailand,THA,GDP per capita (current US$),NY.GDP.PCAP.CD,Kinh tế & GDP,2024,7386.63615126055
Thailand,THA,GDP per capita (current US$),NY.GDP.PCAP.CD,Kinh tế & GDP,2025,8056.56359761558
Thailand,THA,"Inflation, consumer prices (annual %)",FP.CPI.TOTL.ZG,Kinh tế & GDP,2015,-0.898143410569433
Thailand,THA,"Inflation, consumer prices (annual %)",FP.CPI.TOTL.ZG,Kinh tế & GDP,2016,0.186235191075453
Thailand,THA,"Inflation, consumer prices (annual %)",FP.CPI.TOTL.ZG,Kinh tế & GDP,2017,0.664415139830893
Thailand,THA,"Inflation, consumer prices (annual %)",FP.CPI.TOTL.ZG,Kinh tế & GDP,2018,1.06683487370758
Thailand,THA,"Inflation, consumer prices (annual %)",FP.CPI.TOTL.ZG,Kinh tế & GDP,2019,0.705524801910317
Thailand,THA,"Inflation, consumer prices (annual %)",FP.CPI.TOTL.ZG,Kinh tế & GDP,2020,-0.846087518861799
Thailand,THA,"Inflation, consumer prices (annual %)",FP.CPI.TOTL.ZG,Kinh tế & GDP,2021,1.23104516549814
Thailand,THA,"Inflation, consumer prices (annual %)",FP.CPI.TOTL.ZG,Kinh tế & GDP,2022,6.07589952842433
Thailand,THA,"Inflation, consumer prices (annual %)",FP.CPI.TOTL.ZG,Kinh tế & GDP,2023,1.22908986612448
Thailand,THA,"Inflation, consumer prices (annual %)",FP.CPI.TOTL.ZG,Kinh tế & GDP,2024,0.398333333333422
Thailand,THA,"Inflation, consumer prices (annual %)",FP.CPI.TOTL.ZG,Kinh tế & GDP,2025,-0.133634356480207
Thailand,THA,"Central government debt, total (% of GDP)",GC.DOD.TOTL.GD.ZS,Kinh tế & GDP,2015,36.6705695355179
Thailand,THA,"Central government debt, total (% of GDP)",GC.DOD.TOTL.GD.ZS,Kinh tế & GDP,2016,37.3065204045664
Thailand,THA,"Central government debt, total (% of GDP)",GC.DOD.TOTL.GD.ZS,Kinh tế & GDP,2017,
Thailand,THA,"Central government debt, total (% of GDP)",GC.DOD.TOTL.GD.ZS,Kinh tế & GDP,2018,37.9104188436045
Thailand,THA,"Central government debt, total (% of GDP)",GC.DOD.TOTL.GD.ZS,Kinh tế & GDP,2019,38.6277055941279
Thailand,THA,"Central government debt, total (% of GDP)",GC.DOD.TOTL.GD.ZS,Kinh tế & GDP,2020,50.3415889301099
Thailand,THA,"Central government debt, total (% of GDP)",GC.DOD.TOTL.GD.ZS,Kinh tế & GDP,2021,58.5282063695337
Thailand,THA,"Central government debt, total (% of GDP)",GC.DOD.TOTL.GD.ZS,Kinh tế & GDP,2022,60.3442670368319
Thailand,THA,"Central government debt, total (% of GDP)",GC.DOD.TOTL.GD.ZS,Kinh tế & GDP,2023,60.993475200655
Thailand,THA,"Central government debt, total (% of GDP)",GC.DOD.TOTL.GD.ZS,Kinh tế & GDP,2024,61.861415782411
Thailand,THA,"Central government debt, total (% of GDP)",GC.DOD.TOTL.GD.ZS,Kinh tế & GDP,2025,
Thailand,THA,Gross capital formation (% of GDP),NE.GDI.TOTL.ZS,Kinh tế & GDP,2015,22.3556406383245
Thailand,THA,Gross capital formation (% of GDP),NE.GDI.TOTL.ZS,Kinh tế & GDP,2016,21.1054892015174
Thailand,THA,Gross capital formation (% of GDP),NE.GDI.TOTL.ZS,Kinh tế & GDP,2017,22.9342956887695
Thailand,THA,Gross capital formation (% of GDP),NE.GDI.TOTL.ZS,Kinh tế & GDP,2018,25.2195901594439
Thailand,THA,Gross capital formation (% of GDP),NE.GDI.TOTL.ZS,Kinh tế & GDP,2019,23.8147525746375
Thailand,THA,Gross capital formation (% of GDP),NE.GDI.TOTL.ZS,Kinh tế & GDP,2020,23.7642761877022
Thailand,THA,Gross capital formation (% of GDP),NE.GDI.TOTL.ZS,Kinh tế & GDP,2021,28.6772507306111
Thailand,THA,Gross capital formation (% of GDP),NE.GDI.TOTL.ZS,Kinh tế & GDP,2022,27.8232930802592
Thailand,THA,Gross capital formation (% of GDP),NE.GDI.TOTL.ZS,Kinh tế & GDP,2023,22.3940359236883
Thailand,THA,Gross capital formation (% of GDP),NE.GDI.TOTL.ZS,Kinh tế & GDP,2024,21.4528153883175
Thailand,THA,Gross capital formation (% of GDP),NE.GDI.TOTL.ZS,Kinh tế & GDP,2025,22.0706663098923
Thailand,THA,Gross savings (% of GDP),NY.GNS.ICTR.ZS,Kinh tế & GDP,2015,28.043823657924
Thailand,THA,Gross savings (% of GDP),NY.GNS.ICTR.ZS,Kinh tế & GDP,2016,30.0765044478694
Thailand,THA,Gross savings (% of GDP),NY.GNS.ICTR.ZS,Kinh tế & GDP,2017,31.9424672317789
Thailand,THA,Gross savings (% of GDP),NY.GNS.ICTR.ZS,Kinh tế & GDP,2018,31.6865849444729
Thailand,THA,Gross savings (% of GDP),NY.GNS.ICTR.ZS,Kinh tế & GDP,2019,31.7166115590555
Thailand,THA,Gross savings (% of GDP),NY.GNS.ICTR.ZS,Kinh tế & GDP,2020,28.2586166665329
Thailand,THA,Gross savings (% of GDP),NY.GNS.ICTR.ZS,Kinh tế & GDP,2021,27.6338609938632
Thailand,THA,Gross savings (% of GDP),NY.GNS.ICTR.ZS,Kinh tế & GDP,2022,26.4000592714881
Thailand,THA,Gross savings (% of GDP),NY.GNS.ICTR.ZS,Kinh tế & GDP,2023,25.6220712409329
Thailand,THA,Gross savings (% of GDP),NY.GNS.ICTR.ZS,Kinh tế & GDP,2024,24.0895812398268
Thailand,THA,Gross savings (% of GDP),NY.GNS.ICTR.ZS,Kinh tế & GDP,2025,23.9345935096814
Viet Nam,VNM,GDP (current US$),NY.GDP.MKTP.CD,Kinh tế & GDP,2015,239258328381.741
Viet Nam,VNM,GDP (current US$),NY.GDP.MKTP.CD,Kinh tế & GDP,2016,257096001177.982
Viet Nam,VNM,GDP (current US$),NY.GDP.MKTP.CD,Kinh tế & GDP,2017,281353605986.903
Viet Nam,VNM,GDP (current US$),NY.GDP.MKTP.CD,Kinh tế & GDP,2018,310106478394.659
Viet Nam,VNM,GDP (current US$),NY.GDP.MKTP.CD,Kinh tế & GDP,2019,334365270496.667
Viet Nam,VNM,GDP (current US$),NY.GDP.MKTP.CD,Kinh tế & GDP,2020,346615738537.796
Viet Nam,VNM,GDP (current US$),NY.GDP.MKTP.CD,Kinh tế & GDP,2021,366474752771.009
Viet Nam,VNM,GDP (current US$),NY.GDP.MKTP.CD,Kinh tế & GDP,2022,413445230668.578
Viet Nam,VNM,GDP (current US$),NY.GDP.MKTP.CD,Kinh tế & GDP,2023,433805036898.465
Viet Nam,VNM,GDP (current US$),NY.GDP.MKTP.CD,Kinh tế & GDP,2024,476324572783.807
Viet Nam,VNM,GDP (current US$),NY.GDP.MKTP.CD,Kinh tế & GDP,2025,514697215165.065
Viet Nam,VNM,GDP growth (annual %),NY.GDP.MKTP.KD.ZG,Kinh tế & GDP,2015,6.98715430598611
Viet Nam,VNM,GDP growth (annual %),NY.GDP.MKTP.KD.ZG,Kinh tế & GDP,2016,6.69000892660424
Viet Nam,VNM,GDP growth (annual %),NY.GDP.MKTP.KD.ZG,Kinh tế & GDP,2017,6.94019037359206
Viet Nam,VNM,GDP growth (annual %),NY.GDP.MKTP.KD.ZG,Kinh tế & GDP,2018,7.46500685572751
Viet Nam,VNM,GDP growth (annual %),NY.GDP.MKTP.KD.ZG,Kinh tế & GDP,2019,7.35926270105006
Viet Nam,VNM,GDP growth (annual %),NY.GDP.MKTP.KD.ZG,Kinh tế & GDP,2020,2.86541320912272
Viet Nam,VNM,GDP growth (annual %),NY.GDP.MKTP.KD.ZG,Kinh tế & GDP,2021,2.55372852648131
Viet Nam,VNM,GDP growth (annual %),NY.GDP.MKTP.KD.ZG,Kinh tế & GDP,2022,8.53750041218142
Viet Nam,VNM,GDP growth (annual %),NY.GDP.MKTP.KD.ZG,Kinh tế & GDP,2023,4.97865959483225
Viet Nam,VNM,GDP growth (annual %),NY.GDP.MKTP.KD.ZG,Kinh tế & GDP,2024,7.03955197123018
Viet Nam,VNM,GDP growth (annual %),NY.GDP.MKTP.KD.ZG,Kinh tế & GDP,2025,8.01882998978245
Viet Nam,VNM,GDP per capita (current US$),NY.GDP.PCAP.CD,Kinh tế & GDP,2015,2577.56885340113
Viet Nam,VNM,GDP per capita (current US$),NY.GDP.PCAP.CD,Kinh tế & GDP,2016,2735.0604380416
Viet Nam,VNM,GDP per capita (current US$),NY.GDP.PCAP.CD,Kinh tế & GDP,2017,2956.10992127753
Viet Nam,VNM,GDP per capita (current US$),NY.GDP.PCAP.CD,Kinh tế & GDP,2018,3222.31003125366
Viet Nam,VNM,GDP per capita (current US$),NY.GDP.PCAP.CD,Kinh tế & GDP,2019,3440.90025375434
Viet Nam,VNM,GDP per capita (current US$),NY.GDP.PCAP.CD,Kinh tế & GDP,2020,3534.03953482647
Viet Nam,VNM,GDP per capita (current US$),NY.GDP.PCAP.CD,Kinh tế & GDP,2021,3704.1935590038
Viet Nam,VNM,GDP per capita (current US$),NY.GDP.PCAP.CD,Kinh tế & GDP,2022,4147.69777213621
Viet Nam,VNM,GDP per capita (current US$),NY.GDP.PCAP.CD,Kinh tế & GDP,2023,4322.82572261566
Viet Nam,VNM,GDP per capita (current US$),NY.GDP.PCAP.CD,Kinh tế & GDP,2024,4716.6599379632
Viet Nam,VNM,GDP per capita (current US$),NY.GDP.PCAP.CD,Kinh tế & GDP,2025,5065.99091899299
Viet Nam,VNM,"Inflation, consumer prices (annual %)",FP.CPI.TOTL.ZG,Kinh tế & GDP,2015,0.631200905175685
Viet Nam,VNM,"Inflation, consumer prices (annual %)",FP.CPI.TOTL.ZG,Kinh tế & GDP,2016,2.66824816969082
Viet Nam,VNM,"Inflation, consumer prices (annual %)",FP.CPI.TOTL.ZG,Kinh tế & GDP,2017,3.52025688811618
Viet Nam,VNM,"Inflation, consumer prices (annual %)",FP.CPI.TOTL.ZG,Kinh tế & GDP,2018,3.53962805942641
Viet Nam,VNM,"Inflation, consumer prices (annual %)",FP.CPI.TOTL.ZG,Kinh tế & GDP,2019,2.79582367452244
Viet Nam,VNM,"Inflation, consumer prices (annual %)",FP.CPI.TOTL.ZG,Kinh tế & GDP,2020,3.22093436652515
Viet Nam,VNM,"Inflation, consumer prices (annual %)",FP.CPI.TOTL.ZG,Kinh tế & GDP,2021,1.83471554810462
Viet Nam,VNM,"Inflation, consumer prices (annual %)",FP.CPI.TOTL.ZG,Kinh tế & GDP,2022,3.15650749963112
Viet Nam,VNM,"Inflation, consumer prices (annual %)",FP.CPI.TOTL.ZG,Kinh tế & GDP,2023,3.25289282667662
Viet Nam,VNM,"Inflation, consumer prices (annual %)",FP.CPI.TOTL.ZG,Kinh tế & GDP,2024,3.62109273885844
Viet Nam,VNM,"Inflation, consumer prices (annual %)",FP.CPI.TOTL.ZG,Kinh tế & GDP,2025,3.3099931421974
Viet Nam,VNM,"Central government debt, total (% of GDP)",GC.DOD.TOTL.GD.ZS,Kinh tế & GDP,2015,
Viet Nam,VNM,"Central government debt, total (% of GDP)",GC.DOD.TOTL.GD.ZS,Kinh tế & GDP,2016,
Viet Nam,VNM,"Central government debt, total (% of GDP)",GC.DOD.TOTL.GD.ZS,Kinh tế & GDP,2017,
Viet Nam,VNM,"Central government debt, total (% of GDP)",GC.DOD.TOTL.GD.ZS,Kinh tế & GDP,2018,
Viet Nam,VNM,"Central government debt, total (% of GDP)",GC.DOD.TOTL.GD.ZS,Kinh tế & GDP,2019,
Viet Nam,VNM,"Central government debt, total (% of GDP)",GC.DOD.TOTL.GD.ZS,Kinh tế & GDP,2020,
Viet Nam,VNM,"Central government debt, total (% of GDP)",GC.DOD.TOTL.GD.ZS,Kinh tế & GDP,2021,
Viet Nam,VNM,"Central government debt, total (% of GDP)",GC.DOD.TOTL.GD.ZS,Kinh tế & GDP,2022,
Viet Nam,VNM,"Central government debt, total (% of GDP)",GC.DOD.TOTL.GD.ZS,Kinh tế & GDP,2023,
Viet Nam,VNM,"Central government debt, total (% of GDP)",GC.DOD.TOTL.GD.ZS,Kinh tế & GDP,2024,
Viet Nam,VNM,"Central government debt, total (% of GDP)",GC.DOD.TOTL.GD.ZS,Kinh tế & GDP,2025,
Viet Nam,VNM,Gross capital formation (% of GDP),NE.GDI.TOTL.ZS,Kinh tế & GDP,2015,32.1089158178217
Viet Nam,VNM,Gross capital formation (% of GDP),NE.GDI.TOTL.ZS,Kinh tế & GDP,2016,31.7245390951042
Viet Nam,VNM,Gross capital formation (% of GDP),NE.GDI.TOTL.ZS,Kinh tế & GDP,2017,32.305300920099
Viet Nam,VNM,Gross capital formation (% of GDP),NE.GDI.TOTL.ZS,Kinh tế & GDP,2018,32.019502902433
Viet Nam,VNM,Gross capital formation (% of GDP),NE.GDI.TOTL.ZS,Kinh tế & GDP,2019,31.9799606565797
Viet Nam,VNM,Gross capital formation (% of GDP),NE.GDI.TOTL.ZS,Kinh tế & GDP,2020,31.915688393806
Viet Nam,VNM,Gross capital formation (% of GDP),NE.GDI.TOTL.ZS,Kinh tế & GDP,2021,32.8956023366901
Viet Nam,VNM,Gross capital formation (% of GDP),NE.GDI.TOTL.ZS,Kinh tế & GDP,2022,32.3404994444961
Viet Nam,VNM,Gross capital formation (% of GDP),NE.GDI.TOTL.ZS,Kinh tế & GDP,2023,31.6683495522758
Viet Nam,VNM,Gross capital formation (% of GDP),NE.GDI.TOTL.ZS,Kinh tế & GDP,2024,30.5847264337631
Viet Nam,VNM,Gross capital formation (% of GDP),NE.GDI.TOTL.ZS,Kinh tế & GDP,2025,30.7951346149846
Viet Nam,VNM,Gross savings (% of GDP),NY.GNS.ICTR.ZS,Kinh tế & GDP,2015,28.0729400269014
Viet Nam,VNM,Gross savings (% of GDP),NY.GNS.ICTR.ZS,Kinh tế & GDP,2016,28.4694474915156
Viet Nam,VNM,Gross savings (% of GDP),NY.GNS.ICTR.ZS,Kinh tế & GDP,2017,28.8568707708552
Viet Nam,VNM,Gross savings (% of GDP),NY.GNS.ICTR.ZS,Kinh tế & GDP,2018,30.9316977896393
Viet Nam,VNM,Gross savings (% of GDP),NY.GNS.ICTR.ZS,Kinh tế & GDP,2019,31.3330314964469
Viet Nam,VNM,Gross savings (% of GDP),NY.GNS.ICTR.ZS,Kinh tế & GDP,2020,33.0073258956685
Viet Nam,VNM,Gross savings (% of GDP),NY.GNS.ICTR.ZS,Kinh tế & GDP,2021,32.5963636488186
Viet Nam,VNM,Gross savings (% of GDP),NY.GNS.ICTR.ZS,Kinh tế & GDP,2022,33.0480243558189
Viet Nam,VNM,Gross savings (% of GDP),NY.GNS.ICTR.ZS,Kinh tế & GDP,2023,35.0029432211294
Viet Nam,VNM,Gross savings (% of GDP),NY.GNS.ICTR.ZS,Kinh tế & GDP,2024,37.0411480009622
Viet Nam,VNM,Gross savings (% of GDP),NY.GNS.ICTR.ZS,Kinh tế & GDP,2025,
Timor-Leste,TLS,GDP (current US$),NY.GDP.MKTP.CD,Kinh tế & GDP,2015,1590282400.0
Timor-Leste,TLS,GDP (current US$),NY.GDP.MKTP.CD,Kinh tế & GDP,2016,1640464600.0
Timor-Leste,TLS,GDP (current US$),NY.GDP.MKTP.CD,Kinh tế & GDP,2017,1584878400.0
Timor-Leste,TLS,GDP (current US$),NY.GDP.MKTP.CD,Kinh tế & GDP,2018,1555988600.0
Timor-Leste,TLS,GDP (current US$),NY.GDP.MKTP.CD,Kinh tế & GDP,2019,2032550400.0
Timor-Leste,TLS,GDP (current US$),NY.GDP.MKTP.CD,Kinh tế & GDP,2020,2162619200.0
Timor-Leste,TLS,GDP (current US$),NY.GDP.MKTP.CD,Kinh tế & GDP,2021,3625024300.0
Timor-Leste,TLS,GDP (current US$),NY.GDP.MKTP.CD,Kinh tế & GDP,2022,3208599900.0
Timor-Leste,TLS,GDP (current US$),NY.GDP.MKTP.CD,Kinh tế & GDP,2023,2079767200.0
Timor-Leste,TLS,GDP (current US$),NY.GDP.MKTP.CD,Kinh tế & GDP,2024,1865608515.41321
Timor-Leste,TLS,GDP (current US$),NY.GDP.MKTP.CD,Kinh tế & GDP,2025,1902180257.82737
Timor-Leste,TLS,GDP growth (annual %),NY.GDP.MKTP.KD.ZG,Kinh tế & GDP,2015,2.48004040218397
Timor-Leste,TLS,GDP growth (annual %),NY.GDP.MKTP.KD.ZG,Kinh tế & GDP,2016,3.00993062553351
Timor-Leste,TLS,GDP growth (annual %),NY.GDP.MKTP.KD.ZG,Kinh tế & GDP,2017,-3.18241522489195
Timor-Leste,TLS,GDP growth (annual %),NY.GDP.MKTP.KD.ZG,Kinh tế & GDP,2018,-0.466502170658785
Timor-Leste,TLS,GDP growth (annual %),NY.GDP.MKTP.KD.ZG,Kinh tế & GDP,2019,24.2128840085001
Timor-Leste,TLS,GDP growth (annual %),NY.GDP.MKTP.KD.ZG,Kinh tế & GDP,2020,31.7257416721413
Timor-Leste,TLS,GDP growth (annual %),NY.GDP.MKTP.KD.ZG,Kinh tế & GDP,2021,5.36980119392668
Timor-Leste,TLS,GDP growth (annual %),NY.GDP.MKTP.KD.ZG,Kinh tế & GDP,2022,-20.5224802314812
Timor-Leste,TLS,GDP growth (annual %),NY.GDP.MKTP.KD.ZG,Kinh tế & GDP,2023,-18.1359049134472
Timor-Leste,TLS,GDP growth (annual %),NY.GDP.MKTP.KD.ZG,Kinh tế & GDP,2024,-9.10069289810397
Timor-Leste,TLS,GDP growth (annual %),NY.GDP.MKTP.KD.ZG,Kinh tế & GDP,2025,6.97538939119629
Timor-Leste,TLS,GDP per capita (current US$),NY.GDP.PCAP.CD,Kinh tế & GDP,2015,1319.59297370991
Timor-Leste,TLS,GDP per capita (current US$),NY.GDP.PCAP.CD,Kinh tế & GDP,2016,1335.54390089814
Timor-Leste,TLS,GDP per capita (current US$),NY.GDP.PCAP.CD,Kinh tế & GDP,2017,1266.17767952941
Timor-Leste,TLS,GDP per capita (current US$),NY.GDP.PCAP.CD,Kinh tế & GDP,2018,1219.46598597604
Timor-Leste,TLS,GDP per capita (current US$),NY.GDP.PCAP.CD,Kinh tế & GDP,2019,1562.36458881813
Timor-Leste,TLS,GDP per capita (current US$),NY.GDP.PCAP.CD,Kinh tế & GDP,2020,1630.86935439232
Timor-Leste,TLS,GDP per capita (current US$),NY.GDP.PCAP.CD,Kinh tế & GDP,2021,2684.92673717299
Timor-Leste,TLS,GDP per capita (current US$),NY.GDP.PCAP.CD,Kinh tế & GDP,2022,2343.24955542816
Timor-Leste,TLS,GDP per capita (current US$),NY.GDP.PCAP.CD,Kinh tế & GDP,2023,1502.4114958903
Timor-Leste,TLS,GDP per capita (current US$),NY.GDP.PCAP.CD,Kinh tế & GDP,2024,1331.9705130185
Timor-Leste,TLS,GDP per capita (current US$),NY.GDP.PCAP.CD,Kinh tế & GDP,2025,1340.9640193437
Timor-Leste,TLS,"Inflation, consumer prices (annual %)",FP.CPI.TOTL.ZG,Kinh tế & GDP,2015,0.552796026277853
Timor-Leste,TLS,"Inflation, consumer prices (annual %)",FP.CPI.TOTL.ZG,Kinh tế & GDP,2016,-1.33853876185163
Timor-Leste,TLS,"Inflation, consumer prices (annual %)",FP.CPI.TOTL.ZG,Kinh tế & GDP,2017,0.557215537430361
Timor-Leste,TLS,"Inflation, consumer prices (annual %)",FP.CPI.TOTL.ZG,Kinh tế & GDP,2018,2.63647201015892
Timor-Leste,TLS,"Inflation, consumer prices (annual %)",FP.CPI.TOTL.ZG,Kinh tế & GDP,2019,0.958812739703141
Timor-Leste,TLS,"Inflation, consumer prices (annual %)",FP.CPI.TOTL.ZG,Kinh tế & GDP,2020,0.495499215459571
Timor-Leste,TLS,"Inflation, consumer prices (annual %)",FP.CPI.TOTL.ZG,Kinh tế & GDP,2021,3.69792094666786
Timor-Leste,TLS,"Inflation, consumer prices (annual %)",FP.CPI.TOTL.ZG,Kinh tế & GDP,2022,7.00530945399787
Timor-Leste,TLS,"Inflation, consumer prices (annual %)",FP.CPI.TOTL.ZG,Kinh tế & GDP,2023,8.42035103310377
Timor-Leste,TLS,"Inflation, consumer prices (annual %)",FP.CPI.TOTL.ZG,Kinh tế & GDP,2024,2.06284153005468
Timor-Leste,TLS,"Inflation, consumer prices (annual %)",FP.CPI.TOTL.ZG,Kinh tế & GDP,2025,0.428322848346937
Timor-Leste,TLS,"Central government debt, total (% of GDP)",GC.DOD.TOTL.GD.ZS,Kinh tế & GDP,2015,
Timor-Leste,TLS,"Central government debt, total (% of GDP)",GC.DOD.TOTL.GD.ZS,Kinh tế & GDP,2016,
Timor-Leste,TLS,"Central government debt, total (% of GDP)",GC.DOD.TOTL.GD.ZS,Kinh tế & GDP,2017,
Timor-Leste,TLS,"Central government debt, total (% of GDP)",GC.DOD.TOTL.GD.ZS,Kinh tế & GDP,2018,
Timor-Leste,TLS,"Central government debt, total (% of GDP)",GC.DOD.TOTL.GD.ZS,Kinh tế & GDP,2019,
Timor-Leste,TLS,"Central government debt, total (% of GDP)",GC.DOD.TOTL.GD.ZS,Kinh tế & GDP,2020,
Timor-Leste,TLS,"Central government debt, total (% of GDP)",GC.DOD.TOTL.GD.ZS,Kinh tế & GDP,2021,
Timor-Leste,TLS,"Central government debt, total (% of GDP)",GC.DOD.TOTL.GD.ZS,Kinh tế & GDP,2022,
Timor-Leste,TLS,"Central government debt, total (% of GDP)",GC.DOD.TOTL.GD.ZS,Kinh tế & GDP,2023,
Timor-Leste,TLS,"Central government debt, total (% of GDP)",GC.DOD.TOTL.GD.ZS,Kinh tế & GDP,2024,
Timor-Leste,TLS,"Central government debt, total (% of GDP)",GC.DOD.TOTL.GD.ZS,Kinh tế & GDP,2025,
Timor-Leste,TLS,Gross capital formation (% of GDP),NE.GDI.TOTL.ZS,Kinh tế & GDP,2015,36.9492802033148
Timor-Leste,TLS,Gross capital formation (% of GDP),NE.GDI.TOTL.ZS,Kinh tế & GDP,2016,39.8487599183792
Timor-Leste,TLS,Gross capital formation (% of GDP),NE.GDI.TOTL.ZS,Kinh tế & GDP,2017,35.6344562459808
Timor-Leste,TLS,Gross capital formation (% of GDP),NE.GDI.TOTL.ZS,Kinh tế & GDP,2018,35.9232516227947
Timor-Leste,TLS,Gross capital formation (% of GDP),NE.GDI.TOTL.ZS,Kinh tế & GDP,2019,26.7767825093046
Timor-Leste,TLS,Gross capital formation (% of GDP),NE.GDI.TOTL.ZS,Kinh tế & GDP,2020,16.4657004802325
Timor-Leste,TLS,Gross capital formation (% of GDP),NE.GDI.TOTL.ZS,Kinh tế & GDP,2021,14.3998179543238
Timor-Leste,TLS,Gross capital formation (% of GDP),NE.GDI.TOTL.ZS,Kinh tế & GDP,2022,10.6054855889013
Timor-Leste,TLS,Gross capital formation (% of GDP),NE.GDI.TOTL.ZS,Kinh tế & GDP,2023,20.4884517844113
Timor-Leste,TLS,Gross capital formation (% of GDP),NE.GDI.TOTL.ZS,Kinh tế & GDP,2024,30.1076509546051
Timor-Leste,TLS,Gross capital formation (% of GDP),NE.GDI.TOTL.ZS,Kinh tế & GDP,2025,
Timor-Leste,TLS,Gross savings (% of GDP),NY.GNS.ICTR.ZS,Kinh tế & GDP,2015,68.6109402810298
Timor-Leste,TLS,Gross savings (% of GDP),NY.GNS.ICTR.ZS,Kinh tế & GDP,2016,21.1428823273602
Timor-Leste,TLS,Gross savings (% of GDP),NY.GNS.ICTR.ZS,Kinh tế & GDP,2017,20.4337512293177
Timor-Leste,TLS,Gross savings (% of GDP),NY.GNS.ICTR.ZS,Kinh tế & GDP,2018,14.4901244077851
Timor-Leste,TLS,Gross savings (% of GDP),NY.GNS.ICTR.ZS,Kinh tế & GDP,2019,44.6946463757586
Timor-Leste,TLS,Gross savings (% of GDP),NY.GNS.ICTR.ZS,Kinh tế & GDP,2020,20.5826723013537
Timor-Leste,TLS,Gross savings (% of GDP),NY.GNS.ICTR.ZS,Kinh tế & GDP,2021,42.7152440918723
Timor-Leste,TLS,Gross savings (% of GDP),NY.GNS.ICTR.ZS,Kinh tế & GDP,2022,23.6155937761289
Timor-Leste,TLS,Gross savings (% of GDP),NY.GNS.ICTR.ZS,Kinh tế & GDP,2023,-8.48497997093208
Timor-Leste,TLS,Gross savings (% of GDP),NY.GNS.ICTR.ZS,Kinh tế & GDP,2024,-21.1282017661134
Timor-Leste,TLS,Gross savings (% of GDP),NY.GNS.ICTR.ZS,Kinh tế & GDP,2025,
Brunei Darussalam,BRN,Energy use (kg of oil equivalent per capita),EG.USE.PCAP.KG.OE,Môi trường & Năng lượng,2015,6437.00247398227
Brunei Darussalam,BRN,Energy use (kg of oil equivalent per capita),EG.USE.PCAP.KG.OE,Môi trường & Năng lượng,2016,7008.28171997556
Brunei Darussalam,BRN,Energy use (kg of oil equivalent per capita),EG.USE.PCAP.KG.OE,Môi trường & Năng lượng,2017,8385.25858976533
Brunei Darussalam,BRN,Energy use (kg of oil equivalent per capita),EG.USE.PCAP.KG.OE,Môi trường & Năng lượng,2018,8304.04242825767
Brunei Darussalam,BRN,Energy use (kg of oil equivalent per capita),EG.USE.PCAP.KG.OE,Môi trường & Năng lượng,2019,9219.80339333238
Brunei Darussalam,BRN,Energy use (kg of oil equivalent per capita),EG.USE.PCAP.KG.OE,Môi trường & Năng lượng,2020,9175.89257228992
Brunei Darussalam,BRN,Energy use (kg of oil equivalent per capita),EG.USE.PCAP.KG.OE,Môi trường & Năng lượng,2021,8962.62325631033
Brunei Darussalam,BRN,Energy use (kg of oil equivalent per capita),EG.USE.PCAP.KG.OE,Môi trường & Năng lượng,2022,9894.81949906257
Brunei Darussalam,BRN,Energy use (kg of oil equivalent per capita),EG.USE.PCAP.KG.OE,Môi trường & Năng lượng,2023,8658.00697644634
Brunei Darussalam,BRN,Energy use (kg of oil equivalent per capita),EG.USE.PCAP.KG.OE,Môi trường & Năng lượng,2024,
Brunei Darussalam,BRN,Energy use (kg of oil equivalent per capita),EG.USE.PCAP.KG.OE,Môi trường & Năng lượng,2025,
Brunei Darussalam,BRN,Access to electricity (% of population),EG.ELC.ACCS.ZS,Môi trường & Năng lượng,2015,100.0
Brunei Darussalam,BRN,Access to electricity (% of population),EG.ELC.ACCS.ZS,Môi trường & Năng lượng,2016,100.0
Brunei Darussalam,BRN,Access to electricity (% of population),EG.ELC.ACCS.ZS,Môi trường & Năng lượng,2017,100.0
Brunei Darussalam,BRN,Access to electricity (% of population),EG.ELC.ACCS.ZS,Môi trường & Năng lượng,2018,100.0
Brunei Darussalam,BRN,Access to electricity (% of population),EG.ELC.ACCS.ZS,Môi trường & Năng lượng,2019,100.0
Brunei Darussalam,BRN,Access to electricity (% of population),EG.ELC.ACCS.ZS,Môi trường & Năng lượng,2020,100.0
Brunei Darussalam,BRN,Access to electricity (% of population),EG.ELC.ACCS.ZS,Môi trường & Năng lượng,2021,100.0
Brunei Darussalam,BRN,Access to electricity (% of population),EG.ELC.ACCS.ZS,Môi trường & Năng lượng,2022,100.0
Brunei Darussalam,BRN,Access to electricity (% of population),EG.ELC.ACCS.ZS,Môi trường & Năng lượng,2023,100.0
Brunei Darussalam,BRN,Access to electricity (% of population),EG.ELC.ACCS.ZS,Môi trường & Năng lượng,2024,100.0
Brunei Darussalam,BRN,Access to electricity (% of population),EG.ELC.ACCS.ZS,Môi trường & Năng lượng,2025,
Brunei Darussalam,BRN,Renewable energy consumption (% of total final energy consumption),EG.FEC.RNEW.ZS,Môi trường & Năng lượng,2015,0.0
Brunei Darussalam,BRN,Renewable energy consumption (% of total final energy consumption),EG.FEC.RNEW.ZS,Môi trường & Năng lượng,2016,0.0
Brunei Darussalam,BRN,Renewable energy consumption (% of total final energy consumption),EG.FEC.RNEW.ZS,Môi trường & Năng lượng,2017,0.0
Brunei Darussalam,BRN,Renewable energy consumption (% of total final energy consumption),EG.FEC.RNEW.ZS,Môi trường & Năng lượng,2018,0.0
Brunei Darussalam,BRN,Renewable energy consumption (% of total final energy consumption),EG.FEC.RNEW.ZS,Môi trường & Năng lượng,2019,0.0
Brunei Darussalam,BRN,Renewable energy consumption (% of total final energy consumption),EG.FEC.RNEW.ZS,Môi trường & Năng lượng,2020,0.0
Brunei Darussalam,BRN,Renewable energy consumption (% of total final energy consumption),EG.FEC.RNEW.ZS,Môi trường & Năng lượng,2021,0.0
Brunei Darussalam,BRN,Renewable energy consumption (% of total final energy consumption),EG.FEC.RNEW.ZS,Môi trường & Năng lượng,2022,
Brunei Darussalam,BRN,Renewable energy consumption (% of total final energy consumption),EG.FEC.RNEW.ZS,Môi trường & Năng lượng,2023,
Brunei Darussalam,BRN,Renewable energy consumption (% of total final energy consumption),EG.FEC.RNEW.ZS,Môi trường & Năng lượng,2024,
Brunei Darussalam,BRN,Renewable energy consumption (% of total final energy consumption),EG.FEC.RNEW.ZS,Môi trường & Năng lượng,2025,
Brunei Darussalam,BRN,Forest area (% of land area),AG.LND.FRST.ZS,Môi trường & Năng lượng,2015,72.1062618595825
Brunei Darussalam,BRN,Forest area (% of land area),AG.LND.FRST.ZS,Môi trường & Năng lượng,2016,72.1062618595825
Brunei Darussalam,BRN,Forest area (% of land area),AG.LND.FRST.ZS,Môi trường & Năng lượng,2017,72.1062618595825
Brunei Darussalam,BRN,Forest area (% of land area),AG.LND.FRST.ZS,Môi trường & Năng lượng,2018,72.1062618595825
Brunei Darussalam,BRN,Forest area (% of land area),AG.LND.FRST.ZS,Môi trường & Năng lượng,2019,72.1062618595825
Brunei Darussalam,BRN,Forest area (% of land area),AG.LND.FRST.ZS,Môi trường & Năng lượng,2020,72.1062618595825
Brunei Darussalam,BRN,Forest area (% of land area),AG.LND.FRST.ZS,Môi trường & Năng lượng,2021,72.1062618595825
Brunei Darussalam,BRN,Forest area (% of land area),AG.LND.FRST.ZS,Môi trường & Năng lượng,2022,72.1062618595825
Brunei Darussalam,BRN,Forest area (% of land area),AG.LND.FRST.ZS,Môi trường & Năng lượng,2023,72.1062618595825
Brunei Darussalam,BRN,Forest area (% of land area),AG.LND.FRST.ZS,Môi trường & Năng lượng,2024,
Brunei Darussalam,BRN,Forest area (% of land area),AG.LND.FRST.ZS,Môi trường & Năng lượng,2025,
Brunei Darussalam,BRN,Adjusted savings: carbon dioxide damage (% of GNI),NY.ADJ.DCO2.GN.ZS,Môi trường & Năng lượng,2015,1.63865875885401
Brunei Darussalam,BRN,Adjusted savings: carbon dioxide damage (% of GNI),NY.ADJ.DCO2.GN.ZS,Môi trường & Năng lượng,2016,2.04563919116333
Brunei Darussalam,BRN,Adjusted savings: carbon dioxide damage (% of GNI),NY.ADJ.DCO2.GN.ZS,Môi trường & Năng lượng,2017,2.12297287144859
Brunei Darussalam,BRN,Adjusted savings: carbon dioxide damage (% of GNI),NY.ADJ.DCO2.GN.ZS,Môi trường & Năng lượng,2018,2.16396946562203
Brunei Darussalam,BRN,Adjusted savings: carbon dioxide damage (% of GNI),NY.ADJ.DCO2.GN.ZS,Môi trường & Năng lượng,2019,2.06098379941825
Brunei Darussalam,BRN,Adjusted savings: carbon dioxide damage (% of GNI),NY.ADJ.DCO2.GN.ZS,Môi trường & Năng lượng,2020,2.4205545218468
Brunei Darussalam,BRN,Adjusted savings: carbon dioxide damage (% of GNI),NY.ADJ.DCO2.GN.ZS,Môi trường & Năng lượng,2021,2.23863108759235
Brunei Darussalam,BRN,Adjusted savings: carbon dioxide damage (% of GNI),NY.ADJ.DCO2.GN.ZS,Môi trường & Năng lượng,2022,
Brunei Darussalam,BRN,Adjusted savings: carbon dioxide damage (% of GNI),NY.ADJ.DCO2.GN.ZS,Môi trường & Năng lượng,2023,
Brunei Darussalam,BRN,Adjusted savings: carbon dioxide damage (% of GNI),NY.ADJ.DCO2.GN.ZS,Môi trường & Năng lượng,2024,
Brunei Darussalam,BRN,Adjusted savings: carbon dioxide damage (% of GNI),NY.ADJ.DCO2.GN.ZS,Môi trường & Năng lượng,2025,
Cambodia,KHM,Energy use (kg of oil equivalent per capita),EG.USE.PCAP.KG.OE,Môi trường & Năng lượng,2015,379.754746691075
Cambodia,KHM,Energy use (kg of oil equivalent per capita),EG.USE.PCAP.KG.OE,Môi trường & Năng lượng,2016,412.761212260506
Cambodia,KHM,Energy use (kg of oil equivalent per capita),EG.USE.PCAP.KG.OE,Môi trường & Năng lượng,2017,418.968475987658
Cambodia,KHM,Energy use (kg of oil equivalent per capita),EG.USE.PCAP.KG.OE,Môi trường & Năng lượng,2018,440.512279217912
Cambodia,KHM,Energy use (kg of oil equivalent per capita),EG.USE.PCAP.KG.OE,Môi trường & Năng lượng,2019,487.938920711549
Cambodia,KHM,Energy use (kg of oil equivalent per capita),EG.USE.PCAP.KG.OE,Môi trường & Năng lượng,2020,513.179246292562
Cambodia,KHM,Energy use (kg of oil equivalent per capita),EG.USE.PCAP.KG.OE,Môi trường & Năng lượng,2021,497.04212828098
Cambodia,KHM,Energy use (kg of oil equivalent per capita),EG.USE.PCAP.KG.OE,Môi trường & Năng lượng,2022,498.311736725693
Cambodia,KHM,Energy use (kg of oil equivalent per capita),EG.USE.PCAP.KG.OE,Môi trường & Năng lượng,2023,554.905182911585
Cambodia,KHM,Energy use (kg of oil equivalent per capita),EG.USE.PCAP.KG.OE,Môi trường & Năng lượng,2024,
Cambodia,KHM,Energy use (kg of oil equivalent per capita),EG.USE.PCAP.KG.OE,Môi trường & Năng lượng,2025,
Cambodia,KHM,Access to electricity (% of population),EG.ELC.ACCS.ZS,Môi trường & Năng lượng,2015,62.7
Cambodia,KHM,Access to electricity (% of population),EG.ELC.ACCS.ZS,Môi trường & Năng lượng,2016,68.8
Cambodia,KHM,Access to electricity (% of population),EG.ELC.ACCS.ZS,Môi trường & Năng lượng,2017,89.1
Cambodia,KHM,Access to electricity (% of population),EG.ELC.ACCS.ZS,Môi trường & Năng lượng,2018,80.7
Cambodia,KHM,Access to electricity (% of population),EG.ELC.ACCS.ZS,Môi trường & Năng lượng,2019,84.0
Cambodia,KHM,Access to electricity (% of population),EG.ELC.ACCS.ZS,Môi trường & Năng lượng,2020,86.4
Cambodia,KHM,Access to electricity (% of population),EG.ELC.ACCS.ZS,Môi trường & Năng lượng,2021,82.5
Cambodia,KHM,Access to electricity (% of population),EG.ELC.ACCS.ZS,Môi trường & Năng lượng,2022,92.3
Cambodia,KHM,Access to electricity (% of population),EG.ELC.ACCS.ZS,Môi trường & Năng lượng,2023,95.0
Cambodia,KHM,Access to electricity (% of population),EG.ELC.ACCS.ZS,Môi trường & Năng lượng,2024,99.2
Cambodia,KHM,Access to electricity (% of population),EG.ELC.ACCS.ZS,Môi trường & Năng lượng,2025,
Cambodia,KHM,Renewable energy consumption (% of total final energy consumption),EG.FEC.RNEW.ZS,Môi trường & Năng lượng,2015,60.6
Cambodia,KHM,Renewable energy consumption (% of total final energy consumption),EG.FEC.RNEW.ZS,Môi trường & Năng lượng,2016,58.0
Cambodia,KHM,Renewable energy consumption (% of total final energy consumption),EG.FEC.RNEW.ZS,Môi trường & Năng lượng,2017,56.3
Cambodia,KHM,Renewable energy consumption (% of total final energy consumption),EG.FEC.RNEW.ZS,Môi trường & Năng lượng,2018,58.1
Cambodia,KHM,Renewable energy consumption (% of total final energy consumption),EG.FEC.RNEW.ZS,Môi trường & Năng lượng,2019,53.0
Cambodia,KHM,Renewable energy consumption (% of total final energy consumption),EG.FEC.RNEW.ZS,Môi trường & Năng lượng,2020,51.4
Cambodia,KHM,Renewable energy consumption (% of total final energy consumption),EG.FEC.RNEW.ZS,Môi trường & Năng lượng,2021,52.4
Cambodia,KHM,Renewable energy consumption (% of total final energy consumption),EG.FEC.RNEW.ZS,Môi trường & Năng lượng,2022,
Cambodia,KHM,Renewable energy consumption (% of total final energy consumption),EG.FEC.RNEW.ZS,Môi trường & Năng lượng,2023,
Cambodia,KHM,Renewable energy consumption (% of total final energy consumption),EG.FEC.RNEW.ZS,Môi trường & Năng lượng,2024,
Cambodia,KHM,Renewable energy consumption (% of total final energy consumption),EG.FEC.RNEW.ZS,Môi trường & Năng lượng,2025,
Cambodia,KHM,Forest area (% of land area),AG.LND.FRST.ZS,Môi trường & Năng lượng,2015,50.117946974847
Cambodia,KHM,Forest area (% of land area),AG.LND.FRST.ZS,Môi trường & Năng lượng,2016,49.2359506004985
Cambodia,KHM,Forest area (% of land area),AG.LND.FRST.ZS,Môi trường & Năng lượng,2017,48.35395422615
Cambodia,KHM,Forest area (% of land area),AG.LND.FRST.ZS,Môi trường & Năng lượng,2018,47.4719578518015
Cambodia,KHM,Forest area (% of land area),AG.LND.FRST.ZS,Môi trường & Năng lượng,2019,46.589961477453
Cambodia,KHM,Forest area (% of land area),AG.LND.FRST.ZS,Môi trường & Năng lượng,2020,45.7079651031045
Cambodia,KHM,Forest area (% of land area),AG.LND.FRST.ZS,Môi trường & Năng lượng,2021,44.825968728756
Cambodia,KHM,Forest area (% of land area),AG.LND.FRST.ZS,Môi trường & Năng lượng,2022,43.9439723544074
Cambodia,KHM,Forest area (% of land area),AG.LND.FRST.ZS,Môi trường & Năng lượng,2023,43.0619759800589
Cambodia,KHM,Forest area (% of land area),AG.LND.FRST.ZS,Môi trường & Năng lượng,2024,
Cambodia,KHM,Forest area (% of land area),AG.LND.FRST.ZS,Môi trường & Năng lượng,2025,
Cambodia,KHM,Adjusted savings: carbon dioxide damage (% of GNI),NY.ADJ.DCO2.GN.ZS,Môi trường & Năng lượng,2015,1.7188873359968
Cambodia,KHM,Adjusted savings: carbon dioxide damage (% of GNI),NY.ADJ.DCO2.GN.ZS,Môi trường & Năng lượng,2016,2.09587146647814
Cambodia,KHM,Adjusted savings: carbon dioxide damage (% of GNI),NY.ADJ.DCO2.GN.ZS,Môi trường & Năng lượng,2017,2.25708042372495
Cambodia,KHM,Adjusted savings: carbon dioxide damage (% of GNI),NY.ADJ.DCO2.GN.ZS,Môi trường & Năng lượng,2018,2.45730631005513
Cambodia,KHM,Adjusted savings: carbon dioxide damage (% of GNI),NY.ADJ.DCO2.GN.ZS,Môi trường & Năng lượng,2019,2.58487191874473
Cambodia,KHM,Adjusted savings: carbon dioxide damage (% of GNI),NY.ADJ.DCO2.GN.ZS,Môi trường & Năng lượng,2020,2.87155248989672
Cambodia,KHM,Adjusted savings: carbon dioxide damage (% of GNI),NY.ADJ.DCO2.GN.ZS,Môi trường & Năng lượng,2021,3.3049290630666
Cambodia,KHM,Adjusted savings: carbon dioxide damage (% of GNI),NY.ADJ.DCO2.GN.ZS,Môi trường & Năng lượng,2022,
Cambodia,KHM,Adjusted savings: carbon dioxide damage (% of GNI),NY.ADJ.DCO2.GN.ZS,Môi trường & Năng lượng,2023,
Cambodia,KHM,Adjusted savings: carbon dioxide damage (% of GNI),NY.ADJ.DCO2.GN.ZS,Môi trường & Năng lượng,2024,
Cambodia,KHM,Adjusted savings: carbon dioxide damage (% of GNI),NY.ADJ.DCO2.GN.ZS,Môi trường & Năng lượng,2025,
Indonesia,IDN,Energy use (kg of oil equivalent per capita),EG.USE.PCAP.KG.OE,Môi trường & Năng lượng,2015,704.248178401597
Indonesia,IDN,Energy use (kg of oil equivalent per capita),EG.USE.PCAP.KG.OE,Môi trường & Năng lượng,2016,724.416482652765
Indonesia,IDN,Energy use (kg of oil equivalent per capita),EG.USE.PCAP.KG.OE,Môi trường & Năng lượng,2017,761.410391560642
Indonesia,IDN,Energy use (kg of oil equivalent per capita),EG.USE.PCAP.KG.OE,Môi trường & Năng lượng,2018,832.361861659109
Indonesia,IDN,Energy use (kg of oil equivalent per capita),EG.USE.PCAP.KG.OE,Môi trường & Năng lượng,2019,850.737725717128
Indonesia,IDN,Energy use (kg of oil equivalent per capita),EG.USE.PCAP.KG.OE,Môi trường & Năng lượng,2020,856.09619536168
Indonesia,IDN,Energy use (kg of oil equivalent per capita),EG.USE.PCAP.KG.OE,Môi trường & Năng lượng,2021,902.233603991512
Indonesia,IDN,Energy use (kg of oil equivalent per capita),EG.USE.PCAP.KG.OE,Môi trường & Năng lượng,2022,958.649355730549
Indonesia,IDN,Energy use (kg of oil equivalent per capita),EG.USE.PCAP.KG.OE,Môi trường & Năng lượng,2023,982.414925134717
Indonesia,IDN,Energy use (kg of oil equivalent per capita),EG.USE.PCAP.KG.OE,Môi trường & Năng lượng,2024,
Indonesia,IDN,Energy use (kg of oil equivalent per capita),EG.USE.PCAP.KG.OE,Môi trường & Năng lượng,2025,
Indonesia,IDN,Access to electricity (% of population),EG.ELC.ACCS.ZS,Môi trường & Năng lượng,2015,97.5
Indonesia,IDN,Access to electricity (% of population),EG.ELC.ACCS.ZS,Môi trường & Năng lượng,2016,97.6
Indonesia,IDN,Access to electricity (% of population),EG.ELC.ACCS.ZS,Môi trường & Năng lượng,2017,98.1
Indonesia,IDN,Access to electricity (% of population),EG.ELC.ACCS.ZS,Môi trường & Năng lượng,2018,98.5
Indonesia,IDN,Access to electricity (% of population),EG.ELC.ACCS.ZS,Môi trường & Năng lượng,2019,98.8
Indonesia,IDN,Access to electricity (% of population),EG.ELC.ACCS.ZS,Môi trường & Năng lượng,2020,97.0
Indonesia,IDN,Access to electricity (% of population),EG.ELC.ACCS.ZS,Môi trường & Năng lượng,2021,99.2
Indonesia,IDN,Access to electricity (% of population),EG.ELC.ACCS.ZS,Môi trường & Năng lượng,2022,100.0
Indonesia,IDN,Access to electricity (% of population),EG.ELC.ACCS.ZS,Môi trường & Năng lượng,2023,99.4
Indonesia,IDN,Access to electricity (% of population),EG.ELC.ACCS.ZS,Môi trường & Năng lượng,2024,99.9
Indonesia,IDN,Access to electricity (% of population),EG.ELC.ACCS.ZS,Môi trường & Năng lượng,2025,
Indonesia,IDN,Renewable energy consumption (% of total final energy consumption),EG.FEC.RNEW.ZS,Môi trường & Năng lượng,2015,26.6
Indonesia,IDN,Renewable energy consumption (% of total final energy consumption),EG.FEC.RNEW.ZS,Môi trường & Năng lượng,2016,27.8
Indonesia,IDN,Renewable energy consumption (% of total final energy consumption),EG.FEC.RNEW.ZS,Môi trường & Năng lượng,2017,25.2
Indonesia,IDN,Renewable energy consumption (% of total final energy consumption),EG.FEC.RNEW.ZS,Môi trường & Năng lượng,2018,22.0
Indonesia,IDN,Renewable energy consumption (% of total final energy consumption),EG.FEC.RNEW.ZS,Môi trường & Năng lượng,2019,19.8
Indonesia,IDN,Renewable energy consumption (% of total final energy consumption),EG.FEC.RNEW.ZS,Môi trường & Năng lượng,2020,21.9
Indonesia,IDN,Renewable energy consumption (% of total final energy consumption),EG.FEC.RNEW.ZS,Môi trường & Năng lượng,2021,20.2
Indonesia,IDN,Renewable energy consumption (% of total final energy consumption),EG.FEC.RNEW.ZS,Môi trường & Năng lượng,2022,
Indonesia,IDN,Renewable energy consumption (% of total final energy consumption),EG.FEC.RNEW.ZS,Môi trường & Năng lượng,2023,
Indonesia,IDN,Renewable energy consumption (% of total final energy consumption),EG.FEC.RNEW.ZS,Môi trường & Năng lượng,2024,
Indonesia,IDN,Renewable energy consumption (% of total final energy consumption),EG.FEC.RNEW.ZS,Môi trường & Năng lượng,2025,
Indonesia,IDN,Forest area (% of land area),AG.LND.FRST.ZS,Môi trường & Năng lượng,2015,50.6135490506354
Indonesia,IDN,Forest area (% of land area),AG.LND.FRST.ZS,Môi trường & Năng lượng,2016,50.7434545269582
Indonesia,IDN,Forest area (% of land area),AG.LND.FRST.ZS,Môi trường & Năng lượng,2017,50.0393338229866
Indonesia,IDN,Forest area (% of land area),AG.LND.FRST.ZS,Môi trường & Năng lượng,2018,49.7168177792076
Indonesia,IDN,Forest area (% of land area),AG.LND.FRST.ZS,Môi trường & Năng lượng,2019,49.3942964092507
Indonesia,IDN,Forest area (% of land area),AG.LND.FRST.ZS,Môi trường & Năng lượng,2020,49.0717803654717
Indonesia,IDN,Forest area (% of land area),AG.LND.FRST.ZS,Môi trường & Năng lượng,2021,48.3619448681206
Indonesia,IDN,Forest area (% of land area),AG.LND.FRST.ZS,Môi trường & Năng lượng,2022,48.0419900717626
Indonesia,IDN,Forest area (% of land area),AG.LND.FRST.ZS,Môi trường & Năng lượng,2023,47.7220336902463
Indonesia,IDN,Forest area (% of land area),AG.LND.FRST.ZS,Môi trường & Năng lượng,2024,
Indonesia,IDN,Forest area (% of land area),AG.LND.FRST.ZS,Môi trường & Năng lượng,2025,
Indonesia,IDN,Adjusted savings: carbon dioxide damage (% of GNI),NY.ADJ.DCO2.GN.ZS,Môi trường & Năng lượng,2015,2.04112503105104
Indonesia,IDN,Adjusted savings: carbon dioxide damage (% of GNI),NY.ADJ.DCO2.GN.ZS,Môi trường & Năng lượng,2016,1.92093255123821
Indonesia,IDN,Adjusted savings: carbon dioxide damage (% of GNI),NY.ADJ.DCO2.GN.ZS,Môi trường & Năng lượng,2017,1.96825947590475
Indonesia,IDN,Adjusted savings: carbon dioxide damage (% of GNI),NY.ADJ.DCO2.GN.ZS,Môi trường & Năng lượng,2018,2.23550848860364
Indonesia,IDN,Adjusted savings: carbon dioxide damage (% of GNI),NY.ADJ.DCO2.GN.ZS,Môi trường & Năng lượng,2019,2.32945394463306
Indonesia,IDN,Adjusted savings: carbon dioxide damage (% of GNI),NY.ADJ.DCO2.GN.ZS,Môi trường & Năng lượng,2020,2.44526535210387
Indonesia,IDN,Adjusted savings: carbon dioxide damage (% of GNI),NY.ADJ.DCO2.GN.ZS,Môi trường & Năng lượng,2021,2.37594364421979
Indonesia,IDN,Adjusted savings: carbon dioxide damage (% of GNI),NY.ADJ.DCO2.GN.ZS,Môi trường & Năng lượng,2022,
Indonesia,IDN,Adjusted savings: carbon dioxide damage (% of GNI),NY.ADJ.DCO2.GN.ZS,Môi trường & Năng lượng,2023,
Indonesia,IDN,Adjusted savings: carbon dioxide damage (% of GNI),NY.ADJ.DCO2.GN.ZS,Môi trường & Năng lượng,2024,
Indonesia,IDN,Adjusted savings: carbon dioxide damage (% of GNI),NY.ADJ.DCO2.GN.ZS,Môi trường & Năng lượng,2025,
Lao PDR,LAO,Energy use (kg of oil equivalent per capita),EG.USE.PCAP.KG.OE,Môi trường & Năng lượng,2015,602.367641501306
Lao PDR,LAO,Energy use (kg of oil equivalent per capita),EG.USE.PCAP.KG.OE,Môi trường & Năng lượng,2016,754.157912843683
Lao PDR,LAO,Energy use (kg of oil equivalent per capita),EG.USE.PCAP.KG.OE,Môi trường & Năng lượng,2017,811.939924879019
Lao PDR,LAO,Energy use (kg of oil equivalent per capita),EG.USE.PCAP.KG.OE,Môi trường & Năng lượng,2018,820.796381816976
Lao PDR,LAO,Energy use (kg of oil equivalent per capita),EG.USE.PCAP.KG.OE,Môi trường & Năng lượng,2019,809.255743180214
Lao PDR,LAO,Energy use (kg of oil equivalent per capita),EG.USE.PCAP.KG.OE,Môi trường & Năng lượng,2020,727.903699441957
Lao PDR,LAO,Energy use (kg of oil equivalent per capita),EG.USE.PCAP.KG.OE,Môi trường & Năng lượng,2021,753.830328331407
Lao PDR,LAO,Energy use (kg of oil equivalent per capita),EG.USE.PCAP.KG.OE,Môi trường & Năng lượng,2022,847.107470128767
Lao PDR,LAO,Energy use (kg of oil equivalent per capita),EG.USE.PCAP.KG.OE,Môi trường & Năng lượng,2023,880.598982763996
Lao PDR,LAO,Energy use (kg of oil equivalent per capita),EG.USE.PCAP.KG.OE,Môi trường & Năng lượng,2024,
Lao PDR,LAO,Energy use (kg of oil equivalent per capita),EG.USE.PCAP.KG.OE,Môi trường & Năng lượng,2025,
Lao PDR,LAO,Access to electricity (% of population),EG.ELC.ACCS.ZS,Môi trường & Năng lượng,2015,89.7
Lao PDR,LAO,Access to electricity (% of population),EG.ELC.ACCS.ZS,Môi trường & Năng lượng,2016,89.0
Lao PDR,LAO,Access to electricity (% of population),EG.ELC.ACCS.ZS,Môi trường & Năng lượng,2017,93.6
Lao PDR,LAO,Access to electricity (% of population),EG.ELC.ACCS.ZS,Môi trường & Năng lượng,2018,92.9
Lao PDR,LAO,Access to electricity (% of population),EG.ELC.ACCS.ZS,Môi trường & Năng lượng,2019,98.4
Lao PDR,LAO,Access to electricity (% of population),EG.ELC.ACCS.ZS,Môi trường & Năng lượng,2020,99.3
Lao PDR,LAO,Access to electricity (% of population),EG.ELC.ACCS.ZS,Môi trường & Năng lượng,2021,100.0
Lao PDR,LAO,Access to electricity (% of population),EG.ELC.ACCS.ZS,Môi trường & Năng lượng,2022,100.0
Lao PDR,LAO,Access to electricity (% of population),EG.ELC.ACCS.ZS,Môi trường & Năng lượng,2023,96.5
Lao PDR,LAO,Access to electricity (% of population),EG.ELC.ACCS.ZS,Môi trường & Năng lượng,2024,96.5
Lao PDR,LAO,Access to electricity (% of population),EG.ELC.ACCS.ZS,Môi trường & Năng lượng,2025,
Lao PDR,LAO,Renewable energy consumption (% of total final energy consumption),EG.FEC.RNEW.ZS,Môi trường & Năng lượng,2015,53.3
Lao PDR,LAO,Renewable energy consumption (% of total final energy consumption),EG.FEC.RNEW.ZS,Môi trường & Năng lượng,2016,51.7
Lao PDR,LAO,Renewable energy consumption (% of total final energy consumption),EG.FEC.RNEW.ZS,Môi trường & Năng lượng,2017,50.6
Lao PDR,LAO,Renewable energy consumption (% of total final energy consumption),EG.FEC.RNEW.ZS,Môi trường & Năng lượng,2018,50.2
Lao PDR,LAO,Renewable energy consumption (% of total final energy consumption),EG.FEC.RNEW.ZS,Môi trường & Năng lượng,2019,50.5
Lao PDR,LAO,Renewable energy consumption (% of total final energy consumption),EG.FEC.RNEW.ZS,Môi trường & Năng lượng,2020,50.6
Lao PDR,LAO,Renewable energy consumption (% of total final energy consumption),EG.FEC.RNEW.ZS,Môi trường & Năng lượng,2021,51.5
Lao PDR,LAO,Renewable energy consumption (% of total final energy consumption),EG.FEC.RNEW.ZS,Môi trường & Năng lượng,2022,49.2
Lao PDR,LAO,Renewable energy consumption (% of total final energy consumption),EG.FEC.RNEW.ZS,Môi trường & Năng lượng,2023,
Lao PDR,LAO,Renewable energy consumption (% of total final energy consumption),EG.FEC.RNEW.ZS,Môi trường & Năng lượng,2024,
Lao PDR,LAO,Renewable energy consumption (% of total final energy consumption),EG.FEC.RNEW.ZS,Môi trường & Năng lượng,2025,
Lao PDR,LAO,Forest area (% of land area),AG.LND.FRST.ZS,Môi trường & Năng lượng,2015,72.6516464471404
Lao PDR,LAO,Forest area (% of land area),AG.LND.FRST.ZS,Môi trường & Năng lượng,2016,72.5021663778163
Lao PDR,LAO,Forest area (% of land area),AG.LND.FRST.ZS,Môi trường & Năng lượng,2017,72.3526863084922
Lao PDR,LAO,Forest area (% of land area),AG.LND.FRST.ZS,Môi trường & Năng lượng,2018,72.2032062391681
Lao PDR,LAO,Forest area (% of land area),AG.LND.FRST.ZS,Môi trường & Năng lượng,2019,72.053726169844
Lao PDR,LAO,Forest area (% of land area),AG.LND.FRST.ZS,Môi trường & Năng lượng,2020,71.9042461005199
Lao PDR,LAO,Forest area (% of land area),AG.LND.FRST.ZS,Môi trường & Năng lượng,2021,71.7547660311958
Lao PDR,LAO,Forest area (% of land area),AG.LND.FRST.ZS,Môi trường & Năng lượng,2022,71.6052859618717
Lao PDR,LAO,Forest area (% of land area),AG.LND.FRST.ZS,Môi trường & Năng lượng,2023,71.4558058925477
Lao PDR,LAO,Forest area (% of land area),AG.LND.FRST.ZS,Môi trường & Năng lượng,2024,
Lao PDR,LAO,Forest area (% of land area),AG.LND.FRST.ZS,Môi trường & Năng lượng,2025,
Lao PDR,LAO,Adjusted savings: carbon dioxide damage (% of GNI),NY.ADJ.DCO2.GN.ZS,Môi trường & Năng lượng,2015,2.24001838654664
Lao PDR,LAO,Adjusted savings: carbon dioxide damage (% of GNI),NY.ADJ.DCO2.GN.ZS,Môi trường & Năng lượng,2016,3.70236724936182
Lao PDR,LAO,Adjusted savings: carbon dioxide damage (% of GNI),NY.ADJ.DCO2.GN.ZS,Môi trường & Năng lượng,2017,4.40808436079478
Lao PDR,LAO,Adjusted savings: carbon dioxide damage (% of GNI),NY.ADJ.DCO2.GN.ZS,Môi trường & Năng lượng,2018,4.37026950569892
Lao PDR,LAO,Adjusted savings: carbon dioxide damage (% of GNI),NY.ADJ.DCO2.GN.ZS,Môi trường & Năng lượng,2019,4.32130061294626
Lao PDR,LAO,Adjusted savings: carbon dioxide damage (% of GNI),NY.ADJ.DCO2.GN.ZS,Môi trường & Năng lượng,2020,5.3935259368106
Lao PDR,LAO,Adjusted savings: carbon dioxide damage (% of GNI),NY.ADJ.DCO2.GN.ZS,Môi trường & Năng lượng,2021,7.2291138711234
Lao PDR,LAO,Adjusted savings: carbon dioxide damage (% of GNI),NY.ADJ.DCO2.GN.ZS,Môi trường & Năng lượng,2022,
Lao PDR,LAO,Adjusted savings: carbon dioxide damage (% of GNI),NY.ADJ.DCO2.GN.ZS,Môi trường & Năng lượng,2023,
Lao PDR,LAO,Adjusted savings: carbon dioxide damage (% of GNI),NY.ADJ.DCO2.GN.ZS,Môi trường & Năng lượng,2024,
Lao PDR,LAO,Adjusted savings: carbon dioxide damage (% of GNI),NY.ADJ.DCO2.GN.ZS,Môi trường & Năng lượng,2025,
Malaysia,MYS,Energy use (kg of oil equivalent per capita),EG.USE.PCAP.KG.OE,Môi trường & Năng lượng,2015,2708.66289491905
Malaysia,MYS,Energy use (kg of oil equivalent per capita),EG.USE.PCAP.KG.OE,Môi trường & Năng lượng,2016,2760.83197397162
Malaysia,MYS,Energy use (kg of oil equivalent per capita),EG.USE.PCAP.KG.OE,Môi trường & Năng lượng,2017,2619.44252695383
Malaysia,MYS,Energy use (kg of oil equivalent per capita),EG.USE.PCAP.KG.OE,Môi trường & Năng lượng,2018,2841.11800656893
Malaysia,MYS,Energy use (kg of oil equivalent per capita),EG.USE.PCAP.KG.OE,Môi trường & Năng lượng,2019,2879.89449600209
Malaysia,MYS,Energy use (kg of oil equivalent per capita),EG.USE.PCAP.KG.OE,Môi trường & Năng lượng,2020,2719.43378264705
Malaysia,MYS,Energy use (kg of oil equivalent per capita),EG.USE.PCAP.KG.OE,Môi trường & Năng lượng,2021,2781.735038205
Malaysia,MYS,Energy use (kg of oil equivalent per capita),EG.USE.PCAP.KG.OE,Môi trường & Năng lượng,2022,3035.37257619634
Malaysia,MYS,Energy use (kg of oil equivalent per capita),EG.USE.PCAP.KG.OE,Môi trường & Năng lượng,2023,3008.82419919301
Malaysia,MYS,Energy use (kg of oil equivalent per capita),EG.USE.PCAP.KG.OE,Môi trường & Năng lượng,2024,
Malaysia,MYS,Energy use (kg of oil equivalent per capita),EG.USE.PCAP.KG.OE,Môi trường & Năng lượng,2025,
Malaysia,MYS,Access to electricity (% of population),EG.ELC.ACCS.ZS,Môi trường & Năng lượng,2015,99.9
Malaysia,MYS,Access to electricity (% of population),EG.ELC.ACCS.ZS,Môi trường & Năng lượng,2016,99.9
Malaysia,MYS,Access to electricity (% of population),EG.ELC.ACCS.ZS,Môi trường & Năng lượng,2017,100.0
Malaysia,MYS,Access to electricity (% of population),EG.ELC.ACCS.ZS,Môi trường & Năng lượng,2018,100.0
Malaysia,MYS,Access to electricity (% of population),EG.ELC.ACCS.ZS,Môi trường & Năng lượng,2019,100.0
Malaysia,MYS,Access to electricity (% of population),EG.ELC.ACCS.ZS,Môi trường & Năng lượng,2020,100.0
Malaysia,MYS,Access to electricity (% of population),EG.ELC.ACCS.ZS,Môi trường & Năng lượng,2021,100.0
Malaysia,MYS,Access to electricity (% of population),EG.ELC.ACCS.ZS,Môi trường & Năng lượng,2022,100.0
Malaysia,MYS,Access to electricity (% of population),EG.ELC.ACCS.ZS,Môi trường & Năng lượng,2023,100.0
Malaysia,MYS,Access to electricity (% of population),EG.ELC.ACCS.ZS,Môi trường & Năng lượng,2024,100.0
Malaysia,MYS,Access to electricity (% of population),EG.ELC.ACCS.ZS,Môi trường & Năng lượng,2025,
Malaysia,MYS,Renewable energy consumption (% of total final energy consumption),EG.FEC.RNEW.ZS,Môi trường & Năng lượng,2015,3.4
Malaysia,MYS,Renewable energy consumption (% of total final energy consumption),EG.FEC.RNEW.ZS,Môi trường & Năng lượng,2016,4.4
Malaysia,MYS,Renewable energy consumption (% of total final energy consumption),EG.FEC.RNEW.ZS,Môi trường & Năng lượng,2017,5.2
Malaysia,MYS,Renewable energy consumption (% of total final energy consumption),EG.FEC.RNEW.ZS,Môi trường & Năng lượng,2018,5.3
Malaysia,MYS,Renewable energy consumption (% of total final energy consumption),EG.FEC.RNEW.ZS,Môi trường & Năng lượng,2019,5.7
Malaysia,MYS,Renewable energy consumption (% of total final energy consumption),EG.FEC.RNEW.ZS,Môi trường & Năng lượng,2020,7.0
Malaysia,MYS,Renewable energy consumption (% of total final energy consumption),EG.FEC.RNEW.ZS,Môi trường & Năng lượng,2021,7.5
Malaysia,MYS,Renewable energy consumption (% of total final energy consumption),EG.FEC.RNEW.ZS,Môi trường & Năng lượng,2022,
Malaysia,MYS,Renewable energy consumption (% of total final energy consumption),EG.FEC.RNEW.ZS,Môi trường & Năng lượng,2023,
Malaysia,MYS,Renewable energy consumption (% of total final energy consumption),EG.FEC.RNEW.ZS,Môi trường & Năng lượng,2024,
Malaysia,MYS,Renewable energy consumption (% of total final energy consumption),EG.FEC.RNEW.ZS,Môi trường & Năng lượng,2025,
Malaysia,MYS,Forest area (% of land area),AG.LND.FRST.ZS,Môi trường & Năng lượng,2015,59.2427940952671
Malaysia,MYS,Forest area (% of land area),AG.LND.FRST.ZS,Môi trường & Năng lượng,2016,58.7875209252777
Malaysia,MYS,Forest area (% of land area),AG.LND.FRST.ZS,Môi trường & Năng lượng,2017,58.6348805356871
Malaysia,MYS,Forest area (% of land area),AG.LND.FRST.ZS,Môi trường & Năng lượng,2018,58.4822401460965
Malaysia,MYS,Forest area (% of land area),AG.LND.FRST.ZS,Môi trường & Năng lượng,2019,58.3295997565059
Malaysia,MYS,Forest area (% of land area),AG.LND.FRST.ZS,Môi trường & Năng lượng,2020,58.1769593669152
Malaysia,MYS,Forest area (% of land area),AG.LND.FRST.ZS,Môi trường & Năng lượng,2021,58.0243189773246
Malaysia,MYS,Forest area (% of land area),AG.LND.FRST.ZS,Môi trường & Năng lượng,2022,57.871678587734
Malaysia,MYS,Forest area (% of land area),AG.LND.FRST.ZS,Môi trường & Năng lượng,2023,57.7190381981434
Malaysia,MYS,Forest area (% of land area),AG.LND.FRST.ZS,Môi trường & Năng lượng,2024,
Malaysia,MYS,Forest area (% of land area),AG.LND.FRST.ZS,Môi trường & Năng lượng,2025,
Malaysia,MYS,Adjusted savings: carbon dioxide damage (% of GNI),NY.ADJ.DCO2.GN.ZS,Môi trường & Năng lượng,2015,2.80595304349673
Malaysia,MYS,Adjusted savings: carbon dioxide damage (% of GNI),NY.ADJ.DCO2.GN.ZS,Môi trường & Năng lượng,2016,2.89286941186105
Malaysia,MYS,Adjusted savings: carbon dioxide damage (% of GNI),NY.ADJ.DCO2.GN.ZS,Môi trường & Năng lượng,2017,2.74629335998571
Malaysia,MYS,Adjusted savings: carbon dioxide damage (% of GNI),NY.ADJ.DCO2.GN.ZS,Môi trường & Năng lượng,2018,2.75464724356021
Malaysia,MYS,Adjusted savings: carbon dioxide damage (% of GNI),NY.ADJ.DCO2.GN.ZS,Môi trường & Năng lượng,2019,2.90407555526083
Malaysia,MYS,Adjusted savings: carbon dioxide damage (% of GNI),NY.ADJ.DCO2.GN.ZS,Môi trường & Năng lượng,2020,2.98031495290312
Malaysia,MYS,Adjusted savings: carbon dioxide damage (% of GNI),NY.ADJ.DCO2.GN.ZS,Môi trường & Năng lượng,2021,2.91437617862166
Malaysia,MYS,Adjusted savings: carbon dioxide damage (% of GNI),NY.ADJ.DCO2.GN.ZS,Môi trường & Năng lượng,2022,
Malaysia,MYS,Adjusted savings: carbon dioxide damage (% of GNI),NY.ADJ.DCO2.GN.ZS,Môi trường & Năng lượng,2023,
Malaysia,MYS,Adjusted savings: carbon dioxide damage (% of GNI),NY.ADJ.DCO2.GN.ZS,Môi trường & Năng lượng,2024,
Malaysia,MYS,Adjusted savings: carbon dioxide damage (% of GNI),NY.ADJ.DCO2.GN.ZS,Môi trường & Năng lượng,2025,
Myanmar,MMR,Energy use (kg of oil equivalent per capita),EG.USE.PCAP.KG.OE,Môi trường & Năng lượng,2015,369.662579760019
Myanmar,MMR,Energy use (kg of oil equivalent per capita),EG.USE.PCAP.KG.OE,Môi trường & Năng lượng,2016,396.465842761547
Myanmar,MMR,Energy use (kg of oil equivalent per capita),EG.USE.PCAP.KG.OE,Môi trường & Năng lượng,2017,445.126530456612
Myanmar,MMR,Energy use (kg of oil equivalent per capita),EG.USE.PCAP.KG.OE,Môi trường & Năng lượng,2018,439.293521533038
Myanmar,MMR,Energy use (kg of oil equivalent per capita),EG.USE.PCAP.KG.OE,Môi trường & Năng lượng,2019,417.772748536392
Myanmar,MMR,Energy use (kg of oil equivalent per capita),EG.USE.PCAP.KG.OE,Môi trường & Năng lượng,2020,424.430691877608
Myanmar,MMR,Energy use (kg of oil equivalent per capita),EG.USE.PCAP.KG.OE,Môi trường & Năng lượng,2021,391.964305331604
Myanmar,MMR,Energy use (kg of oil equivalent per capita),EG.USE.PCAP.KG.OE,Môi trường & Năng lượng,2022,398.28467505943
Myanmar,MMR,Energy use (kg of oil equivalent per capita),EG.USE.PCAP.KG.OE,Môi trường & Năng lượng,2023,410.864214508252
Myanmar,MMR,Energy use (kg of oil equivalent per capita),EG.USE.PCAP.KG.OE,Môi trường & Năng lượng,2024,
Myanmar,MMR,Energy use (kg of oil equivalent per capita),EG.USE.PCAP.KG.OE,Môi trường & Năng lượng,2025,
Myanmar,MMR,Access to electricity (% of population),EG.ELC.ACCS.ZS,Môi trường & Năng lượng,2015,60.5
Myanmar,MMR,Access to electricity (% of population),EG.ELC.ACCS.ZS,Môi trường & Năng lượng,2016,55.6
Myanmar,MMR,Access to electricity (% of population),EG.ELC.ACCS.ZS,Môi trường & Năng lượng,2017,69.8
Myanmar,MMR,Access to electricity (% of population),EG.ELC.ACCS.ZS,Môi trường & Năng lượng,2018,66.1
Myanmar,MMR,Access to electricity (% of population),EG.ELC.ACCS.ZS,Môi trường & Năng lượng,2019,68.3
Myanmar,MMR,Access to electricity (% of population),EG.ELC.ACCS.ZS,Môi trường & Năng lượng,2020,70.4
Myanmar,MMR,Access to electricity (% of population),EG.ELC.ACCS.ZS,Môi trường & Năng lượng,2021,72.5
Myanmar,MMR,Access to electricity (% of population),EG.ELC.ACCS.ZS,Môi trường & Năng lượng,2022,73.7
Myanmar,MMR,Access to electricity (% of population),EG.ELC.ACCS.ZS,Môi trường & Năng lượng,2023,76.8
Myanmar,MMR,Access to electricity (% of population),EG.ELC.ACCS.ZS,Môi trường & Năng lượng,2024,80.4
Myanmar,MMR,Access to electricity (% of population),EG.ELC.ACCS.ZS,Môi trường & Năng lượng,2025,
Myanmar,MMR,Renewable energy consumption (% of total final energy consumption),EG.FEC.RNEW.ZS,Môi trường & Năng lượng,2015,70.0
Myanmar,MMR,Renewable energy consumption (% of total final energy consumption),EG.FEC.RNEW.ZS,Môi trường & Năng lượng,2016,68.8
Myanmar,MMR,Renewable energy consumption (% of total final energy consumption),EG.FEC.RNEW.ZS,Môi trường & Năng lượng,2017,59.5
Myanmar,MMR,Renewable energy consumption (% of total final energy consumption),EG.FEC.RNEW.ZS,Môi trường & Năng lượng,2018,59.4
Myanmar,MMR,Renewable energy consumption (% of total final energy consumption),EG.FEC.RNEW.ZS,Môi trường & Năng lượng,2019,58.5
Myanmar,MMR,Renewable energy consumption (% of total final energy consumption),EG.FEC.RNEW.ZS,Môi trường & Năng lượng,2020,59.2
Myanmar,MMR,Renewable energy consumption (% of total final energy consumption),EG.FEC.RNEW.ZS,Môi trường & Năng lượng,2021,62.9
Myanmar,MMR,Renewable energy consumption (% of total final energy consumption),EG.FEC.RNEW.ZS,Môi trường & Năng lượng,2022,
Myanmar,MMR,Renewable energy consumption (% of total final energy consumption),EG.FEC.RNEW.ZS,Môi trường & Năng lượng,2023,
Myanmar,MMR,Renewable energy consumption (% of total final energy consumption),EG.FEC.RNEW.ZS,Môi trường & Năng lượng,2024,
Myanmar,MMR,Renewable energy consumption (% of total final energy consumption),EG.FEC.RNEW.ZS,Môi trường & Năng lượng,2025,
Myanmar,MMR,Forest area (% of land area),AG.LND.FRST.ZS,Môi trường & Năng lượng,2015,45.9246034176517
Myanmar,MMR,Forest area (% of land area),AG.LND.FRST.ZS,Môi trường & Năng lượng,2016,45.5018995680015
Myanmar,MMR,Forest area (% of land area),AG.LND.FRST.ZS,Môi trường & Năng lượng,2017,45.0601608579088
Myanmar,MMR,Forest area (% of land area),AG.LND.FRST.ZS,Môi trường & Năng lượng,2018,44.6197487360196
Myanmar,MMR,Forest area (% of land area),AG.LND.FRST.ZS,Môi trường & Năng lượng,2019,44.1758847862724
Myanmar,MMR,Forest area (% of land area),AG.LND.FRST.ZS,Môi trường & Năng lượng,2020,43.7340309804342
Myanmar,MMR,Forest area (% of land area),AG.LND.FRST.ZS,Môi trường & Năng lượng,2021,43.2901466284646
Myanmar,MMR,Forest area (% of land area),AG.LND.FRST.ZS,Môi trường & Năng lượng,2022,42.846262276495
Myanmar,MMR,Forest area (% of land area),AG.LND.FRST.ZS,Môi trường & Năng lượng,2023,42.4023779245254
Myanmar,MMR,Forest area (% of land area),AG.LND.FRST.ZS,Môi trường & Năng lượng,2024,
Myanmar,MMR,Forest area (% of land area),AG.LND.FRST.ZS,Môi trường & Năng lượng,2025,
Myanmar,MMR,Adjusted savings: carbon dioxide damage (% of GNI),NY.ADJ.DCO2.GN.ZS,Môi trường & Năng lượng,2015,1.09349103584203
Myanmar,MMR,Adjusted savings: carbon dioxide damage (% of GNI),NY.ADJ.DCO2.GN.ZS,Môi trường & Năng lượng,2016,1.34473828063088
Myanmar,MMR,Adjusted savings: carbon dioxide damage (% of GNI),NY.ADJ.DCO2.GN.ZS,Môi trường & Năng lượng,2017,2.03434662879444
Myanmar,MMR,Adjusted savings: carbon dioxide damage (% of GNI),NY.ADJ.DCO2.GN.ZS,Môi trường & Năng lượng,2018,1.9809477846587
Myanmar,MMR,Adjusted savings: carbon dioxide damage (% of GNI),NY.ADJ.DCO2.GN.ZS,Môi trường & Năng lượng,2019,2.25550436955916
Myanmar,MMR,Adjusted savings: carbon dioxide damage (% of GNI),NY.ADJ.DCO2.GN.ZS,Môi trường & Năng lượng,2020,2.34048555016466
Myanmar,MMR,Adjusted savings: carbon dioxide damage (% of GNI),NY.ADJ.DCO2.GN.ZS,Môi trường & Năng lượng,2021,2.76605220486749
Myanmar,MMR,Adjusted savings: carbon dioxide damage (% of GNI),NY.ADJ.DCO2.GN.ZS,Môi trường & Năng lượng,2022,
Myanmar,MMR,Adjusted savings: carbon dioxide damage (% of GNI),NY.ADJ.DCO2.GN.ZS,Môi trường & Năng lượng,2023,
Myanmar,MMR,Adjusted savings: carbon dioxide damage (% of GNI),NY.ADJ.DCO2.GN.ZS,Môi trường & Năng lượng,2024,
Myanmar,MMR,Adjusted savings: carbon dioxide damage (% of GNI),NY.ADJ.DCO2.GN.ZS,Môi trường & Năng lượng,2025,
Philippines,PHL,Energy use (kg of oil equivalent per capita),EG.USE.PCAP.KG.OE,Môi trường & Năng lượng,2015,499.072363832856
Philippines,PHL,Energy use (kg of oil equivalent per capita),EG.USE.PCAP.KG.OE,Môi trường & Năng lượng,2016,520.982417182237
Philippines,PHL,Energy use (kg of oil equivalent per capita),EG.USE.PCAP.KG.OE,Môi trường & Năng lượng,2017,544.477187986696
Philippines,PHL,Energy use (kg of oil equivalent per capita),EG.USE.PCAP.KG.OE,Môi trường & Năng lượng,2018,554.501992818921
Philippines,PHL,Energy use (kg of oil equivalent per capita),EG.USE.PCAP.KG.OE,Môi trường & Năng lượng,2019,551.879483141713
Philippines,PHL,Energy use (kg of oil equivalent per capita),EG.USE.PCAP.KG.OE,Môi trường & Năng lượng,2020,518.170627326086
Philippines,PHL,Energy use (kg of oil equivalent per capita),EG.USE.PCAP.KG.OE,Môi trường & Năng lượng,2021,531.045421495391
Philippines,PHL,Energy use (kg of oil equivalent per capita),EG.USE.PCAP.KG.OE,Môi trường & Năng lượng,2022,551.042784448026
Philippines,PHL,Energy use (kg of oil equivalent per capita),EG.USE.PCAP.KG.OE,Môi trường & Năng lượng,2023,580.1360554135
Philippines,PHL,Energy use (kg of oil equivalent per capita),EG.USE.PCAP.KG.OE,Môi trường & Năng lượng,2024,
Philippines,PHL,Energy use (kg of oil equivalent per capita),EG.USE.PCAP.KG.OE,Môi trường & Năng lượng,2025,
Philippines,PHL,Access to electricity (% of population),EG.ELC.ACCS.ZS,Môi trường & Năng lượng,2015,89.1
Philippines,PHL,Access to electricity (% of population),EG.ELC.ACCS.ZS,Môi trường & Năng lượng,2016,92.0
Philippines,PHL,Access to electricity (% of population),EG.ELC.ACCS.ZS,Môi trường & Năng lượng,2017,93.0
Philippines,PHL,Access to electricity (% of population),EG.ELC.ACCS.ZS,Môi trường & Năng lượng,2018,94.2
Philippines,PHL,Access to electricity (% of population),EG.ELC.ACCS.ZS,Môi trường & Năng lượng,2019,95.3
Philippines,PHL,Access to electricity (% of population),EG.ELC.ACCS.ZS,Môi trường & Năng lượng,2020,96.4
Philippines,PHL,Access to electricity (% of population),EG.ELC.ACCS.ZS,Môi trường & Năng lượng,2021,97.5
Philippines,PHL,Access to electricity (% of population),EG.ELC.ACCS.ZS,Môi trường & Năng lượng,2022,94.8
Philippines,PHL,Access to electricity (% of population),EG.ELC.ACCS.ZS,Môi trường & Năng lượng,2023,98.0
Philippines,PHL,Access to electricity (% of population),EG.ELC.ACCS.ZS,Môi trường & Năng lượng,2024,94.8
Philippines,PHL,Access to electricity (% of population),EG.ELC.ACCS.ZS,Môi trường & Năng lượng,2025,
Philippines,PHL,Renewable energy consumption (% of total final energy consumption),EG.FEC.RNEW.ZS,Môi trường & Năng lượng,2015,30.8
Philippines,PHL,Renewable energy consumption (% of total final energy consumption),EG.FEC.RNEW.ZS,Môi trường & Năng lượng,2016,28.6
Philippines,PHL,Renewable energy consumption (% of total final energy consumption),EG.FEC.RNEW.ZS,Môi trường & Năng lượng,2017,27.8
Philippines,PHL,Renewable energy consumption (% of total final energy consumption),EG.FEC.RNEW.ZS,Môi trường & Năng lượng,2018,27.6
Philippines,PHL,Renewable energy consumption (% of total final energy consumption),EG.FEC.RNEW.ZS,Môi trường & Năng lượng,2019,26.9
Philippines,PHL,Renewable energy consumption (% of total final energy consumption),EG.FEC.RNEW.ZS,Môi trường & Năng lượng,2020,29.1
Philippines,PHL,Renewable energy consumption (% of total final energy consumption),EG.FEC.RNEW.ZS,Môi trường & Năng lượng,2021,28.0
Philippines,PHL,Renewable energy consumption (% of total final energy consumption),EG.FEC.RNEW.ZS,Môi trường & Năng lượng,2022,
Philippines,PHL,Renewable energy consumption (% of total final energy consumption),EG.FEC.RNEW.ZS,Môi trường & Năng lượng,2023,
Philippines,PHL,Renewable energy consumption (% of total final energy consumption),EG.FEC.RNEW.ZS,Môi trường & Năng lượng,2024,
Philippines,PHL,Renewable energy consumption (% of total final energy consumption),EG.FEC.RNEW.ZS,Môi trường & Năng lượng,2025,
Philippines,PHL,Forest area (% of land area),AG.LND.FRST.ZS,Môi trường & Năng lượng,2015,23.5239963779052
Philippines,PHL,Forest area (% of land area),AG.LND.FRST.ZS,Môi trường & Năng lượng,2016,23.6410101619881
Philippines,PHL,Forest area (% of land area),AG.LND.FRST.ZS,Môi trường & Năng lượng,2017,23.758023946071
Philippines,PHL,Forest area (% of land area),AG.LND.FRST.ZS,Môi trường & Năng lượng,2018,23.8750041922393
Philippines,PHL,Forest area (% of land area),AG.LND.FRST.ZS,Môi trường & Năng lượng,2019,23.9920179763222
Philippines,PHL,Forest area (% of land area),AG.LND.FRST.ZS,Môi trường & Năng lượng,2020,24.1090317604051
Philippines,PHL,Forest area (% of land area),AG.LND.FRST.ZS,Môi trường & Năng lượng,2021,24.226045544488
Philippines,PHL,Forest area (% of land area),AG.LND.FRST.ZS,Môi trường & Năng lượng,2022,24.3430593285709
Philippines,PHL,Forest area (% of land area),AG.LND.FRST.ZS,Môi trường & Năng lượng,2023,24.4600731126539
Philippines,PHL,Forest area (% of land area),AG.LND.FRST.ZS,Môi trường & Năng lượng,2024,
Philippines,PHL,Forest area (% of land area),AG.LND.FRST.ZS,Môi trường & Năng lượng,2025,
Philippines,PHL,Adjusted savings: carbon dioxide damage (% of GNI),NY.ADJ.DCO2.GN.ZS,Môi trường & Năng lượng,2015,1.13045456280186
Philippines,PHL,Adjusted savings: carbon dioxide damage (% of GNI),NY.ADJ.DCO2.GN.ZS,Môi trường & Năng lượng,2016,1.23718068087587
Philippines,PHL,Adjusted savings: carbon dioxide damage (% of GNI),NY.ADJ.DCO2.GN.ZS,Môi trường & Năng lượng,2017,1.36959797882588
Philippines,PHL,Adjusted savings: carbon dioxide damage (% of GNI),NY.ADJ.DCO2.GN.ZS,Môi trường & Năng lượng,2018,1.41447534301083
Philippines,PHL,Adjusted savings: carbon dioxide damage (% of GNI),NY.ADJ.DCO2.GN.ZS,Môi trường & Năng lượng,2019,1.43047637226533
Philippines,PHL,Adjusted savings: carbon dioxide damage (% of GNI),NY.ADJ.DCO2.GN.ZS,Môi trường & Năng lượng,2020,1.44045236723713
Philippines,PHL,Adjusted savings: carbon dioxide damage (% of GNI),NY.ADJ.DCO2.GN.ZS,Môi trường & Năng lượng,2021,1.56439012751708
Philippines,PHL,Adjusted savings: carbon dioxide damage (% of GNI),NY.ADJ.DCO2.GN.ZS,Môi trường & Năng lượng,2022,
Philippines,PHL,Adjusted savings: carbon dioxide damage (% of GNI),NY.ADJ.DCO2.GN.ZS,Môi trường & Năng lượng,2023,
Philippines,PHL,Adjusted savings: carbon dioxide damage (% of GNI),NY.ADJ.DCO2.GN.ZS,Môi trường & Năng lượng,2024,
Philippines,PHL,Adjusted savings: carbon dioxide damage (% of GNI),NY.ADJ.DCO2.GN.ZS,Môi trường & Năng lượng,2025,
Singapore,SGP,Energy use (kg of oil equivalent per capita),EG.USE.PCAP.KG.OE,Môi trường & Năng lượng,2015,5242.6504334371
Singapore,SGP,Energy use (kg of oil equivalent per capita),EG.USE.PCAP.KG.OE,Môi trường & Năng lượng,2016,5449.41985010808
Singapore,SGP,Energy use (kg of oil equivalent per capita),EG.USE.PCAP.KG.OE,Môi trường & Năng lượng,2017,5799.39529471808
Singapore,SGP,Energy use (kg of oil equivalent per capita),EG.USE.PCAP.KG.OE,Môi trường & Năng lượng,2018,5692.66564748734
Singapore,SGP,Energy use (kg of oil equivalent per capita),EG.USE.PCAP.KG.OE,Môi trường & Năng lượng,2019,5565.91519291042
Singapore,SGP,Energy use (kg of oil equivalent per capita),EG.USE.PCAP.KG.OE,Môi trường & Năng lượng,2020,5538.12371561154
Singapore,SGP,Energy use (kg of oil equivalent per capita),EG.USE.PCAP.KG.OE,Môi trường & Năng lượng,2021,5966.32763521289
Singapore,SGP,Energy use (kg of oil equivalent per capita),EG.USE.PCAP.KG.OE,Môi trường & Năng lượng,2022,5785.04367341681
Singapore,SGP,Energy use (kg of oil equivalent per capita),EG.USE.PCAP.KG.OE,Môi trường & Năng lượng,2023,5282.7637359991
Singapore,SGP,Energy use (kg of oil equivalent per capita),EG.USE.PCAP.KG.OE,Môi trường & Năng lượng,2024,
Singapore,SGP,Energy use (kg of oil equivalent per capita),EG.USE.PCAP.KG.OE,Môi trường & Năng lượng,2025,
Singapore,SGP,Access to electricity (% of population),EG.ELC.ACCS.ZS,Môi trường & Năng lượng,2015,100.0
Singapore,SGP,Access to electricity (% of population),EG.ELC.ACCS.ZS,Môi trường & Năng lượng,2016,100.0
Singapore,SGP,Access to electricity (% of population),EG.ELC.ACCS.ZS,Môi trường & Năng lượng,2017,100.0
Singapore,SGP,Access to electricity (% of population),EG.ELC.ACCS.ZS,Môi trường & Năng lượng,2018,100.0
Singapore,SGP,Access to electricity (% of population),EG.ELC.ACCS.ZS,Môi trường & Năng lượng,2019,100.0
Singapore,SGP,Access to electricity (% of population),EG.ELC.ACCS.ZS,Môi trường & Năng lượng,2020,100.0
Singapore,SGP,Access to electricity (% of population),EG.ELC.ACCS.ZS,Môi trường & Năng lượng,2021,100.0
Singapore,SGP,Access to electricity (% of population),EG.ELC.ACCS.ZS,Môi trường & Năng lượng,2022,100.0
Singapore,SGP,Access to electricity (% of population),EG.ELC.ACCS.ZS,Môi trường & Năng lượng,2023,100.0
Singapore,SGP,Access to electricity (% of population),EG.ELC.ACCS.ZS,Môi trường & Năng lượng,2024,100.0
Singapore,SGP,Access to electricity (% of population),EG.ELC.ACCS.ZS,Môi trường & Năng lượng,2025,
Singapore,SGP,Renewable energy consumption (% of total final energy consumption),EG.FEC.RNEW.ZS,Môi trường & Năng lượng,2015,0.7
Singapore,SGP,Renewable energy consumption (% of total final energy consumption),EG.FEC.RNEW.ZS,Môi trường & Năng lượng,2016,0.7
Singapore,SGP,Renewable energy consumption (% of total final energy consumption),EG.FEC.RNEW.ZS,Môi trường & Năng lượng,2017,0.7
Singapore,SGP,Renewable energy consumption (% of total final energy consumption),EG.FEC.RNEW.ZS,Môi trường & Năng lượng,2018,0.8
Singapore,SGP,Renewable energy consumption (% of total final energy consumption),EG.FEC.RNEW.ZS,Môi trường & Năng lượng,2019,0.9
Singapore,SGP,Renewable energy consumption (% of total final energy consumption),EG.FEC.RNEW.ZS,Môi trường & Năng lượng,2020,0.9
Singapore,SGP,Renewable energy consumption (% of total final energy consumption),EG.FEC.RNEW.ZS,Môi trường & Năng lượng,2021,1.1
Singapore,SGP,Renewable energy consumption (% of total final energy consumption),EG.FEC.RNEW.ZS,Môi trường & Năng lượng,2022,
Singapore,SGP,Renewable energy consumption (% of total final energy consumption),EG.FEC.RNEW.ZS,Môi trường & Năng lượng,2023,
Singapore,SGP,Renewable energy consumption (% of total final energy consumption),EG.FEC.RNEW.ZS,Môi trường & Năng lượng,2024,
Singapore,SGP,Renewable energy consumption (% of total final energy consumption),EG.FEC.RNEW.ZS,Môi trường & Năng lượng,2025,
Singapore,SGP,Forest area (% of land area),AG.LND.FRST.ZS,Môi trường & Năng lượng,2015,23.2318758815233
Singapore,SGP,Forest area (% of land area),AG.LND.FRST.ZS,Môi trường & Năng lượng,2016,22.9696755994358
Singapore,SGP,Forest area (% of land area),AG.LND.FRST.ZS,Môi trường & Năng lượng,2017,22.626404494382
Singapore,SGP,Forest area (% of land area),AG.LND.FRST.ZS,Môi trường & Năng lượng,2018,22.3109243697479
Singapore,SGP,Forest area (% of land area),AG.LND.FRST.ZS,Môi trường & Năng lượng,2019,21.9972067039106
Singapore,SGP,Forest area (% of land area),AG.LND.FRST.ZS,Môi trường & Năng lượng,2020,21.6852367688022
Singapore,SGP,Forest area (% of land area),AG.LND.FRST.ZS,Môi trường & Năng lượng,2021,21.4345403899721
Singapore,SGP,Forest area (% of land area),AG.LND.FRST.ZS,Môi trường & Năng lượng,2022,21.1838440111421
Singapore,SGP,Forest area (% of land area),AG.LND.FRST.ZS,Môi trường & Năng lượng,2023,20.933147632312
Singapore,SGP,Forest area (% of land area),AG.LND.FRST.ZS,Môi trường & Năng lượng,2024,
Singapore,SGP,Forest area (% of land area),AG.LND.FRST.ZS,Môi trường & Năng lượng,2025,
Singapore,SGP,Adjusted savings: carbon dioxide damage (% of GNI),NY.ADJ.DCO2.GN.ZS,Môi trường & Năng lượng,2015,0.550451023914168
Singapore,SGP,Adjusted savings: carbon dioxide damage (% of GNI),NY.ADJ.DCO2.GN.ZS,Môi trường & Năng lượng,2016,0.55314776005561
Singapore,SGP,Adjusted savings: carbon dioxide damage (% of GNI),NY.ADJ.DCO2.GN.ZS,Môi trường & Năng lượng,2017,0.579556327101381
Singapore,SGP,Adjusted savings: carbon dioxide damage (% of GNI),NY.ADJ.DCO2.GN.ZS,Môi trường & Năng lượng,2018,0.560751574814909
Singapore,SGP,Adjusted savings: carbon dioxide damage (% of GNI),NY.ADJ.DCO2.GN.ZS,Môi trường & Năng lượng,2019,0.588103875521153
Singapore,SGP,Adjusted savings: carbon dioxide damage (% of GNI),NY.ADJ.DCO2.GN.ZS,Môi trường & Năng lượng,2020,0.625349269657215
Singapore,SGP,Adjusted savings: carbon dioxide damage (% of GNI),NY.ADJ.DCO2.GN.ZS,Môi trường & Năng lượng,2021,0.600388861861141
Singapore,SGP,Adjusted savings: carbon dioxide damage (% of GNI),NY.ADJ.DCO2.GN.ZS,Môi trường & Năng lượng,2022,
Singapore,SGP,Adjusted savings: carbon dioxide damage (% of GNI),NY.ADJ.DCO2.GN.ZS,Môi trường & Năng lượng,2023,
Singapore,SGP,Adjusted savings: carbon dioxide damage (% of GNI),NY.ADJ.DCO2.GN.ZS,Môi trường & Năng lượng,2024,
Singapore,SGP,Adjusted savings: carbon dioxide damage (% of GNI),NY.ADJ.DCO2.GN.ZS,Môi trường & Năng lượng,2025,
Thailand,THA,Energy use (kg of oil equivalent per capita),EG.USE.PCAP.KG.OE,Môi trường & Năng lượng,2015,1932.67390968815
Thailand,THA,Energy use (kg of oil equivalent per capita),EG.USE.PCAP.KG.OE,Môi trường & Năng lượng,2016,1985.00530928348
Thailand,THA,Energy use (kg of oil equivalent per capita),EG.USE.PCAP.KG.OE,Môi trường & Năng lượng,2017,1988.13781529099
Thailand,THA,Energy use (kg of oil equivalent per capita),EG.USE.PCAP.KG.OE,Môi trường & Năng lượng,2018,1951.8556356188
Thailand,THA,Energy use (kg of oil equivalent per capita),EG.USE.PCAP.KG.OE,Môi trường & Năng lượng,2019,1989.81234226863
Thailand,THA,Energy use (kg of oil equivalent per capita),EG.USE.PCAP.KG.OE,Môi trường & Năng lượng,2020,1884.35073727402
Thailand,THA,Energy use (kg of oil equivalent per capita),EG.USE.PCAP.KG.OE,Môi trường & Năng lượng,2021,1848.06336093307
Thailand,THA,Energy use (kg of oil equivalent per capita),EG.USE.PCAP.KG.OE,Môi trường & Năng lượng,2022,1867.46968312053
Thailand,THA,Energy use (kg of oil equivalent per capita),EG.USE.PCAP.KG.OE,Môi trường & Năng lượng,2023,1851.27231424167
Thailand,THA,Energy use (kg of oil equivalent per capita),EG.USE.PCAP.KG.OE,Môi trường & Năng lượng,2024,
Thailand,THA,Energy use (kg of oil equivalent per capita),EG.USE.PCAP.KG.OE,Môi trường & Năng lượng,2025,
Thailand,THA,Access to electricity (% of population),EG.ELC.ACCS.ZS,Môi trường & Năng lượng,2015,99.6
Thailand,THA,Access to electricity (% of population),EG.ELC.ACCS.ZS,Môi trường & Năng lượng,2016,99.9
Thailand,THA,Access to electricity (% of population),EG.ELC.ACCS.ZS,Môi trường & Năng lượng,2017,99.9
Thailand,THA,Access to electricity (% of population),EG.ELC.ACCS.ZS,Môi trường & Năng lượng,2018,99.8
Thailand,THA,Access to electricity (% of population),EG.ELC.ACCS.ZS,Môi trường & Năng lượng,2019,99.9
Thailand,THA,Access to electricity (% of population),EG.ELC.ACCS.ZS,Môi trường & Năng lượng,2020,100.0
Thailand,THA,Access to electricity (% of population),EG.ELC.ACCS.ZS,Môi trường & Năng lượng,2021,100.0
Thailand,THA,Access to electricity (% of population),EG.ELC.ACCS.ZS,Môi trường & Năng lượng,2022,99.9
Thailand,THA,Access to electricity (% of population),EG.ELC.ACCS.ZS,Môi trường & Năng lượng,2023,100.0
Thailand,THA,Access to electricity (% of population),EG.ELC.ACCS.ZS,Môi trường & Năng lượng,2024,100.0
Thailand,THA,Access to electricity (% of population),EG.ELC.ACCS.ZS,Môi trường & Năng lượng,2025,
Thailand,THA,Renewable energy consumption (% of total final energy consumption),EG.FEC.RNEW.ZS,Môi trường & Năng lượng,2015,22.6
Thailand,THA,Renewable energy consumption (% of total final energy consumption),EG.FEC.RNEW.ZS,Môi trường & Năng lượng,2016,22.4
Thailand,THA,Renewable energy consumption (% of total final energy consumption),EG.FEC.RNEW.ZS,Môi trường & Năng lượng,2017,22.2
Thailand,THA,Renewable energy consumption (% of total final energy consumption),EG.FEC.RNEW.ZS,Môi trường & Năng lượng,2018,23.7
Thailand,THA,Renewable energy consumption (% of total final energy consumption),EG.FEC.RNEW.ZS,Môi trường & Năng lượng,2019,23.9
Thailand,THA,Renewable energy consumption (% of total final energy consumption),EG.FEC.RNEW.ZS,Môi trường & Năng lượng,2020,20.9
Thailand,THA,Renewable energy consumption (% of total final energy consumption),EG.FEC.RNEW.ZS,Môi trường & Năng lượng,2021,19.0
Thailand,THA,Renewable energy consumption (% of total final energy consumption),EG.FEC.RNEW.ZS,Môi trường & Năng lượng,2022,
Thailand,THA,Renewable energy consumption (% of total final energy consumption),EG.FEC.RNEW.ZS,Môi trường & Năng lượng,2023,
Thailand,THA,Renewable energy consumption (% of total final energy consumption),EG.FEC.RNEW.ZS,Môi trường & Năng lượng,2024,
Thailand,THA,Renewable energy consumption (% of total final energy consumption),EG.FEC.RNEW.ZS,Môi trường & Năng lượng,2025,
Thailand,THA,Forest area (% of land area),AG.LND.FRST.ZS,Môi trường & Năng lượng,2015,39.2667697547417
Thailand,THA,Forest area (% of land area),AG.LND.FRST.ZS,Môi trường & Năng lượng,2016,39.1806455401358
Thailand,THA,Forest area (% of land area),AG.LND.FRST.ZS,Môi trường & Năng lượng,2017,39.1101802736401
Thailand,THA,Forest area (% of land area),AG.LND.FRST.ZS,Môi trường & Năng lượng,2018,39.0397150071444
Thailand,THA,Forest area (% of land area),AG.LND.FRST.ZS,Môi trường & Năng lượng,2019,38.9692497406487
Thailand,THA,Forest area (% of land area),AG.LND.FRST.ZS,Môi trường & Năng lượng,2020,38.8987844741529
Thailand,THA,Forest area (% of land area),AG.LND.FRST.ZS,Môi trường & Năng lượng,2021,38.8283192076572
Thailand,THA,Forest area (% of land area),AG.LND.FRST.ZS,Môi trường & Năng lượng,2022,38.7578539411615
Thailand,THA,Forest area (% of land area),AG.LND.FRST.ZS,Môi trường & Năng lượng,2023,38.6873886746658
Thailand,THA,Forest area (% of land area),AG.LND.FRST.ZS,Môi trường & Năng lượng,2024,
Thailand,THA,Forest area (% of land area),AG.LND.FRST.ZS,Môi trường & Năng lượng,2025,
Thailand,THA,Adjusted savings: carbon dioxide damage (% of GNI),NY.ADJ.DCO2.GN.ZS,Môi trường & Năng lượng,2015,2.41201845933118
Thailand,THA,Adjusted savings: carbon dioxide damage (% of GNI),NY.ADJ.DCO2.GN.ZS,Môi trường & Năng lượng,2016,2.38469155942211
Thailand,THA,Adjusted savings: carbon dioxide damage (% of GNI),NY.ADJ.DCO2.GN.ZS,Môi trường & Năng lượng,2017,2.22160930115794
Thailand,THA,Adjusted savings: carbon dioxide damage (% of GNI),NY.ADJ.DCO2.GN.ZS,Môi trường & Năng lượng,2018,2.08849599049716
Thailand,THA,Adjusted savings: carbon dioxide damage (% of GNI),NY.ADJ.DCO2.GN.ZS,Môi trường & Năng lượng,2019,2.07907406244265
Thailand,THA,Adjusted savings: carbon dioxide damage (% of GNI),NY.ADJ.DCO2.GN.ZS,Môi trường & Năng lượng,2020,2.12561126405665
Thailand,THA,Adjusted savings: carbon dioxide damage (% of GNI),NY.ADJ.DCO2.GN.ZS,Môi trường & Năng lượng,2021,2.25954495086022
Thailand,THA,Adjusted savings: carbon dioxide damage (% of GNI),NY.ADJ.DCO2.GN.ZS,Môi trường & Năng lượng,2022,
Thailand,THA,Adjusted savings: carbon dioxide damage (% of GNI),NY.ADJ.DCO2.GN.ZS,Môi trường & Năng lượng,2023,
Thailand,THA,Adjusted savings: carbon dioxide damage (% of GNI),NY.ADJ.DCO2.GN.ZS,Môi trường & Năng lượng,2024,
Thailand,THA,Adjusted savings: carbon dioxide damage (% of GNI),NY.ADJ.DCO2.GN.ZS,Môi trường & Năng lượng,2025,
Viet Nam,VNM,Energy use (kg of oil equivalent per capita),EG.USE.PCAP.KG.OE,Môi trường & Năng lượng,2015,679.445923972947
Viet Nam,VNM,Energy use (kg of oil equivalent per capita),EG.USE.PCAP.KG.OE,Môi trường & Năng lượng,2016,738.879533385899
Viet Nam,VNM,Energy use (kg of oil equivalent per capita),EG.USE.PCAP.KG.OE,Môi trường & Năng lượng,2017,757.479979941312
Viet Nam,VNM,Energy use (kg of oil equivalent per capita),EG.USE.PCAP.KG.OE,Môi trường & Năng lượng,2018,885.646841787765
Viet Nam,VNM,Energy use (kg of oil equivalent per capita),EG.USE.PCAP.KG.OE,Môi trường & Năng lượng,2019,987.27147244039
Viet Nam,VNM,Energy use (kg of oil equivalent per capita),EG.USE.PCAP.KG.OE,Môi trường & Năng lượng,2020,991.281232485165
Viet Nam,VNM,Energy use (kg of oil equivalent per capita),EG.USE.PCAP.KG.OE,Môi trường & Năng lượng,2021,962.199524881189
Viet Nam,VNM,Energy use (kg of oil equivalent per capita),EG.USE.PCAP.KG.OE,Môi trường & Năng lượng,2022,1023.0571362687
Viet Nam,VNM,Energy use (kg of oil equivalent per capita),EG.USE.PCAP.KG.OE,Môi trường & Năng lượng,2023,1018.06940422163
Viet Nam,VNM,Energy use (kg of oil equivalent per capita),EG.USE.PCAP.KG.OE,Môi trường & Năng lượng,2024,
Viet Nam,VNM,Energy use (kg of oil equivalent per capita),EG.USE.PCAP.KG.OE,Môi trường & Năng lượng,2025,
Viet Nam,VNM,Access to electricity (% of population),EG.ELC.ACCS.ZS,Môi trường & Năng lượng,2015,99.3
Viet Nam,VNM,Access to electricity (% of population),EG.ELC.ACCS.ZS,Môi trường & Năng lượng,2016,99.2
Viet Nam,VNM,Access to electricity (% of population),EG.ELC.ACCS.ZS,Môi trường & Năng lượng,2017,100.0
Viet Nam,VNM,Access to electricity (% of population),EG.ELC.ACCS.ZS,Môi trường & Năng lượng,2018,100.0
Viet Nam,VNM,Access to electricity (% of population),EG.ELC.ACCS.ZS,Môi trường & Năng lượng,2019,99.4
Viet Nam,VNM,Access to electricity (% of population),EG.ELC.ACCS.ZS,Môi trường & Năng lượng,2020,99.8
Viet Nam,VNM,Access to electricity (% of population),EG.ELC.ACCS.ZS,Môi trường & Năng lượng,2021,100.0
Viet Nam,VNM,Access to electricity (% of population),EG.ELC.ACCS.ZS,Môi trường & Năng lượng,2022,100.0
Viet Nam,VNM,Access to electricity (% of population),EG.ELC.ACCS.ZS,Môi trường & Năng lượng,2023,99.8
Viet Nam,VNM,Access to electricity (% of population),EG.ELC.ACCS.ZS,Môi trường & Năng lượng,2024,100.0
Viet Nam,VNM,Access to electricity (% of population),EG.ELC.ACCS.ZS,Môi trường & Năng lượng,2025,
Viet Nam,VNM,Renewable energy consumption (% of total final energy consumption),EG.FEC.RNEW.ZS,Môi trường & Năng lượng,2015,27.8
Viet Nam,VNM,Renewable energy consumption (% of total final energy consumption),EG.FEC.RNEW.ZS,Môi trường & Năng lượng,2016,26.8
Viet Nam,VNM,Renewable energy consumption (% of total final energy consumption),EG.FEC.RNEW.ZS,Môi trường & Năng lượng,2017,28.3
Viet Nam,VNM,Renewable energy consumption (% of total final energy consumption),EG.FEC.RNEW.ZS,Môi trường & Năng lượng,2018,24.3
Viet Nam,VNM,Renewable energy consumption (% of total final energy consumption),EG.FEC.RNEW.ZS,Môi trường & Năng lượng,2019,20.4
Viet Nam,VNM,Renewable energy consumption (% of total final energy consumption),EG.FEC.RNEW.ZS,Môi trường & Năng lượng,2020,18.9
Viet Nam,VNM,Renewable energy consumption (% of total final energy consumption),EG.FEC.RNEW.ZS,Môi trường & Năng lượng,2021,24.2
Viet Nam,VNM,Renewable energy consumption (% of total final energy consumption),EG.FEC.RNEW.ZS,Môi trường & Năng lượng,2022,
Viet Nam,VNM,Renewable energy consumption (% of total final energy consumption),EG.FEC.RNEW.ZS,Môi trường & Năng lượng,2023,
Viet Nam,VNM,Renewable energy consumption (% of total final energy consumption),EG.FEC.RNEW.ZS,Môi trường & Năng lượng,2024,
Viet Nam,VNM,Renewable energy consumption (% of total final energy consumption),EG.FEC.RNEW.ZS,Môi trường & Năng lượng,2025,
Viet Nam,VNM,Forest area (% of land area),AG.LND.FRST.ZS,Môi trường & Năng lượng,2015,44.8711640388917
Viet Nam,VNM,Forest area (% of land area),AG.LND.FRST.ZS,Môi trường & Năng lượng,2016,45.8783548775157
Viet Nam,VNM,Forest area (% of land area),AG.LND.FRST.ZS,Môi trường & Năng lượng,2017,45.9963369846492
Viet Nam,VNM,Forest area (% of land area),AG.LND.FRST.ZS,Môi trường & Năng lượng,2018,46.2346815387217
Viet Nam,VNM,Forest area (% of land area),AG.LND.FRST.ZS,Môi trường & Năng lượng,2019,46.4768416451573
Viet Nam,VNM,Forest area (% of land area),AG.LND.FRST.ZS,Môi trường & Năng lượng,2020,46.7190017515929
Viet Nam,VNM,Forest area (% of land area),AG.LND.FRST.ZS,Môi trường & Năng lượng,2021,46.9611618580284
Viet Nam,VNM,Forest area (% of land area),AG.LND.FRST.ZS,Môi trường & Năng lượng,2022,47.203321964464
Viet Nam,VNM,Forest area (% of land area),AG.LND.FRST.ZS,Môi trường & Năng lượng,2023,47.4454820708996
Viet Nam,VNM,Forest area (% of land area),AG.LND.FRST.ZS,Môi trường & Năng lượng,2024,
Viet Nam,VNM,Forest area (% of land area),AG.LND.FRST.ZS,Môi trường & Năng lượng,2025,
Viet Nam,VNM,Adjusted savings: carbon dioxide damage (% of GNI),NY.ADJ.DCO2.GN.ZS,Môi trường & Năng lượng,2015,3.37827052897392
Viet Nam,VNM,Adjusted savings: carbon dioxide damage (% of GNI),NY.ADJ.DCO2.GN.ZS,Môi trường & Năng lượng,2016,3.30686564425845
Viet Nam,VNM,Adjusted savings: carbon dioxide damage (% of GNI),NY.ADJ.DCO2.GN.ZS,Môi trường & Năng lượng,2017,3.26180055310313
Viet Nam,VNM,Adjusted savings: carbon dioxide damage (% of GNI),NY.ADJ.DCO2.GN.ZS,Môi trường & Năng lượng,2018,3.80223605283394
Viet Nam,VNM,Adjusted savings: carbon dioxide damage (% of GNI),NY.ADJ.DCO2.GN.ZS,Môi trường & Năng lượng,2019,4.32087749801185
Viet Nam,VNM,Adjusted savings: carbon dioxide damage (% of GNI),NY.ADJ.DCO2.GN.ZS,Môi trường & Năng lượng,2020,4.51533212792581
Viet Nam,VNM,Adjusted savings: carbon dioxide damage (% of GNI),NY.ADJ.DCO2.GN.ZS,Môi trường & Năng lượng,2021,4.84256733809625
Viet Nam,VNM,Adjusted savings: carbon dioxide damage (% of GNI),NY.ADJ.DCO2.GN.ZS,Môi trường & Năng lượng,2022,
Viet Nam,VNM,Adjusted savings: carbon dioxide damage (% of GNI),NY.ADJ.DCO2.GN.ZS,Môi trường & Năng lượng,2023,
Viet Nam,VNM,Adjusted savings: carbon dioxide damage (% of GNI),NY.ADJ.DCO2.GN.ZS,Môi trường & Năng lượng,2024,
Viet Nam,VNM,Adjusted savings: carbon dioxide damage (% of GNI),NY.ADJ.DCO2.GN.ZS,Môi trường & Năng lượng,2025,
Timor-Leste,TLS,Energy use (kg of oil equivalent per capita),EG.USE.PCAP.KG.OE,Môi trường & Năng lượng,2015,
Timor-Leste,TLS,Energy use (kg of oil equivalent per capita),EG.USE.PCAP.KG.OE,Môi trường & Năng lượng,2016,
Timor-Leste,TLS,Energy use (kg of oil equivalent per capita),EG.USE.PCAP.KG.OE,Môi trường & Năng lượng,2017,
Timor-Leste,TLS,Energy use (kg of oil equivalent per capita),EG.USE.PCAP.KG.OE,Môi trường & Năng lượng,2018,
Timor-Leste,TLS,Energy use (kg of oil equivalent per capita),EG.USE.PCAP.KG.OE,Môi trường & Năng lượng,2019,
Timor-Leste,TLS,Energy use (kg of oil equivalent per capita),EG.USE.PCAP.KG.OE,Môi trường & Năng lượng,2020,
Timor-Leste,TLS,Energy use (kg of oil equivalent per capita),EG.USE.PCAP.KG.OE,Môi trường & Năng lượng,2021,
Timor-Leste,TLS,Energy use (kg of oil equivalent per capita),EG.USE.PCAP.KG.OE,Môi trường & Năng lượng,2022,
Timor-Leste,TLS,Energy use (kg of oil equivalent per capita),EG.USE.PCAP.KG.OE,Môi trường & Năng lượng,2023,
Timor-Leste,TLS,Energy use (kg of oil equivalent per capita),EG.USE.PCAP.KG.OE,Môi trường & Năng lượng,2024,
Timor-Leste,TLS,Energy use (kg of oil equivalent per capita),EG.USE.PCAP.KG.OE,Môi trường & Năng lượng,2025,
Timor-Leste,TLS,Access to electricity (% of population),EG.ELC.ACCS.ZS,Môi trường & Năng lượng,2015,67.3
Timor-Leste,TLS,Access to electricity (% of population),EG.ELC.ACCS.ZS,Môi trường & Năng lượng,2016,76.5
Timor-Leste,TLS,Access to electricity (% of population),EG.ELC.ACCS.ZS,Môi trường & Năng lượng,2017,79.5
Timor-Leste,TLS,Access to electricity (% of population),EG.ELC.ACCS.ZS,Môi trường & Năng lượng,2018,85.2
Timor-Leste,TLS,Access to electricity (% of population),EG.ELC.ACCS.ZS,Môi trường & Năng lượng,2019,90.6
Timor-Leste,TLS,Access to electricity (% of population),EG.ELC.ACCS.ZS,Môi trường & Năng lượng,2020,96.0
Timor-Leste,TLS,Access to electricity (% of population),EG.ELC.ACCS.ZS,Môi trường & Năng lượng,2021,100.0
Timor-Leste,TLS,Access to electricity (% of population),EG.ELC.ACCS.ZS,Môi trường & Năng lượng,2022,99.7
Timor-Leste,TLS,Access to electricity (% of population),EG.ELC.ACCS.ZS,Môi trường & Năng lượng,2023,100.0
Timor-Leste,TLS,Access to electricity (% of population),EG.ELC.ACCS.ZS,Môi trường & Năng lượng,2024,94.3
Timor-Leste,TLS,Access to electricity (% of population),EG.ELC.ACCS.ZS,Môi trường & Năng lượng,2025,
Timor-Leste,TLS,Renewable energy consumption (% of total final energy consumption),EG.FEC.RNEW.ZS,Môi trường & Năng lượng,2015,18.0
Timor-Leste,TLS,Renewable energy consumption (% of total final energy consumption),EG.FEC.RNEW.ZS,Môi trường & Năng lượng,2016,12.7
Timor-Leste,TLS,Renewable energy consumption (% of total final energy consumption),EG.FEC.RNEW.ZS,Môi trường & Năng lượng,2017,13.2
Timor-Leste,TLS,Renewable energy consumption (% of total final energy consumption),EG.FEC.RNEW.ZS,Môi trường & Năng lượng,2018,12.7
Timor-Leste,TLS,Renewable energy consumption (% of total final energy consumption),EG.FEC.RNEW.ZS,Môi trường & Năng lượng,2019,11.7
Timor-Leste,TLS,Renewable energy consumption (% of total final energy consumption),EG.FEC.RNEW.ZS,Môi trường & Năng lượng,2020,11.4
Timor-Leste,TLS,Renewable energy consumption (% of total final energy consumption),EG.FEC.RNEW.ZS,Môi trường & Năng lượng,2021,12.1
Timor-Leste,TLS,Renewable energy consumption (% of total final energy consumption),EG.FEC.RNEW.ZS,Môi trường & Năng lượng,2022,11.4
Timor-Leste,TLS,Renewable energy consumption (% of total final energy consumption),EG.FEC.RNEW.ZS,Môi trường & Năng lượng,2023,
Timor-Leste,TLS,Renewable energy consumption (% of total final energy consumption),EG.FEC.RNEW.ZS,Môi trường & Năng lượng,2024,
Timor-Leste,TLS,Renewable energy consumption (% of total final energy consumption),EG.FEC.RNEW.ZS,Môi trường & Năng lượng,2025,
Timor-Leste,TLS,Forest area (% of land area),AG.LND.FRST.ZS,Môi trường & Năng lượng,2015,62.4142568930733
Timor-Leste,TLS,Forest area (% of land area),AG.LND.FRST.ZS,Môi trường & Năng lượng,2016,62.320107599193
Timor-Leste,TLS,Forest area (% of land area),AG.LND.FRST.ZS,Môi trường & Năng lượng,2017,62.2461331540013
Timor-Leste,TLS,Forest area (% of land area),AG.LND.FRST.ZS,Môi trường & Năng lượng,2018,62.1318090114324
Timor-Leste,TLS,Forest area (% of land area),AG.LND.FRST.ZS,Môi trường & Năng lượng,2019,62.0376597175521
Timor-Leste,TLS,Forest area (% of land area),AG.LND.FRST.ZS,Môi trường & Năng lượng,2020,61.9435104236718
Timor-Leste,TLS,Forest area (% of land area),AG.LND.FRST.ZS,Môi trường & Năng lượng,2021,61.8493611297915
Timor-Leste,TLS,Forest area (% of land area),AG.LND.FRST.ZS,Môi trường & Năng lượng,2022,61.7552118359112
Timor-Leste,TLS,Forest area (% of land area),AG.LND.FRST.ZS,Môi trường & Năng lượng,2023,61.6610625420309
Timor-Leste,TLS,Forest area (% of land area),AG.LND.FRST.ZS,Môi trường & Năng lượng,2024,
Timor-Leste,TLS,Forest area (% of land area),AG.LND.FRST.ZS,Môi trường & Năng lượng,2025,
Timor-Leste,TLS,Adjusted savings: carbon dioxide damage (% of GNI),NY.ADJ.DCO2.GN.ZS,Môi trường & Năng lượng,2015,0.647486417440483
Timor-Leste,TLS,Adjusted savings: carbon dioxide damage (% of GNI),NY.ADJ.DCO2.GN.ZS,Môi trường & Năng lượng,2016,0.965964865724953
Timor-Leste,TLS,Adjusted savings: carbon dioxide damage (% of GNI),NY.ADJ.DCO2.GN.ZS,Môi trường & Năng lượng,2017,1.00615071016756
Timor-Leste,TLS,Adjusted savings: carbon dioxide damage (% of GNI),NY.ADJ.DCO2.GN.ZS,Môi trường & Năng lượng,2018,1.06517699363386
Timor-Leste,TLS,Adjusted savings: carbon dioxide damage (% of GNI),NY.ADJ.DCO2.GN.ZS,Môi trường & Năng lượng,2019,0.927043027044837
Timor-Leste,TLS,Adjusted savings: carbon dioxide damage (% of GNI),NY.ADJ.DCO2.GN.ZS,Môi trường & Năng lượng,2020,1.57108615776739
Timor-Leste,TLS,Adjusted savings: carbon dioxide damage (% of GNI),NY.ADJ.DCO2.GN.ZS,Môi trường & Năng lượng,2021,2.42491044106928
Timor-Leste,TLS,Adjusted savings: carbon dioxide damage (% of GNI),NY.ADJ.DCO2.GN.ZS,Môi trường & Năng lượng,2022,
Timor-Leste,TLS,Adjusted savings: carbon dioxide damage (% of GNI),NY.ADJ.DCO2.GN.ZS,Môi trường & Năng lượng,2023,
Timor-Leste,TLS,Adjusted savings: carbon dioxide damage (% of GNI),NY.ADJ.DCO2.GN.ZS,Môi trường & Năng lượng,2024,
Timor-Leste,TLS,Adjusted savings: carbon dioxide damage (% of GNI),NY.ADJ.DCO2.GN.ZS,Môi trường & Năng lượng,2025,
Brunei Darussalam,BRN,Exports of goods and services (current US$),NE.EXP.GNFS.CD,Thương mại & Xuất nhập khẩu,2015,6751297356.70163
Brunei Darussalam,BRN,Exports of goods and services (current US$),NE.EXP.GNFS.CD,Thương mại & Xuất nhập khẩu,2016,5651998520.28491
Brunei Darussalam,BRN,Exports of goods and services (current US$),NE.EXP.GNFS.CD,Thương mại & Xuất nhập khẩu,2017,6012333920.6353
Brunei Darussalam,BRN,Exports of goods and services (current US$),NE.EXP.GNFS.CD,Thương mại & Xuất nhập khẩu,2018,7045735066.37537
Brunei Darussalam,BRN,Exports of goods and services (current US$),NE.EXP.GNFS.CD,Thương mại & Xuất nhập khẩu,2019,7804888584.60408
Brunei Darussalam,BRN,Exports of goods and services (current US$),NE.EXP.GNFS.CD,Thương mại & Xuất nhập khẩu,2020,6886059825.91906
Brunei Darussalam,BRN,Exports of goods and services (current US$),NE.EXP.GNFS.CD,Thương mại & Xuất nhập khẩu,2021,11228855780.6292
Brunei Darussalam,BRN,Exports of goods and services (current US$),NE.EXP.GNFS.CD,Thương mại & Xuất nhập khẩu,2022,14411072071.9153
Brunei Darussalam,BRN,Exports of goods and services (current US$),NE.EXP.GNFS.CD,Thương mại & Xuất nhập khẩu,2023,11578413348.423
Brunei Darussalam,BRN,Exports of goods and services (current US$),NE.EXP.GNFS.CD,Thương mại & Xuất nhập khẩu,2024,11393732340.4437
Brunei Darussalam,BRN,Exports of goods and services (current US$),NE.EXP.GNFS.CD,Thương mại & Xuất nhập khẩu,2025,10758583397.0485
Brunei Darussalam,BRN,Imports of goods and services (current US$),NE.IMP.GNFS.CD,Thương mại & Xuất nhập khẩu,2015,4872546659.38377
Brunei Darussalam,BRN,Imports of goods and services (current US$),NE.IMP.GNFS.CD,Thương mại & Xuất nhập khẩu,2016,4302691141.32799
Brunei Darussalam,BRN,Imports of goods and services (current US$),NE.IMP.GNFS.CD,Thương mại & Xuất nhập khẩu,2017,4318058847.51222
Brunei Darussalam,BRN,Imports of goods and services (current US$),NE.IMP.GNFS.CD,Thương mại & Xuất nhập khẩu,2018,5693328954.5184
Brunei Darussalam,BRN,Imports of goods and services (current US$),NE.IMP.GNFS.CD,Thương mại & Xuất nhập khẩu,2019,6810532693.06468
Brunei Darussalam,BRN,Imports of goods and services (current US$),NE.IMP.GNFS.CD,Thương mại & Xuất nhập khẩu,2020,6355257109.6823
Brunei Darussalam,BRN,Imports of goods and services (current US$),NE.IMP.GNFS.CD,Thương mại & Xuất nhập khẩu,2021,9377937977.70067
Brunei Darussalam,BRN,Imports of goods and services (current US$),NE.IMP.GNFS.CD,Thương mại & Xuất nhập khẩu,2022,10106443642.8719
Brunei Darussalam,BRN,Imports of goods and services (current US$),NE.IMP.GNFS.CD,Thương mại & Xuất nhập khẩu,2023,9081237975.39983
Brunei Darussalam,BRN,Imports of goods and services (current US$),NE.IMP.GNFS.CD,Thương mại & Xuất nhập khẩu,2024,8946252974.29031
Brunei Darussalam,BRN,Imports of goods and services (current US$),NE.IMP.GNFS.CD,Thương mại & Xuất nhập khẩu,2025,7822316769.65819
Brunei Darussalam,BRN,Merchandise exports (current US$),TX.VAL.MRCH.CD.WT,Thương mại & Xuất nhập khẩu,2015,6353000000.0
Brunei Darussalam,BRN,Merchandise exports (current US$),TX.VAL.MRCH.CD.WT,Thương mại & Xuất nhập khẩu,2016,4875000000.0
Brunei Darussalam,BRN,Merchandise exports (current US$),TX.VAL.MRCH.CD.WT,Thương mại & Xuất nhập khẩu,2017,5571000000.0
Brunei Darussalam,BRN,Merchandise exports (current US$),TX.VAL.MRCH.CD.WT,Thương mại & Xuất nhập khẩu,2018,6574000000.0
Brunei Darussalam,BRN,Merchandise exports (current US$),TX.VAL.MRCH.CD.WT,Thương mại & Xuất nhập khẩu,2019,7039000000.0
Brunei Darussalam,BRN,Merchandise exports (current US$),TX.VAL.MRCH.CD.WT,Thương mại & Xuất nhập khẩu,2020,6608000000.0
Brunei Darussalam,BRN,Merchandise exports (current US$),TX.VAL.MRCH.CD.WT,Thương mại & Xuất nhập khẩu,2021,11058000000.0
Brunei Darussalam,BRN,Merchandise exports (current US$),TX.VAL.MRCH.CD.WT,Thương mại & Xuất nhập khẩu,2022,14230000000.0
Brunei Darussalam,BRN,Merchandise exports (current US$),TX.VAL.MRCH.CD.WT,Thương mại & Xuất nhập khẩu,2023,11241000000.0
Brunei Darussalam,BRN,Merchandise exports (current US$),TX.VAL.MRCH.CD.WT,Thương mại & Xuất nhập khẩu,2024,11258000000.0
Brunei Darussalam,BRN,Merchandise exports (current US$),TX.VAL.MRCH.CD.WT,Thương mại & Xuất nhập khẩu,2025,10498000000.0
Brunei Darussalam,BRN,Merchandise imports (current US$),TM.VAL.MRCH.CD.WT,Thương mại & Xuất nhập khẩu,2015,3229000000.0
Brunei Darussalam,BRN,Merchandise imports (current US$),TM.VAL.MRCH.CD.WT,Thương mại & Xuất nhập khẩu,2016,2679000000.0
Brunei Darussalam,BRN,Merchandise imports (current US$),TM.VAL.MRCH.CD.WT,Thương mại & Xuất nhập khẩu,2017,3085000000.0
Brunei Darussalam,BRN,Merchandise imports (current US$),TM.VAL.MRCH.CD.WT,Thương mại & Xuất nhập khẩu,2018,4164000000.0
Brunei Darussalam,BRN,Merchandise imports (current US$),TM.VAL.MRCH.CD.WT,Thương mại & Xuất nhập khẩu,2019,5103000000.0
Brunei Darussalam,BRN,Merchandise imports (current US$),TM.VAL.MRCH.CD.WT,Thương mại & Xuất nhập khẩu,2020,5343000000.0
Brunei Darussalam,BRN,Merchandise imports (current US$),TM.VAL.MRCH.CD.WT,Thương mại & Xuất nhập khẩu,2021,8575000000.0
Brunei Darussalam,BRN,Merchandise imports (current US$),TM.VAL.MRCH.CD.WT,Thương mại & Xuất nhập khẩu,2022,9184000000.0
Brunei Darussalam,BRN,Merchandise imports (current US$),TM.VAL.MRCH.CD.WT,Thương mại & Xuất nhập khẩu,2023,7484000000.0
Brunei Darussalam,BRN,Merchandise imports (current US$),TM.VAL.MRCH.CD.WT,Thương mại & Xuất nhập khẩu,2024,7295000000.0
Brunei Darussalam,BRN,Merchandise imports (current US$),TM.VAL.MRCH.CD.WT,Thương mại & Xuất nhập khẩu,2025,6036000000.0
Brunei Darussalam,BRN,Merchandise trade (% of GDP),TG.VAL.TOTL.GD.ZS,Thương mại & Xuất nhập khẩu,2015,74.1050271021937
Brunei Darussalam,BRN,Merchandise trade (% of GDP),TG.VAL.TOTL.GD.ZS,Thương mại & Xuất nhập khẩu,2016,66.2616115308554
Brunei Darussalam,BRN,Merchandise trade (% of GDP),TG.VAL.TOTL.GD.ZS,Thương mại & Xuất nhập khẩu,2017,71.3710427477108
Brunei Darussalam,BRN,Merchandise trade (% of GDP),TG.VAL.TOTL.GD.ZS,Thương mại & Xuất nhập khẩu,2018,79.1484669200874
Brunei Darussalam,BRN,Merchandise trade (% of GDP),TG.VAL.TOTL.GD.ZS,Thương mại & Xuất nhập khẩu,2019,90.1461714138483
Brunei Darussalam,BRN,Merchandise trade (% of GDP),TG.VAL.TOTL.GD.ZS,Thương mại & Xuất nhập khẩu,2020,99.5435568178474
Brunei Darussalam,BRN,Merchandise trade (% of GDP),TG.VAL.TOTL.GD.ZS,Thương mại & Xuất nhập khẩu,2021,140.170668913353
Brunei Darussalam,BRN,Merchandise trade (% of GDP),TG.VAL.TOTL.GD.ZS,Thương mại & Xuất nhập khẩu,2022,140.358773586077
Brunei Darussalam,BRN,Merchandise trade (% of GDP),TG.VAL.TOTL.GD.ZS,Thương mại & Xuất nhập khẩu,2023,124.047002229659
Brunei Darussalam,BRN,Merchandise trade (% of GDP),TG.VAL.TOTL.GD.ZS,Thương mại & Xuất nhập khẩu,2024,120.938866345641
Brunei Darussalam,BRN,Merchandise trade (% of GDP),TG.VAL.TOTL.GD.ZS,Thương mại & Xuất nhập khẩu,2025,109.992156100226
Brunei Darussalam,BRN,Trade (% of GDP),NE.TRD.GNFS.ZS,Thương mại & Xuất nhập khẩu,2015,89.8961882533585
Brunei Darussalam,BRN,Trade (% of GDP),NE.TRD.GNFS.ZS,Thương mại & Xuất nhập khẩu,2016,87.319801332806
Brunei Darussalam,BRN,Trade (% of GDP),NE.TRD.GNFS.ZS,Thương mại & Xuất nhập khẩu,2017,85.1768604269985
Brunei Darussalam,BRN,Trade (% of GDP),NE.TRD.GNFS.ZS,Thương mại & Xuất nhập khẩu,2018,93.8980617666778
Brunei Darussalam,BRN,Trade (% of GDP),NE.TRD.GNFS.ZS,Thương mại & Xuất nhập khẩu,2019,108.509658357959
Brunei Darussalam,BRN,Trade (% of GDP),NE.TRD.GNFS.ZS,Thương mại & Xuất nhập khẩu,2020,110.291003658452
Brunei Darussalam,BRN,Trade (% of GDP),NE.TRD.GNFS.ZS,Thương mại & Xuất nhập khẩu,2021,147.123112375318
Brunei Darussalam,BRN,Trade (% of GDP),NE.TRD.GNFS.ZS,Thương mại & Xuất nhập khẩu,2022,146.973965879597
Brunei Darussalam,BRN,Trade (% of GDP),NE.TRD.GNFS.ZS,Thương mại & Xuất nhập khẩu,2023,136.86343465048
Brunei Darussalam,BRN,Trade (% of GDP),NE.TRD.GNFS.ZS,Thương mại & Xuất nhập khẩu,2024,132.58743952196
Brunei Darussalam,BRN,Trade (% of GDP),NE.TRD.GNFS.ZS,Thương mại & Xuất nhập khẩu,2025,123.609124931602
Cambodia,KHM,Exports of goods and services (current US$),NE.EXP.GNFS.CD,Thương mại & Xuất nhập khẩu,2015,13532995573.0072
Cambodia,KHM,Exports of goods and services (current US$),NE.EXP.GNFS.CD,Thương mại & Xuất nhập khẩu,2016,14986346465.4653
Cambodia,KHM,Exports of goods and services (current US$),NE.EXP.GNFS.CD,Thương mại & Xuất nhập khẩu,2017,16527255663.0116
Cambodia,KHM,Exports of goods and services (current US$),NE.EXP.GNFS.CD,Thương mại & Xuất nhập khẩu,2018,18386489552.4053
Cambodia,KHM,Exports of goods and services (current US$),NE.EXP.GNFS.CD,Thương mại & Xuất nhập khẩu,2019,20340881132.781
Cambodia,KHM,Exports of goods and services (current US$),NE.EXP.GNFS.CD,Thương mại & Xuất nhập khẩu,2020,20863615890.1823
Cambodia,KHM,Exports of goods and services (current US$),NE.EXP.GNFS.CD,Thương mại & Xuất nhập khẩu,2021,26621743091.289
Cambodia,KHM,Exports of goods and services (current US$),NE.EXP.GNFS.CD,Thương mại & Xuất nhập khẩu,2022,28878876682.0659
Cambodia,KHM,Exports of goods and services (current US$),NE.EXP.GNFS.CD,Thương mại & Xuất nhập khẩu,2023,28319442900.3223
Cambodia,KHM,Exports of goods and services (current US$),NE.EXP.GNFS.CD,Thương mại & Xuất nhập khẩu,2024,33078910281.3995
Cambodia,KHM,Exports of goods and services (current US$),NE.EXP.GNFS.CD,Thương mại & Xuất nhập khẩu,2025,35193057307.4029
Cambodia,KHM,Imports of goods and services (current US$),NE.IMP.GNFS.CD,Thương mại & Xuất nhập khẩu,2015,15985986398.1316
Cambodia,KHM,Imports of goods and services (current US$),NE.IMP.GNFS.CD,Thương mại & Xuất nhập khẩu,2016,17599744248.3834
Cambodia,KHM,Imports of goods and services (current US$),NE.IMP.GNFS.CD,Thương mại & Xuất nhập khẩu,2017,19038733851.7304
Cambodia,KHM,Imports of goods and services (current US$),NE.IMP.GNFS.CD,Thương mại & Xuất nhập khẩu,2018,20870727998.1726
Cambodia,KHM,Imports of goods and services (current US$),NE.IMP.GNFS.CD,Thương mại & Xuất nhập khẩu,2019,22117532079.4063
Cambodia,KHM,Imports of goods and services (current US$),NE.IMP.GNFS.CD,Thương mại & Xuất nhập khẩu,2020,21651131247.4671
Cambodia,KHM,Imports of goods and services (current US$),NE.IMP.GNFS.CD,Thương mại & Xuất nhập khẩu,2021,27158061717.6869
Cambodia,KHM,Imports of goods and services (current US$),NE.IMP.GNFS.CD,Thương mại & Xuất nhập khẩu,2022,29462601452.0712
Cambodia,KHM,Imports of goods and services (current US$),NE.IMP.GNFS.CD,Thương mại & Xuất nhập khẩu,2023,28497892006.4196
Cambodia,KHM,Imports of goods and services (current US$),NE.IMP.GNFS.CD,Thương mại & Xuất nhập khẩu,2024,33412575811.7134
Cambodia,KHM,Imports of goods and services (current US$),NE.IMP.GNFS.CD,Thương mại & Xuất nhập khẩu,2025,34576163750.5046
Cambodia,KHM,Merchandise exports (current US$),TX.VAL.MRCH.CD.WT,Thương mại & Xuất nhập khẩu,2015,8542000000.0
Cambodia,KHM,Merchandise exports (current US$),TX.VAL.MRCH.CD.WT,Thương mại & Xuất nhập khẩu,2016,10069000000.0
Cambodia,KHM,Merchandise exports (current US$),TX.VAL.MRCH.CD.WT,Thương mại & Xuất nhập khẩu,2017,11278000000.0
Cambodia,KHM,Merchandise exports (current US$),TX.VAL.MRCH.CD.WT,Thương mại & Xuất nhập khẩu,2018,12700000000.0
Cambodia,KHM,Merchandise exports (current US$),TX.VAL.MRCH.CD.WT,Thương mại & Xuất nhập khẩu,2019,14825000000.0
Cambodia,KHM,Merchandise exports (current US$),TX.VAL.MRCH.CD.WT,Thương mại & Xuất nhập khẩu,2020,17716000000.0
Cambodia,KHM,Merchandise exports (current US$),TX.VAL.MRCH.CD.WT,Thương mại & Xuất nhập khẩu,2021,19307000000.0
Cambodia,KHM,Merchandise exports (current US$),TX.VAL.MRCH.CD.WT,Thương mại & Xuất nhập khẩu,2022,22472000000.0
Cambodia,KHM,Merchandise exports (current US$),TX.VAL.MRCH.CD.WT,Thương mại & Xuất nhập khẩu,2023,23186000000.0
Cambodia,KHM,Merchandise exports (current US$),TX.VAL.MRCH.CD.WT,Thương mại & Xuất nhập khẩu,2024,26661000000.0
Cambodia,KHM,Merchandise exports (current US$),TX.VAL.MRCH.CD.WT,Thương mại & Xuất nhập khẩu,2025,31274000000.0
Cambodia,KHM,Merchandise imports (current US$),TM.VAL.MRCH.CD.WT,Thương mại & Xuất nhập khẩu,2015,13261000000.0
Cambodia,KHM,Merchandise imports (current US$),TM.VAL.MRCH.CD.WT,Thương mại & Xuất nhập khẩu,2016,12371000000.0
Cambodia,KHM,Merchandise imports (current US$),TM.VAL.MRCH.CD.WT,Thương mại & Xuất nhập khẩu,2017,14283000000.0
Cambodia,KHM,Merchandise imports (current US$),TM.VAL.MRCH.CD.WT,Thương mại & Xuất nhập khẩu,2018,17489000000.0
Cambodia,KHM,Merchandise imports (current US$),TM.VAL.MRCH.CD.WT,Thương mại & Xuất nhập khẩu,2019,20279000000.0
Cambodia,KHM,Merchandise imports (current US$),TM.VAL.MRCH.CD.WT,Thương mại & Xuất nhập khẩu,2020,19114000000.0
Cambodia,KHM,Merchandise imports (current US$),TM.VAL.MRCH.CD.WT,Thương mại & Xuất nhập khẩu,2021,28583000000.0
Cambodia,KHM,Merchandise imports (current US$),TM.VAL.MRCH.CD.WT,Thương mại & Xuất nhập khẩu,2022,29805000000.0
Cambodia,KHM,Merchandise imports (current US$),TM.VAL.MRCH.CD.WT,Thương mại & Xuất nhập khẩu,2023,24381000000.0
Cambodia,KHM,Merchandise imports (current US$),TM.VAL.MRCH.CD.WT,Thương mại & Xuất nhập khẩu,2024,28699000000.0
Cambodia,KHM,Merchandise imports (current US$),TM.VAL.MRCH.CD.WT,Thương mại & Xuất nhập khẩu,2025,33885000000.0
Cambodia,KHM,Merchandise trade (% of GDP),TG.VAL.TOTL.GD.ZS,Thương mại & Xuất nhập khẩu,2015,90.1913061218958
Cambodia,KHM,Merchandise trade (% of GDP),TG.VAL.TOTL.GD.ZS,Thương mại & Xuất nhập khẩu,2016,84.4989431811055
Cambodia,KHM,Merchandise trade (% of GDP),TG.VAL.TOTL.GD.ZS,Thương mại & Xuất nhập khẩu,2017,87.0734803923322
Cambodia,KHM,Merchandise trade (% of GDP),TG.VAL.TOTL.GD.ZS,Thương mại & Xuất nhập khẩu,2018,91.0791595114444
Cambodia,KHM,Merchandise trade (% of GDP),TG.VAL.TOTL.GD.ZS,Thương mại & Xuất nhập khẩu,2019,95.6894069935005
Cambodia,KHM,Merchandise trade (% of GDP),TG.VAL.TOTL.GD.ZS,Thương mại & Xuất nhập khẩu,2020,105.778395738396
Cambodia,KHM,Merchandise trade (% of GDP),TG.VAL.TOTL.GD.ZS,Thương mại & Xuất nhập khẩu,2021,130.170663025201
Cambodia,KHM,Merchandise trade (% of GDP),TG.VAL.TOTL.GD.ZS,Thương mại & Xuất nhập khẩu,2022,130.710364971126
Cambodia,KHM,Merchandise trade (% of GDP),TG.VAL.TOTL.GD.ZS,Thương mại & Xuất nhập khẩu,2023,112.356851702485
Cambodia,KHM,Merchandise trade (% of GDP),TG.VAL.TOTL.GD.ZS,Thương mại & Xuất nhập khẩu,2024,119.432229955547
Cambodia,KHM,Merchandise trade (% of GDP),TG.VAL.TOTL.GD.ZS,Thương mại & Xuất nhập khẩu,2025,127.097189840332
Cambodia,KHM,Trade (% of GDP),NE.TRD.GNFS.ZS,Thương mại & Xuất nhập khẩu,2015,122.109596815379
Cambodia,KHM,Trade (% of GDP),NE.TRD.GNFS.ZS,Thương mại & Xuất nhập khẩu,2016,122.704555602667
Cambodia,KHM,Trade (% of GDP),NE.TRD.GNFS.ZS,Thương mại & Xuất nhập khẩu,2017,121.155451298689
Cambodia,KHM,Trade (% of GDP),NE.TRD.GNFS.ZS,Thương mại & Xuất nhập khẩu,2018,118.43765541305
Cambodia,KHM,Trade (% of GDP),NE.TRD.GNFS.ZS,Thương mại & Xuất nhập khẩu,2019,115.736679072448
Cambodia,KHM,Trade (% of GDP),NE.TRD.GNFS.ZS,Thương mại & Xuất nhập khẩu,2020,122.105396346568
Cambodia,KHM,Trade (% of GDP),NE.TRD.GNFS.ZS,Thương mại & Xuất nhập khẩu,2021,146.179846509715
Cambodia,KHM,Trade (% of GDP),NE.TRD.GNFS.ZS,Thương mại & Xuất nhập khẩu,2022,145.873632761406
Cambodia,KHM,Trade (% of GDP),NE.TRD.GNFS.ZS,Thương mại & Xuất nhập khẩu,2023,134.206842395931
Cambodia,KHM,Trade (% of GDP),NE.TRD.GNFS.ZS,Thương mại & Xuất nhập khẩu,2024,143.447009703011
Cambodia,KHM,Trade (% of GDP),NE.TRD.GNFS.ZS,Thương mại & Xuất nhập khẩu,2025,136.089748673383
Indonesia,IDN,Exports of goods and services (current US$),NE.EXP.GNFS.CD,Thương mại & Xuất nhập khẩu,2015,182158298802.029
Indonesia,IDN,Exports of goods and services (current US$),NE.EXP.GNFS.CD,Thương mại & Xuất nhập khẩu,2016,177886012744.865
Indonesia,IDN,Exports of goods and services (current US$),NE.EXP.GNFS.CD,Thương mại & Xuất nhập khẩu,2017,204924485909.157
Indonesia,IDN,Exports of goods and services (current US$),NE.EXP.GNFS.CD,Thương mại & Xuất nhập khẩu,2018,218905647886.556
Indonesia,IDN,Exports of goods and services (current US$),NE.EXP.GNFS.CD,Thương mại & Xuất nhập khẩu,2019,208057763659.252
Indonesia,IDN,Exports of goods and services (current US$),NE.EXP.GNFS.CD,Thương mại & Xuất nhập khẩu,2020,183546577017.375
Indonesia,IDN,Exports of goods and services (current US$),NE.EXP.GNFS.CD,Thương mại & Xuất nhập khẩu,2021,254109508154.492
Indonesia,IDN,Exports of goods and services (current US$),NE.EXP.GNFS.CD,Thương mại & Xuất nhập khẩu,2022,323218198016.355
Indonesia,IDN,Exports of goods and services (current US$),NE.EXP.GNFS.CD,Thương mại & Xuất nhập khẩu,2023,299031805850.549
Indonesia,IDN,Exports of goods and services (current US$),NE.EXP.GNFS.CD,Thương mại & Xuất nhập khẩu,2024,311510024778.671
Indonesia,IDN,Exports of goods and services (current US$),NE.EXP.GNFS.CD,Thương mại & Xuất nhập khẩu,2025,330279431218.799
Indonesia,IDN,Imports of goods and services (current US$),NE.IMP.GNFS.CD,Thương mại & Xuất nhập khẩu,2015,178863652305.893
Indonesia,IDN,Imports of goods and services (current US$),NE.IMP.GNFS.CD,Thương mại & Xuất nhập khẩu,2016,170835000830.242
Indonesia,IDN,Imports of goods and services (current US$),NE.IMP.GNFS.CD,Thương mại & Xuất nhập khẩu,2017,194777319195.676
Indonesia,IDN,Imports of goods and services (current US$),NE.IMP.GNFS.CD,Thương mại & Xuất nhập khẩu,2018,230045612385.068
Indonesia,IDN,Imports of goods and services (current US$),NE.IMP.GNFS.CD,Thương mại & Xuất nhập khẩu,2019,213034646334.827
Indonesia,IDN,Imports of goods and services (current US$),NE.IMP.GNFS.CD,Thương mại & Xuất nhập khẩu,2020,165646843301.933
Indonesia,IDN,Imports of goods and services (current US$),NE.IMP.GNFS.CD,Thương mại & Xuất nhập khẩu,2021,222923845055.988
Indonesia,IDN,Imports of goods and services (current US$),NE.IMP.GNFS.CD,Thương mại & Xuất nhập khẩu,2022,276506804558.242
Indonesia,IDN,Imports of goods and services (current US$),NE.IMP.GNFS.CD,Thương mại & Xuất nhập khẩu,2023,269460535788.982
Indonesia,IDN,Imports of goods and services (current US$),NE.IMP.GNFS.CD,Thương mại & Xuất nhập khẩu,2024,286245903350.957
Indonesia,IDN,Imports of goods and services (current US$),NE.IMP.GNFS.CD,Thương mại & Xuất nhập khẩu,2025,297002335694.886
Indonesia,IDN,Merchandise exports (current US$),TX.VAL.MRCH.CD.WT,Thương mại & Xuất nhập khẩu,2015,150366000000.0
Indonesia,IDN,Merchandise exports (current US$),TX.VAL.MRCH.CD.WT,Thương mại & Xuất nhập khẩu,2016,144490000000.0
Indonesia,IDN,Merchandise exports (current US$),TX.VAL.MRCH.CD.WT,Thương mại & Xuất nhập khẩu,2017,168811000000.0
Indonesia,IDN,Merchandise exports (current US$),TX.VAL.MRCH.CD.WT,Thương mại & Xuất nhập khẩu,2018,180124000000.0
Indonesia,IDN,Merchandise exports (current US$),TX.VAL.MRCH.CD.WT,Thương mại & Xuất nhập khẩu,2019,167683000000.0
Indonesia,IDN,Merchandise exports (current US$),TX.VAL.MRCH.CD.WT,Thương mại & Xuất nhập khẩu,2020,163306000000.0
Indonesia,IDN,Merchandise exports (current US$),TX.VAL.MRCH.CD.WT,Thương mại & Xuất nhập khẩu,2021,231506000000.0
Indonesia,IDN,Merchandise exports (current US$),TX.VAL.MRCH.CD.WT,Thương mại & Xuất nhập khẩu,2022,291979000000.0
Indonesia,IDN,Merchandise exports (current US$),TX.VAL.MRCH.CD.WT,Thương mại & Xuất nhập khẩu,2023,258857000000.0
Indonesia,IDN,Merchandise exports (current US$),TX.VAL.MRCH.CD.WT,Thương mại & Xuất nhập khẩu,2024,264706000000.0
Indonesia,IDN,Merchandise exports (current US$),TX.VAL.MRCH.CD.WT,Thương mại & Xuất nhập khẩu,2025,282909000000.0
Indonesia,IDN,Merchandise imports (current US$),TM.VAL.MRCH.CD.WT,Thương mại & Xuất nhập khẩu,2015,142695000000.0
Indonesia,IDN,Merchandise imports (current US$),TM.VAL.MRCH.CD.WT,Thương mại & Xuất nhập khẩu,2016,135653000000.0
Indonesia,IDN,Merchandise imports (current US$),TM.VAL.MRCH.CD.WT,Thương mại & Xuất nhập khẩu,2017,156925000000.0
Indonesia,IDN,Merchandise imports (current US$),TM.VAL.MRCH.CD.WT,Thương mại & Xuất nhập khẩu,2018,188708000000.0
Indonesia,IDN,Merchandise imports (current US$),TM.VAL.MRCH.CD.WT,Thương mại & Xuất nhập khẩu,2019,171276000000.0
Indonesia,IDN,Merchandise imports (current US$),TM.VAL.MRCH.CD.WT,Thương mại & Xuất nhập khẩu,2020,141622000000.0
Indonesia,IDN,Merchandise imports (current US$),TM.VAL.MRCH.CD.WT,Thương mại & Xuất nhập khẩu,2021,196190000000.0
Indonesia,IDN,Merchandise imports (current US$),TM.VAL.MRCH.CD.WT,Thương mại & Xuất nhập khẩu,2022,237447000000.0
Indonesia,IDN,Merchandise imports (current US$),TM.VAL.MRCH.CD.WT,Thương mại & Xuất nhập khẩu,2023,221886000000.0
Indonesia,IDN,Merchandise imports (current US$),TM.VAL.MRCH.CD.WT,Thương mại & Xuất nhập khẩu,2024,233659000000.0
Indonesia,IDN,Merchandise imports (current US$),TM.VAL.MRCH.CD.WT,Thương mại & Xuất nhập khẩu,2025,241857000000.0
Indonesia,IDN,Merchandise trade (% of GDP),TG.VAL.TOTL.GD.ZS,Thương mại & Xuất nhập khẩu,2015,34.0430457181503
Indonesia,IDN,Merchandise trade (% of GDP),TG.VAL.TOTL.GD.ZS,Thương mại & Xuất nhập khẩu,2016,30.0622174988969
Indonesia,IDN,Merchandise trade (% of GDP),TG.VAL.TOTL.GD.ZS,Thương mại & Xuất nhập khẩu,2017,32.0726652469865
Indonesia,IDN,Merchandise trade (% of GDP),TG.VAL.TOTL.GD.ZS,Thương mại & Xuất nhập khẩu,2018,35.3873235837501
Indonesia,IDN,Merchandise trade (% of GDP),TG.VAL.TOTL.GD.ZS,Thương mại & Xuất nhập khẩu,2019,30.2885389121745
Indonesia,IDN,Merchandise trade (% of GDP),TG.VAL.TOTL.GD.ZS,Thương mại & Xuất nhập khẩu,2020,28.7924654801673
Indonesia,IDN,Merchandise trade (% of GDP),TG.VAL.TOTL.GD.ZS,Thương mại & Xuất nhập khẩu,2021,36.0465660932167
Indonesia,IDN,Merchandise trade (% of GDP),TG.VAL.TOTL.GD.ZS,Thương mại & Xuất nhập khẩu,2022,40.1353593394075
Indonesia,IDN,Merchandise trade (% of GDP),TG.VAL.TOTL.GD.ZS,Thương mại & Xuất nhập khẩu,2023,35.0608661113297
Indonesia,IDN,Merchandise trade (% of GDP),TG.VAL.TOTL.GD.ZS,Thương mại & Xuất nhập khẩu,2024,35.6917826875413
Indonesia,IDN,Merchandise trade (% of GDP),TG.VAL.TOTL.GD.ZS,Thương mại & Xuất nhập khẩu,2025,36.2998438029229
Indonesia,IDN,Trade (% of GDP),NE.TRD.GNFS.ZS,Thương mại & Xuất nhập khẩu,2015,41.9376402415294
Indonesia,IDN,Trade (% of GDP),NE.TRD.GNFS.ZS,Thương mại & Xuất nhập khẩu,2016,37.4213418023318
Indonesia,IDN,Trade (% of GDP),NE.TRD.GNFS.ZS,Thương mại & Xuất nhập khẩu,2017,39.3554970704606
Indonesia,IDN,Trade (% of GDP),NE.TRD.GNFS.ZS,Thương mại & Xuất nhập khẩu,2018,43.0743089552002
Indonesia,IDN,Trade (% of GDP),NE.TRD.GNFS.ZS,Thương mại & Xuất nhập khẩu,2019,37.6277775357108
Indonesia,IDN,Trade (% of GDP),NE.TRD.GNFS.ZS,Thương mại & Xuất nhập khẩu,2020,32.9721754002427
Indonesia,IDN,Trade (% of GDP),NE.TRD.GNFS.ZS,Thương mại & Xuất nhập khẩu,2021,40.2047582749671
Indonesia,IDN,Trade (% of GDP),NE.TRD.GNFS.ZS,Thương mại & Xuất nhập khẩu,2022,45.4646701959453
Indonesia,IDN,Trade (% of GDP),NE.TRD.GNFS.ZS,Thương mại & Xuất nhập khẩu,2023,41.4604765447233
Indonesia,IDN,Trade (% of GDP),NE.TRD.GNFS.ZS,Thương mại & Xuất nhập khẩu,2024,42.809937870822
Indonesia,IDN,Trade (% of GDP),NE.TRD.GNFS.ZS,Thương mại & Xuất nhập khẩu,2025,43.3912070511204
Lao PDR,LAO,Exports of goods and services (current US$),NE.EXP.GNFS.CD,Thương mại & Xuất nhập khẩu,2015,4898081700.51801
Lao PDR,LAO,Exports of goods and services (current US$),NE.EXP.GNFS.CD,Thương mại & Xuất nhập khẩu,2016,5284450716.02575
Lao PDR,LAO,Exports of goods and services (current US$),NE.EXP.GNFS.CD,Thương mại & Xuất nhập khẩu,2017,
Lao PDR,LAO,Exports of goods and services (current US$),NE.EXP.GNFS.CD,Thương mại & Xuất nhập khẩu,2018,
Lao PDR,LAO,Exports of goods and services (current US$),NE.EXP.GNFS.CD,Thương mại & Xuất nhập khẩu,2019,
Lao PDR,LAO,Exports of goods and services (current US$),NE.EXP.GNFS.CD,Thương mại & Xuất nhập khẩu,2020,
Lao PDR,LAO,Exports of goods and services (current US$),NE.EXP.GNFS.CD,Thương mại & Xuất nhập khẩu,2021,
Lao PDR,LAO,Exports of goods and services (current US$),NE.EXP.GNFS.CD,Thương mại & Xuất nhập khẩu,2022,
Lao PDR,LAO,Exports of goods and services (current US$),NE.EXP.GNFS.CD,Thương mại & Xuất nhập khẩu,2023,
Lao PDR,LAO,Exports of goods and services (current US$),NE.EXP.GNFS.CD,Thương mại & Xuất nhập khẩu,2024,
Lao PDR,LAO,Exports of goods and services (current US$),NE.EXP.GNFS.CD,Thương mại & Xuất nhập khẩu,2025,
Lao PDR,LAO,Imports of goods and services (current US$),NE.IMP.GNFS.CD,Thương mại & Xuất nhập khẩu,2015,7479510329.88207
Lao PDR,LAO,Imports of goods and services (current US$),NE.IMP.GNFS.CD,Thương mại & Xuất nhập khẩu,2016,6664547720.2285
Lao PDR,LAO,Imports of goods and services (current US$),NE.IMP.GNFS.CD,Thương mại & Xuất nhập khẩu,2017,
Lao PDR,LAO,Imports of goods and services (current US$),NE.IMP.GNFS.CD,Thương mại & Xuất nhập khẩu,2018,
Lao PDR,LAO,Imports of goods and services (current US$),NE.IMP.GNFS.CD,Thương mại & Xuất nhập khẩu,2019,
Lao PDR,LAO,Imports of goods and services (current US$),NE.IMP.GNFS.CD,Thương mại & Xuất nhập khẩu,2020,
Lao PDR,LAO,Imports of goods and services (current US$),NE.IMP.GNFS.CD,Thương mại & Xuất nhập khẩu,2021,
Lao PDR,LAO,Imports of goods and services (current US$),NE.IMP.GNFS.CD,Thương mại & Xuất nhập khẩu,2022,
Lao PDR,LAO,Imports of goods and services (current US$),NE.IMP.GNFS.CD,Thương mại & Xuất nhập khẩu,2023,
Lao PDR,LAO,Imports of goods and services (current US$),NE.IMP.GNFS.CD,Thương mại & Xuất nhập khẩu,2024,
Lao PDR,LAO,Imports of goods and services (current US$),NE.IMP.GNFS.CD,Thương mại & Xuất nhập khẩu,2025,
Lao PDR,LAO,Merchandise exports (current US$),TX.VAL.MRCH.CD.WT,Thương mại & Xuất nhập khẩu,2015,3653000000.0
Lao PDR,LAO,Merchandise exports (current US$),TX.VAL.MRCH.CD.WT,Thương mại & Xuất nhập khẩu,2016,4245000000.0
Lao PDR,LAO,Merchandise exports (current US$),TX.VAL.MRCH.CD.WT,Thương mại & Xuất nhập khẩu,2017,4873000000.0
Lao PDR,LAO,Merchandise exports (current US$),TX.VAL.MRCH.CD.WT,Thương mại & Xuất nhập khẩu,2018,5408000000.0
Lao PDR,LAO,Merchandise exports (current US$),TX.VAL.MRCH.CD.WT,Thương mại & Xuất nhập khẩu,2019,5806000000.0
Lao PDR,LAO,Merchandise exports (current US$),TX.VAL.MRCH.CD.WT,Thương mại & Xuất nhập khẩu,2020,6115000000.0
Lao PDR,LAO,Merchandise exports (current US$),TX.VAL.MRCH.CD.WT,Thương mại & Xuất nhập khẩu,2021,7695000000.0
Lao PDR,LAO,Merchandise exports (current US$),TX.VAL.MRCH.CD.WT,Thương mại & Xuất nhập khẩu,2022,8198000000.0
Lao PDR,LAO,Merchandise exports (current US$),TX.VAL.MRCH.CD.WT,Thương mại & Xuất nhập khẩu,2023,8370000000.0
Lao PDR,LAO,Merchandise exports (current US$),TX.VAL.MRCH.CD.WT,Thương mại & Xuất nhập khẩu,2024,9386000000.0
Lao PDR,LAO,Merchandise exports (current US$),TX.VAL.MRCH.CD.WT,Thương mại & Xuất nhập khẩu,2025,12377000000.0
Lao PDR,LAO,Merchandise imports (current US$),TM.VAL.MRCH.CD.WT,Thương mại & Xuất nhập khẩu,2015,5675000000.0
Lao PDR,LAO,Merchandise imports (current US$),TM.VAL.MRCH.CD.WT,Thương mại & Xuất nhập khẩu,2016,5372000000.0
Lao PDR,LAO,Merchandise imports (current US$),TM.VAL.MRCH.CD.WT,Thương mại & Xuất nhập khẩu,2017,5667000000.0
Lao PDR,LAO,Merchandise imports (current US$),TM.VAL.MRCH.CD.WT,Thương mại & Xuất nhập khẩu,2018,6315000000.0
Lao PDR,LAO,Merchandise imports (current US$),TM.VAL.MRCH.CD.WT,Thương mại & Xuất nhập khẩu,2019,6272000000.0
Lao PDR,LAO,Merchandise imports (current US$),TM.VAL.MRCH.CD.WT,Thương mại & Xuất nhập khẩu,2020,5370000000.0
Lao PDR,LAO,Merchandise imports (current US$),TM.VAL.MRCH.CD.WT,Thương mại & Xuất nhập khẩu,2021,6275000000.0
Lao PDR,LAO,Merchandise imports (current US$),TM.VAL.MRCH.CD.WT,Thương mại & Xuất nhập khẩu,2022,7244000000.0
Lao PDR,LAO,Merchandise imports (current US$),TM.VAL.MRCH.CD.WT,Thương mại & Xuất nhập khẩu,2023,7649000000.0
Lao PDR,LAO,Merchandise imports (current US$),TM.VAL.MRCH.CD.WT,Thương mại & Xuất nhập khẩu,2024,8663000000.0
Lao PDR,LAO,Merchandise imports (current US$),TM.VAL.MRCH.CD.WT,Thương mại & Xuất nhập khẩu,2025,10342000000.0
Lao PDR,LAO,Merchandise trade (% of GDP),TG.VAL.TOTL.GD.ZS,Thương mại & Xuất nhập khẩu,2015,64.6593249225122
Lao PDR,LAO,Merchandise trade (% of GDP),TG.VAL.TOTL.GD.ZS,Thương mại & Xuất nhập khẩu,2016,60.4367570080616
Lao PDR,LAO,Merchandise trade (% of GDP),TG.VAL.TOTL.GD.ZS,Thương mại & Xuất nhập khẩu,2017,61.7415734478113
Lao PDR,LAO,Merchandise trade (% of GDP),TG.VAL.TOTL.GD.ZS,Thương mại & Xuất nhập khẩu,2018,64.6192918379007
Lao PDR,LAO,Merchandise trade (% of GDP),TG.VAL.TOTL.GD.ZS,Thương mại & Xuất nhập khẩu,2019,64.4484424434571
Lao PDR,LAO,Merchandise trade (% of GDP),TG.VAL.TOTL.GD.ZS,Thương mại & Xuất nhập khẩu,2020,60.505309419152
Lao PDR,LAO,Merchandise trade (% of GDP),TG.VAL.TOTL.GD.ZS,Thương mại & Xuất nhập khẩu,2021,74.201358623405
Lao PDR,LAO,Merchandise trade (% of GDP),TG.VAL.TOTL.GD.ZS,Thương mại & Xuất nhập khẩu,2022,99.8268435213214
Lao PDR,LAO,Merchandise trade (% of GDP),TG.VAL.TOTL.GD.ZS,Thương mại & Xuất nhập khẩu,2023,101.10990683755
Lao PDR,LAO,Merchandise trade (% of GDP),TG.VAL.TOTL.GD.ZS,Thương mại & Xuất nhập khẩu,2024,109.368436915393
Lao PDR,LAO,Merchandise trade (% of GDP),TG.VAL.TOTL.GD.ZS,Thương mại & Xuất nhập khẩu,2025,124.127394235305
Lao PDR,LAO,Trade (% of GDP),NE.TRD.GNFS.ZS,Thương mại & Xuất nhập khẩu,2015,85.798321703681
Lao PDR,LAO,Trade (% of GDP),NE.TRD.GNFS.ZS,Thương mại & Xuất nhập khẩu,2016,75.0918909204124
Lao PDR,LAO,Trade (% of GDP),NE.TRD.GNFS.ZS,Thương mại & Xuất nhập khẩu,2017,
Lao PDR,LAO,Trade (% of GDP),NE.TRD.GNFS.ZS,Thương mại & Xuất nhập khẩu,2018,
Lao PDR,LAO,Trade (% of GDP),NE.TRD.GNFS.ZS,Thương mại & Xuất nhập khẩu,2019,
Lao PDR,LAO,Trade (% of GDP),NE.TRD.GNFS.ZS,Thương mại & Xuất nhập khẩu,2020,
Lao PDR,LAO,Trade (% of GDP),NE.TRD.GNFS.ZS,Thương mại & Xuất nhập khẩu,2021,
Lao PDR,LAO,Trade (% of GDP),NE.TRD.GNFS.ZS,Thương mại & Xuất nhập khẩu,2022,
Lao PDR,LAO,Trade (% of GDP),NE.TRD.GNFS.ZS,Thương mại & Xuất nhập khẩu,2023,
Lao PDR,LAO,Trade (% of GDP),NE.TRD.GNFS.ZS,Thương mại & Xuất nhập khẩu,2024,
Lao PDR,LAO,Trade (% of GDP),NE.TRD.GNFS.ZS,Thương mại & Xuất nhập khẩu,2025,
Malaysia,MYS,Exports of goods and services (current US$),NE.EXP.GNFS.CD,Thương mại & Xuất nhập khẩu,2015,209287287856.543
Malaysia,MYS,Exports of goods and services (current US$),NE.EXP.GNFS.CD,Thương mại & Xuất nhập khẩu,2016,201165058574.724
Malaysia,MYS,Exports of goods and services (current US$),NE.EXP.GNFS.CD,Thương mại & Xuất nhập khẩu,2017,223413837325.056
Malaysia,MYS,Exports of goods and services (current US$),NE.EXP.GNFS.CD,Thương mại & Xuất nhập khẩu,2018,245967590635.246
Malaysia,MYS,Exports of goods and services (current US$),NE.EXP.GNFS.CD,Thương mại & Xuất nhập khẩu,2019,238379861290.486
Malaysia,MYS,Exports of goods and services (current US$),NE.EXP.GNFS.CD,Thương mại & Xuất nhập khẩu,2020,207798540352.974
Malaysia,MYS,Exports of goods and services (current US$),NE.EXP.GNFS.CD,Thương mại & Xuất nhập khẩu,2021,264015450976.493
Malaysia,MYS,Exports of goods and services (current US$),NE.EXP.GNFS.CD,Thương mại & Xuất nhập khẩu,2022,313245644474.215
Malaysia,MYS,Exports of goods and services (current US$),NE.EXP.GNFS.CD,Thương mại & Xuất nhập khẩu,2023,274681075589.892
Malaysia,MYS,Exports of goods and services (current US$),NE.EXP.GNFS.CD,Thương mại & Xuất nhập khẩu,2024,301221326764.018
Malaysia,MYS,Exports of goods and services (current US$),NE.EXP.GNFS.CD,Thương mại & Xuất nhập khẩu,2025,335105024619.412
Malaysia,MYS,Imports of goods and services (current US$),NE.IMP.GNFS.CD,Thương mại & Xuất nhập khẩu,2015,186603344672.915
Malaysia,MYS,Imports of goods and services (current US$),NE.IMP.GNFS.CD,Thương mại & Xuất nhập khẩu,2016,181125866049.416
Malaysia,MYS,Imports of goods and services (current US$),NE.IMP.GNFS.CD,Thương mại & Xuất nhập khẩu,2017,201496430249.828
Malaysia,MYS,Imports of goods and services (current US$),NE.IMP.GNFS.CD,Thương mại & Xuất nhập khẩu,2018,221902484182.666
Malaysia,MYS,Imports of goods and services (current US$),NE.IMP.GNFS.CD,Thương mại & Xuất nhập khẩu,2019,210893037728.698
Malaysia,MYS,Imports of goods and services (current US$),NE.IMP.GNFS.CD,Thương mại & Xuất nhập khẩu,2020,186310380061.102
Malaysia,MYS,Imports of goods and services (current US$),NE.IMP.GNFS.CD,Thương mại & Xuất nhập khẩu,2021,236990392677.524
Malaysia,MYS,Imports of goods and services (current US$),NE.IMP.GNFS.CD,Thương mại & Xuất nhập khẩu,2022,283918591271.771
Malaysia,MYS,Imports of goods and services (current US$),NE.IMP.GNFS.CD,Thương mại & Xuất nhập khẩu,2023,255625703549.712
Malaysia,MYS,Imports of goods and services (current US$),NE.IMP.GNFS.CD,Thương mại & Xuất nhập khẩu,2024,278760544031.284
Malaysia,MYS,Imports of goods and services (current US$),NE.IMP.GNFS.CD,Thương mại & Xuất nhập khẩu,2025,308949499862.759
Malaysia,MYS,Merchandise exports (current US$),TX.VAL.MRCH.CD.WT,Thương mại & Xuất nhập khẩu,2015,199952000000.0
Malaysia,MYS,Merchandise exports (current US$),TX.VAL.MRCH.CD.WT,Thương mại & Xuất nhập khẩu,2016,189743000000.0
Malaysia,MYS,Merchandise exports (current US$),TX.VAL.MRCH.CD.WT,Thương mại & Xuất nhập khẩu,2017,218130000000.0
Malaysia,MYS,Merchandise exports (current US$),TX.VAL.MRCH.CD.WT,Thương mại & Xuất nhập khẩu,2018,247455000000.0
Malaysia,MYS,Merchandise exports (current US$),TX.VAL.MRCH.CD.WT,Thương mại & Xuất nhập khẩu,2019,238195000000.0
Malaysia,MYS,Merchandise exports (current US$),TX.VAL.MRCH.CD.WT,Thương mại & Xuất nhập khẩu,2020,234766000000.0
Malaysia,MYS,Merchandise exports (current US$),TX.VAL.MRCH.CD.WT,Thương mại & Xuất nhập khẩu,2021,299425000000.0
Malaysia,MYS,Merchandise exports (current US$),TX.VAL.MRCH.CD.WT,Thương mại & Xuất nhập khẩu,2022,352094000000.0
Malaysia,MYS,Merchandise exports (current US$),TX.VAL.MRCH.CD.WT,Thương mại & Xuất nhập khẩu,2023,312965000000.0
Malaysia,MYS,Merchandise exports (current US$),TX.VAL.MRCH.CD.WT,Thương mại & Xuất nhập khẩu,2024,330761000000.0
Malaysia,MYS,Merchandise exports (current US$),TX.VAL.MRCH.CD.WT,Thương mại & Xuất nhập khẩu,2025,376041000000.0
Malaysia,MYS,Merchandise imports (current US$),TM.VAL.MRCH.CD.WT,Thương mại & Xuất nhập khẩu,2015,175971000000.0
Malaysia,MYS,Merchandise imports (current US$),TM.VAL.MRCH.CD.WT,Thương mại & Xuất nhập khẩu,2016,168684000000.0
Malaysia,MYS,Merchandise imports (current US$),TM.VAL.MRCH.CD.WT,Thương mại & Xuất nhập khẩu,2017,195417000000.0
Malaysia,MYS,Merchandise imports (current US$),TM.VAL.MRCH.CD.WT,Thương mại & Xuất nhập khẩu,2018,217602000000.0
Malaysia,MYS,Merchandise imports (current US$),TM.VAL.MRCH.CD.WT,Thương mại & Xuất nhập khẩu,2019,204998000000.0
Malaysia,MYS,Merchandise imports (current US$),TM.VAL.MRCH.CD.WT,Thương mại & Xuất nhập khẩu,2020,190860000000.0
Malaysia,MYS,Merchandise imports (current US$),TM.VAL.MRCH.CD.WT,Thương mại & Xuất nhập khẩu,2021,238240000000.0
Malaysia,MYS,Merchandise imports (current US$),TM.VAL.MRCH.CD.WT,Thương mại & Xuất nhập khẩu,2022,293797000000.0
Malaysia,MYS,Merchandise imports (current US$),TM.VAL.MRCH.CD.WT,Thương mại & Xuất nhập khẩu,2023,265667000000.0
Malaysia,MYS,Merchandise imports (current US$),TM.VAL.MRCH.CD.WT,Thương mại & Xuất nhập khẩu,2024,300216000000.0
Malaysia,MYS,Merchandise imports (current US$),TM.VAL.MRCH.CD.WT,Thương mại & Xuất nhập khẩu,2025,340436000000.0
Malaysia,MYS,Merchandise trade (% of GDP),TG.VAL.TOTL.GD.ZS,Thương mại & Xuất nhập khẩu,2015,124.744128014104
Malaysia,MYS,Merchandise trade (% of GDP),TG.VAL.TOTL.GD.ZS,Thương mại & Xuất nhập khẩu,2016,118.977533958465
Malaysia,MYS,Merchandise trade (% of GDP),TG.VAL.TOTL.GD.ZS,Thương mại & Xuất nhập khẩu,2017,129.59423832409
Malaysia,MYS,Merchandise trade (% of GDP),TG.VAL.TOTL.GD.ZS,Thương mại & Xuất nhập khẩu,2018,129.618578045934
Malaysia,MYS,Merchandise trade (% of GDP),TG.VAL.TOTL.GD.ZS,Thương mại & Xuất nhập khẩu,2019,121.363646927926
Malaysia,MYS,Merchandise trade (% of GDP),TG.VAL.TOTL.GD.ZS,Thương mại & Xuất nhập khẩu,2020,126.127789459766
Malaysia,MYS,Merchandise trade (% of GDP),TG.VAL.TOTL.GD.ZS,Thương mại & Xuất nhập khẩu,2021,143.843557910987
Malaysia,MYS,Merchandise trade (% of GDP),TG.VAL.TOTL.GD.ZS,Thương mại & Xuất nhập khẩu,2022,158.372401975752
Malaysia,MYS,Merchandise trade (% of GDP),TG.VAL.TOTL.GD.ZS,Thương mại & Xuất nhập khẩu,2023,144.676294768626
Malaysia,MYS,Merchandise trade (% of GDP),TG.VAL.TOTL.GD.ZS,Thương mại & Xuất nhập khẩu,2024,149.440228097056
Malaysia,MYS,Merchandise trade (% of GDP),TG.VAL.TOTL.GD.ZS,Thương mại & Xuất nhập khẩu,2025,151.733889490642
Malaysia,MYS,Trade (% of GDP),NE.TRD.GNFS.ZS,Thương mại & Xuất nhập khẩu,2015,131.37007244526
Malaysia,MYS,Trade (% of GDP),NE.TRD.GNFS.ZS,Thương mại & Xuất nhập khẩu,2016,126.8990100257
Malaysia,MYS,Trade (% of GDP),NE.TRD.GNFS.ZS,Thương mại & Xuất nhập khẩu,2017,133.155173371956
Malaysia,MYS,Trade (% of GDP),NE.TRD.GNFS.ZS,Thương mại & Xuất nhập khẩu,2018,130.402625502126
Malaysia,MYS,Trade (% of GDP),NE.TRD.GNFS.ZS,Thương mại & Xuất nhập khẩu,2019,123.028562027943
Malaysia,MYS,Trade (% of GDP),NE.TRD.GNFS.ZS,Thương mại & Xuất nhập khẩu,2020,116.788182437638
Malaysia,MYS,Trade (% of GDP),NE.TRD.GNFS.ZS,Thương mại & Xuất nhập khẩu,2021,134.035994690727
Malaysia,MYS,Trade (% of GDP),NE.TRD.GNFS.ZS,Thương mại & Xuất nhập khẩu,2022,146.424604753908
Malaysia,MYS,Trade (% of GDP),NE.TRD.GNFS.ZS,Thương mại & Xuất nhập khẩu,2023,132.593461641599
Malaysia,MYS,Trade (% of GDP),NE.TRD.GNFS.ZS,Thương mại & Xuất nhập khẩu,2024,137.362571161559
Malaysia,MYS,Trade (% of GDP),NE.TRD.GNFS.ZS,Thương mại & Xuất nhập khẩu,2025,136.39642032295
Myanmar,MMR,Exports of goods and services (current US$),NE.EXP.GNFS.CD,Thương mại & Xuất nhập khẩu,2015,
Myanmar,MMR,Exports of goods and services (current US$),NE.EXP.GNFS.CD,Thương mại & Xuất nhập khẩu,2016,
Myanmar,MMR,Exports of goods and services (current US$),NE.EXP.GNFS.CD,Thương mại & Xuất nhập khẩu,2017,
Myanmar,MMR,Exports of goods and services (current US$),NE.EXP.GNFS.CD,Thương mại & Xuất nhập khẩu,2018,
Myanmar,MMR,Exports of goods and services (current US$),NE.EXP.GNFS.CD,Thương mại & Xuất nhập khẩu,2019,
Myanmar,MMR,Exports of goods and services (current US$),NE.EXP.GNFS.CD,Thương mại & Xuất nhập khẩu,2020,
Myanmar,MMR,Exports of goods and services (current US$),NE.EXP.GNFS.CD,Thương mại & Xuất nhập khẩu,2021,
Myanmar,MMR,Exports of goods and services (current US$),NE.EXP.GNFS.CD,Thương mại & Xuất nhập khẩu,2022,
Myanmar,MMR,Exports of goods and services (current US$),NE.EXP.GNFS.CD,Thương mại & Xuất nhập khẩu,2023,
Myanmar,MMR,Exports of goods and services (current US$),NE.EXP.GNFS.CD,Thương mại & Xuất nhập khẩu,2024,
Myanmar,MMR,Exports of goods and services (current US$),NE.EXP.GNFS.CD,Thương mại & Xuất nhập khẩu,2025,
Myanmar,MMR,Imports of goods and services (current US$),NE.IMP.GNFS.CD,Thương mại & Xuất nhập khẩu,2015,
Myanmar,MMR,Imports of goods and services (current US$),NE.IMP.GNFS.CD,Thương mại & Xuất nhập khẩu,2016,
Myanmar,MMR,Imports of goods and services (current US$),NE.IMP.GNFS.CD,Thương mại & Xuất nhập khẩu,2017,
Myanmar,MMR,Imports of goods and services (current US$),NE.IMP.GNFS.CD,Thương mại & Xuất nhập khẩu,2018,
Myanmar,MMR,Imports of goods and services (current US$),NE.IMP.GNFS.CD,Thương mại & Xuất nhập khẩu,2019,
Myanmar,MMR,Imports of goods and services (current US$),NE.IMP.GNFS.CD,Thương mại & Xuất nhập khẩu,2020,
Myanmar,MMR,Imports of goods and services (current US$),NE.IMP.GNFS.CD,Thương mại & Xuất nhập khẩu,2021,
Myanmar,MMR,Imports of goods and services (current US$),NE.IMP.GNFS.CD,Thương mại & Xuất nhập khẩu,2022,
Myanmar,MMR,Imports of goods and services (current US$),NE.IMP.GNFS.CD,Thương mại & Xuất nhập khẩu,2023,
Myanmar,MMR,Imports of goods and services (current US$),NE.IMP.GNFS.CD,Thương mại & Xuất nhập khẩu,2024,
Myanmar,MMR,Imports of goods and services (current US$),NE.IMP.GNFS.CD,Thương mại & Xuất nhập khẩu,2025,
Myanmar,MMR,Merchandise exports (current US$),TX.VAL.MRCH.CD.WT,Thương mại & Xuất nhập khẩu,2015,11429000000.0
Myanmar,MMR,Merchandise exports (current US$),TX.VAL.MRCH.CD.WT,Thương mại & Xuất nhập khẩu,2016,11831000000.0
Myanmar,MMR,Merchandise exports (current US$),TX.VAL.MRCH.CD.WT,Thương mại & Xuất nhập khẩu,2017,13879000000.0
Myanmar,MMR,Merchandise exports (current US$),TX.VAL.MRCH.CD.WT,Thương mại & Xuất nhập khẩu,2018,16614000000.0
Myanmar,MMR,Merchandise exports (current US$),TX.VAL.MRCH.CD.WT,Thương mại & Xuất nhập khẩu,2019,17997000000.0
Myanmar,MMR,Merchandise exports (current US$),TX.VAL.MRCH.CD.WT,Thương mại & Xuất nhập khẩu,2020,16692000000.0
Myanmar,MMR,Merchandise exports (current US$),TX.VAL.MRCH.CD.WT,Thương mại & Xuất nhập khẩu,2021,15154000000.0
Myanmar,MMR,Merchandise exports (current US$),TX.VAL.MRCH.CD.WT,Thương mại & Xuất nhập khẩu,2022,17085000000.0
Myanmar,MMR,Merchandise exports (current US$),TX.VAL.MRCH.CD.WT,Thương mại & Xuất nhập khẩu,2023,14753000000.0
Myanmar,MMR,Merchandise exports (current US$),TX.VAL.MRCH.CD.WT,Thương mại & Xuất nhập khẩu,2024,14924000000.0
Myanmar,MMR,Merchandise exports (current US$),TX.VAL.MRCH.CD.WT,Thương mại & Xuất nhập khẩu,2025,15298000000.0
Myanmar,MMR,Merchandise imports (current US$),TM.VAL.MRCH.CD.WT,Thương mại & Xuất nhập khẩu,2015,16885000000.0
Myanmar,MMR,Merchandise imports (current US$),TM.VAL.MRCH.CD.WT,Thương mại & Xuất nhập khẩu,2016,15705000000.0
Myanmar,MMR,Merchandise imports (current US$),TM.VAL.MRCH.CD.WT,Thương mại & Xuất nhập khẩu,2017,19253000000.0
Myanmar,MMR,Merchandise imports (current US$),TM.VAL.MRCH.CD.WT,Thương mại & Xuất nhập khẩu,2018,19334000000.0
Myanmar,MMR,Merchandise imports (current US$),TM.VAL.MRCH.CD.WT,Thương mại & Xuất nhập khẩu,2019,18588000000.0
Myanmar,MMR,Merchandise imports (current US$),TM.VAL.MRCH.CD.WT,Thương mại & Xuất nhập khẩu,2020,17947000000.0
Myanmar,MMR,Merchandise imports (current US$),TM.VAL.MRCH.CD.WT,Thương mại & Xuất nhập khẩu,2021,14327000000.0
Myanmar,MMR,Merchandise imports (current US$),TM.VAL.MRCH.CD.WT,Thương mại & Xuất nhập khẩu,2022,17403000000.0
Myanmar,MMR,Merchandise imports (current US$),TM.VAL.MRCH.CD.WT,Thương mại & Xuất nhập khẩu,2023,16440000000.0
Myanmar,MMR,Merchandise imports (current US$),TM.VAL.MRCH.CD.WT,Thương mại & Xuất nhập khẩu,2024,12452000000.0
Myanmar,MMR,Merchandise imports (current US$),TM.VAL.MRCH.CD.WT,Thương mại & Xuất nhập khẩu,2025,14331000000.0
Myanmar,MMR,Merchandise trade (% of GDP),TG.VAL.TOTL.GD.ZS,Thương mại & Xuất nhập khẩu,2015,47.500900991099
Myanmar,MMR,Merchandise trade (% of GDP),TG.VAL.TOTL.GD.ZS,Thương mại & Xuất nhập khẩu,2016,43.501915581396
Myanmar,MMR,Merchandise trade (% of GDP),TG.VAL.TOTL.GD.ZS,Thương mại & Xuất nhập khẩu,2017,50.1596894824642
Myanmar,MMR,Merchandise trade (% of GDP),TG.VAL.TOTL.GD.ZS,Thương mại & Xuất nhập khẩu,2018,52.9733667300042
Myanmar,MMR,Merchandise trade (% of GDP),TG.VAL.TOTL.GD.ZS,Thương mại & Xuất nhập khẩu,2019,48.7376916366834
Myanmar,MMR,Merchandise trade (% of GDP),TG.VAL.TOTL.GD.ZS,Thương mại & Xuất nhập khẩu,2020,43.8434424915995
Myanmar,MMR,Merchandise trade (% of GDP),TG.VAL.TOTL.GD.ZS,Thương mại & Xuất nhập khẩu,2021,44.4357082235544
Myanmar,MMR,Merchandise trade (% of GDP),TG.VAL.TOTL.GD.ZS,Thương mại & Xuất nhập khẩu,2022,55.3996953724008
Myanmar,MMR,Merchandise trade (% of GDP),TG.VAL.TOTL.GD.ZS,Thương mại & Xuất nhập khẩu,2023,46.7257527564007
Myanmar,MMR,Merchandise trade (% of GDP),TG.VAL.TOTL.GD.ZS,Thương mại & Xuất nhập khẩu,2024,36.9604563568679
Myanmar,MMR,Merchandise trade (% of GDP),TG.VAL.TOTL.GD.ZS,Thương mại & Xuất nhập khẩu,2025,36.2808048192947
Myanmar,MMR,Trade (% of GDP),NE.TRD.GNFS.ZS,Thương mại & Xuất nhập khẩu,2015,
Myanmar,MMR,Trade (% of GDP),NE.TRD.GNFS.ZS,Thương mại & Xuất nhập khẩu,2016,
Myanmar,MMR,Trade (% of GDP),NE.TRD.GNFS.ZS,Thương mại & Xuất nhập khẩu,2017,
Myanmar,MMR,Trade (% of GDP),NE.TRD.GNFS.ZS,Thương mại & Xuất nhập khẩu,2018,
Myanmar,MMR,Trade (% of GDP),NE.TRD.GNFS.ZS,Thương mại & Xuất nhập khẩu,2019,
Myanmar,MMR,Trade (% of GDP),NE.TRD.GNFS.ZS,Thương mại & Xuất nhập khẩu,2020,
Myanmar,MMR,Trade (% of GDP),NE.TRD.GNFS.ZS,Thương mại & Xuất nhập khẩu,2021,
Myanmar,MMR,Trade (% of GDP),NE.TRD.GNFS.ZS,Thương mại & Xuất nhập khẩu,2022,
Myanmar,MMR,Trade (% of GDP),NE.TRD.GNFS.ZS,Thương mại & Xuất nhập khẩu,2023,
Myanmar,MMR,Trade (% of GDP),NE.TRD.GNFS.ZS,Thương mại & Xuất nhập khẩu,2024,
Myanmar,MMR,Trade (% of GDP),NE.TRD.GNFS.ZS,Thương mại & Xuất nhập khẩu,2025,
Philippines,PHL,Exports of goods and services (current US$),NE.EXP.GNFS.CD,Thương mại & Xuất nhập khẩu,2015,83377968054.3017
Philippines,PHL,Exports of goods and services (current US$),NE.EXP.GNFS.CD,Thương mại & Xuất nhập khẩu,2016,84987391167.9967
Philippines,PHL,Exports of goods and services (current US$),NE.EXP.GNFS.CD,Thương mại & Xuất nhập khẩu,2017,97073582741.5119
Philippines,PHL,Exports of goods and services (current US$),NE.EXP.GNFS.CD,Thương mại & Xuất nhập khẩu,2018,104793441904.255
Philippines,PHL,Exports of goods and services (current US$),NE.EXP.GNFS.CD,Thương mại & Xuất nhập khẩu,2019,106953484846.44
Philippines,PHL,Exports of goods and services (current US$),NE.EXP.GNFS.CD,Thương mại & Xuất nhập khẩu,2020,91171559890.9852
Philippines,PHL,Exports of goods and services (current US$),NE.EXP.GNFS.CD,Thương mại & Xuất nhập khẩu,2021,101485514507.701
Philippines,PHL,Exports of goods and services (current US$),NE.EXP.GNFS.CD,Thương mại & Xuất nhập khẩu,2022,114785414693.615
Philippines,PHL,Exports of goods and services (current US$),NE.EXP.GNFS.CD,Thương mại & Xuất nhập khẩu,2023,116417848992.129
Philippines,PHL,Exports of goods and services (current US$),NE.EXP.GNFS.CD,Thương mại & Xuất nhập khẩu,2024,118820216615.131
Philippines,PHL,Exports of goods and services (current US$),NE.EXP.GNFS.CD,Thương mại & Xuất nhập khẩu,2025,129323001566.143
Philippines,PHL,Imports of goods and services (current US$),NE.IMP.GNFS.CD,Thương mại & Xuất nhập khẩu,2015,97858999139.3944
Philippines,PHL,Imports of goods and services (current US$),NE.IMP.GNFS.CD,Thương mại & Xuất nhập khẩu,2016,111847835761.901
Philippines,PHL,Imports of goods and services (current US$),NE.IMP.GNFS.CD,Thương mại & Xuất nhập khẩu,2017,126846380455.649
Philippines,PHL,Imports of goods and services (current US$),NE.IMP.GNFS.CD,Thương mại & Xuất nhập khẩu,2018,145499457397.948
Philippines,PHL,Imports of goods and services (current US$),NE.IMP.GNFS.CD,Thương mại & Xuất nhập khẩu,2019,152458687320.163
Philippines,PHL,Imports of goods and services (current US$),NE.IMP.GNFS.CD,Thương mại & Xuất nhập khẩu,2020,119257490806.482
Philippines,PHL,Imports of goods and services (current US$),NE.IMP.GNFS.CD,Thương mại & Xuất nhập khẩu,2021,148699308216.869
Philippines,PHL,Imports of goods and services (current US$),NE.IMP.GNFS.CD,Thương mại & Xuất nhập khẩu,2022,178086451580.466
Philippines,PHL,Imports of goods and services (current US$),NE.IMP.GNFS.CD,Thương mại & Xuất nhập khẩu,2023,178244920795.467
Philippines,PHL,Imports of goods and services (current US$),NE.IMP.GNFS.CD,Thương mại & Xuất nhập khẩu,2024,185253897876.947
Philippines,PHL,Imports of goods and services (current US$),NE.IMP.GNFS.CD,Thương mại & Xuất nhập khẩu,2025,196019381535.854
Philippines,PHL,Merchandise exports (current US$),TX.VAL.MRCH.CD.WT,Thương mại & Xuất nhập khẩu,2015,58827000000.0
Philippines,PHL,Merchandise exports (current US$),TX.VAL.MRCH.CD.WT,Thương mại & Xuất nhập khẩu,2016,56313000000.0
Philippines,PHL,Merchandise exports (current US$),TX.VAL.MRCH.CD.WT,Thương mại & Xuất nhập khẩu,2017,68713000000.0
Philippines,PHL,Merchandise exports (current US$),TX.VAL.MRCH.CD.WT,Thương mại & Xuất nhập khẩu,2018,67488000000.0
Philippines,PHL,Merchandise exports (current US$),TX.VAL.MRCH.CD.WT,Thương mại & Xuất nhập khẩu,2019,70334000000.0
Philippines,PHL,Merchandise exports (current US$),TX.VAL.MRCH.CD.WT,Thương mại & Xuất nhập khẩu,2020,63879000000.0
Philippines,PHL,Merchandise exports (current US$),TX.VAL.MRCH.CD.WT,Thương mại & Xuất nhập khẩu,2021,74618000000.0
Philippines,PHL,Merchandise exports (current US$),TX.VAL.MRCH.CD.WT,Thương mại & Xuất nhập khẩu,2022,78930000000.0
Philippines,PHL,Merchandise exports (current US$),TX.VAL.MRCH.CD.WT,Thương mại & Xuất nhập khẩu,2023,73527000000.0
Philippines,PHL,Merchandise exports (current US$),TX.VAL.MRCH.CD.WT,Thương mại & Xuất nhập khẩu,2024,72984000000.0
Philippines,PHL,Merchandise exports (current US$),TX.VAL.MRCH.CD.WT,Thương mại & Xuất nhập khẩu,2025,83723000000.0
Philippines,PHL,Merchandise imports (current US$),TM.VAL.MRCH.CD.WT,Thương mại & Xuất nhập khẩu,2015,74750000000.0
Philippines,PHL,Merchandise imports (current US$),TM.VAL.MRCH.CD.WT,Thương mại & Xuất nhập khẩu,2016,85935000000.0
Philippines,PHL,Merchandise imports (current US$),TM.VAL.MRCH.CD.WT,Thương mại & Xuất nhập khẩu,2017,101902000000.0
Philippines,PHL,Merchandise imports (current US$),TM.VAL.MRCH.CD.WT,Thương mại & Xuất nhập khẩu,2018,115119000000.0
Philippines,PHL,Merchandise imports (current US$),TM.VAL.MRCH.CD.WT,Thương mại & Xuất nhập khẩu,2019,112909000000.0
Philippines,PHL,Merchandise imports (current US$),TM.VAL.MRCH.CD.WT,Thương mại & Xuất nhập khẩu,2020,90751000000.0
Philippines,PHL,Merchandise imports (current US$),TM.VAL.MRCH.CD.WT,Thương mại & Xuất nhập khẩu,2021,124367000000.0
Philippines,PHL,Merchandise imports (current US$),TM.VAL.MRCH.CD.WT,Thương mại & Xuất nhập khẩu,2022,145867000000.0
Philippines,PHL,Merchandise imports (current US$),TM.VAL.MRCH.CD.WT,Thương mại & Xuất nhập khẩu,2023,133806000000.0
Philippines,PHL,Merchandise imports (current US$),TM.VAL.MRCH.CD.WT,Thương mại & Xuất nhập khẩu,2024,134882000000.0
Philippines,PHL,Merchandise imports (current US$),TM.VAL.MRCH.CD.WT,Thương mại & Xuất nhập khẩu,2025,141196000000.0
Philippines,PHL,Merchandise trade (% of GDP),TG.VAL.TOTL.GD.ZS,Thương mại & Xuất nhập khẩu,2015,43.5891008935715
Philippines,PHL,Merchandise trade (% of GDP),TG.VAL.TOTL.GD.ZS,Thương mại & Xuất nhập khẩu,2016,44.6440504581247
Philippines,PHL,Merchandise trade (% of GDP),TG.VAL.TOTL.GD.ZS,Thương mại & Xuất nhập khẩu,2017,51.9406409217987
Philippines,PHL,Merchandise trade (% of GDP),TG.VAL.TOTL.GD.ZS,Thương mại & Xuất nhập khẩu,2018,52.6484838760047
Philippines,PHL,Merchandise trade (% of GDP),TG.VAL.TOTL.GD.ZS,Thương mại & Xuất nhập khẩu,2019,48.6283492243701
Philippines,PHL,Merchandise trade (% of GDP),TG.VAL.TOTL.GD.ZS,Thương mại & Xuất nhập khẩu,2020,42.7448542856625
Philippines,PHL,Merchandise trade (% of GDP),TG.VAL.TOTL.GD.ZS,Thương mại & Xuất nhập khẩu,2021,50.4926116069019
Philippines,PHL,Merchandise trade (% of GDP),TG.VAL.TOTL.GD.ZS,Thương mại & Xuất nhập khẩu,2022,55.5941948053511
Philippines,PHL,Merchandise trade (% of GDP),TG.VAL.TOTL.GD.ZS,Thương mại & Xuất nhập khẩu,2023,47.438583803821
Philippines,PHL,Merchandise trade (% of GDP),TG.VAL.TOTL.GD.ZS,Thương mại & Xuất nhập khẩu,2024,45.0246883395064
Philippines,PHL,Merchandise trade (% of GDP),TG.VAL.TOTL.GD.ZS,Thương mại & Xuất nhập khẩu,2025,46.1764334984631
Philippines,PHL,Trade (% of GDP),NE.TRD.GNFS.ZS,Thương mại & Xuất nhập khẩu,2015,59.1415921053094
Philippines,PHL,Trade (% of GDP),NE.TRD.GNFS.ZS,Thương mại & Xuất nhập khẩu,2016,61.7760657653871
Philippines,PHL,Trade (% of GDP),NE.TRD.GNFS.ZS,Thương mại & Xuất nhập khẩu,2017,68.1683697426727
Philippines,PHL,Trade (% of GDP),NE.TRD.GNFS.ZS,Thương mại & Xuất nhập khẩu,2018,72.1633982990273
Philippines,PHL,Trade (% of GDP),NE.TRD.GNFS.ZS,Thương mại & Xuất nhập khẩu,2019,68.8418422595678
Philippines,PHL,Trade (% of GDP),NE.TRD.GNFS.ZS,Thương mại & Xuất nhập khẩu,2020,58.1695603022281
Philippines,PHL,Trade (% of GDP),NE.TRD.GNFS.ZS,Thương mại & Xuất nhập khẩu,2021,63.4846098136712
Philippines,PHL,Trade (% of GDP),NE.TRD.GNFS.ZS,Thương mại & Xuất nhập khẩu,2022,72.4296836107599
Philippines,PHL,Trade (% of GDP),NE.TRD.GNFS.ZS,Thương mại & Xuất nhập khẩu,2023,67.4199693171606
Philippines,PHL,Trade (% of GDP),NE.TRD.GNFS.ZS,Thương mại & Xuất nhập khẩu,2024,65.8637883882752
Philippines,PHL,Trade (% of GDP),NE.TRD.GNFS.ZS,Thương mại & Xuất nhập khẩu,2025,66.7936053314343
Singapore,SGP,Exports of goods and services (current US$),NE.EXP.GNFS.CD,Thương mại & Xuất nhập khẩu,2015,549421999163.53
Singapore,SGP,Exports of goods and services (current US$),NE.EXP.GNFS.CD,Thương mại & Xuất nhập khẩu,2016,525391771247.573
Singapore,SGP,Exports of goods and services (current US$),NE.EXP.GNFS.CD,Thương mại & Xuất nhập khẩu,2017,589508336803.23
Singapore,SGP,Exports of goods and services (current US$),NE.EXP.GNFS.CD,Thương mại & Xuất nhập khẩu,2018,671713291845.894
Singapore,SGP,Exports of goods and services (current US$),NE.EXP.GNFS.CD,Thương mại & Xuất nhập khẩu,2019,666302583718.308
Singapore,SGP,Exports of goods and services (current US$),NE.EXP.GNFS.CD,Thương mại & Xuất nhập khẩu,2020,636352158591.969
Singapore,SGP,Exports of goods and services (current US$),NE.EXP.GNFS.CD,Thương mại & Xuất nhập khẩu,2021,799113423839.379
Singapore,SGP,Exports of goods and services (current US$),NE.EXP.GNFS.CD,Thương mại & Xuất nhập khẩu,2022,951421989501.453
Singapore,SGP,Exports of goods and services (current US$),NE.EXP.GNFS.CD,Thương mại & Xuất nhập khẩu,2023,922325317795.269
Singapore,SGP,Exports of goods and services (current US$),NE.EXP.GNFS.CD,Thương mại & Xuất nhập khẩu,2024,1000563674149.64
Singapore,SGP,Exports of goods and services (current US$),NE.EXP.GNFS.CD,Thương mại & Xuất nhập khẩu,2025,1073990898313.51
Singapore,SGP,Imports of goods and services (current US$),NE.IMP.GNFS.CD,Thương mại & Xuất nhập khẩu,2015,465345116651.21
Singapore,SGP,Imports of goods and services (current US$),NE.IMP.GNFS.CD,Thương mại & Xuất nhập khẩu,2016,441180387768.485
Singapore,SGP,Imports of goods and services (current US$),NE.IMP.GNFS.CD,Thương mại & Xuất nhập khẩu,2017,497980411680.576
Singapore,SGP,Imports of goods and services (current US$),NE.IMP.GNFS.CD,Thương mại & Xuất nhập khẩu,2018,559453294010.714
Singapore,SGP,Imports of goods and services (current US$),NE.IMP.GNFS.CD,Thương mại & Xuất nhập khẩu,2019,555635930735.296
Singapore,SGP,Imports of goods and services (current US$),NE.IMP.GNFS.CD,Thương mại & Xuất nhập khẩu,2020,526490604765.239
Singapore,SGP,Imports of goods and services (current US$),NE.IMP.GNFS.CD,Thương mại & Xuất nhập khẩu,2021,641260365780.587
Singapore,SGP,Imports of goods and services (current US$),NE.IMP.GNFS.CD,Thương mại & Xuất nhập khẩu,2022,746881154042.274
Singapore,SGP,Imports of goods and services (current US$),NE.IMP.GNFS.CD,Thương mại & Xuất nhập khẩu,2023,732376279726.863
Singapore,SGP,Imports of goods and services (current US$),NE.IMP.GNFS.CD,Thương mại & Xuất nhập khẩu,2024,794257214123.585
Singapore,SGP,Imports of goods and services (current US$),NE.IMP.GNFS.CD,Thương mại & Xuất nhập khẩu,2025,860239550269.609
Singapore,SGP,Merchandise exports (current US$),TX.VAL.MRCH.CD.WT,Thương mại & Xuất nhập khẩu,2015,351587000000.0
Singapore,SGP,Merchandise exports (current US$),TX.VAL.MRCH.CD.WT,Thương mại & Xuất nhập khẩu,2016,330481000000.0
Singapore,SGP,Merchandise exports (current US$),TX.VAL.MRCH.CD.WT,Thương mại & Xuất nhập khẩu,2017,373446000000.0
Singapore,SGP,Merchandise exports (current US$),TX.VAL.MRCH.CD.WT,Thương mại & Xuất nhập khẩu,2018,412955000000.0
Singapore,SGP,Merchandise exports (current US$),TX.VAL.MRCH.CD.WT,Thương mại & Xuất nhập khẩu,2019,390763000000.0
Singapore,SGP,Merchandise exports (current US$),TX.VAL.MRCH.CD.WT,Thương mại & Xuất nhập khẩu,2020,362534000000.0
Singapore,SGP,Merchandise exports (current US$),TX.VAL.MRCH.CD.WT,Thương mại & Xuất nhập khẩu,2021,457357000000.0
Singapore,SGP,Merchandise exports (current US$),TX.VAL.MRCH.CD.WT,Thương mại & Xuất nhập khẩu,2022,515802000000.0
Singapore,SGP,Merchandise exports (current US$),TX.VAL.MRCH.CD.WT,Thương mại & Xuất nhập khẩu,2023,476252000000.0
Singapore,SGP,Merchandise exports (current US$),TX.VAL.MRCH.CD.WT,Thương mại & Xuất nhập khẩu,2024,505658000000.0
Singapore,SGP,Merchandise exports (current US$),TX.VAL.MRCH.CD.WT,Thương mại & Xuất nhập khẩu,2025,566872000000.0
Singapore,SGP,Merchandise imports (current US$),TM.VAL.MRCH.CD.WT,Thương mại & Xuất nhập khẩu,2015,297087000000.0
Singapore,SGP,Merchandise imports (current US$),TM.VAL.MRCH.CD.WT,Thương mại & Xuất nhập khẩu,2016,283339000000.0
Singapore,SGP,Merchandise imports (current US$),TM.VAL.MRCH.CD.WT,Thương mại & Xuất nhập khẩu,2017,327923000000.0
Singapore,SGP,Merchandise imports (current US$),TM.VAL.MRCH.CD.WT,Thương mại & Xuất nhập khẩu,2018,370881000000.0
Singapore,SGP,Merchandise imports (current US$),TM.VAL.MRCH.CD.WT,Thương mại & Xuất nhập khẩu,2019,359266000000.0
Singapore,SGP,Merchandise imports (current US$),TM.VAL.MRCH.CD.WT,Thương mại & Xuất nhập khẩu,2020,329830000000.0
Singapore,SGP,Merchandise imports (current US$),TM.VAL.MRCH.CD.WT,Thương mại & Xuất nhập khẩu,2021,406226000000.0
Singapore,SGP,Merchandise imports (current US$),TM.VAL.MRCH.CD.WT,Thương mại & Xuất nhập khẩu,2022,475578000000.0
Singapore,SGP,Merchandise imports (current US$),TM.VAL.MRCH.CD.WT,Thương mại & Xuất nhập khẩu,2023,423448000000.0
Singapore,SGP,Merchandise imports (current US$),TM.VAL.MRCH.CD.WT,Thương mại & Xuất nhập khẩu,2024,458686000000.0
Singapore,SGP,Merchandise imports (current US$),TM.VAL.MRCH.CD.WT,Thương mại & Xuất nhập khẩu,2025,505838000000.0
Singapore,SGP,Merchandise trade (% of GDP),TG.VAL.TOTL.GD.ZS,Thương mại & Xuất nhập khẩu,2015,210.609436298676
Singapore,SGP,Merchandise trade (% of GDP),TG.VAL.TOTL.GD.ZS,Thương mại & Xuất nhập khẩu,2016,191.364732723208
Singapore,SGP,Merchandise trade (% of GDP),TG.VAL.TOTL.GD.ZS,Thương mại & Xuất nhập khẩu,2017,203.416162502452
Singapore,SGP,Merchandise trade (% of GDP),TG.VAL.TOTL.GD.ZS,Thương mại & Xuất nhập khẩu,2018,207.376986133428
Singapore,SGP,Merchandise trade (% of GDP),TG.VAL.TOTL.GD.ZS,Thương mại & Xuất nhập khẩu,2019,199.037813595548
Singapore,SGP,Merchandise trade (% of GDP),TG.VAL.TOTL.GD.ZS,Thương mại & Xuất nhập khẩu,2020,197.12747576114
Singapore,SGP,Merchandise trade (% of GDP),TG.VAL.TOTL.GD.ZS,Thương mại & Xuất nhập khẩu,2021,195.774575758532
Singapore,SGP,Merchandise trade (% of GDP),TG.VAL.TOTL.GD.ZS,Thương mại & Xuất nhập khẩu,2022,192.7807705488
Singapore,SGP,Merchandise trade (% of GDP),TG.VAL.TOTL.GD.ZS,Thương mại & Xuất nhập khẩu,2023,176.003932106446
Singapore,SGP,Merchandise trade (% of GDP),TG.VAL.TOTL.GD.ZS,Thương mại & Xuất nhập khẩu,2024,168.333440168257
Singapore,SGP,Merchandise trade (% of GDP),TG.VAL.TOTL.GD.ZS,Thương mại & Xuất nhập khẩu,2025,177.639369069567
Singapore,SGP,Trade (% of GDP),NE.TRD.GNFS.ZS,Thương mại & Xuất nhập khẩu,2015,329.471398940262
Singapore,SGP,Trade (% of GDP),NE.TRD.GNFS.ZS,Thương mại & Xuất nhập khẩu,2016,301.338866227561
Singapore,SGP,Trade (% of GDP),NE.TRD.GNFS.ZS,Thương mại & Xuất nhập khẩu,2017,315.401433455385
Singapore,SGP,Trade (% of GDP),NE.TRD.GNFS.ZS,Thương mại & Xuất nhập khẩu,2018,325.725809994853
Singapore,SGP,Trade (% of GDP),NE.TRD.GNFS.ZS,Thương mại & Xuất nhập khẩu,2019,324.270088576625
Singapore,SGP,Trade (% of GDP),NE.TRD.GNFS.ZS,Thương mại & Xuất nhập khẩu,2020,331.080556828077
Singapore,SGP,Trade (% of GDP),NE.TRD.GNFS.ZS,Thương mại & Xuất nhập khẩu,2021,326.53325458764
Singapore,SGP,Trade (% of GDP),NE.TRD.GNFS.ZS,Thương mại & Xuất nhập khẩu,2022,330.246917062891
Singapore,SGP,Trade (% of GDP),NE.TRD.GNFS.ZS,Thương mại & Xuất nhập khẩu,2023,323.7012199919
Singapore,SGP,Trade (% of GDP),NE.TRD.GNFS.ZS,Thương mại & Xuất nhập khẩu,2024,313.299377202408
Singapore,SGP,Trade (% of GDP),NE.TRD.GNFS.ZS,Thương mại & Xuất nhập khẩu,2025,320.306025413626
Thailand,THA,Exports of goods and services (current US$),NE.EXP.GNFS.CD,Thương mại & Xuất nhập khẩu,2015,271423493717.844
Thailand,THA,Exports of goods and services (current US$),NE.EXP.GNFS.CD,Thương mại & Xuất nhập khẩu,2016,277248464807.286
Thailand,THA,Exports of goods and services (current US$),NE.EXP.GNFS.CD,Thương mại & Xuất nhập khẩu,2017,304266013738.262
Thailand,THA,Exports of goods and services (current US$),NE.EXP.GNFS.CD,Thương mại & Xuất nhập khẩu,2018,328569784686.743
Thailand,THA,Exports of goods and services (current US$),NE.EXP.GNFS.CD,Thương mại & Xuất nhập khẩu,2019,323768892197.357
Thailand,THA,Exports of goods and services (current US$),NE.EXP.GNFS.CD,Thương mại & Xuất nhập khẩu,2020,256835239506.721
Thailand,THA,Exports of goods and services (current US$),NE.EXP.GNFS.CD,Thương mại & Xuất nhập khẩu,2021,295639913234.139
Thailand,THA,Exports of goods and services (current US$),NE.EXP.GNFS.CD,Thương mại & Xuất nhập khẩu,2022,323854472232.244
Thailand,THA,Exports of goods and services (current US$),NE.EXP.GNFS.CD,Thương mại & Xuất nhập khẩu,2023,338714010202.059
Thailand,THA,Exports of goods and services (current US$),NE.EXP.GNFS.CD,Thương mại & Xuất nhập khẩu,2024,368836810863.224
Thailand,THA,Exports of goods and services (current US$),NE.EXP.GNFS.CD,Thương mại & Xuất nhập khẩu,2025,410531624594.48
Thailand,THA,Imports of goods and services (current US$),NE.IMP.GNFS.CD,Thương mại & Xuất nhập khẩu,2015,229553374316.892
Thailand,THA,Imports of goods and services (current US$),NE.IMP.GNFS.CD,Thương mại & Xuất nhập khẩu,2016,221168950937.551
Thailand,THA,Imports of goods and services (current US$),NE.IMP.GNFS.CD,Thương mại & Xuất nhập khẩu,2017,247430252336.997
Thailand,THA,Imports of goods and services (current US$),NE.IMP.GNFS.CD,Thương mại & Xuất nhập khẩu,2018,283801450351.972
Thailand,THA,Imports of goods and services (current US$),NE.IMP.GNFS.CD,Thương mại & Xuất nhập khẩu,2019,272916501194.971
Thailand,THA,Imports of goods and services (current US$),NE.IMP.GNFS.CD,Thương mại & Xuất nhập khẩu,2020,231745471360.936
Thailand,THA,Imports of goods and services (current US$),NE.IMP.GNFS.CD,Thương mại & Xuất nhập khẩu,2021,297103648539.909
Thailand,THA,Imports of goods and services (current US$),NE.IMP.GNFS.CD,Thương mại & Xuất nhập khẩu,2022,334490999348.285
Thailand,THA,Imports of goods and services (current US$),NE.IMP.GNFS.CD,Thương mại & Xuất nhập khẩu,2023,327159708258.581
Thailand,THA,Imports of goods and services (current US$),NE.IMP.GNFS.CD,Thương mại & Xuất nhập khẩu,2024,349671347769.102
Thailand,THA,Imports of goods and services (current US$),NE.IMP.GNFS.CD,Thương mại & Xuất nhập khẩu,2025,388129158917.05
Thailand,THA,Merchandise exports (current US$),TX.VAL.MRCH.CD.WT,Thương mại & Xuất nhập khẩu,2015,214310000000.0
Thailand,THA,Merchandise exports (current US$),TX.VAL.MRCH.CD.WT,Thương mại & Xuất nhập khẩu,2016,215388000000.0
Thailand,THA,Merchandise exports (current US$),TX.VAL.MRCH.CD.WT,Thương mại & Xuất nhập khẩu,2017,236635000000.0
Thailand,THA,Merchandise exports (current US$),TX.VAL.MRCH.CD.WT,Thương mại & Xuất nhập khẩu,2018,252957000000.0
Thailand,THA,Merchandise exports (current US$),TX.VAL.MRCH.CD.WT,Thương mại & Xuất nhập khẩu,2019,246269000000.0
Thailand,THA,Merchandise exports (current US$),TX.VAL.MRCH.CD.WT,Thương mại & Xuất nhập khẩu,2020,231634000000.0
Thailand,THA,Merchandise exports (current US$),TX.VAL.MRCH.CD.WT,Thương mại & Xuất nhập khẩu,2021,272006000000.0
Thailand,THA,Merchandise exports (current US$),TX.VAL.MRCH.CD.WT,Thương mại & Xuất nhập khẩu,2022,287425000000.0
Thailand,THA,Merchandise exports (current US$),TX.VAL.MRCH.CD.WT,Thương mại & Xuất nhập khẩu,2023,285074000000.0
Thailand,THA,Merchandise exports (current US$),TX.VAL.MRCH.CD.WT,Thương mại & Xuất nhập khẩu,2024,300740000000.0
Thailand,THA,Merchandise exports (current US$),TX.VAL.MRCH.CD.WT,Thương mại & Xuất nhập khẩu,2025,339635000000.0
Thailand,THA,Merchandise imports (current US$),TM.VAL.MRCH.CD.WT,Thương mại & Xuất nhập khẩu,2015,202653000000.0
Thailand,THA,Merchandise imports (current US$),TM.VAL.MRCH.CD.WT,Thương mại & Xuất nhập khẩu,2016,194198000000.0
Thailand,THA,Merchandise imports (current US$),TM.VAL.MRCH.CD.WT,Thương mại & Xuất nhập khẩu,2017,221519000000.0
Thailand,THA,Merchandise imports (current US$),TM.VAL.MRCH.CD.WT,Thương mại & Xuất nhập khẩu,2018,248201000000.0
Thailand,THA,Merchandise imports (current US$),TM.VAL.MRCH.CD.WT,Thương mại & Xuất nhập khẩu,2019,236260000000.0
Thailand,THA,Merchandise imports (current US$),TM.VAL.MRCH.CD.WT,Thương mại & Xuất nhập khẩu,2020,206156000000.0
Thailand,THA,Merchandise imports (current US$),TM.VAL.MRCH.CD.WT,Thương mại & Xuất nhập khẩu,2021,267343000000.0
Thailand,THA,Merchandise imports (current US$),TM.VAL.MRCH.CD.WT,Thương mại & Xuất nhập khẩu,2022,301030000000.0
Thailand,THA,Merchandise imports (current US$),TM.VAL.MRCH.CD.WT,Thương mại & Xuất nhập khẩu,2023,288509000000.0
Thailand,THA,Merchandise imports (current US$),TM.VAL.MRCH.CD.WT,Thương mại & Xuất nhập khẩu,2024,305523000000.0
Thailand,THA,Merchandise imports (current US$),TM.VAL.MRCH.CD.WT,Thương mại & Xuất nhập khẩu,2025,344943000000.0
Thailand,THA,Merchandise trade (% of GDP),TG.VAL.TOTL.GD.ZS,Thương mại & Xuất nhập khẩu,2015,103.904039031388
Thailand,THA,Merchandise trade (% of GDP),TG.VAL.TOTL.GD.ZS,Thương mại & Xuất nhập khẩu,2016,99.0854723056637
Thailand,THA,Merchandise trade (% of GDP),TG.VAL.TOTL.GD.ZS,Thương mại & Xuất nhập khẩu,2017,100.393811686366
Thailand,THA,Merchandise trade (% of GDP),TG.VAL.TOTL.GD.ZS,Thương mại & Xuất nhập khẩu,2018,98.8956759881473
Thailand,THA,Merchandise trade (% of GDP),TG.VAL.TOTL.GD.ZS,Thương mại & Xuất nhập khẩu,2019,88.7039844315299
Thailand,THA,Merchandise trade (% of GDP),TG.VAL.TOTL.GD.ZS,Thương mại & Xuất nhập khẩu,2020,87.5098822049716
Thailand,THA,Merchandise trade (% of GDP),TG.VAL.TOTL.GD.ZS,Thương mại & Xuất nhập khẩu,2021,106.5802253532
Thailand,THA,Merchandise trade (% of GDP),TG.VAL.TOTL.GD.ZS,Thương mại & Xuất nhập khẩu,2022,118.713877395226
Thailand,THA,Merchandise trade (% of GDP),TG.VAL.TOTL.GD.ZS,Thương mại & Xuất nhập khẩu,2023,110.941618508301
Thailand,THA,Merchandise trade (% of GDP),TG.VAL.TOTL.GD.ZS,Thương mại & Xuất nhập khẩu,2024,114.522021479116
Thailand,THA,Merchandise trade (% of GDP),TG.VAL.TOTL.GD.ZS,Thương mại & Xuất nhập khẩu,2025,118.642315108775
Thailand,THA,Trade (% of GDP),NE.TRD.GNFS.ZS,Thương mại & Xuất nhập khẩu,2015,124.839662152526
Thailand,THA,Trade (% of GDP),NE.TRD.GNFS.ZS,Thương mại & Xuất nhập khẩu,2016,120.57522728913
Thailand,THA,Trade (% of GDP),NE.TRD.GNFS.ZS,Thương mại & Xuất nhập khẩu,2017,120.891427433638
Thailand,THA,Trade (% of GDP),NE.TRD.GNFS.ZS,Thương mại & Xuất nhập khẩu,2018,120.841864730984
Thailand,THA,Trade (% of GDP),NE.TRD.GNFS.ZS,Thương mại & Xuất nhập khẩu,2019,109.689514715166
Thailand,THA,Trade (% of GDP),NE.TRD.GNFS.ZS,Thương mại & Xuất nhập khẩu,2020,97.6624419371158
Thailand,THA,Trade (% of GDP),NE.TRD.GNFS.ZS,Thương mại & Xuất nhập khẩu,2021,117.131472183199
Thailand,THA,Trade (% of GDP),NE.TRD.GNFS.ZS,Thương mại & Xuất nhập khẩu,2022,132.813458288082
Thailand,THA,Trade (% of GDP),NE.TRD.GNFS.ZS,Thương mại & Xuất nhập khẩu,2023,128.792359690165
Thailand,THA,Trade (% of GDP),NE.TRD.GNFS.ZS,Thương mại & Xuất nhập khẩu,2024,135.724935837766
Thailand,THA,Trade (% of GDP),NE.TRD.GNFS.ZS,Thương mại & Xuất nhập khẩu,2025,138.413686011523
Viet Nam,VNM,Exports of goods and services (current US$),NE.EXP.GNFS.CD,Thương mại & Xuất nhập khẩu,2015,174473996313.379
Viet Nam,VNM,Exports of goods and services (current US$),NE.EXP.GNFS.CD,Thương mại & Xuất nhập khẩu,2016,190526869544.715
Viet Nam,VNM,Exports of goods and services (current US$),NE.EXP.GNFS.CD,Thương mại & Xuất nhập khẩu,2017,230041803530.193
Viet Nam,VNM,Exports of goods and services (current US$),NE.EXP.GNFS.CD,Thương mại & Xuất nhập khẩu,2018,261802606599.096
Viet Nam,VNM,Exports of goods and services (current US$),NE.EXP.GNFS.CD,Thương mại & Xuất nhập khẩu,2019,284737397482.992
Viet Nam,VNM,Exports of goods and services (current US$),NE.EXP.GNFS.CD,Thương mại & Xuất nhập khẩu,2020,292479899128.741
Viet Nam,VNM,Exports of goods and services (current US$),NE.EXP.GNFS.CD,Thương mại & Xuất nhập khẩu,2021,343937314545.796
Viet Nam,VNM,Exports of goods and services (current US$),NE.EXP.GNFS.CD,Thương mại & Xuất nhập khẩu,2022,386241068014.827
Viet Nam,VNM,Exports of goods and services (current US$),NE.EXP.GNFS.CD,Thương mại & Xuất nhập khẩu,2023,376268017649.38
Viet Nam,VNM,Exports of goods and services (current US$),NE.EXP.GNFS.CD,Thương mại & Xuất nhập khẩu,2024,429484097216.943
Viet Nam,VNM,Exports of goods and services (current US$),NE.EXP.GNFS.CD,Thương mại & Xuất nhập khẩu,2025,505661231330.217
Viet Nam,VNM,Imports of goods and services (current US$),NE.IMP.GNFS.CD,Thương mại & Xuất nhập khẩu,2015,172245363653.847
Viet Nam,VNM,Imports of goods and services (current US$),NE.IMP.GNFS.CD,Thương mại & Xuất nhập khẩu,2016,183315160786.75
Viet Nam,VNM,Imports of goods and services (current US$),NE.IMP.GNFS.CD,Thương mại & Xuất nhập khẩu,2017,222881466764.771
Viet Nam,VNM,Imports of goods and services (current US$),NE.IMP.GNFS.CD,Thương mại & Xuất nhập khẩu,2018,248830928922.633
Viet Nam,VNM,Imports of goods and services (current US$),NE.IMP.GNFS.CD,Thương mại & Xuất nhập khẩu,2019,265976296626.188
Viet Nam,VNM,Imports of goods and services (current US$),NE.IMP.GNFS.CD,Thương mại & Xuất nhập khẩu,2020,273355953899.644
Viet Nam,VNM,Imports of goods and services (current US$),NE.IMP.GNFS.CD,Thương mại & Xuất nhập khẩu,2021,340182482326.141
Viet Nam,VNM,Imports of goods and services (current US$),NE.IMP.GNFS.CD,Thương mại & Xuất nhập khẩu,2022,370998835148.792
Viet Nam,VNM,Imports of goods and services (current US$),NE.IMP.GNFS.CD,Thương mại & Xuất nhập khẩu,2023,339491142718.319
Viet Nam,VNM,Imports of goods and services (current US$),NE.IMP.GNFS.CD,Thương mại & Xuất nhập khẩu,2024,398774125641.271
Viet Nam,VNM,Imports of goods and services (current US$),NE.IMP.GNFS.CD,Thương mại & Xuất nhập khẩu,2025,473997023086.435
Viet Nam,VNM,Merchandise exports (current US$),TX.VAL.MRCH.CD.WT,Thương mại & Xuất nhập khẩu,2015,162065000000.0
Viet Nam,VNM,Merchandise exports (current US$),TX.VAL.MRCH.CD.WT,Thương mại & Xuất nhập khẩu,2016,176581000000.0
Viet Nam,VNM,Merchandise exports (current US$),TX.VAL.MRCH.CD.WT,Thương mại & Xuất nhập khẩu,2017,215014000000.0
Viet Nam,VNM,Merchandise exports (current US$),TX.VAL.MRCH.CD.WT,Thương mại & Xuất nhập khẩu,2018,243699000000.0
Viet Nam,VNM,Merchandise exports (current US$),TX.VAL.MRCH.CD.WT,Thương mại & Xuất nhập khẩu,2019,264268000000.0
Viet Nam,VNM,Merchandise exports (current US$),TX.VAL.MRCH.CD.WT,Thương mại & Xuất nhập khẩu,2020,282629000000.0
Viet Nam,VNM,Merchandise exports (current US$),TX.VAL.MRCH.CD.WT,Thương mại & Xuất nhập khẩu,2021,335978000000.0
Viet Nam,VNM,Merchandise exports (current US$),TX.VAL.MRCH.CD.WT,Thương mại & Xuất nhập khẩu,2022,371288000000.0
Viet Nam,VNM,Merchandise exports (current US$),TX.VAL.MRCH.CD.WT,Thương mại & Xuất nhập khẩu,2023,353782000000.0
Viet Nam,VNM,Merchandise exports (current US$),TX.VAL.MRCH.CD.WT,Thương mại & Xuất nhập khẩu,2024,404824000000.0
Viet Nam,VNM,Merchandise exports (current US$),TX.VAL.MRCH.CD.WT,Thương mại & Xuất nhập khẩu,2025,472929000000.0
Viet Nam,VNM,Merchandise imports (current US$),TM.VAL.MRCH.CD.WT,Thương mại & Xuất nhập khẩu,2015,165610000000.0
Viet Nam,VNM,Merchandise imports (current US$),TM.VAL.MRCH.CD.WT,Thương mại & Xuất nhập khẩu,2016,174804000000.0
Viet Nam,VNM,Merchandise imports (current US$),TM.VAL.MRCH.CD.WT,Thương mại & Xuất nhập khẩu,2017,212919000000.0
Viet Nam,VNM,Merchandise imports (current US$),TM.VAL.MRCH.CD.WT,Thương mại & Xuất nhập khẩu,2018,236862000000.0
Viet Nam,VNM,Merchandise imports (current US$),TM.VAL.MRCH.CD.WT,Thương mại & Xuất nhập khẩu,2019,253393000000.0
Viet Nam,VNM,Merchandise imports (current US$),TM.VAL.MRCH.CD.WT,Thương mại & Xuất nhập khẩu,2020,262701000000.0
Viet Nam,VNM,Merchandise imports (current US$),TM.VAL.MRCH.CD.WT,Thương mại & Xuất nhập khẩu,2021,332455000000.0
Viet Nam,VNM,Merchandise imports (current US$),TM.VAL.MRCH.CD.WT,Thương mại & Xuất nhập khẩu,2022,359148000000.0
Viet Nam,VNM,Merchandise imports (current US$),TM.VAL.MRCH.CD.WT,Thương mại & Xuất nhập khẩu,2023,325776000000.0
Viet Nam,VNM,Merchandise imports (current US$),TM.VAL.MRCH.CD.WT,Thương mại & Xuất nhập khẩu,2024,380515000000.0
Viet Nam,VNM,Merchandise imports (current US$),TM.VAL.MRCH.CD.WT,Thương mại & Xuất nhập khẩu,2025,453778000000.0
Viet Nam,VNM,Merchandise trade (% of GDP),TG.VAL.TOTL.GD.ZS,Thương mại & Xuất nhập khẩu,2015,136.954480212362
Viet Nam,VNM,Merchandise trade (% of GDP),TG.VAL.TOTL.GD.ZS,Thương mại & Xuất nhập khẩu,2016,136.674626750318
Viet Nam,VNM,Merchandise trade (% of GDP),TG.VAL.TOTL.GD.ZS,Thương mại & Xuất nhập khẩu,2017,152.097926201777
Viet Nam,VNM,Merchandise trade (% of GDP),TG.VAL.TOTL.GD.ZS,Thương mại & Xuất nhập khẩu,2018,154.966449745823
Viet Nam,VNM,Merchandise trade (% of GDP),TG.VAL.TOTL.GD.ZS,Thương mại & Xuất nhập khẩu,2019,154.819009531422
Viet Nam,VNM,Merchandise trade (% of GDP),TG.VAL.TOTL.GD.ZS,Thương mại & Xuất nhập khẩu,2020,157.329843791999
Viet Nam,VNM,Merchandise trade (% of GDP),TG.VAL.TOTL.GD.ZS,Thương mại & Xuất nhập khẩu,2021,182.395375109965
Viet Nam,VNM,Merchandise trade (% of GDP),TG.VAL.TOTL.GD.ZS,Thương mại & Xuất nhập khẩu,2022,176.670558956218
Viet Nam,VNM,Merchandise trade (% of GDP),TG.VAL.TOTL.GD.ZS,Thương mại & Xuất nhập khẩu,2023,156.650555479616
Viet Nam,VNM,Merchandise trade (% of GDP),TG.VAL.TOTL.GD.ZS,Thương mại & Xuất nhập khẩu,2024,164.874760798126
Viet Nam,VNM,Merchandise trade (% of GDP),TG.VAL.TOTL.GD.ZS,Thương mại & Xuất nhập khẩu,2025,180.048963292487
Viet Nam,VNM,Trade (% of GDP),NE.TRD.GNFS.ZS,Thương mại & Xuất nhập khẩu,2015,144.914228195237
Viet Nam,VNM,Trade (% of GDP),NE.TRD.GNFS.ZS,Thương mại & Xuất nhập khẩu,2016,145.409507973118
Viet Nam,VNM,Trade (% of GDP),NE.TRD.GNFS.ZS,Thương mại & Xuất nhập khẩu,2017,160.98008365887
Viet Nam,VNM,Trade (% of GDP),NE.TRD.GNFS.ZS,Thương mại & Xuất nhập khẩu,2018,164.663936775893
Viet Nam,VNM,Trade (% of GDP),NE.TRD.GNFS.ZS,Thương mại & Xuất nhập khẩu,2019,164.704215031408
Viet Nam,VNM,Trade (% of GDP),NE.TRD.GNFS.ZS,Thương mại & Xuất nhập khẩu,2020,163.245862814935
Viet Nam,VNM,Trade (% of GDP),NE.TRD.GNFS.ZS,Thương mại & Xuất nhập khẩu,2021,186.675832836814
Viet Nam,VNM,Trade (% of GDP),NE.TRD.GNFS.ZS,Thương mại & Xuất nhập khẩu,2022,183.153619147836
Viet Nam,VNM,Trade (% of GDP),NE.TRD.GNFS.ZS,Thương mại & Xuất nhập khẩu,2023,164.995585455876
Viet Nam,VNM,Trade (% of GDP),NE.TRD.GNFS.ZS,Thương mại & Xuất nhập khẩu,2024,173.885260216071
Viet Nam,VNM,Trade (% of GDP),NE.TRD.GNFS.ZS,Thương mại & Xuất nhập khẩu,2025,190.336808817292
Timor-Leste,TLS,Exports of goods and services (current US$),NE.EXP.GNFS.CD,Thương mại & Xuất nhập khẩu,2015,48508500.0
Timor-Leste,TLS,Exports of goods and services (current US$),NE.EXP.GNFS.CD,Thương mại & Xuất nhập khẩu,2016,51780000.0
Timor-Leste,TLS,Exports of goods and services (current US$),NE.EXP.GNFS.CD,Thương mại & Xuất nhập khẩu,2017,38179900.0
Timor-Leste,TLS,Exports of goods and services (current US$),NE.EXP.GNFS.CD,Thương mại & Xuất nhập khẩu,2018,45614300.0
Timor-Leste,TLS,Exports of goods and services (current US$),NE.EXP.GNFS.CD,Thương mại & Xuất nhập khẩu,2019,431191700.0
Timor-Leste,TLS,Exports of goods and services (current US$),NE.EXP.GNFS.CD,Thương mại & Xuất nhập khẩu,2020,792950600.0
Timor-Leste,TLS,Exports of goods and services (current US$),NE.EXP.GNFS.CD,Thương mại & Xuất nhập khẩu,2021,2302354000.0
Timor-Leste,TLS,Exports of goods and services (current US$),NE.EXP.GNFS.CD,Thương mại & Xuất nhập khẩu,2022,1784364500.0
Timor-Leste,TLS,Exports of goods and services (current US$),NE.EXP.GNFS.CD,Thương mại & Xuất nhập khẩu,2023,476747000.0
Timor-Leste,TLS,Exports of goods and services (current US$),NE.EXP.GNFS.CD,Thương mại & Xuất nhập khẩu,2024,196962600.0
Timor-Leste,TLS,Exports of goods and services (current US$),NE.EXP.GNFS.CD,Thương mại & Xuất nhập khẩu,2025,
Timor-Leste,TLS,Imports of goods and services (current US$),NE.IMP.GNFS.CD,Thương mại & Xuất nhập khẩu,2015,906884200.0
Timor-Leste,TLS,Imports of goods and services (current US$),NE.IMP.GNFS.CD,Thương mại & Xuất nhập khẩu,2016,937594400.0
Timor-Leste,TLS,Imports of goods and services (current US$),NE.IMP.GNFS.CD,Thương mại & Xuất nhập khẩu,2017,891109600.0
Timor-Leste,TLS,Imports of goods and services (current US$),NE.IMP.GNFS.CD,Thương mại & Xuất nhập khẩu,2018,962964800.0
Timor-Leste,TLS,Imports of goods and services (current US$),NE.IMP.GNFS.CD,Thương mại & Xuất nhập khẩu,2019,1004078400.0
Timor-Leste,TLS,Imports of goods and services (current US$),NE.IMP.GNFS.CD,Thương mại & Xuất nhập khẩu,2020,1039875900.0
Timor-Leste,TLS,Imports of goods and services (current US$),NE.IMP.GNFS.CD,Thương mại & Xuất nhập khẩu,2021,1317595300.0
Timor-Leste,TLS,Imports of goods and services (current US$),NE.IMP.GNFS.CD,Thương mại & Xuất nhập khẩu,2022,1347906300.0
Timor-Leste,TLS,Imports of goods and services (current US$),NE.IMP.GNFS.CD,Thương mại & Xuất nhập khẩu,2023,1380581800.0
Timor-Leste,TLS,Imports of goods and services (current US$),NE.IMP.GNFS.CD,Thương mại & Xuất nhập khẩu,2024,1583732800.0
Timor-Leste,TLS,Imports of goods and services (current US$),NE.IMP.GNFS.CD,Thương mại & Xuất nhập khẩu,2025,
Timor-Leste,TLS,Merchandise exports (current US$),TX.VAL.MRCH.CD.WT,Thương mại & Xuất nhập khẩu,2015,18000000.0
Timor-Leste,TLS,Merchandise exports (current US$),TX.VAL.MRCH.CD.WT,Thương mại & Xuất nhập khẩu,2016,20000000.0
Timor-Leste,TLS,Merchandise exports (current US$),TX.VAL.MRCH.CD.WT,Thương mại & Xuất nhập khẩu,2017,23000000.0
Timor-Leste,TLS,Merchandise exports (current US$),TX.VAL.MRCH.CD.WT,Thương mại & Xuất nhập khẩu,2018,45000000.0
Timor-Leste,TLS,Merchandise exports (current US$),TX.VAL.MRCH.CD.WT,Thương mại & Xuất nhập khẩu,2019,154000000.0
Timor-Leste,TLS,Merchandise exports (current US$),TX.VAL.MRCH.CD.WT,Thương mại & Xuất nhập khẩu,2020,264000000.0
Timor-Leste,TLS,Merchandise exports (current US$),TX.VAL.MRCH.CD.WT,Thương mại & Xuất nhập khẩu,2021,615000000.0
Timor-Leste,TLS,Merchandise exports (current US$),TX.VAL.MRCH.CD.WT,Thương mại & Xuất nhập khẩu,2022,472000000.0
Timor-Leste,TLS,Merchandise exports (current US$),TX.VAL.MRCH.CD.WT,Thương mại & Xuất nhập khẩu,2023,164000000.0
Timor-Leste,TLS,Merchandise exports (current US$),TX.VAL.MRCH.CD.WT,Thương mại & Xuất nhập khẩu,2024,86000000.0
Timor-Leste,TLS,Merchandise exports (current US$),TX.VAL.MRCH.CD.WT,Thương mại & Xuất nhập khẩu,2025,103000000.0
Timor-Leste,TLS,Merchandise imports (current US$),TM.VAL.MRCH.CD.WT,Thương mại & Xuất nhập khẩu,2015,578000000.0
Timor-Leste,TLS,Merchandise imports (current US$),TM.VAL.MRCH.CD.WT,Thương mại & Xuất nhập khẩu,2016,547000000.0
Timor-Leste,TLS,Merchandise imports (current US$),TM.VAL.MRCH.CD.WT,Thương mại & Xuất nhập khẩu,2017,554000000.0
Timor-Leste,TLS,Merchandise imports (current US$),TM.VAL.MRCH.CD.WT,Thương mại & Xuất nhập khẩu,2018,520000000.0
Timor-Leste,TLS,Merchandise imports (current US$),TM.VAL.MRCH.CD.WT,Thương mại & Xuất nhập khẩu,2019,591000000.0
Timor-Leste,TLS,Merchandise imports (current US$),TM.VAL.MRCH.CD.WT,Thương mại & Xuất nhập khẩu,2020,625000000.0
Timor-Leste,TLS,Merchandise imports (current US$),TM.VAL.MRCH.CD.WT,Thương mại & Xuất nhập khẩu,2021,873000000.0
Timor-Leste,TLS,Merchandise imports (current US$),TM.VAL.MRCH.CD.WT,Thương mại & Xuất nhập khẩu,2022,933000000.0
Timor-Leste,TLS,Merchandise imports (current US$),TM.VAL.MRCH.CD.WT,Thương mại & Xuất nhập khẩu,2023,904000000.0
Timor-Leste,TLS,Merchandise imports (current US$),TM.VAL.MRCH.CD.WT,Thương mại & Xuất nhập khẩu,2024,978000000.0
Timor-Leste,TLS,Merchandise imports (current US$),TM.VAL.MRCH.CD.WT,Thương mại & Xuất nhập khẩu,2025,979000000.0
Timor-Leste,TLS,Merchandise trade (% of GDP),TG.VAL.TOTL.GD.ZS,Thương mại & Xuất nhập khẩu,2015,37.4776203270564
Timor-Leste,TLS,Merchandise trade (% of GDP),TG.VAL.TOTL.GD.ZS,Thương mại & Xuất nhập khẩu,2016,34.5633791792886
Timor-Leste,TLS,Merchandise trade (% of GDP),TG.VAL.TOTL.GD.ZS,Thương mại & Xuất nhập khẩu,2017,36.4065785741039
Timor-Leste,TLS,Merchandise trade (% of GDP),TG.VAL.TOTL.GD.ZS,Thương mại & Xuất nhập khẩu,2018,36.3113200186685
Timor-Leste,TLS,Merchandise trade (% of GDP),TG.VAL.TOTL.GD.ZS,Thương mại & Xuất nhập khẩu,2019,36.6534576461179
Timor-Leste,TLS,Merchandise trade (% of GDP),TG.VAL.TOTL.GD.ZS,Thương mại & Xuất nhập khẩu,2020,41.1075606838227
Timor-Leste,TLS,Merchandise trade (% of GDP),TG.VAL.TOTL.GD.ZS,Thương mại & Xuất nhập khẩu,2021,41.0480006989195
Timor-Leste,TLS,Merchandise trade (% of GDP),TG.VAL.TOTL.GD.ZS,Thương mại & Xuất nhập khẩu,2022,43.788569587626
Timor-Leste,TLS,Merchandise trade (% of GDP),TG.VAL.TOTL.GD.ZS,Thương mại & Xuất nhập khẩu,2023,51.3519013089542
Timor-Leste,TLS,Merchandise trade (% of GDP),TG.VAL.TOTL.GD.ZS,Thương mại & Xuất nhập khẩu,2024,57.0323297309959
Timor-Leste,TLS,Merchandise trade (% of GDP),TG.VAL.TOTL.GD.ZS,Thương mại & Xuất nhập khẩu,2025,56.8820959815784
Timor-Leste,TLS,Trade (% of GDP),NE.TRD.GNFS.ZS,Thương mại & Xuất nhập khẩu,2015,60.0769209292639
Timor-Leste,TLS,Trade (% of GDP),NE.TRD.GNFS.ZS,Thương mại & Xuất nhập khẩu,2016,60.310621759226
Timor-Leste,TLS,Trade (% of GDP),NE.TRD.GNFS.ZS,Thương mại & Xuất nhập khẩu,2017,58.6347507796182
Timor-Leste,TLS,Trade (% of GDP),NE.TRD.GNFS.ZS,Thương mại & Xuất nhập khẩu,2018,64.8191831225499
Timor-Leste,TLS,Trade (% of GDP),NE.TRD.GNFS.ZS,Thương mại & Xuất nhập khẩu,2019,70.6142440551536
Timor-Leste,TLS,Trade (% of GDP),NE.TRD.GNFS.ZS,Thương mại & Xuất nhập khẩu,2020,84.7503111042388
Timor-Leste,TLS,Trade (% of GDP),NE.TRD.GNFS.ZS,Thương mại & Xuất nhập khẩu,2021,99.8600009384765
Timor-Leste,TLS,Trade (% of GDP),NE.TRD.GNFS.ZS,Thương mại & Xuất nhập khẩu,2022,97.621108820704
Timor-Leste,TLS,Trade (% of GDP),NE.TRD.GNFS.ZS,Thương mại & Xuất nhập khẩu,2023,89.3046490972644
Timor-Leste,TLS,Trade (% of GDP),NE.TRD.GNFS.ZS,Thương mại & Xuất nhập khẩu,2024,95.4485030105899
Timor-Leste,TLS,Trade (% of GDP),NE.TRD.GNFS.ZS,Thương mại & Xuất nhập khẩu,2025,
Brunei Darussalam,BRN,"Labor force participation rate, total (% of total population ages 15+) (modeled ILO estimate)",SL.TLF.CACT.ZS,Lao động & Việc làm,2015,65.682
Brunei Darussalam,BRN,"Labor force participation rate, total (% of total population ages 15+) (modeled ILO estimate)",SL.TLF.CACT.ZS,Lao động & Việc làm,2016,65.421
Brunei Darussalam,BRN,"Labor force participation rate, total (% of total population ages 15+) (modeled ILO estimate)",SL.TLF.CACT.ZS,Lao động & Việc làm,2017,65.191
Brunei Darussalam,BRN,"Labor force participation rate, total (% of total population ages 15+) (modeled ILO estimate)",SL.TLF.CACT.ZS,Lao động & Việc làm,2018,66.433
Brunei Darussalam,BRN,"Labor force participation rate, total (% of total population ages 15+) (modeled ILO estimate)",SL.TLF.CACT.ZS,Lao động & Việc làm,2019,64.793
Brunei Darussalam,BRN,"Labor force participation rate, total (% of total population ages 15+) (modeled ILO estimate)",SL.TLF.CACT.ZS,Lao động & Việc làm,2020,63.954
Brunei Darussalam,BRN,"Labor force participation rate, total (% of total population ages 15+) (modeled ILO estimate)",SL.TLF.CACT.ZS,Lao động & Việc làm,2021,63.895
Brunei Darussalam,BRN,"Labor force participation rate, total (% of total population ages 15+) (modeled ILO estimate)",SL.TLF.CACT.ZS,Lao động & Việc làm,2022,64.083
Brunei Darussalam,BRN,"Labor force participation rate, total (% of total population ages 15+) (modeled ILO estimate)",SL.TLF.CACT.ZS,Lao động & Việc làm,2023,64.733
Brunei Darussalam,BRN,"Labor force participation rate, total (% of total population ages 15+) (modeled ILO estimate)",SL.TLF.CACT.ZS,Lao động & Việc làm,2024,64.509
Brunei Darussalam,BRN,"Labor force participation rate, total (% of total population ages 15+) (modeled ILO estimate)",SL.TLF.CACT.ZS,Lao động & Việc làm,2025,64.235
Brunei Darussalam,BRN,"Unemployment, total (% of total labor force) (modeled ILO estimate)",SL.UEM.TOTL.ZS,Lao động & Việc làm,2015,7.703
Brunei Darussalam,BRN,"Unemployment, total (% of total labor force) (modeled ILO estimate)",SL.UEM.TOTL.ZS,Lao động & Việc làm,2016,8.537
Brunei Darussalam,BRN,"Unemployment, total (% of total labor force) (modeled ILO estimate)",SL.UEM.TOTL.ZS,Lao động & Việc làm,2017,9.316
Brunei Darussalam,BRN,"Unemployment, total (% of total labor force) (modeled ILO estimate)",SL.UEM.TOTL.ZS,Lao động & Việc làm,2018,8.7
Brunei Darussalam,BRN,"Unemployment, total (% of total labor force) (modeled ILO estimate)",SL.UEM.TOTL.ZS,Lao động & Việc làm,2019,6.6
Brunei Darussalam,BRN,"Unemployment, total (% of total labor force) (modeled ILO estimate)",SL.UEM.TOTL.ZS,Lao động & Việc làm,2020,7.409
Brunei Darussalam,BRN,"Unemployment, total (% of total labor force) (modeled ILO estimate)",SL.UEM.TOTL.ZS,Lao động & Việc làm,2021,4.905
Brunei Darussalam,BRN,"Unemployment, total (% of total labor force) (modeled ILO estimate)",SL.UEM.TOTL.ZS,Lao động & Việc làm,2022,5.191
Brunei Darussalam,BRN,"Unemployment, total (% of total labor force) (modeled ILO estimate)",SL.UEM.TOTL.ZS,Lao động & Việc làm,2023,5.296
Brunei Darussalam,BRN,"Unemployment, total (% of total labor force) (modeled ILO estimate)",SL.UEM.TOTL.ZS,Lao động & Việc làm,2024,5.18
Brunei Darussalam,BRN,"Unemployment, total (% of total labor force) (modeled ILO estimate)",SL.UEM.TOTL.ZS,Lao động & Việc làm,2025,5.277
Brunei Darussalam,BRN,"Unemployment, youth total (% of total labor force ages 15-24) (modeled ILO estimate)",SL.UEM.1524.ZS,Lao động & Việc làm,2015,25.886
Brunei Darussalam,BRN,"Unemployment, youth total (% of total labor force ages 15-24) (modeled ILO estimate)",SL.UEM.1524.ZS,Lao động & Việc làm,2016,27.629
Brunei Darussalam,BRN,"Unemployment, youth total (% of total labor force ages 15-24) (modeled ILO estimate)",SL.UEM.1524.ZS,Lao động & Việc làm,2017,29.255
Brunei Darussalam,BRN,"Unemployment, youth total (% of total labor force ages 15-24) (modeled ILO estimate)",SL.UEM.1524.ZS,Lao động & Việc làm,2018,30.809
Brunei Darussalam,BRN,"Unemployment, youth total (% of total labor force ages 15-24) (modeled ILO estimate)",SL.UEM.1524.ZS,Lao động & Việc làm,2019,20.141
Brunei Darussalam,BRN,"Unemployment, youth total (% of total labor force ages 15-24) (modeled ILO estimate)",SL.UEM.1524.ZS,Lao động & Việc làm,2020,26.852
Brunei Darussalam,BRN,"Unemployment, youth total (% of total labor force ages 15-24) (modeled ILO estimate)",SL.UEM.1524.ZS,Lao động & Việc làm,2021,16.238
Brunei Darussalam,BRN,"Unemployment, youth total (% of total labor force ages 15-24) (modeled ILO estimate)",SL.UEM.1524.ZS,Lao động & Việc làm,2022,18.299
Brunei Darussalam,BRN,"Unemployment, youth total (% of total labor force ages 15-24) (modeled ILO estimate)",SL.UEM.1524.ZS,Lao động & Việc làm,2023,17.955
Brunei Darussalam,BRN,"Unemployment, youth total (% of total labor force ages 15-24) (modeled ILO estimate)",SL.UEM.1524.ZS,Lao động & Việc làm,2024,17.872
Brunei Darussalam,BRN,"Unemployment, youth total (% of total labor force ages 15-24) (modeled ILO estimate)",SL.UEM.1524.ZS,Lao động & Việc làm,2025,18.23
Brunei Darussalam,BRN,Employment in agriculture (% of total employment) (modeled ILO estimate),SL.AGR.EMPL.ZS,Lao động & Việc làm,2015,1.40279843974459
Brunei Darussalam,BRN,Employment in agriculture (% of total employment) (modeled ILO estimate),SL.AGR.EMPL.ZS,Lao động & Việc làm,2016,1.38015205064965
Brunei Darussalam,BRN,Employment in agriculture (% of total employment) (modeled ILO estimate),SL.AGR.EMPL.ZS,Lao động & Việc làm,2017,1.35853484596359
Brunei Darussalam,BRN,Employment in agriculture (% of total employment) (modeled ILO estimate),SL.AGR.EMPL.ZS,Lao động & Việc làm,2018,1.06078162346131
Brunei Darussalam,BRN,Employment in agriculture (% of total employment) (modeled ILO estimate),SL.AGR.EMPL.ZS,Lao động & Việc làm,2019,1.95358268413174
Brunei Darussalam,BRN,Employment in agriculture (% of total employment) (modeled ILO estimate),SL.AGR.EMPL.ZS,Lao động & Việc làm,2020,1.3364980477307
Brunei Darussalam,BRN,Employment in agriculture (% of total employment) (modeled ILO estimate),SL.AGR.EMPL.ZS,Lao động & Việc làm,2021,1.40573688866656
Brunei Darussalam,BRN,Employment in agriculture (% of total employment) (modeled ILO estimate),SL.AGR.EMPL.ZS,Lao động & Việc làm,2022,1.51653421258994
Brunei Darussalam,BRN,Employment in agriculture (% of total employment) (modeled ILO estimate),SL.AGR.EMPL.ZS,Lao động & Việc làm,2023,1.27134852951104
Brunei Darussalam,BRN,Employment in agriculture (% of total employment) (modeled ILO estimate),SL.AGR.EMPL.ZS,Lao động & Việc làm,2024,1.23655122249443
Brunei Darussalam,BRN,Employment in agriculture (% of total employment) (modeled ILO estimate),SL.AGR.EMPL.ZS,Lao động & Việc làm,2025,1.20105852995764
Brunei Darussalam,BRN,Employment in industry (% of total employment) (modeled ILO estimate),SL.IND.EMPL.ZS,Lao động & Việc làm,2015,17.2558522358378
Brunei Darussalam,BRN,Employment in industry (% of total employment) (modeled ILO estimate),SL.IND.EMPL.ZS,Lao động & Việc làm,2016,16.5826743624298
Brunei Darussalam,BRN,Employment in industry (% of total employment) (modeled ILO estimate),SL.IND.EMPL.ZS,Lao động & Việc làm,2017,16.1274170135499
Brunei Darussalam,BRN,Employment in industry (% of total employment) (modeled ILO estimate),SL.IND.EMPL.ZS,Lao động & Việc làm,2018,19.4043526953453
Brunei Darussalam,BRN,Employment in industry (% of total employment) (modeled ILO estimate),SL.IND.EMPL.ZS,Lao động & Việc làm,2019,20.7629732715456
Brunei Darussalam,BRN,Employment in industry (% of total employment) (modeled ILO estimate),SL.IND.EMPL.ZS,Lao động & Việc làm,2020,23.7151371884433
Brunei Darussalam,BRN,Employment in industry (% of total employment) (modeled ILO estimate),SL.IND.EMPL.ZS,Lao động & Việc làm,2021,23.566819977675
Brunei Darussalam,BRN,Employment in industry (% of total employment) (modeled ILO estimate),SL.IND.EMPL.ZS,Lao động & Việc làm,2022,21.4708593388149
Brunei Darussalam,BRN,Employment in industry (% of total employment) (modeled ILO estimate),SL.IND.EMPL.ZS,Lao động & Việc làm,2023,20.450034877703
Brunei Darussalam,BRN,Employment in industry (% of total employment) (modeled ILO estimate),SL.IND.EMPL.ZS,Lao động & Việc làm,2024,20.4466042812964
Brunei Darussalam,BRN,Employment in industry (% of total employment) (modeled ILO estimate),SL.IND.EMPL.ZS,Lao động & Việc làm,2025,20.3855819694696
Brunei Darussalam,BRN,Employment in services (% of total employment) (modeled ILO estimate),SL.SRV.EMPL.ZS,Lao động & Việc làm,2015,81.3408381004964
Brunei Darussalam,BRN,Employment in services (% of total employment) (modeled ILO estimate),SL.SRV.EMPL.ZS,Lao động & Việc làm,2016,82.0371735869206
Brunei Darussalam,BRN,Employment in services (% of total employment) (modeled ILO estimate),SL.SRV.EMPL.ZS,Lao động & Việc làm,2017,82.5140481404865
Brunei Darussalam,BRN,Employment in services (% of total employment) (modeled ILO estimate),SL.SRV.EMPL.ZS,Lao động & Việc làm,2018,79.5353504991201
Brunei Darussalam,BRN,Employment in services (% of total employment) (modeled ILO estimate),SL.SRV.EMPL.ZS,Lao động & Việc làm,2019,77.2834440443227
Brunei Darussalam,BRN,Employment in services (% of total employment) (modeled ILO estimate),SL.SRV.EMPL.ZS,Lao động & Việc làm,2020,74.948364763826
Brunei Darussalam,BRN,Employment in services (% of total employment) (modeled ILO estimate),SL.SRV.EMPL.ZS,Lao động & Việc làm,2021,75.0269799584069
Brunei Darussalam,BRN,Employment in services (% of total employment) (modeled ILO estimate),SL.SRV.EMPL.ZS,Lao động & Việc làm,2022,77.0126064485951
Brunei Darussalam,BRN,Employment in services (% of total employment) (modeled ILO estimate),SL.SRV.EMPL.ZS,Lao động & Việc làm,2023,78.2786165927859
Brunei Darussalam,BRN,Employment in services (% of total employment) (modeled ILO estimate),SL.SRV.EMPL.ZS,Lao động & Việc làm,2024,78.3168444962091
Brunei Darussalam,BRN,Employment in services (% of total employment) (modeled ILO estimate),SL.SRV.EMPL.ZS,Lao động & Việc làm,2025,78.4133595005728
Cambodia,KHM,"Labor force participation rate, total (% of total population ages 15+) (modeled ILO estimate)",SL.TLF.CACT.ZS,Lao động & Việc làm,2015,79.603
Cambodia,KHM,"Labor force participation rate, total (% of total population ages 15+) (modeled ILO estimate)",SL.TLF.CACT.ZS,Lao động & Việc làm,2016,81.735
Cambodia,KHM,"Labor force participation rate, total (% of total population ages 15+) (modeled ILO estimate)",SL.TLF.CACT.ZS,Lao động & Việc làm,2017,81.409
Cambodia,KHM,"Labor force participation rate, total (% of total population ages 15+) (modeled ILO estimate)",SL.TLF.CACT.ZS,Lao động & Việc làm,2018,81.911
Cambodia,KHM,"Labor force participation rate, total (% of total population ages 15+) (modeled ILO estimate)",SL.TLF.CACT.ZS,Lao động & Việc làm,2019,82.422
Cambodia,KHM,"Labor force participation rate, total (% of total population ages 15+) (modeled ILO estimate)",SL.TLF.CACT.ZS,Lao động & Việc làm,2020,82.238
Cambodia,KHM,"Labor force participation rate, total (% of total population ages 15+) (modeled ILO estimate)",SL.TLF.CACT.ZS,Lao động & Việc làm,2021,79.51
Cambodia,KHM,"Labor force participation rate, total (% of total population ages 15+) (modeled ILO estimate)",SL.TLF.CACT.ZS,Lao động & Việc làm,2022,82.338
Cambodia,KHM,"Labor force participation rate, total (% of total population ages 15+) (modeled ILO estimate)",SL.TLF.CACT.ZS,Lao động & Việc làm,2023,82.348
Cambodia,KHM,"Labor force participation rate, total (% of total population ages 15+) (modeled ILO estimate)",SL.TLF.CACT.ZS,Lao động & Việc làm,2024,82.373
Cambodia,KHM,"Labor force participation rate, total (% of total population ages 15+) (modeled ILO estimate)",SL.TLF.CACT.ZS,Lao động & Việc làm,2025,82.392
Cambodia,KHM,"Unemployment, total (% of total labor force) (modeled ILO estimate)",SL.UEM.TOTL.ZS,Lao động & Việc làm,2015,0.393
Cambodia,KHM,"Unemployment, total (% of total labor force) (modeled ILO estimate)",SL.UEM.TOTL.ZS,Lao động & Việc làm,2016,0.716
Cambodia,KHM,"Unemployment, total (% of total labor force) (modeled ILO estimate)",SL.UEM.TOTL.ZS,Lao động & Việc làm,2017,0.141
Cambodia,KHM,"Unemployment, total (% of total labor force) (modeled ILO estimate)",SL.UEM.TOTL.ZS,Lao động & Việc làm,2018,0.129
Cambodia,KHM,"Unemployment, total (% of total labor force) (modeled ILO estimate)",SL.UEM.TOTL.ZS,Lao động & Việc làm,2019,0.119
Cambodia,KHM,"Unemployment, total (% of total labor force) (modeled ILO estimate)",SL.UEM.TOTL.ZS,Lao động & Việc làm,2020,0.172
Cambodia,KHM,"Unemployment, total (% of total labor force) (modeled ILO estimate)",SL.UEM.TOTL.ZS,Lao động & Việc làm,2021,0.396
Cambodia,KHM,"Unemployment, total (% of total labor force) (modeled ILO estimate)",SL.UEM.TOTL.ZS,Lao động & Việc làm,2022,0.245
Cambodia,KHM,"Unemployment, total (% of total labor force) (modeled ILO estimate)",SL.UEM.TOTL.ZS,Lao động & Việc làm,2023,0.256
Cambodia,KHM,"Unemployment, total (% of total labor force) (modeled ILO estimate)",SL.UEM.TOTL.ZS,Lao động & Việc làm,2024,0.254
Cambodia,KHM,"Unemployment, total (% of total labor force) (modeled ILO estimate)",SL.UEM.TOTL.ZS,Lao động & Việc làm,2025,0.263
Cambodia,KHM,"Unemployment, youth total (% of total labor force ages 15-24) (modeled ILO estimate)",SL.UEM.1524.ZS,Lao động & Việc làm,2015,0.744
Cambodia,KHM,"Unemployment, youth total (% of total labor force ages 15-24) (modeled ILO estimate)",SL.UEM.1524.ZS,Lao động & Việc làm,2016,1.137
Cambodia,KHM,"Unemployment, youth total (% of total labor force ages 15-24) (modeled ILO estimate)",SL.UEM.1524.ZS,Lao động & Việc làm,2017,0.382
Cambodia,KHM,"Unemployment, youth total (% of total labor force ages 15-24) (modeled ILO estimate)",SL.UEM.1524.ZS,Lao động & Việc làm,2018,0.38
Cambodia,KHM,"Unemployment, youth total (% of total labor force ages 15-24) (modeled ILO estimate)",SL.UEM.1524.ZS,Lao động & Việc làm,2019,0.378
Cambodia,KHM,"Unemployment, youth total (% of total labor force ages 15-24) (modeled ILO estimate)",SL.UEM.1524.ZS,Lao động & Việc làm,2020,0.474
Cambodia,KHM,"Unemployment, youth total (% of total labor force ages 15-24) (modeled ILO estimate)",SL.UEM.1524.ZS,Lao động & Việc làm,2021,0.83
Cambodia,KHM,"Unemployment, youth total (% of total labor force ages 15-24) (modeled ILO estimate)",SL.UEM.1524.ZS,Lao động & Việc làm,2022,0.687
Cambodia,KHM,"Unemployment, youth total (% of total labor force ages 15-24) (modeled ILO estimate)",SL.UEM.1524.ZS,Lao động & Việc làm,2023,0.703
Cambodia,KHM,"Unemployment, youth total (% of total labor force ages 15-24) (modeled ILO estimate)",SL.UEM.1524.ZS,Lao động & Việc làm,2024,0.704
Cambodia,KHM,"Unemployment, youth total (% of total labor force ages 15-24) (modeled ILO estimate)",SL.UEM.1524.ZS,Lao động & Việc làm,2025,0.711
Cambodia,KHM,Employment in agriculture (% of total employment) (modeled ILO estimate),SL.AGR.EMPL.ZS,Lao động & Việc làm,2015,42.4684239936853
Cambodia,KHM,Employment in agriculture (% of total employment) (modeled ILO estimate),SL.AGR.EMPL.ZS,Lao động & Việc làm,2016,37.5402628887708
Cambodia,KHM,Employment in agriculture (% of total employment) (modeled ILO estimate),SL.AGR.EMPL.ZS,Lao động & Việc làm,2017,38.206389128721
Cambodia,KHM,Employment in agriculture (% of total employment) (modeled ILO estimate),SL.AGR.EMPL.ZS,Lao động & Việc làm,2018,38.999256028288
Cambodia,KHM,Employment in agriculture (% of total employment) (modeled ILO estimate),SL.AGR.EMPL.ZS,Lao động & Việc làm,2019,39.8680962570644
Cambodia,KHM,Employment in agriculture (% of total employment) (modeled ILO estimate),SL.AGR.EMPL.ZS,Lao động & Việc làm,2020,36.8999777254893
Cambodia,KHM,Employment in agriculture (% of total employment) (modeled ILO estimate),SL.AGR.EMPL.ZS,Lao động & Việc làm,2021,37.1315873016896
Cambodia,KHM,Employment in agriculture (% of total employment) (modeled ILO estimate),SL.AGR.EMPL.ZS,Lao động & Việc làm,2022,36.1906415430912
Cambodia,KHM,Employment in agriculture (% of total employment) (modeled ILO estimate),SL.AGR.EMPL.ZS,Lao động & Việc làm,2023,35.304617697339
Cambodia,KHM,Employment in agriculture (% of total employment) (modeled ILO estimate),SL.AGR.EMPL.ZS,Lao động & Việc làm,2024,34.1649557689114
Cambodia,KHM,Employment in agriculture (% of total employment) (modeled ILO estimate),SL.AGR.EMPL.ZS,Lao động & Việc làm,2025,33.4047460215625
Cambodia,KHM,Employment in industry (% of total employment) (modeled ILO estimate),SL.IND.EMPL.ZS,Lao động & Việc làm,2015,24.9213861091188
Cambodia,KHM,Employment in industry (% of total employment) (modeled ILO estimate),SL.IND.EMPL.ZS,Lao động & Việc làm,2016,25.7634256473618
Cambodia,KHM,Employment in industry (% of total employment) (modeled ILO estimate),SL.IND.EMPL.ZS,Lao động & Việc làm,2017,25.4909057699602
Cambodia,KHM,Employment in industry (% of total employment) (modeled ILO estimate),SL.IND.EMPL.ZS,Lao động & Việc làm,2018,25.0168550948899
Cambodia,KHM,Employment in industry (% of total employment) (modeled ILO estimate),SL.IND.EMPL.ZS,Lao động & Việc làm,2019,24.4731410912226
Cambodia,KHM,Employment in industry (% of total employment) (modeled ILO estimate),SL.IND.EMPL.ZS,Lao động & Việc làm,2020,25.1450484861575
Cambodia,KHM,Employment in industry (% of total employment) (modeled ILO estimate),SL.IND.EMPL.ZS,Lao động & Việc làm,2021,26.4143976143543
Cambodia,KHM,Employment in industry (% of total employment) (modeled ILO estimate),SL.IND.EMPL.ZS,Lao động & Việc làm,2022,27.0439382363786
Cambodia,KHM,Employment in industry (% of total employment) (modeled ILO estimate),SL.IND.EMPL.ZS,Lao động & Việc làm,2023,27.5630254285235
Cambodia,KHM,Employment in industry (% of total employment) (modeled ILO estimate),SL.IND.EMPL.ZS,Lao động & Việc làm,2024,28.4335285509441
Cambodia,KHM,Employment in industry (% of total employment) (modeled ILO estimate),SL.IND.EMPL.ZS,Lao động & Việc làm,2025,28.8737555324444
Cambodia,KHM,Employment in services (% of total employment) (modeled ILO estimate),SL.SRV.EMPL.ZS,Lao động & Việc làm,2015,32.6102017562834
Cambodia,KHM,Employment in services (% of total employment) (modeled ILO estimate),SL.SRV.EMPL.ZS,Lao động & Việc làm,2016,36.696322866151
Cambodia,KHM,Employment in services (% of total employment) (modeled ILO estimate),SL.SRV.EMPL.ZS,Lao động & Việc làm,2017,36.3027275126302
Cambodia,KHM,Employment in services (% of total employment) (modeled ILO estimate),SL.SRV.EMPL.ZS,Lao động & Việc làm,2018,35.9839108164185
Cambodia,KHM,Employment in services (% of total employment) (modeled ILO estimate),SL.SRV.EMPL.ZS,Lao động & Việc làm,2019,35.658762651713
Cambodia,KHM,Employment in services (% of total employment) (modeled ILO estimate),SL.SRV.EMPL.ZS,Lao động & Việc làm,2020,37.9549737883533
Cambodia,KHM,Employment in services (% of total employment) (modeled ILO estimate),SL.SRV.EMPL.ZS,Lao động & Việc làm,2021,36.4540258308825
Cambodia,KHM,Employment in services (% of total employment) (modeled ILO estimate),SL.SRV.EMPL.ZS,Lao động & Việc làm,2022,36.765430397567
Cambodia,KHM,Employment in services (% of total employment) (modeled ILO estimate),SL.SRV.EMPL.ZS,Lao động & Việc làm,2023,37.1323568741375
Cambodia,KHM,Employment in services (% of total employment) (modeled ILO estimate),SL.SRV.EMPL.ZS,Lao động & Việc làm,2024,37.4015058521057
Cambodia,KHM,Employment in services (% of total employment) (modeled ILO estimate),SL.SRV.EMPL.ZS,Lao động & Việc làm,2025,37.7214984459931
Indonesia,IDN,"Labor force participation rate, total (% of total population ages 15+) (modeled ILO estimate)",SL.TLF.CACT.ZS,Lao động & Việc làm,2015,66.578
Indonesia,IDN,"Labor force participation rate, total (% of total population ages 15+) (modeled ILO estimate)",SL.TLF.CACT.ZS,Lao động & Việc làm,2016,66.314
Indonesia,IDN,"Labor force participation rate, total (% of total population ages 15+) (modeled ILO estimate)",SL.TLF.CACT.ZS,Lao động & Việc làm,2017,66.694
Indonesia,IDN,"Labor force participation rate, total (% of total population ages 15+) (modeled ILO estimate)",SL.TLF.CACT.ZS,Lao động & Việc làm,2018,67.652
Indonesia,IDN,"Labor force participation rate, total (% of total population ages 15+) (modeled ILO estimate)",SL.TLF.CACT.ZS,Lao động & Việc làm,2019,68.238
Indonesia,IDN,"Labor force participation rate, total (% of total population ages 15+) (modeled ILO estimate)",SL.TLF.CACT.ZS,Lao động & Việc làm,2020,67.401
Indonesia,IDN,"Labor force participation rate, total (% of total population ages 15+) (modeled ILO estimate)",SL.TLF.CACT.ZS,Lao động & Việc làm,2021,65.868
Indonesia,IDN,"Labor force participation rate, total (% of total population ages 15+) (modeled ILO estimate)",SL.TLF.CACT.ZS,Lao động & Việc làm,2022,67.018
Indonesia,IDN,"Labor force participation rate, total (% of total population ages 15+) (modeled ILO estimate)",SL.TLF.CACT.ZS,Lao động & Việc làm,2023,67.899
Indonesia,IDN,"Labor force participation rate, total (% of total population ages 15+) (modeled ILO estimate)",SL.TLF.CACT.ZS,Lao động & Việc làm,2024,67.927
Indonesia,IDN,"Labor force participation rate, total (% of total population ages 15+) (modeled ILO estimate)",SL.TLF.CACT.ZS,Lao động & Việc làm,2025,67.965
Indonesia,IDN,"Unemployment, total (% of total labor force) (modeled ILO estimate)",SL.UEM.TOTL.ZS,Lao động & Việc làm,2015,4.514
Indonesia,IDN,"Unemployment, total (% of total labor force) (modeled ILO estimate)",SL.UEM.TOTL.ZS,Lao động & Việc làm,2016,4.301
Indonesia,IDN,"Unemployment, total (% of total labor force) (modeled ILO estimate)",SL.UEM.TOTL.ZS,Lao động & Việc làm,2017,3.783
Indonesia,IDN,"Unemployment, total (% of total labor force) (modeled ILO estimate)",SL.UEM.TOTL.ZS,Lao động & Việc làm,2018,4.387
Indonesia,IDN,"Unemployment, total (% of total labor force) (modeled ILO estimate)",SL.UEM.TOTL.ZS,Lao động & Việc làm,2019,3.59
Indonesia,IDN,"Unemployment, total (% of total labor force) (modeled ILO estimate)",SL.UEM.TOTL.ZS,Lao động & Việc làm,2020,4.255
Indonesia,IDN,"Unemployment, total (% of total labor force) (modeled ILO estimate)",SL.UEM.TOTL.ZS,Lao động & Việc làm,2021,3.827
Indonesia,IDN,"Unemployment, total (% of total labor force) (modeled ILO estimate)",SL.UEM.TOTL.ZS,Lao động & Việc làm,2022,3.462
Indonesia,IDN,"Unemployment, total (% of total labor force) (modeled ILO estimate)",SL.UEM.TOTL.ZS,Lao động & Việc làm,2023,3.308
Indonesia,IDN,"Unemployment, total (% of total labor force) (modeled ILO estimate)",SL.UEM.TOTL.ZS,Lao động & Việc làm,2024,3.301
Indonesia,IDN,"Unemployment, total (% of total labor force) (modeled ILO estimate)",SL.UEM.TOTL.ZS,Lao động & Việc làm,2025,3.237
Indonesia,IDN,"Unemployment, youth total (% of total labor force ages 15-24) (modeled ILO estimate)",SL.UEM.1524.ZS,Lao động & Việc làm,2015,17.224
Indonesia,IDN,"Unemployment, youth total (% of total labor force ages 15-24) (modeled ILO estimate)",SL.UEM.1524.ZS,Lao động & Việc làm,2016,15.997
Indonesia,IDN,"Unemployment, youth total (% of total labor force ages 15-24) (modeled ILO estimate)",SL.UEM.1524.ZS,Lao động & Việc làm,2017,14.553
Indonesia,IDN,"Unemployment, youth total (% of total labor force ages 15-24) (modeled ILO estimate)",SL.UEM.1524.ZS,Lao động & Việc làm,2018,16.369
Indonesia,IDN,"Unemployment, youth total (% of total labor force ages 15-24) (modeled ILO estimate)",SL.UEM.1524.ZS,Lao động & Việc làm,2019,13.577
Indonesia,IDN,"Unemployment, youth total (% of total labor force ages 15-24) (modeled ILO estimate)",SL.UEM.1524.ZS,Lao động & Việc làm,2020,14.773
Indonesia,IDN,"Unemployment, youth total (% of total labor force ages 15-24) (modeled ILO estimate)",SL.UEM.1524.ZS,Lao động & Việc làm,2021,13.8
Indonesia,IDN,"Unemployment, youth total (% of total labor force ages 15-24) (modeled ILO estimate)",SL.UEM.1524.ZS,Lao động & Việc làm,2022,14.054
Indonesia,IDN,"Unemployment, youth total (% of total labor force ages 15-24) (modeled ILO estimate)",SL.UEM.1524.ZS,Lao động & Việc làm,2023,13.015
Indonesia,IDN,"Unemployment, youth total (% of total labor force ages 15-24) (modeled ILO estimate)",SL.UEM.1524.ZS,Lao động & Việc làm,2024,13.075
Indonesia,IDN,"Unemployment, youth total (% of total labor force ages 15-24) (modeled ILO estimate)",SL.UEM.1524.ZS,Lao động & Việc làm,2025,12.977
Indonesia,IDN,Employment in agriculture (% of total employment) (modeled ILO estimate),SL.AGR.EMPL.ZS,Lao động & Việc làm,2015,32.7770295687741
Indonesia,IDN,Employment in agriculture (% of total employment) (modeled ILO estimate),SL.AGR.EMPL.ZS,Lao động & Việc làm,2016,31.5553329221477
Indonesia,IDN,Employment in agriculture (% of total employment) (modeled ILO estimate),SL.AGR.EMPL.ZS,Lao động & Việc làm,2017,30.5222024429742
Indonesia,IDN,Employment in agriculture (% of total employment) (modeled ILO estimate),SL.AGR.EMPL.ZS,Lao động & Việc làm,2018,29.4464900769988
Indonesia,IDN,Employment in agriculture (% of total employment) (modeled ILO estimate),SL.AGR.EMPL.ZS,Lao động & Việc làm,2019,28.4631336137713
Indonesia,IDN,Employment in agriculture (% of total employment) (modeled ILO estimate),SL.AGR.EMPL.ZS,Lao động & Việc làm,2020,29.3087481652973
Indonesia,IDN,Employment in agriculture (% of total employment) (modeled ILO estimate),SL.AGR.EMPL.ZS,Lao động & Việc làm,2021,28.9871998196831
Indonesia,IDN,Employment in agriculture (% of total employment) (modeled ILO estimate),SL.AGR.EMPL.ZS,Lao động & Việc làm,2022,29.2848629874109
Indonesia,IDN,Employment in agriculture (% of total employment) (modeled ILO estimate),SL.AGR.EMPL.ZS,Lao động & Việc làm,2023,28.7792280576249
Indonesia,IDN,Employment in agriculture (% of total employment) (modeled ILO estimate),SL.AGR.EMPL.ZS,Lao động & Việc làm,2024,27.9600749776458
Indonesia,IDN,Employment in agriculture (% of total employment) (modeled ILO estimate),SL.AGR.EMPL.ZS,Lao động & Việc làm,2025,27.2969124578361
Indonesia,IDN,Employment in industry (% of total employment) (modeled ILO estimate),SL.IND.EMPL.ZS,Lao động & Việc làm,2015,22.1218830739339
Indonesia,IDN,Employment in industry (% of total employment) (modeled ILO estimate),SL.IND.EMPL.ZS,Lao động & Việc làm,2016,21.8107246597619
Indonesia,IDN,Employment in industry (% of total employment) (modeled ILO estimate),SL.IND.EMPL.ZS,Lao động & Việc làm,2017,22.1220312359547
Indonesia,IDN,Employment in industry (% of total employment) (modeled ILO estimate),SL.IND.EMPL.ZS,Lao động & Việc làm,2018,22.3847562001086
Indonesia,IDN,Employment in industry (% of total employment) (modeled ILO estimate),SL.IND.EMPL.ZS,Lao động & Việc làm,2019,22.4012342408394
Indonesia,IDN,Employment in industry (% of total employment) (modeled ILO estimate),SL.IND.EMPL.ZS,Lao động & Việc làm,2020,21.6344047291476
Indonesia,IDN,Employment in industry (% of total employment) (modeled ILO estimate),SL.IND.EMPL.ZS,Lao động & Việc làm,2021,21.7614308372694
Indonesia,IDN,Employment in industry (% of total employment) (modeled ILO estimate),SL.IND.EMPL.ZS,Lao động & Việc làm,2022,21.8679677163131
Indonesia,IDN,Employment in industry (% of total employment) (modeled ILO estimate),SL.IND.EMPL.ZS,Lao động & Việc làm,2023,21.951549784263
Indonesia,IDN,Employment in industry (% of total employment) (modeled ILO estimate),SL.IND.EMPL.ZS,Lao động & Việc làm,2024,22.2861723546005
Indonesia,IDN,Employment in industry (% of total employment) (modeled ILO estimate),SL.IND.EMPL.ZS,Lao động & Việc làm,2025,22.5332080518796
Indonesia,IDN,Employment in services (% of total employment) (modeled ILO estimate),SL.SRV.EMPL.ZS,Lao động & Việc làm,2015,45.1010964067699
Indonesia,IDN,Employment in services (% of total employment) (modeled ILO estimate),SL.SRV.EMPL.ZS,Lao động & Việc làm,2016,46.6339424180905
Indonesia,IDN,Employment in services (% of total employment) (modeled ILO estimate),SL.SRV.EMPL.ZS,Lao động & Việc làm,2017,47.3557647336161
Indonesia,IDN,Employment in services (% of total employment) (modeled ILO estimate),SL.SRV.EMPL.ZS,Lao động & Việc làm,2018,48.1687622744529
Indonesia,IDN,Employment in services (% of total employment) (modeled ILO estimate),SL.SRV.EMPL.ZS,Lao động & Việc làm,2019,49.1356329001475
Indonesia,IDN,Employment in services (% of total employment) (modeled ILO estimate),SL.SRV.EMPL.ZS,Lao động & Việc làm,2020,49.0568463452771
Indonesia,IDN,Employment in services (% of total employment) (modeled ILO estimate),SL.SRV.EMPL.ZS,Lao động & Việc làm,2021,49.2513693430476
Indonesia,IDN,Employment in services (% of total employment) (modeled ILO estimate),SL.SRV.EMPL.ZS,Lao động & Việc làm,2022,48.8471685544592
Indonesia,IDN,Employment in services (% of total employment) (modeled ILO estimate),SL.SRV.EMPL.ZS,Lao động & Việc làm,2023,49.2692149419358
Indonesia,IDN,Employment in services (% of total employment) (modeled ILO estimate),SL.SRV.EMPL.ZS,Lao động & Việc làm,2024,49.7537526677536
Indonesia,IDN,Employment in services (% of total employment) (modeled ILO estimate),SL.SRV.EMPL.ZS,Lao động & Việc làm,2025,50.1698745725842
Lao PDR,LAO,"Labor force participation rate, total (% of total population ages 15+) (modeled ILO estimate)",SL.TLF.CACT.ZS,Lao động & Việc làm,2015,60.016
Lao PDR,LAO,"Labor force participation rate, total (% of total population ages 15+) (modeled ILO estimate)",SL.TLF.CACT.ZS,Lao động & Việc làm,2016,59.898
Lao PDR,LAO,"Labor force participation rate, total (% of total population ages 15+) (modeled ILO estimate)",SL.TLF.CACT.ZS,Lao động & Việc làm,2017,59.782
Lao PDR,LAO,"Labor force participation rate, total (% of total population ages 15+) (modeled ILO estimate)",SL.TLF.CACT.ZS,Lao động & Việc làm,2018,60.989
Lao PDR,LAO,"Labor force participation rate, total (% of total population ages 15+) (modeled ILO estimate)",SL.TLF.CACT.ZS,Lao động & Việc làm,2019,62.207
Lao PDR,LAO,"Labor force participation rate, total (% of total population ages 15+) (modeled ILO estimate)",SL.TLF.CACT.ZS,Lao động & Việc làm,2020,62.912
Lao PDR,LAO,"Labor force participation rate, total (% of total population ages 15+) (modeled ILO estimate)",SL.TLF.CACT.ZS,Lao động & Việc làm,2021,64.618
Lao PDR,LAO,"Labor force participation rate, total (% of total population ages 15+) (modeled ILO estimate)",SL.TLF.CACT.ZS,Lao động & Việc làm,2022,66.001
Lao PDR,LAO,"Labor force participation rate, total (% of total population ages 15+) (modeled ILO estimate)",SL.TLF.CACT.ZS,Lao động & Việc làm,2023,65.99
Lao PDR,LAO,"Labor force participation rate, total (% of total population ages 15+) (modeled ILO estimate)",SL.TLF.CACT.ZS,Lao động & Việc làm,2024,65.989
Lao PDR,LAO,"Labor force participation rate, total (% of total population ages 15+) (modeled ILO estimate)",SL.TLF.CACT.ZS,Lao động & Việc làm,2025,66.087
Lao PDR,LAO,"Unemployment, total (% of total labor force) (modeled ILO estimate)",SL.UEM.TOTL.ZS,Lao động & Việc làm,2015,2.006
Lao PDR,LAO,"Unemployment, total (% of total labor force) (modeled ILO estimate)",SL.UEM.TOTL.ZS,Lao động & Việc làm,2016,2.634
Lao PDR,LAO,"Unemployment, total (% of total labor force) (modeled ILO estimate)",SL.UEM.TOTL.ZS,Lao động & Việc làm,2017,3.268
Lao PDR,LAO,"Unemployment, total (% of total labor force) (modeled ILO estimate)",SL.UEM.TOTL.ZS,Lao động & Việc làm,2018,2.897
Lao PDR,LAO,"Unemployment, total (% of total labor force) (modeled ILO estimate)",SL.UEM.TOTL.ZS,Lao động & Việc làm,2019,2.531
Lao PDR,LAO,"Unemployment, total (% of total labor force) (modeled ILO estimate)",SL.UEM.TOTL.ZS,Lao động & Việc làm,2020,2.349
Lao PDR,LAO,"Unemployment, total (% of total labor force) (modeled ILO estimate)",SL.UEM.TOTL.ZS,Lao động & Việc làm,2021,2.08
Lao PDR,LAO,"Unemployment, total (% of total labor force) (modeled ILO estimate)",SL.UEM.TOTL.ZS,Lao động & Việc làm,2022,1.209
Lao PDR,LAO,"Unemployment, total (% of total labor force) (modeled ILO estimate)",SL.UEM.TOTL.ZS,Lao động & Việc làm,2023,1.186
Lao PDR,LAO,"Unemployment, total (% of total labor force) (modeled ILO estimate)",SL.UEM.TOTL.ZS,Lao động & Việc làm,2024,1.174
Lao PDR,LAO,"Unemployment, total (% of total labor force) (modeled ILO estimate)",SL.UEM.TOTL.ZS,Lao động & Việc làm,2025,1.187
Lao PDR,LAO,"Unemployment, youth total (% of total labor force ages 15-24) (modeled ILO estimate)",SL.UEM.1524.ZS,Lao động & Việc làm,2015,3.899
Lao PDR,LAO,"Unemployment, youth total (% of total labor force ages 15-24) (modeled ILO estimate)",SL.UEM.1524.ZS,Lao động & Việc làm,2016,4.836
Lao PDR,LAO,"Unemployment, youth total (% of total labor force ages 15-24) (modeled ILO estimate)",SL.UEM.1524.ZS,Lao động & Việc làm,2017,5.779
Lao PDR,LAO,"Unemployment, youth total (% of total labor force ages 15-24) (modeled ILO estimate)",SL.UEM.1524.ZS,Lao động & Việc làm,2018,5.128
Lao PDR,LAO,"Unemployment, youth total (% of total labor force ages 15-24) (modeled ILO estimate)",SL.UEM.1524.ZS,Lao động & Việc làm,2019,4.472
Lao PDR,LAO,"Unemployment, youth total (% of total labor force ages 15-24) (modeled ILO estimate)",SL.UEM.1524.ZS,Lao động & Việc làm,2020,4.237
Lao PDR,LAO,"Unemployment, youth total (% of total labor force ages 15-24) (modeled ILO estimate)",SL.UEM.1524.ZS,Lao động & Việc làm,2021,3.326
Lao PDR,LAO,"Unemployment, youth total (% of total labor force ages 15-24) (modeled ILO estimate)",SL.UEM.1524.ZS,Lao động & Việc làm,2022,2.184
Lao PDR,LAO,"Unemployment, youth total (% of total labor force ages 15-24) (modeled ILO estimate)",SL.UEM.1524.ZS,Lao động & Việc làm,2023,2.176
Lao PDR,LAO,"Unemployment, youth total (% of total labor force ages 15-24) (modeled ILO estimate)",SL.UEM.1524.ZS,Lao động & Việc làm,2024,2.178
Lao PDR,LAO,"Unemployment, youth total (% of total labor force ages 15-24) (modeled ILO estimate)",SL.UEM.1524.ZS,Lao động & Việc làm,2025,2.384
Lao PDR,LAO,Employment in agriculture (% of total employment) (modeled ILO estimate),SL.AGR.EMPL.ZS,Lao động & Việc làm,2015,72.9649532307863
Lao PDR,LAO,Employment in agriculture (% of total employment) (modeled ILO estimate),SL.AGR.EMPL.ZS,Lao động & Việc làm,2016,71.8509145672025
Lao PDR,LAO,Employment in agriculture (% of total employment) (modeled ILO estimate),SL.AGR.EMPL.ZS,Lao động & Việc làm,2017,70.5291019202622
Lao PDR,LAO,Employment in agriculture (% of total employment) (modeled ILO estimate),SL.AGR.EMPL.ZS,Lao động & Việc làm,2018,69.8638841171341
Lao PDR,LAO,Employment in agriculture (% of total employment) (modeled ILO estimate),SL.AGR.EMPL.ZS,Lao động & Việc làm,2019,69.3587576077181
Lao PDR,LAO,Employment in agriculture (% of total employment) (modeled ILO estimate),SL.AGR.EMPL.ZS,Lao động & Việc làm,2020,69.9552282806947
Lao PDR,LAO,Employment in agriculture (% of total employment) (modeled ILO estimate),SL.AGR.EMPL.ZS,Lao động & Việc làm,2021,69.8577324066029
Lao PDR,LAO,Employment in agriculture (% of total employment) (modeled ILO estimate),SL.AGR.EMPL.ZS,Lao động & Việc làm,2022,69.5659733337719
Lao PDR,LAO,Employment in agriculture (% of total employment) (modeled ILO estimate),SL.AGR.EMPL.ZS,Lao động & Việc làm,2023,69.3876980673051
Lao PDR,LAO,Employment in agriculture (% of total employment) (modeled ILO estimate),SL.AGR.EMPL.ZS,Lao động & Việc làm,2024,68.9120737008234
Lao PDR,LAO,Employment in agriculture (% of total employment) (modeled ILO estimate),SL.AGR.EMPL.ZS,Lao động & Việc làm,2025,68.5969890231444
Lao PDR,LAO,Employment in industry (% of total employment) (modeled ILO estimate),SL.IND.EMPL.ZS,Lao động & Việc làm,2015,6.27582116644838
Lao PDR,LAO,Employment in industry (% of total employment) (modeled ILO estimate),SL.IND.EMPL.ZS,Lao động & Việc làm,2016,6.37590963228787
Lao PDR,LAO,Employment in industry (% of total employment) (modeled ILO estimate),SL.IND.EMPL.ZS,Lao động & Việc làm,2017,6.51502934586047
Lao PDR,LAO,Employment in industry (% of total employment) (modeled ILO estimate),SL.IND.EMPL.ZS,Lao động & Việc làm,2018,6.79373611797991
Lao PDR,LAO,Employment in industry (% of total employment) (modeled ILO estimate),SL.IND.EMPL.ZS,Lao động & Việc làm,2019,7.00855639208981
Lao PDR,LAO,Employment in industry (% of total employment) (modeled ILO estimate),SL.IND.EMPL.ZS,Lao động & Việc làm,2020,6.9752200520285
Lao PDR,LAO,Employment in industry (% of total employment) (modeled ILO estimate),SL.IND.EMPL.ZS,Lao động & Việc làm,2021,7.09983537042888
Lao PDR,LAO,Employment in industry (% of total employment) (modeled ILO estimate),SL.IND.EMPL.ZS,Lao động & Việc làm,2022,7.17840668729181
Lao PDR,LAO,Employment in industry (% of total employment) (modeled ILO estimate),SL.IND.EMPL.ZS,Lao động & Việc làm,2023,7.24890970605785
Lao PDR,LAO,Employment in industry (% of total employment) (modeled ILO estimate),SL.IND.EMPL.ZS,Lao động & Việc làm,2024,7.39985422237704
Lao PDR,LAO,Employment in industry (% of total employment) (modeled ILO estimate),SL.IND.EMPL.ZS,Lao động & Việc làm,2025,7.41491516120134
Lao PDR,LAO,Employment in services (% of total employment) (modeled ILO estimate),SL.SRV.EMPL.ZS,Lao động & Việc làm,2015,20.7592256027653
Lao PDR,LAO,Employment in services (% of total employment) (modeled ILO estimate),SL.SRV.EMPL.ZS,Lao động & Việc làm,2016,21.7731758005097
Lao PDR,LAO,Employment in services (% of total employment) (modeled ILO estimate),SL.SRV.EMPL.ZS,Lao động & Việc làm,2017,22.9559052518719
Lao PDR,LAO,Employment in services (% of total employment) (modeled ILO estimate),SL.SRV.EMPL.ZS,Lao động & Việc làm,2018,23.342344814088
Lao PDR,LAO,Employment in services (% of total employment) (modeled ILO estimate),SL.SRV.EMPL.ZS,Lao động & Việc làm,2019,23.6326860001921
Lao PDR,LAO,Employment in services (% of total employment) (modeled ILO estimate),SL.SRV.EMPL.ZS,Lao động & Việc làm,2020,23.0695516672768
Lao PDR,LAO,Employment in services (% of total employment) (modeled ILO estimate),SL.SRV.EMPL.ZS,Lao động & Việc làm,2021,23.0424322229682
Lao PDR,LAO,Employment in services (% of total employment) (modeled ILO estimate),SL.SRV.EMPL.ZS,Lao động & Việc làm,2022,23.2556199789363
Lao PDR,LAO,Employment in services (% of total employment) (modeled ILO estimate),SL.SRV.EMPL.ZS,Lao động & Việc làm,2023,23.3633634152757
Lao PDR,LAO,Employment in services (% of total employment) (modeled ILO estimate),SL.SRV.EMPL.ZS,Lao động & Việc làm,2024,23.6880438034049
Lao PDR,LAO,Employment in services (% of total employment) (modeled ILO estimate),SL.SRV.EMPL.ZS,Lao động & Việc làm,2025,23.9881235384869
Malaysia,MYS,"Labor force participation rate, total (% of total population ages 15+) (modeled ILO estimate)",SL.TLF.CACT.ZS,Lao động & Việc làm,2015,65.185
Malaysia,MYS,"Labor force participation rate, total (% of total population ages 15+) (modeled ILO estimate)",SL.TLF.CACT.ZS,Lao động & Việc làm,2016,65.09
Malaysia,MYS,"Labor force participation rate, total (% of total population ages 15+) (modeled ILO estimate)",SL.TLF.CACT.ZS,Lao động & Việc làm,2017,65.202
Malaysia,MYS,"Labor force participation rate, total (% of total population ages 15+) (modeled ILO estimate)",SL.TLF.CACT.ZS,Lao động & Việc làm,2018,65.574
Malaysia,MYS,"Labor force participation rate, total (% of total population ages 15+) (modeled ILO estimate)",SL.TLF.CACT.ZS,Lao động & Việc làm,2019,65.871
Malaysia,MYS,"Labor force participation rate, total (% of total population ages 15+) (modeled ILO estimate)",SL.TLF.CACT.ZS,Lao động & Việc làm,2020,65.473
Malaysia,MYS,"Labor force participation rate, total (% of total population ages 15+) (modeled ILO estimate)",SL.TLF.CACT.ZS,Lao động & Việc làm,2021,65.619
Malaysia,MYS,"Labor force participation rate, total (% of total population ages 15+) (modeled ILO estimate)",SL.TLF.CACT.ZS,Lao động & Việc làm,2022,66.223
Malaysia,MYS,"Labor force participation rate, total (% of total population ages 15+) (modeled ILO estimate)",SL.TLF.CACT.ZS,Lao động & Việc làm,2023,66.178
Malaysia,MYS,"Labor force participation rate, total (% of total population ages 15+) (modeled ILO estimate)",SL.TLF.CACT.ZS,Lao động & Việc làm,2024,66.107
Malaysia,MYS,"Labor force participation rate, total (% of total population ages 15+) (modeled ILO estimate)",SL.TLF.CACT.ZS,Lao động & Việc làm,2025,66.12
Malaysia,MYS,"Unemployment, total (% of total labor force) (modeled ILO estimate)",SL.UEM.TOTL.ZS,Lao động & Việc làm,2015,3.1
Malaysia,MYS,"Unemployment, total (% of total labor force) (modeled ILO estimate)",SL.UEM.TOTL.ZS,Lao động & Việc làm,2016,3.44
Malaysia,MYS,"Unemployment, total (% of total labor force) (modeled ILO estimate)",SL.UEM.TOTL.ZS,Lao động & Việc làm,2017,3.41
Malaysia,MYS,"Unemployment, total (% of total labor force) (modeled ILO estimate)",SL.UEM.TOTL.ZS,Lao động & Việc làm,2018,3.3
Malaysia,MYS,"Unemployment, total (% of total labor force) (modeled ILO estimate)",SL.UEM.TOTL.ZS,Lao động & Việc làm,2019,3.33
Malaysia,MYS,"Unemployment, total (% of total labor force) (modeled ILO estimate)",SL.UEM.TOTL.ZS,Lao động & Việc làm,2020,4.54
Malaysia,MYS,"Unemployment, total (% of total labor force) (modeled ILO estimate)",SL.UEM.TOTL.ZS,Lao động & Việc làm,2021,4.64
Malaysia,MYS,"Unemployment, total (% of total labor force) (modeled ILO estimate)",SL.UEM.TOTL.ZS,Lao động & Việc làm,2022,3.93
Malaysia,MYS,"Unemployment, total (% of total labor force) (modeled ILO estimate)",SL.UEM.TOTL.ZS,Lao động & Việc làm,2023,3.858
Malaysia,MYS,"Unemployment, total (% of total labor force) (modeled ILO estimate)",SL.UEM.TOTL.ZS,Lao động & Việc làm,2024,3.846
Malaysia,MYS,"Unemployment, total (% of total labor force) (modeled ILO estimate)",SL.UEM.TOTL.ZS,Lao động & Việc làm,2025,3.764
Malaysia,MYS,"Unemployment, youth total (% of total labor force ages 15-24) (modeled ILO estimate)",SL.UEM.1524.ZS,Lao động & Việc làm,2015,10.979
Malaysia,MYS,"Unemployment, youth total (% of total labor force ages 15-24) (modeled ILO estimate)",SL.UEM.1524.ZS,Lao động & Việc làm,2016,10.836
Malaysia,MYS,"Unemployment, youth total (% of total labor force ages 15-24) (modeled ILO estimate)",SL.UEM.1524.ZS,Lao động & Việc làm,2017,11.277
Malaysia,MYS,"Unemployment, youth total (% of total labor force ages 15-24) (modeled ILO estimate)",SL.UEM.1524.ZS,Lao động & Việc làm,2018,11.395
Malaysia,MYS,"Unemployment, youth total (% of total labor force ages 15-24) (modeled ILO estimate)",SL.UEM.1524.ZS,Lao động & Việc làm,2019,11.211
Malaysia,MYS,"Unemployment, youth total (% of total labor force ages 15-24) (modeled ILO estimate)",SL.UEM.1524.ZS,Lao động & Việc làm,2020,12.365
Malaysia,MYS,"Unemployment, youth total (% of total labor force ages 15-24) (modeled ILO estimate)",SL.UEM.1524.ZS,Lao động & Việc làm,2021,11.579
Malaysia,MYS,"Unemployment, youth total (% of total labor force ages 15-24) (modeled ILO estimate)",SL.UEM.1524.ZS,Lao động & Việc làm,2022,12.159
Malaysia,MYS,"Unemployment, youth total (% of total labor force ages 15-24) (modeled ILO estimate)",SL.UEM.1524.ZS,Lao động & Việc làm,2023,12.146
Malaysia,MYS,"Unemployment, youth total (% of total labor force ages 15-24) (modeled ILO estimate)",SL.UEM.1524.ZS,Lao động & Việc làm,2024,12.25
Malaysia,MYS,"Unemployment, youth total (% of total labor force ages 15-24) (modeled ILO estimate)",SL.UEM.1524.ZS,Lao động & Việc làm,2025,11.953
Malaysia,MYS,Employment in agriculture (% of total employment) (modeled ILO estimate),SL.AGR.EMPL.ZS,Lao động & Việc làm,2015,12.4690778902687
Malaysia,MYS,Employment in agriculture (% of total employment) (modeled ILO estimate),SL.AGR.EMPL.ZS,Lao động & Việc làm,2016,11.3671005610583
Malaysia,MYS,Employment in agriculture (% of total employment) (modeled ILO estimate),SL.AGR.EMPL.ZS,Lao động & Việc làm,2017,11.2939340883286
Malaysia,MYS,Employment in agriculture (% of total employment) (modeled ILO estimate),SL.AGR.EMPL.ZS,Lao động & Việc làm,2018,10.6274389987205
Malaysia,MYS,Employment in agriculture (% of total employment) (modeled ILO estimate),SL.AGR.EMPL.ZS,Lao động & Việc làm,2019,10.2240384296119
Malaysia,MYS,Employment in agriculture (% of total employment) (modeled ILO estimate),SL.AGR.EMPL.ZS,Lao động & Việc làm,2020,10.470225235867
Malaysia,MYS,Employment in agriculture (% of total employment) (modeled ILO estimate),SL.AGR.EMPL.ZS,Lao động & Việc làm,2021,10.2892948363062
Malaysia,MYS,Employment in agriculture (% of total employment) (modeled ILO estimate),SL.AGR.EMPL.ZS,Lao động & Việc làm,2022,10.0105928565176
Malaysia,MYS,Employment in agriculture (% of total employment) (modeled ILO estimate),SL.AGR.EMPL.ZS,Lao động & Việc làm,2023,9.74966658350567
Malaysia,MYS,Employment in agriculture (% of total employment) (modeled ILO estimate),SL.AGR.EMPL.ZS,Lao động & Việc làm,2024,9.43694338106628
Malaysia,MYS,Employment in agriculture (% of total employment) (modeled ILO estimate),SL.AGR.EMPL.ZS,Lao động & Việc làm,2025,9.18230248992663
Malaysia,MYS,Employment in industry (% of total employment) (modeled ILO estimate),SL.IND.EMPL.ZS,Lao động & Việc làm,2015,27.5188412788598
Malaysia,MYS,Employment in industry (% of total employment) (modeled ILO estimate),SL.IND.EMPL.ZS,Lao động & Việc làm,2016,27.4867972058341
Malaysia,MYS,Employment in industry (% of total employment) (modeled ILO estimate),SL.IND.EMPL.ZS,Lao động & Việc làm,2017,27.7174531720201
Malaysia,MYS,Employment in industry (% of total employment) (modeled ILO estimate),SL.IND.EMPL.ZS,Lao động & Việc làm,2018,27.1110391043493
Malaysia,MYS,Employment in industry (% of total employment) (modeled ILO estimate),SL.IND.EMPL.ZS,Lao động & Việc làm,2019,27.9242134883929
Malaysia,MYS,Employment in industry (% of total employment) (modeled ILO estimate),SL.IND.EMPL.ZS,Lao động & Việc làm,2020,26.1668675751684
Malaysia,MYS,Employment in industry (% of total employment) (modeled ILO estimate),SL.IND.EMPL.ZS,Lao động & Việc làm,2021,25.9296867517211
Malaysia,MYS,Employment in industry (% of total employment) (modeled ILO estimate),SL.IND.EMPL.ZS,Lao động & Việc làm,2022,26.0718420292351
Malaysia,MYS,Employment in industry (% of total employment) (modeled ILO estimate),SL.IND.EMPL.ZS,Lao động & Việc làm,2023,25.9966868796068
Malaysia,MYS,Employment in industry (% of total employment) (modeled ILO estimate),SL.IND.EMPL.ZS,Lao động & Việc làm,2024,26.0022237887699
Malaysia,MYS,Employment in industry (% of total employment) (modeled ILO estimate),SL.IND.EMPL.ZS,Lao động & Việc làm,2025,25.9558514796811
Malaysia,MYS,Employment in services (% of total employment) (modeled ILO estimate),SL.SRV.EMPL.ZS,Lao động & Việc làm,2015,60.0120876639206
Malaysia,MYS,Employment in services (% of total employment) (modeled ILO estimate),SL.SRV.EMPL.ZS,Lao động & Việc làm,2016,61.1460887965168
Malaysia,MYS,Employment in services (% of total employment) (modeled ILO estimate),SL.SRV.EMPL.ZS,Lao động & Việc làm,2017,60.9886193008338
Malaysia,MYS,Employment in services (% of total employment) (modeled ILO estimate),SL.SRV.EMPL.ZS,Lao động & Việc làm,2018,62.2615155183785
Malaysia,MYS,Employment in services (% of total employment) (modeled ILO estimate),SL.SRV.EMPL.ZS,Lao động & Việc làm,2019,61.8517542998961
Malaysia,MYS,Employment in services (% of total employment) (modeled ILO estimate),SL.SRV.EMPL.ZS,Lao động & Việc làm,2020,63.3629009801003
Malaysia,MYS,Employment in services (% of total employment) (modeled ILO estimate),SL.SRV.EMPL.ZS,Lao động & Việc làm,2021,63.7810123268587
Malaysia,MYS,Employment in services (% of total employment) (modeled ILO estimate),SL.SRV.EMPL.ZS,Lao động & Việc làm,2022,63.9175651142473
Malaysia,MYS,Employment in services (% of total employment) (modeled ILO estimate),SL.SRV.EMPL.ZS,Lao động & Việc làm,2023,64.2536465368875
Malaysia,MYS,Employment in services (% of total employment) (modeled ILO estimate),SL.SRV.EMPL.ZS,Lao động & Việc làm,2024,64.5608215166271
Malaysia,MYS,Employment in services (% of total employment) (modeled ILO estimate),SL.SRV.EMPL.ZS,Lao động & Việc làm,2025,64.8618460303923
Myanmar,MMR,"Labor force participation rate, total (% of total population ages 15+) (modeled ILO estimate)",SL.TLF.CACT.ZS,Lao động & Việc làm,2015,64.711
Myanmar,MMR,"Labor force participation rate, total (% of total population ages 15+) (modeled ILO estimate)",SL.TLF.CACT.ZS,Lao động & Việc làm,2016,63.378
Myanmar,MMR,"Labor force participation rate, total (% of total population ages 15+) (modeled ILO estimate)",SL.TLF.CACT.ZS,Lao động & Việc làm,2017,62.023
Myanmar,MMR,"Labor force participation rate, total (% of total population ages 15+) (modeled ILO estimate)",SL.TLF.CACT.ZS,Lao động & Việc làm,2018,62.361
Myanmar,MMR,"Labor force participation rate, total (% of total population ages 15+) (modeled ILO estimate)",SL.TLF.CACT.ZS,Lao động & Việc làm,2019,60.502
Myanmar,MMR,"Labor force participation rate, total (% of total population ages 15+) (modeled ILO estimate)",SL.TLF.CACT.ZS,Lao động & Việc làm,2020,60.151
Myanmar,MMR,"Labor force participation rate, total (% of total population ages 15+) (modeled ILO estimate)",SL.TLF.CACT.ZS,Lao động & Việc làm,2021,55.191
Myanmar,MMR,"Labor force participation rate, total (% of total population ages 15+) (modeled ILO estimate)",SL.TLF.CACT.ZS,Lao động & Việc làm,2022,55.218
Myanmar,MMR,"Labor force participation rate, total (% of total population ages 15+) (modeled ILO estimate)",SL.TLF.CACT.ZS,Lao động & Việc làm,2023,55.192
Myanmar,MMR,"Labor force participation rate, total (% of total population ages 15+) (modeled ILO estimate)",SL.TLF.CACT.ZS,Lao động & Việc làm,2024,55.129
Myanmar,MMR,"Labor force participation rate, total (% of total population ages 15+) (modeled ILO estimate)",SL.TLF.CACT.ZS,Lao động & Việc làm,2025,55.088
Myanmar,MMR,"Unemployment, total (% of total labor force) (modeled ILO estimate)",SL.UEM.TOTL.ZS,Lao động & Việc làm,2015,0.766
Myanmar,MMR,"Unemployment, total (% of total labor force) (modeled ILO estimate)",SL.UEM.TOTL.ZS,Lao động & Việc làm,2016,1.058
Myanmar,MMR,"Unemployment, total (% of total labor force) (modeled ILO estimate)",SL.UEM.TOTL.ZS,Lao động & Việc làm,2017,1.356
Myanmar,MMR,"Unemployment, total (% of total labor force) (modeled ILO estimate)",SL.UEM.TOTL.ZS,Lao động & Việc làm,2018,0.767
Myanmar,MMR,"Unemployment, total (% of total labor force) (modeled ILO estimate)",SL.UEM.TOTL.ZS,Lao động & Việc làm,2019,0.407
Myanmar,MMR,"Unemployment, total (% of total labor force) (modeled ILO estimate)",SL.UEM.TOTL.ZS,Lao động & Việc làm,2020,1.476
Myanmar,MMR,"Unemployment, total (% of total labor force) (modeled ILO estimate)",SL.UEM.TOTL.ZS,Lao động & Việc làm,2021,4.34
Myanmar,MMR,"Unemployment, total (% of total labor force) (modeled ILO estimate)",SL.UEM.TOTL.ZS,Lao động & Việc làm,2022,3.063
Myanmar,MMR,"Unemployment, total (% of total labor force) (modeled ILO estimate)",SL.UEM.TOTL.ZS,Lao động & Việc làm,2023,2.977
Myanmar,MMR,"Unemployment, total (% of total labor force) (modeled ILO estimate)",SL.UEM.TOTL.ZS,Lao động & Việc làm,2024,2.887
Myanmar,MMR,"Unemployment, total (% of total labor force) (modeled ILO estimate)",SL.UEM.TOTL.ZS,Lao động & Việc làm,2025,3.047
Myanmar,MMR,"Unemployment, youth total (% of total labor force ages 15-24) (modeled ILO estimate)",SL.UEM.1524.ZS,Lao động & Việc làm,2015,1.588
Myanmar,MMR,"Unemployment, youth total (% of total labor force ages 15-24) (modeled ILO estimate)",SL.UEM.1524.ZS,Lao động & Việc làm,2016,2.551
Myanmar,MMR,"Unemployment, youth total (% of total labor force ages 15-24) (modeled ILO estimate)",SL.UEM.1524.ZS,Lao động & Việc làm,2017,3.586
Myanmar,MMR,"Unemployment, youth total (% of total labor force ages 15-24) (modeled ILO estimate)",SL.UEM.1524.ZS,Lao động & Việc làm,2018,1.843
Myanmar,MMR,"Unemployment, youth total (% of total labor force ages 15-24) (modeled ILO estimate)",SL.UEM.1524.ZS,Lao động & Việc làm,2019,1.313
Myanmar,MMR,"Unemployment, youth total (% of total labor force ages 15-24) (modeled ILO estimate)",SL.UEM.1524.ZS,Lao động & Việc làm,2020,4.955
Myanmar,MMR,"Unemployment, youth total (% of total labor force ages 15-24) (modeled ILO estimate)",SL.UEM.1524.ZS,Lao động & Việc làm,2021,12.818
Myanmar,MMR,"Unemployment, youth total (% of total labor force ages 15-24) (modeled ILO estimate)",SL.UEM.1524.ZS,Lao động & Việc làm,2022,10.148
Myanmar,MMR,"Unemployment, youth total (% of total labor force ages 15-24) (modeled ILO estimate)",SL.UEM.1524.ZS,Lao động & Việc làm,2023,10.069
Myanmar,MMR,"Unemployment, youth total (% of total labor force ages 15-24) (modeled ILO estimate)",SL.UEM.1524.ZS,Lao động & Việc làm,2024,9.967
Myanmar,MMR,"Unemployment, youth total (% of total labor force ages 15-24) (modeled ILO estimate)",SL.UEM.1524.ZS,Lao động & Việc làm,2025,9.806
Myanmar,MMR,Employment in agriculture (% of total employment) (modeled ILO estimate),SL.AGR.EMPL.ZS,Lao động & Việc làm,2015,51.6899994587835
Myanmar,MMR,Employment in agriculture (% of total employment) (modeled ILO estimate),SL.AGR.EMPL.ZS,Lao động & Việc làm,2016,51.5439005791487
Myanmar,MMR,Employment in agriculture (% of total employment) (modeled ILO estimate),SL.AGR.EMPL.ZS,Lao động & Việc làm,2017,51.3367756648574
Myanmar,MMR,Employment in agriculture (% of total employment) (modeled ILO estimate),SL.AGR.EMPL.ZS,Lao động & Việc làm,2018,48.9375237522185
Myanmar,MMR,Employment in agriculture (% of total employment) (modeled ILO estimate),SL.AGR.EMPL.ZS,Lao động & Việc làm,2019,49.7566078402761
Myanmar,MMR,Employment in agriculture (% of total employment) (modeled ILO estimate),SL.AGR.EMPL.ZS,Lao động & Việc làm,2020,46.4675606772375
Myanmar,MMR,Employment in agriculture (% of total employment) (modeled ILO estimate),SL.AGR.EMPL.ZS,Lao động & Việc làm,2021,46.5899395765067
Myanmar,MMR,Employment in agriculture (% of total employment) (modeled ILO estimate),SL.AGR.EMPL.ZS,Lao động & Việc làm,2022,45.8193782127211
Myanmar,MMR,Employment in agriculture (% of total employment) (modeled ILO estimate),SL.AGR.EMPL.ZS,Lao động & Việc làm,2023,45.2453969645892
Myanmar,MMR,Employment in agriculture (% of total employment) (modeled ILO estimate),SL.AGR.EMPL.ZS,Lao động & Việc làm,2024,45.3568178680874
Myanmar,MMR,Employment in agriculture (% of total employment) (modeled ILO estimate),SL.AGR.EMPL.ZS,Lao động & Việc làm,2025,44.9546145963458
Myanmar,MMR,Employment in industry (% of total employment) (modeled ILO estimate),SL.IND.EMPL.ZS,Lao động & Việc làm,2015,16.7657106764191
Myanmar,MMR,Employment in industry (% of total employment) (modeled ILO estimate),SL.IND.EMPL.ZS,Lao động & Việc làm,2016,16.2117313875149
Myanmar,MMR,Employment in industry (% of total employment) (modeled ILO estimate),SL.IND.EMPL.ZS,Lao động & Việc làm,2017,15.7039131256502
Myanmar,MMR,Employment in industry (% of total employment) (modeled ILO estimate),SL.IND.EMPL.ZS,Lao động & Việc làm,2018,17.0167741424896
Myanmar,MMR,Employment in industry (% of total employment) (modeled ILO estimate),SL.IND.EMPL.ZS,Lao động & Việc làm,2019,16.6405595636955
Myanmar,MMR,Employment in industry (% of total employment) (modeled ILO estimate),SL.IND.EMPL.ZS,Lao động & Việc làm,2020,18.5772975274998
Myanmar,MMR,Employment in industry (% of total employment) (modeled ILO estimate),SL.IND.EMPL.ZS,Lao động & Việc làm,2021,18.4501769325382
Myanmar,MMR,Employment in industry (% of total employment) (modeled ILO estimate),SL.IND.EMPL.ZS,Lao động & Việc làm,2022,18.9517852035284
Myanmar,MMR,Employment in industry (% of total employment) (modeled ILO estimate),SL.IND.EMPL.ZS,Lao động & Việc làm,2023,18.7442239550243
Myanmar,MMR,Employment in industry (% of total employment) (modeled ILO estimate),SL.IND.EMPL.ZS,Lao động & Việc làm,2024,18.1296238420573
Myanmar,MMR,Employment in industry (% of total employment) (modeled ILO estimate),SL.IND.EMPL.ZS,Lao động & Việc làm,2025,18.1597725910001
Myanmar,MMR,Employment in services (% of total employment) (modeled ILO estimate),SL.SRV.EMPL.ZS,Lao động & Việc làm,2015,31.5442898647975
Myanmar,MMR,Employment in services (% of total employment) (modeled ILO estimate),SL.SRV.EMPL.ZS,Lao động & Việc làm,2016,32.2443680333365
Myanmar,MMR,Employment in services (% of total employment) (modeled ILO estimate),SL.SRV.EMPL.ZS,Lao động & Việc làm,2017,32.9593197113155
Myanmar,MMR,Employment in services (% of total employment) (modeled ILO estimate),SL.SRV.EMPL.ZS,Lao động & Việc làm,2018,34.0457021052919
Myanmar,MMR,Employment in services (% of total employment) (modeled ILO estimate),SL.SRV.EMPL.ZS,Lao động & Việc làm,2019,33.6028325960284
Myanmar,MMR,Employment in services (% of total employment) (modeled ILO estimate),SL.SRV.EMPL.ZS,Lao động & Việc làm,2020,34.955133291378
Myanmar,MMR,Employment in services (% of total employment) (modeled ILO estimate),SL.SRV.EMPL.ZS,Lao động & Việc làm,2021,34.9598787644986
Myanmar,MMR,Employment in services (% of total employment) (modeled ILO estimate),SL.SRV.EMPL.ZS,Lao động & Việc làm,2022,35.2288458177807
Myanmar,MMR,Employment in services (% of total employment) (modeled ILO estimate),SL.SRV.EMPL.ZS,Lao động & Việc làm,2023,36.0103699401709
Myanmar,MMR,Employment in services (% of total employment) (modeled ILO estimate),SL.SRV.EMPL.ZS,Lao động & Việc làm,2024,36.5135582898552
Myanmar,MMR,Employment in services (% of total employment) (modeled ILO estimate),SL.SRV.EMPL.ZS,Lao động & Việc làm,2025,36.8856128126541
Philippines,PHL,"Labor force participation rate, total (% of total population ages 15+) (modeled ILO estimate)",SL.TLF.CACT.ZS,Lao động & Việc làm,2015,61.405
Philippines,PHL,"Labor force participation rate, total (% of total population ages 15+) (modeled ILO estimate)",SL.TLF.CACT.ZS,Lao động & Việc làm,2016,61.59
Philippines,PHL,"Labor force participation rate, total (% of total population ages 15+) (modeled ILO estimate)",SL.TLF.CACT.ZS,Lao động & Việc làm,2017,59.141
Philippines,PHL,"Labor force participation rate, total (% of total population ages 15+) (modeled ILO estimate)",SL.TLF.CACT.ZS,Lao động & Việc làm,2018,58.981
Philippines,PHL,"Labor force participation rate, total (% of total population ages 15+) (modeled ILO estimate)",SL.TLF.CACT.ZS,Lao động & Việc làm,2019,59.444
Philippines,PHL,"Labor force participation rate, total (% of total population ages 15+) (modeled ILO estimate)",SL.TLF.CACT.ZS,Lao động & Việc làm,2020,54.746
Philippines,PHL,"Labor force participation rate, total (% of total population ages 15+) (modeled ILO estimate)",SL.TLF.CACT.ZS,Lao động & Việc làm,2021,56.471
Philippines,PHL,"Labor force participation rate, total (% of total population ages 15+) (modeled ILO estimate)",SL.TLF.CACT.ZS,Lao động & Việc làm,2022,61.439
Philippines,PHL,"Labor force participation rate, total (% of total population ages 15+) (modeled ILO estimate)",SL.TLF.CACT.ZS,Lao động & Việc làm,2023,61.42
Philippines,PHL,"Labor force participation rate, total (% of total population ages 15+) (modeled ILO estimate)",SL.TLF.CACT.ZS,Lao động & Việc làm,2024,61.402
Philippines,PHL,"Labor force participation rate, total (% of total population ages 15+) (modeled ILO estimate)",SL.TLF.CACT.ZS,Lao động & Việc làm,2025,61.35
Philippines,PHL,"Unemployment, total (% of total labor force) (modeled ILO estimate)",SL.UEM.TOTL.ZS,Lao động & Việc làm,2015,3.068
Philippines,PHL,"Unemployment, total (% of total labor force) (modeled ILO estimate)",SL.UEM.TOTL.ZS,Lao động & Việc làm,2016,2.695
Philippines,PHL,"Unemployment, total (% of total labor force) (modeled ILO estimate)",SL.UEM.TOTL.ZS,Lao động & Việc làm,2017,2.552
Philippines,PHL,"Unemployment, total (% of total labor force) (modeled ILO estimate)",SL.UEM.TOTL.ZS,Lao động & Việc làm,2018,2.338
Philippines,PHL,"Unemployment, total (% of total labor force) (modeled ILO estimate)",SL.UEM.TOTL.ZS,Lao động & Việc làm,2019,2.237
Philippines,PHL,"Unemployment, total (% of total labor force) (modeled ILO estimate)",SL.UEM.TOTL.ZS,Lao động & Việc làm,2020,2.522
Philippines,PHL,"Unemployment, total (% of total labor force) (modeled ILO estimate)",SL.UEM.TOTL.ZS,Lao động & Việc làm,2021,3.398
Philippines,PHL,"Unemployment, total (% of total labor force) (modeled ILO estimate)",SL.UEM.TOTL.ZS,Lao động & Việc làm,2022,2.598
Philippines,PHL,"Unemployment, total (% of total labor force) (modeled ILO estimate)",SL.UEM.TOTL.ZS,Lao động & Việc làm,2023,2.2
Philippines,PHL,"Unemployment, total (% of total labor force) (modeled ILO estimate)",SL.UEM.TOTL.ZS,Lao động & Việc làm,2024,2.202
Philippines,PHL,"Unemployment, total (% of total labor force) (modeled ILO estimate)",SL.UEM.TOTL.ZS,Lao động & Việc làm,2025,2.235
Philippines,PHL,"Unemployment, youth total (% of total labor force ages 15-24) (modeled ILO estimate)",SL.UEM.1524.ZS,Lao động & Việc làm,2015,8.509
Philippines,PHL,"Unemployment, youth total (% of total labor force ages 15-24) (modeled ILO estimate)",SL.UEM.1524.ZS,Lao động & Việc làm,2016,7.634
Philippines,PHL,"Unemployment, youth total (% of total labor force ages 15-24) (modeled ILO estimate)",SL.UEM.1524.ZS,Lao động & Việc làm,2017,7.379
Philippines,PHL,"Unemployment, youth total (% of total labor force ages 15-24) (modeled ILO estimate)",SL.UEM.1524.ZS,Lao động & Việc làm,2018,6.605
Philippines,PHL,"Unemployment, youth total (% of total labor force ages 15-24) (modeled ILO estimate)",SL.UEM.1524.ZS,Lao động & Việc làm,2019,6.696
Philippines,PHL,"Unemployment, youth total (% of total labor force ages 15-24) (modeled ILO estimate)",SL.UEM.1524.ZS,Lao động & Việc làm,2020,6.987
Philippines,PHL,"Unemployment, youth total (% of total labor force ages 15-24) (modeled ILO estimate)",SL.UEM.1524.ZS,Lao động & Việc làm,2021,8.434
Philippines,PHL,"Unemployment, youth total (% of total labor force ages 15-24) (modeled ILO estimate)",SL.UEM.1524.ZS,Lao động & Việc làm,2022,6.813
Philippines,PHL,"Unemployment, youth total (% of total labor force ages 15-24) (modeled ILO estimate)",SL.UEM.1524.ZS,Lao động & Việc làm,2023,6.912
Philippines,PHL,"Unemployment, youth total (% of total labor force ages 15-24) (modeled ILO estimate)",SL.UEM.1524.ZS,Lao động & Việc làm,2024,6.964
Philippines,PHL,"Unemployment, youth total (% of total labor force ages 15-24) (modeled ILO estimate)",SL.UEM.1524.ZS,Lao động & Việc làm,2025,7.041
Philippines,PHL,Employment in agriculture (% of total employment) (modeled ILO estimate),SL.AGR.EMPL.ZS,Lao động & Việc làm,2015,27.851386470164
Philippines,PHL,Employment in agriculture (% of total employment) (modeled ILO estimate),SL.AGR.EMPL.ZS,Lao động & Việc làm,2016,26.7234128847963
Philippines,PHL,Employment in agriculture (% of total employment) (modeled ILO estimate),SL.AGR.EMPL.ZS,Lao động & Việc làm,2017,25.1806891263771
Philippines,PHL,Employment in agriculture (% of total employment) (modeled ILO estimate),SL.AGR.EMPL.ZS,Lao động & Việc làm,2018,24.0341655328165
Philippines,PHL,Employment in agriculture (% of total employment) (modeled ILO estimate),SL.AGR.EMPL.ZS,Lao động & Việc làm,2019,22.6054798824319
Philippines,PHL,Employment in agriculture (% of total employment) (modeled ILO estimate),SL.AGR.EMPL.ZS,Lao động & Việc làm,2020,24.5081370532987
Philippines,PHL,Employment in agriculture (% of total employment) (modeled ILO estimate),SL.AGR.EMPL.ZS,Lao động & Việc làm,2021,24.325505789458
Philippines,PHL,Employment in agriculture (% of total employment) (modeled ILO estimate),SL.AGR.EMPL.ZS,Lao động & Việc làm,2022,22.8363518329959
Philippines,PHL,Employment in agriculture (% of total employment) (modeled ILO estimate),SL.AGR.EMPL.ZS,Lao động & Việc làm,2023,22.0370920130941
Philippines,PHL,Employment in agriculture (% of total employment) (modeled ILO estimate),SL.AGR.EMPL.ZS,Lao động & Việc làm,2024,21.1858721910537
Philippines,PHL,Employment in agriculture (% of total employment) (modeled ILO estimate),SL.AGR.EMPL.ZS,Lao động & Việc làm,2025,20.4878884895503
Philippines,PHL,Employment in industry (% of total employment) (modeled ILO estimate),SL.IND.EMPL.ZS,Lao động & Việc làm,2015,17.0786139842483
Philippines,PHL,Employment in industry (% of total employment) (modeled ILO estimate),SL.IND.EMPL.ZS,Lao động & Việc làm,2016,17.8383742084965
Philippines,PHL,Employment in industry (% of total employment) (modeled ILO estimate),SL.IND.EMPL.ZS,Lao động & Việc làm,2017,18.6636563552646
Philippines,PHL,Employment in industry (% of total employment) (modeled ILO estimate),SL.IND.EMPL.ZS,Lao động & Việc làm,2018,19.4736780800466
Philippines,PHL,Employment in industry (% of total employment) (modeled ILO estimate),SL.IND.EMPL.ZS,Lao động & Việc làm,2019,19.5373267098625
Philippines,PHL,Employment in industry (% of total employment) (modeled ILO estimate),SL.IND.EMPL.ZS,Lao động & Việc làm,2020,18.7126188899983
Philippines,PHL,Employment in industry (% of total employment) (modeled ILO estimate),SL.IND.EMPL.ZS,Lao động & Việc làm,2021,18.8641776384679
Philippines,PHL,Employment in industry (% of total employment) (modeled ILO estimate),SL.IND.EMPL.ZS,Lao động & Việc làm,2022,18.4442054471222
Philippines,PHL,Employment in industry (% of total employment) (modeled ILO estimate),SL.IND.EMPL.ZS,Lao động & Việc làm,2023,18.9439273601805
Philippines,PHL,Employment in industry (% of total employment) (modeled ILO estimate),SL.IND.EMPL.ZS,Lao động & Việc làm,2024,19.4979246002047
Philippines,PHL,Employment in industry (% of total employment) (modeled ILO estimate),SL.IND.EMPL.ZS,Lao động & Việc làm,2025,19.9641083102109
Philippines,PHL,Employment in services (% of total employment) (modeled ILO estimate),SL.SRV.EMPL.ZS,Lao động & Việc làm,2015,55.0699923441241
Philippines,PHL,Employment in services (% of total employment) (modeled ILO estimate),SL.SRV.EMPL.ZS,Lao động & Việc làm,2016,55.4382082448058
Philippines,PHL,Employment in services (% of total employment) (modeled ILO estimate),SL.SRV.EMPL.ZS,Lao động & Việc làm,2017,56.1556474029791
Philippines,PHL,Employment in services (% of total employment) (modeled ILO estimate),SL.SRV.EMPL.ZS,Lao động & Việc làm,2018,56.4921563871369
Philippines,PHL,Employment in services (% of total employment) (modeled ILO estimate),SL.SRV.EMPL.ZS,Lao động & Việc làm,2019,57.8572001865167
Philippines,PHL,Employment in services (% of total employment) (modeled ILO estimate),SL.SRV.EMPL.ZS,Lao động & Việc làm,2020,56.779244056703
Philippines,PHL,Employment in services (% of total employment) (modeled ILO estimate),SL.SRV.EMPL.ZS,Lao động & Việc làm,2021,56.8103235196599
Philippines,PHL,Employment in services (% of total employment) (modeled ILO estimate),SL.SRV.EMPL.ZS,Lao động & Việc làm,2022,58.7194427198819
Philippines,PHL,Employment in services (% of total employment) (modeled ILO estimate),SL.SRV.EMPL.ZS,Lao động & Việc làm,2023,59.0189887451559
Philippines,PHL,Employment in services (% of total employment) (modeled ILO estimate),SL.SRV.EMPL.ZS,Lao động & Việc làm,2024,59.3162032087416
Philippines,PHL,Employment in services (% of total employment) (modeled ILO estimate),SL.SRV.EMPL.ZS,Lao động & Việc làm,2025,59.5480051595847
Singapore,SGP,"Labor force participation rate, total (% of total population ages 15+) (modeled ILO estimate)",SL.TLF.CACT.ZS,Lao động & Việc làm,2015,69.53
Singapore,SGP,"Labor force participation rate, total (% of total population ages 15+) (modeled ILO estimate)",SL.TLF.CACT.ZS,Lao động & Việc làm,2016,69.244
Singapore,SGP,"Labor force participation rate, total (% of total population ages 15+) (modeled ILO estimate)",SL.TLF.CACT.ZS,Lao động & Việc làm,2017,68.943
Singapore,SGP,"Labor force participation rate, total (% of total population ages 15+) (modeled ILO estimate)",SL.TLF.CACT.ZS,Lao động & Việc làm,2018,68.581
Singapore,SGP,"Labor force participation rate, total (% of total population ages 15+) (modeled ILO estimate)",SL.TLF.CACT.ZS,Lao động & Việc làm,2019,68.986
Singapore,SGP,"Labor force participation rate, total (% of total population ages 15+) (modeled ILO estimate)",SL.TLF.CACT.ZS,Lao động & Việc làm,2020,68.712
Singapore,SGP,"Labor force participation rate, total (% of total population ages 15+) (modeled ILO estimate)",SL.TLF.CACT.ZS,Lao động & Việc làm,2021,70.686
Singapore,SGP,"Labor force participation rate, total (% of total population ages 15+) (modeled ILO estimate)",SL.TLF.CACT.ZS,Lao động & Việc làm,2022,69.734
Singapore,SGP,"Labor force participation rate, total (% of total population ages 15+) (modeled ILO estimate)",SL.TLF.CACT.ZS,Lao động & Việc làm,2023,69.394
Singapore,SGP,"Labor force participation rate, total (% of total population ages 15+) (modeled ILO estimate)",SL.TLF.CACT.ZS,Lao động & Việc làm,2024,69.202
Singapore,SGP,"Labor force participation rate, total (% of total population ages 15+) (modeled ILO estimate)",SL.TLF.CACT.ZS,Lao động & Việc làm,2025,69.673
Singapore,SGP,"Unemployment, total (% of total labor force) (modeled ILO estimate)",SL.UEM.TOTL.ZS,Lao động & Việc làm,2015,3.79
Singapore,SGP,"Unemployment, total (% of total labor force) (modeled ILO estimate)",SL.UEM.TOTL.ZS,Lao động & Việc làm,2016,4.08
Singapore,SGP,"Unemployment, total (% of total labor force) (modeled ILO estimate)",SL.UEM.TOTL.ZS,Lao động & Việc làm,2017,4.2
Singapore,SGP,"Unemployment, total (% of total labor force) (modeled ILO estimate)",SL.UEM.TOTL.ZS,Lao động & Việc làm,2018,3.613
Singapore,SGP,"Unemployment, total (% of total labor force) (modeled ILO estimate)",SL.UEM.TOTL.ZS,Lao động & Việc làm,2019,3.1
Singapore,SGP,"Unemployment, total (% of total labor force) (modeled ILO estimate)",SL.UEM.TOTL.ZS,Lao động & Việc làm,2020,4.1
Singapore,SGP,"Unemployment, total (% of total labor force) (modeled ILO estimate)",SL.UEM.TOTL.ZS,Lao động & Việc làm,2021,4.64
Singapore,SGP,"Unemployment, total (% of total labor force) (modeled ILO estimate)",SL.UEM.TOTL.ZS,Lao động & Việc làm,2022,3.591
Singapore,SGP,"Unemployment, total (% of total labor force) (modeled ILO estimate)",SL.UEM.TOTL.ZS,Lao động & Việc làm,2023,3.444
Singapore,SGP,"Unemployment, total (% of total labor force) (modeled ILO estimate)",SL.UEM.TOTL.ZS,Lao động & Việc làm,2024,2.737
Singapore,SGP,"Unemployment, total (% of total labor force) (modeled ILO estimate)",SL.UEM.TOTL.ZS,Lao động & Việc làm,2025,2.818
Singapore,SGP,"Unemployment, youth total (% of total labor force ages 15-24) (modeled ILO estimate)",SL.UEM.1524.ZS,Lao động & Việc làm,2015,8.894
Singapore,SGP,"Unemployment, youth total (% of total labor force ages 15-24) (modeled ILO estimate)",SL.UEM.1524.ZS,Lao động & Việc làm,2016,8.723
Singapore,SGP,"Unemployment, youth total (% of total labor force ages 15-24) (modeled ILO estimate)",SL.UEM.1524.ZS,Lao động & Việc làm,2017,9.338
Singapore,SGP,"Unemployment, youth total (% of total labor force ages 15-24) (modeled ILO estimate)",SL.UEM.1524.ZS,Lao động & Việc làm,2018,8.437
Singapore,SGP,"Unemployment, youth total (% of total labor force ages 15-24) (modeled ILO estimate)",SL.UEM.1524.ZS,Lao động & Việc làm,2019,7.629
Singapore,SGP,"Unemployment, youth total (% of total labor force ages 15-24) (modeled ILO estimate)",SL.UEM.1524.ZS,Lao động & Việc làm,2020,10.558
Singapore,SGP,"Unemployment, youth total (% of total labor force ages 15-24) (modeled ILO estimate)",SL.UEM.1524.ZS,Lao động & Việc làm,2021,9.499
Singapore,SGP,"Unemployment, youth total (% of total labor force ages 15-24) (modeled ILO estimate)",SL.UEM.1524.ZS,Lao động & Việc làm,2022,7.924
Singapore,SGP,"Unemployment, youth total (% of total labor force ages 15-24) (modeled ILO estimate)",SL.UEM.1524.ZS,Lao động & Việc làm,2023,8.515
Singapore,SGP,"Unemployment, youth total (% of total labor force ages 15-24) (modeled ILO estimate)",SL.UEM.1524.ZS,Lao động & Việc làm,2024,6.329
Singapore,SGP,"Unemployment, youth total (% of total labor force ages 15-24) (modeled ILO estimate)",SL.UEM.1524.ZS,Lao động & Việc làm,2025,6.781
Singapore,SGP,Employment in agriculture (% of total employment) (modeled ILO estimate),SL.AGR.EMPL.ZS,Lao động & Việc làm,2015,0.121459660055481
Singapore,SGP,Employment in agriculture (% of total employment) (modeled ILO estimate),SL.AGR.EMPL.ZS,Lao động & Việc làm,2016,0.118979259162807
Singapore,SGP,Employment in agriculture (% of total employment) (modeled ILO estimate),SL.AGR.EMPL.ZS,Lao động & Việc làm,2017,0.117077595142899
Singapore,SGP,Employment in agriculture (% of total employment) (modeled ILO estimate),SL.AGR.EMPL.ZS,Lao động & Việc làm,2018,0.115089283007242
Singapore,SGP,Employment in agriculture (% of total employment) (modeled ILO estimate),SL.AGR.EMPL.ZS,Lao động & Việc làm,2019,0.113041897035994
Singapore,SGP,Employment in agriculture (% of total employment) (modeled ILO estimate),SL.AGR.EMPL.ZS,Lao động & Việc làm,2020,0.108162685533748
Singapore,SGP,Employment in agriculture (% of total employment) (modeled ILO estimate),SL.AGR.EMPL.ZS,Lao động & Việc làm,2021,0.107777556138585
Singapore,SGP,Employment in agriculture (% of total employment) (modeled ILO estimate),SL.AGR.EMPL.ZS,Lao động & Việc làm,2022,0.0909524456334748
Singapore,SGP,Employment in agriculture (% of total employment) (modeled ILO estimate),SL.AGR.EMPL.ZS,Lao động & Việc làm,2023,0.0795801860241645
Singapore,SGP,Employment in agriculture (% of total employment) (modeled ILO estimate),SL.AGR.EMPL.ZS,Lao động & Việc làm,2024,0.0979837330273541
Singapore,SGP,Employment in agriculture (% of total employment) (modeled ILO estimate),SL.AGR.EMPL.ZS,Lao động & Việc làm,2025,0.0954026681981231
Singapore,SGP,Employment in industry (% of total employment) (modeled ILO estimate),SL.IND.EMPL.ZS,Lao động & Việc làm,2015,17.2904642702552
Singapore,SGP,Employment in industry (% of total employment) (modeled ILO estimate),SL.IND.EMPL.ZS,Lao động & Việc làm,2016,16.1568033087095
Singapore,SGP,Employment in industry (% of total employment) (modeled ILO estimate),SL.IND.EMPL.ZS,Lao động & Việc làm,2017,15.8830026161212
Singapore,SGP,Employment in industry (% of total employment) (modeled ILO estimate),SL.IND.EMPL.ZS,Lao động & Việc làm,2018,16.0388461549063
Singapore,SGP,Employment in industry (% of total employment) (modeled ILO estimate),SL.IND.EMPL.ZS,Lao động & Việc làm,2019,14.9655328914049
Singapore,SGP,Employment in industry (% of total employment) (modeled ILO estimate),SL.IND.EMPL.ZS,Lao động & Việc làm,2020,14.8295407728436
Singapore,SGP,Employment in industry (% of total employment) (modeled ILO estimate),SL.IND.EMPL.ZS,Lao động & Việc làm,2021,14.4449638584304
Singapore,SGP,Employment in industry (% of total employment) (modeled ILO estimate),SL.IND.EMPL.ZS,Lao động & Việc làm,2022,14.5645681583865
Singapore,SGP,Employment in industry (% of total employment) (modeled ILO estimate),SL.IND.EMPL.ZS,Lao động & Việc làm,2023,13.8432992197459
Singapore,SGP,Employment in industry (% of total employment) (modeled ILO estimate),SL.IND.EMPL.ZS,Lao động & Việc làm,2024,14.1625578109794
Singapore,SGP,Employment in industry (% of total employment) (modeled ILO estimate),SL.IND.EMPL.ZS,Lao động & Việc làm,2025,13.9978418315489
Singapore,SGP,Employment in services (% of total employment) (modeled ILO estimate),SL.SRV.EMPL.ZS,Lao động & Việc làm,2015,82.5880760696893
Singapore,SGP,Employment in services (% of total employment) (modeled ILO estimate),SL.SRV.EMPL.ZS,Lao động & Việc làm,2016,83.7242174321277
Singapore,SGP,Employment in services (% of total employment) (modeled ILO estimate),SL.SRV.EMPL.ZS,Lao động & Việc làm,2017,83.9999197887359
Singapore,SGP,Employment in services (% of total employment) (modeled ILO estimate),SL.SRV.EMPL.ZS,Lao động & Việc làm,2018,83.8460645620865
Singapore,SGP,Employment in services (% of total employment) (modeled ILO estimate),SL.SRV.EMPL.ZS,Lao động & Việc làm,2019,84.9214552678997
Singapore,SGP,Employment in services (% of total employment) (modeled ILO estimate),SL.SRV.EMPL.ZS,Lao động & Việc làm,2020,85.0622965416227
Singapore,SGP,Employment in services (% of total employment) (modeled ILO estimate),SL.SRV.EMPL.ZS,Lao động & Việc làm,2021,85.447258585431
Singapore,SGP,Employment in services (% of total employment) (modeled ILO estimate),SL.SRV.EMPL.ZS,Lao động & Việc làm,2022,85.3444494774124
Singapore,SGP,Employment in services (% of total employment) (modeled ILO estimate),SL.SRV.EMPL.ZS,Lao động & Việc làm,2023,86.0771205942299
Singapore,SGP,Employment in services (% of total employment) (modeled ILO estimate),SL.SRV.EMPL.ZS,Lao động & Việc làm,2024,85.7394584559933
Singapore,SGP,Employment in services (% of total employment) (modeled ILO estimate),SL.SRV.EMPL.ZS,Lao động & Việc làm,2025,85.906755500253
Thailand,THA,"Labor force participation rate, total (% of total population ages 15+) (modeled ILO estimate)",SL.TLF.CACT.ZS,Lao động & Việc làm,2015,69.269
Thailand,THA,"Labor force participation rate, total (% of total population ages 15+) (modeled ILO estimate)",SL.TLF.CACT.ZS,Lao động & Việc làm,2016,68.315
Thailand,THA,"Labor force participation rate, total (% of total population ages 15+) (modeled ILO estimate)",SL.TLF.CACT.ZS,Lao động & Việc làm,2017,67.525
Thailand,THA,"Labor force participation rate, total (% of total population ages 15+) (modeled ILO estimate)",SL.TLF.CACT.ZS,Lao động & Việc làm,2018,67.798
Thailand,THA,"Labor force participation rate, total (% of total population ages 15+) (modeled ILO estimate)",SL.TLF.CACT.ZS,Lao động & Việc làm,2019,66.94
Thailand,THA,"Labor force participation rate, total (% of total population ages 15+) (modeled ILO estimate)",SL.TLF.CACT.ZS,Lao động & Việc làm,2020,67.021
Thailand,THA,"Labor force participation rate, total (% of total population ages 15+) (modeled ILO estimate)",SL.TLF.CACT.ZS,Lao động & Việc làm,2021,66.952
Thailand,THA,"Labor force participation rate, total (% of total population ages 15+) (modeled ILO estimate)",SL.TLF.CACT.ZS,Lao động & Việc làm,2022,67.18
Thailand,THA,"Labor force participation rate, total (% of total population ages 15+) (modeled ILO estimate)",SL.TLF.CACT.ZS,Lao động & Việc làm,2023,67.814
Thailand,THA,"Labor force participation rate, total (% of total population ages 15+) (modeled ILO estimate)",SL.TLF.CACT.ZS,Lao động & Việc làm,2024,67.129
Thailand,THA,"Labor force participation rate, total (% of total population ages 15+) (modeled ILO estimate)",SL.TLF.CACT.ZS,Lao động & Việc làm,2025,66.678
Thailand,THA,"Unemployment, total (% of total labor force) (modeled ILO estimate)",SL.UEM.TOTL.ZS,Lao động & Việc làm,2015,0.597
Thailand,THA,"Unemployment, total (% of total labor force) (modeled ILO estimate)",SL.UEM.TOTL.ZS,Lao động & Việc làm,2016,0.688
Thailand,THA,"Unemployment, total (% of total labor force) (modeled ILO estimate)",SL.UEM.TOTL.ZS,Lao động & Việc làm,2017,0.83
Thailand,THA,"Unemployment, total (% of total labor force) (modeled ILO estimate)",SL.UEM.TOTL.ZS,Lao động & Việc làm,2018,0.765
Thailand,THA,"Unemployment, total (% of total labor force) (modeled ILO estimate)",SL.UEM.TOTL.ZS,Lao động & Việc làm,2019,0.716
Thailand,THA,"Unemployment, total (% of total labor force) (modeled ILO estimate)",SL.UEM.TOTL.ZS,Lao động & Việc làm,2020,1.099
Thailand,THA,"Unemployment, total (% of total labor force) (modeled ILO estimate)",SL.UEM.TOTL.ZS,Lao động & Việc làm,2021,1.215
Thailand,THA,"Unemployment, total (% of total labor force) (modeled ILO estimate)",SL.UEM.TOTL.ZS,Lao động & Việc làm,2022,0.94
Thailand,THA,"Unemployment, total (% of total labor force) (modeled ILO estimate)",SL.UEM.TOTL.ZS,Lao động & Việc làm,2023,0.733
Thailand,THA,"Unemployment, total (% of total labor force) (modeled ILO estimate)",SL.UEM.TOTL.ZS,Lao động & Việc làm,2024,0.781
Thailand,THA,"Unemployment, total (% of total labor force) (modeled ILO estimate)",SL.UEM.TOTL.ZS,Lao động & Việc làm,2025,0.781
Thailand,THA,"Unemployment, youth total (% of total labor force ages 15-24) (modeled ILO estimate)",SL.UEM.1524.ZS,Lao động & Việc làm,2015,3.094
Thailand,THA,"Unemployment, youth total (% of total labor force ages 15-24) (modeled ILO estimate)",SL.UEM.1524.ZS,Lao động & Việc làm,2016,3.714
Thailand,THA,"Unemployment, youth total (% of total labor force ages 15-24) (modeled ILO estimate)",SL.UEM.1524.ZS,Lao động & Việc làm,2017,4.373
Thailand,THA,"Unemployment, youth total (% of total labor force ages 15-24) (modeled ILO estimate)",SL.UEM.1524.ZS,Lao động & Việc làm,2018,4.011
Thailand,THA,"Unemployment, youth total (% of total labor force ages 15-24) (modeled ILO estimate)",SL.UEM.1524.ZS,Lao động & Việc làm,2019,4.19
Thailand,THA,"Unemployment, youth total (% of total labor force ages 15-24) (modeled ILO estimate)",SL.UEM.1524.ZS,Lao động & Việc làm,2020,5.199
Thailand,THA,"Unemployment, youth total (% of total labor force ages 15-24) (modeled ILO estimate)",SL.UEM.1524.ZS,Lao động & Việc làm,2021,5.858
Thailand,THA,"Unemployment, youth total (% of total labor force ages 15-24) (modeled ILO estimate)",SL.UEM.1524.ZS,Lao động & Việc làm,2022,5.208
Thailand,THA,"Unemployment, youth total (% of total labor force ages 15-24) (modeled ILO estimate)",SL.UEM.1524.ZS,Lao động & Việc làm,2023,4.491
Thailand,THA,"Unemployment, youth total (% of total labor force ages 15-24) (modeled ILO estimate)",SL.UEM.1524.ZS,Lao động & Việc làm,2024,4.66
Thailand,THA,"Unemployment, youth total (% of total labor force ages 15-24) (modeled ILO estimate)",SL.UEM.1524.ZS,Lao động & Việc làm,2025,4.531
Thailand,THA,Employment in agriculture (% of total employment) (modeled ILO estimate),SL.AGR.EMPL.ZS,Lao động & Việc làm,2015,32.3345065204086
Thailand,THA,Employment in agriculture (% of total employment) (modeled ILO estimate),SL.AGR.EMPL.ZS,Lao động & Việc làm,2016,31.2290600430982
Thailand,THA,Employment in agriculture (% of total employment) (modeled ILO estimate),SL.AGR.EMPL.ZS,Lao động & Việc làm,2017,31.5296819916623
Thailand,THA,Employment in agriculture (% of total employment) (modeled ILO estimate),SL.AGR.EMPL.ZS,Lao động & Việc làm,2018,32.1983100446982
Thailand,THA,Employment in agriculture (% of total employment) (modeled ILO estimate),SL.AGR.EMPL.ZS,Lao động & Việc làm,2019,31.4905856675213
Thailand,THA,Employment in agriculture (% of total employment) (modeled ILO estimate),SL.AGR.EMPL.ZS,Lao động & Việc làm,2020,31.3894710294934
Thailand,THA,Employment in agriculture (% of total employment) (modeled ILO estimate),SL.AGR.EMPL.ZS,Lao động & Việc làm,2021,31.8973264305607
Thailand,THA,Employment in agriculture (% of total employment) (modeled ILO estimate),SL.AGR.EMPL.ZS,Lao động & Việc làm,2022,30.4232397167292
Thailand,THA,Employment in agriculture (% of total employment) (modeled ILO estimate),SL.AGR.EMPL.ZS,Lao động & Việc làm,2023,30.2203833465474
Thailand,THA,Employment in agriculture (% of total employment) (modeled ILO estimate),SL.AGR.EMPL.ZS,Lao động & Việc làm,2024,28.9863358878798
Thailand,THA,Employment in agriculture (% of total employment) (modeled ILO estimate),SL.AGR.EMPL.ZS,Lao động & Việc làm,2025,28.5567111694664
Thailand,THA,Employment in industry (% of total employment) (modeled ILO estimate),SL.IND.EMPL.ZS,Lao động & Việc làm,2015,23.7199822557498
Thailand,THA,Employment in industry (% of total employment) (modeled ILO estimate),SL.IND.EMPL.ZS,Lao động & Việc làm,2016,23.7258928161447
Thailand,THA,Employment in industry (% of total employment) (modeled ILO estimate),SL.IND.EMPL.ZS,Lao động & Việc làm,2017,22.9001965786271
Thailand,THA,Employment in industry (% of total employment) (modeled ILO estimate),SL.IND.EMPL.ZS,Lao động & Việc làm,2018,22.8486643164464
Thailand,THA,Employment in industry (% of total employment) (modeled ILO estimate),SL.IND.EMPL.ZS,Lao động & Việc làm,2019,22.8893483662012
Thailand,THA,Employment in industry (% of total employment) (modeled ILO estimate),SL.IND.EMPL.ZS,Lao động & Việc làm,2020,22.6027550384991
Thailand,THA,Employment in industry (% of total employment) (modeled ILO estimate),SL.IND.EMPL.ZS,Lao động & Việc làm,2021,22.2725385292104
Thailand,THA,Employment in industry (% of total employment) (modeled ILO estimate),SL.IND.EMPL.ZS,Lao động & Việc làm,2022,22.2352690912822
Thailand,THA,Employment in industry (% of total employment) (modeled ILO estimate),SL.IND.EMPL.ZS,Lao động & Việc làm,2023,21.9241712091058
Thailand,THA,Employment in industry (% of total employment) (modeled ILO estimate),SL.IND.EMPL.ZS,Lao động & Việc làm,2024,22.2543475044884
Thailand,THA,Employment in industry (% of total employment) (modeled ILO estimate),SL.IND.EMPL.ZS,Lao động & Việc làm,2025,22.2373264328915
Thailand,THA,Employment in services (% of total employment) (modeled ILO estimate),SL.SRV.EMPL.ZS,Lao động & Việc làm,2015,43.94552128009
Thailand,THA,Employment in services (% of total employment) (modeled ILO estimate),SL.SRV.EMPL.ZS,Lao động & Việc làm,2016,45.0450446122349
Thailand,THA,Employment in services (% of total employment) (modeled ILO estimate),SL.SRV.EMPL.ZS,Lao động & Việc làm,2017,45.5701188910502
Thailand,THA,Employment in services (% of total employment) (modeled ILO estimate),SL.SRV.EMPL.ZS,Lao động & Việc làm,2018,44.9530256388553
Thailand,THA,Employment in services (% of total employment) (modeled ILO estimate),SL.SRV.EMPL.ZS,Lao động & Việc làm,2019,45.6200634452476
Thailand,THA,Employment in services (% of total employment) (modeled ILO estimate),SL.SRV.EMPL.ZS,Lao động & Việc làm,2020,46.0077764439411
Thailand,THA,Employment in services (% of total employment) (modeled ILO estimate),SL.SRV.EMPL.ZS,Lao động & Việc làm,2021,45.8301350402289
Thailand,THA,Employment in services (% of total employment) (modeled ILO estimate),SL.SRV.EMPL.ZS,Lao động & Việc làm,2022,47.3414812840193
Thailand,THA,Employment in services (% of total employment) (modeled ILO estimate),SL.SRV.EMPL.ZS,Lao động & Việc làm,2023,47.8554430043835
Thailand,THA,Employment in services (% of total employment) (modeled ILO estimate),SL.SRV.EMPL.ZS,Lao động & Việc làm,2024,48.7593092354398
Thailand,THA,Employment in services (% of total employment) (modeled ILO estimate),SL.SRV.EMPL.ZS,Lao động & Việc làm,2025,49.2059648636357
Viet Nam,VNM,"Labor force participation rate, total (% of total population ages 15+) (modeled ILO estimate)",SL.TLF.CACT.ZS,Lao động & Việc làm,2015,77.43
Viet Nam,VNM,"Labor force participation rate, total (% of total population ages 15+) (modeled ILO estimate)",SL.TLF.CACT.ZS,Lao động & Việc làm,2016,76.965
Viet Nam,VNM,"Labor force participation rate, total (% of total population ages 15+) (modeled ILO estimate)",SL.TLF.CACT.ZS,Lao động & Việc làm,2017,77.2
Viet Nam,VNM,"Labor force participation rate, total (% of total population ages 15+) (modeled ILO estimate)",SL.TLF.CACT.ZS,Lao động & Việc làm,2018,77.482
Viet Nam,VNM,"Labor force participation rate, total (% of total population ages 15+) (modeled ILO estimate)",SL.TLF.CACT.ZS,Lao động & Việc làm,2019,76.615
Viet Nam,VNM,"Labor force participation rate, total (% of total population ages 15+) (modeled ILO estimate)",SL.TLF.CACT.ZS,Lao động & Việc làm,2020,74.367
Viet Nam,VNM,"Labor force participation rate, total (% of total population ages 15+) (modeled ILO estimate)",SL.TLF.CACT.ZS,Lao động & Việc làm,2021,73.738
Viet Nam,VNM,"Labor force participation rate, total (% of total population ages 15+) (modeled ILO estimate)",SL.TLF.CACT.ZS,Lao động & Việc làm,2022,74.484
Viet Nam,VNM,"Labor force participation rate, total (% of total population ages 15+) (modeled ILO estimate)",SL.TLF.CACT.ZS,Lao động & Việc làm,2023,73.545
Viet Nam,VNM,"Labor force participation rate, total (% of total population ages 15+) (modeled ILO estimate)",SL.TLF.CACT.ZS,Lao động & Việc làm,2024,73.134
Viet Nam,VNM,"Labor force participation rate, total (% of total population ages 15+) (modeled ILO estimate)",SL.TLF.CACT.ZS,Lao động & Việc làm,2025,72.778
Viet Nam,VNM,"Unemployment, total (% of total labor force) (modeled ILO estimate)",SL.UEM.TOTL.ZS,Lao động & Việc làm,2015,1.848
Viet Nam,VNM,"Unemployment, total (% of total labor force) (modeled ILO estimate)",SL.UEM.TOTL.ZS,Lao động & Việc làm,2016,1.848
Viet Nam,VNM,"Unemployment, total (% of total labor force) (modeled ILO estimate)",SL.UEM.TOTL.ZS,Lao động & Việc làm,2017,1.874
Viet Nam,VNM,"Unemployment, total (% of total labor force) (modeled ILO estimate)",SL.UEM.TOTL.ZS,Lao động & Việc làm,2018,1.161
Viet Nam,VNM,"Unemployment, total (% of total labor force) (modeled ILO estimate)",SL.UEM.TOTL.ZS,Lao động & Việc làm,2019,1.681
Viet Nam,VNM,"Unemployment, total (% of total labor force) (modeled ILO estimate)",SL.UEM.TOTL.ZS,Lao động & Việc làm,2020,2.103
Viet Nam,VNM,"Unemployment, total (% of total labor force) (modeled ILO estimate)",SL.UEM.TOTL.ZS,Lao động & Việc làm,2021,2.383
Viet Nam,VNM,"Unemployment, total (% of total labor force) (modeled ILO estimate)",SL.UEM.TOTL.ZS,Lao động & Việc làm,2022,1.57
Viet Nam,VNM,"Unemployment, total (% of total labor force) (modeled ILO estimate)",SL.UEM.TOTL.ZS,Lao động & Việc làm,2023,1.645
Viet Nam,VNM,"Unemployment, total (% of total labor force) (modeled ILO estimate)",SL.UEM.TOTL.ZS,Lao động & Việc làm,2024,1.602
Viet Nam,VNM,"Unemployment, total (% of total labor force) (modeled ILO estimate)",SL.UEM.TOTL.ZS,Lao động & Việc làm,2025,1.523
Viet Nam,VNM,"Unemployment, youth total (% of total labor force ages 15-24) (modeled ILO estimate)",SL.UEM.1524.ZS,Lao động & Việc làm,2015,6.267
Viet Nam,VNM,"Unemployment, youth total (% of total labor force ages 15-24) (modeled ILO estimate)",SL.UEM.1524.ZS,Lao động & Việc làm,2016,6.763
Viet Nam,VNM,"Unemployment, youth total (% of total labor force ages 15-24) (modeled ILO estimate)",SL.UEM.1524.ZS,Lao động & Việc làm,2017,7.124
Viet Nam,VNM,"Unemployment, youth total (% of total labor force ages 15-24) (modeled ILO estimate)",SL.UEM.1524.ZS,Lao động & Việc làm,2018,4.648
Viet Nam,VNM,"Unemployment, youth total (% of total labor force ages 15-24) (modeled ILO estimate)",SL.UEM.1524.ZS,Lao động & Việc làm,2019,5.624
Viet Nam,VNM,"Unemployment, youth total (% of total labor force ages 15-24) (modeled ILO estimate)",SL.UEM.1524.ZS,Lao động & Việc làm,2020,6.546
Viet Nam,VNM,"Unemployment, youth total (% of total labor force ages 15-24) (modeled ILO estimate)",SL.UEM.1524.ZS,Lao động & Việc làm,2021,6.903
Viet Nam,VNM,"Unemployment, youth total (% of total labor force ages 15-24) (modeled ILO estimate)",SL.UEM.1524.ZS,Lao động & Việc làm,2022,6.097
Viet Nam,VNM,"Unemployment, youth total (% of total labor force ages 15-24) (modeled ILO estimate)",SL.UEM.1524.ZS,Lao động & Việc làm,2023,6.441
Viet Nam,VNM,"Unemployment, youth total (% of total labor force ages 15-24) (modeled ILO estimate)",SL.UEM.1524.ZS,Lao động & Việc làm,2024,6.338
Viet Nam,VNM,"Unemployment, youth total (% of total labor force ages 15-24) (modeled ILO estimate)",SL.UEM.1524.ZS,Lao động & Việc làm,2025,6.165
Viet Nam,VNM,Employment in agriculture (% of total employment) (modeled ILO estimate),SL.AGR.EMPL.ZS,Lao động & Việc làm,2015,44.0184515218041
Viet Nam,VNM,Employment in agriculture (% of total employment) (modeled ILO estimate),SL.AGR.EMPL.ZS,Lao động & Việc làm,2016,41.8649072066788
Viet Nam,VNM,Employment in agriculture (% of total employment) (modeled ILO estimate),SL.AGR.EMPL.ZS,Lao động & Việc làm,2017,40.1554391261382
Viet Nam,VNM,Employment in agriculture (% of total employment) (modeled ILO estimate),SL.AGR.EMPL.ZS,Lao động & Việc làm,2018,37.7241139171479
Viet Nam,VNM,Employment in agriculture (% of total employment) (modeled ILO estimate),SL.AGR.EMPL.ZS,Lao động & Việc làm,2019,34.5351601063592
Viet Nam,VNM,Employment in agriculture (% of total employment) (modeled ILO estimate),SL.AGR.EMPL.ZS,Lao động & Việc làm,2020,32.6123879661738
Viet Nam,VNM,Employment in agriculture (% of total employment) (modeled ILO estimate),SL.AGR.EMPL.ZS,Lao động & Việc làm,2021,29.0283266030004
Viet Nam,VNM,Employment in agriculture (% of total employment) (modeled ILO estimate),SL.AGR.EMPL.ZS,Lao động & Việc làm,2022,33.4623722339218
Viet Nam,VNM,Employment in agriculture (% of total employment) (modeled ILO estimate),SL.AGR.EMPL.ZS,Lao động & Việc làm,2023,26.9827056291982
Viet Nam,VNM,Employment in agriculture (% of total employment) (modeled ILO estimate),SL.AGR.EMPL.ZS,Lao động & Việc làm,2024,25.8741334316538
Viet Nam,VNM,Employment in agriculture (% of total employment) (modeled ILO estimate),SL.AGR.EMPL.ZS,Lao động & Việc làm,2025,25.0433926775449
Viet Nam,VNM,Employment in industry (% of total employment) (modeled ILO estimate),SL.IND.EMPL.ZS,Lao động & Việc làm,2015,22.7436707500954
Viet Nam,VNM,Employment in industry (% of total employment) (modeled ILO estimate),SL.IND.EMPL.ZS,Lao động & Việc làm,2016,24.7622070388361
Viet Nam,VNM,Employment in industry (% of total employment) (modeled ILO estimate),SL.IND.EMPL.ZS,Lao động & Việc làm,2017,25.7768318231697
Viet Nam,VNM,Employment in industry (% of total employment) (modeled ILO estimate),SL.IND.EMPL.ZS,Lao động & Việc làm,2018,26.7047230561435
Viet Nam,VNM,Employment in industry (% of total employment) (modeled ILO estimate),SL.IND.EMPL.ZS,Lao động & Việc làm,2019,29.5891842687317
Viet Nam,VNM,Employment in industry (% of total employment) (modeled ILO estimate),SL.IND.EMPL.ZS,Lao động & Việc làm,2020,31.0698896075906
Viet Nam,VNM,Employment in industry (% of total employment) (modeled ILO estimate),SL.IND.EMPL.ZS,Lao động & Việc làm,2021,33.1255735800284
Viet Nam,VNM,Employment in industry (% of total employment) (modeled ILO estimate),SL.IND.EMPL.ZS,Lao động & Việc làm,2022,30.6825928896503
Viet Nam,VNM,Employment in industry (% of total employment) (modeled ILO estimate),SL.IND.EMPL.ZS,Lao động & Việc làm,2023,33.467876483268
Viet Nam,VNM,Employment in industry (% of total employment) (modeled ILO estimate),SL.IND.EMPL.ZS,Lao động & Việc làm,2024,34.3195198506067
Viet Nam,VNM,Employment in industry (% of total employment) (modeled ILO estimate),SL.IND.EMPL.ZS,Lao động & Việc làm,2025,34.8260889132074
Viet Nam,VNM,Employment in services (% of total employment) (modeled ILO estimate),SL.SRV.EMPL.ZS,Lao động & Việc làm,2015,33.2378777281005
Viet Nam,VNM,Employment in services (% of total employment) (modeled ILO estimate),SL.SRV.EMPL.ZS,Lao động & Việc làm,2016,33.37288761068
Viet Nam,VNM,Employment in services (% of total employment) (modeled ILO estimate),SL.SRV.EMPL.ZS,Lao động & Việc làm,2017,34.0677198752187
Viet Nam,VNM,Employment in services (% of total employment) (modeled ILO estimate),SL.SRV.EMPL.ZS,Lao động & Việc làm,2018,35.5711648258268
Viet Nam,VNM,Employment in services (% of total employment) (modeled ILO estimate),SL.SRV.EMPL.ZS,Lao động & Việc làm,2019,35.8756556249091
Viet Nam,VNM,Employment in services (% of total employment) (modeled ILO estimate),SL.SRV.EMPL.ZS,Lao động & Việc làm,2020,36.3177224262355
Viet Nam,VNM,Employment in services (% of total employment) (modeled ILO estimate),SL.SRV.EMPL.ZS,Lao động & Việc làm,2021,37.8460942595862
Viet Nam,VNM,Employment in services (% of total employment) (modeled ILO estimate),SL.SRV.EMPL.ZS,Lao động & Việc làm,2022,35.8550348764279
Viet Nam,VNM,Employment in services (% of total employment) (modeled ILO estimate),SL.SRV.EMPL.ZS,Lao động & Việc làm,2023,39.5494160842561
Viet Nam,VNM,Employment in services (% of total employment) (modeled ILO estimate),SL.SRV.EMPL.ZS,Lao động & Việc làm,2024,39.8063485099891
Viet Nam,VNM,Employment in services (% of total employment) (modeled ILO estimate),SL.SRV.EMPL.ZS,Lao động & Việc làm,2025,40.1305077279733
Timor-Leste,TLS,"Labor force participation rate, total (% of total population ages 15+) (modeled ILO estimate)",SL.TLF.CACT.ZS,Lao động & Việc làm,2015,66.882
Timor-Leste,TLS,"Labor force participation rate, total (% of total population ages 15+) (modeled ILO estimate)",SL.TLF.CACT.ZS,Lao động & Việc làm,2016,66.823
Timor-Leste,TLS,"Labor force participation rate, total (% of total population ages 15+) (modeled ILO estimate)",SL.TLF.CACT.ZS,Lao động & Việc làm,2017,67.058
Timor-Leste,TLS,"Labor force participation rate, total (% of total population ages 15+) (modeled ILO estimate)",SL.TLF.CACT.ZS,Lao động & Việc làm,2018,67.204
Timor-Leste,TLS,"Labor force participation rate, total (% of total population ages 15+) (modeled ILO estimate)",SL.TLF.CACT.ZS,Lao động & Việc làm,2019,66.51
Timor-Leste,TLS,"Labor force participation rate, total (% of total population ages 15+) (modeled ILO estimate)",SL.TLF.CACT.ZS,Lao động & Việc làm,2020,65.922
Timor-Leste,TLS,"Labor force participation rate, total (% of total population ages 15+) (modeled ILO estimate)",SL.TLF.CACT.ZS,Lao động & Việc làm,2021,66.473
Timor-Leste,TLS,"Labor force participation rate, total (% of total population ages 15+) (modeled ILO estimate)",SL.TLF.CACT.ZS,Lao động & Việc làm,2022,66.56
Timor-Leste,TLS,"Labor force participation rate, total (% of total population ages 15+) (modeled ILO estimate)",SL.TLF.CACT.ZS,Lao động & Việc làm,2023,66.577
Timor-Leste,TLS,"Labor force participation rate, total (% of total population ages 15+) (modeled ILO estimate)",SL.TLF.CACT.ZS,Lao động & Việc làm,2024,66.763
Timor-Leste,TLS,"Labor force participation rate, total (% of total population ages 15+) (modeled ILO estimate)",SL.TLF.CACT.ZS,Lao động & Việc làm,2025,66.98
Timor-Leste,TLS,"Unemployment, total (% of total labor force) (modeled ILO estimate)",SL.UEM.TOTL.ZS,Lao động & Việc làm,2015,3.678
Timor-Leste,TLS,"Unemployment, total (% of total labor force) (modeled ILO estimate)",SL.UEM.TOTL.ZS,Lao động & Việc làm,2016,4.657
Timor-Leste,TLS,"Unemployment, total (% of total labor force) (modeled ILO estimate)",SL.UEM.TOTL.ZS,Lao động & Việc làm,2017,4.254
Timor-Leste,TLS,"Unemployment, total (% of total labor force) (modeled ILO estimate)",SL.UEM.TOTL.ZS,Lao động & Việc làm,2018,3.765
Timor-Leste,TLS,"Unemployment, total (% of total labor force) (modeled ILO estimate)",SL.UEM.TOTL.ZS,Lao động & Việc làm,2019,3.148
Timor-Leste,TLS,"Unemployment, total (% of total labor force) (modeled ILO estimate)",SL.UEM.TOTL.ZS,Lao động & Việc làm,2020,2.808
Timor-Leste,TLS,"Unemployment, total (% of total labor force) (modeled ILO estimate)",SL.UEM.TOTL.ZS,Lao động & Việc làm,2021,2.344
Timor-Leste,TLS,"Unemployment, total (% of total labor force) (modeled ILO estimate)",SL.UEM.TOTL.ZS,Lao động & Việc làm,2022,1.537
Timor-Leste,TLS,"Unemployment, total (% of total labor force) (modeled ILO estimate)",SL.UEM.TOTL.ZS,Lao động & Việc làm,2023,1.525
Timor-Leste,TLS,"Unemployment, total (% of total labor force) (modeled ILO estimate)",SL.UEM.TOTL.ZS,Lao động & Việc làm,2024,1.523
Timor-Leste,TLS,"Unemployment, total (% of total labor force) (modeled ILO estimate)",SL.UEM.TOTL.ZS,Lao động & Việc làm,2025,1.592
Timor-Leste,TLS,"Unemployment, youth total (% of total labor force ages 15-24) (modeled ILO estimate)",SL.UEM.1524.ZS,Lao động & Việc làm,2015,8.568
Timor-Leste,TLS,"Unemployment, youth total (% of total labor force ages 15-24) (modeled ILO estimate)",SL.UEM.1524.ZS,Lao động & Việc làm,2016,13.065
Timor-Leste,TLS,"Unemployment, youth total (% of total labor force ages 15-24) (modeled ILO estimate)",SL.UEM.1524.ZS,Lao động & Việc làm,2017,11.493
Timor-Leste,TLS,"Unemployment, youth total (% of total labor force ages 15-24) (modeled ILO estimate)",SL.UEM.1524.ZS,Lao động & Việc làm,2018,9.775
Timor-Leste,TLS,"Unemployment, youth total (% of total labor force ages 15-24) (modeled ILO estimate)",SL.UEM.1524.ZS,Lao động & Việc làm,2019,7.968
Timor-Leste,TLS,"Unemployment, youth total (% of total labor force ages 15-24) (modeled ILO estimate)",SL.UEM.1524.ZS,Lao động & Việc làm,2020,6.786
Timor-Leste,TLS,"Unemployment, youth total (% of total labor force ages 15-24) (modeled ILO estimate)",SL.UEM.1524.ZS,Lao động & Việc làm,2021,4.791
Timor-Leste,TLS,"Unemployment, youth total (% of total labor force ages 15-24) (modeled ILO estimate)",SL.UEM.1524.ZS,Lao động & Việc làm,2022,3.212
Timor-Leste,TLS,"Unemployment, youth total (% of total labor force ages 15-24) (modeled ILO estimate)",SL.UEM.1524.ZS,Lao động & Việc làm,2023,3.198
Timor-Leste,TLS,"Unemployment, youth total (% of total labor force ages 15-24) (modeled ILO estimate)",SL.UEM.1524.ZS,Lao động & Việc làm,2024,3.22
Timor-Leste,TLS,"Unemployment, youth total (% of total labor force ages 15-24) (modeled ILO estimate)",SL.UEM.1524.ZS,Lao động & Việc làm,2025,3.717
Timor-Leste,TLS,Employment in agriculture (% of total employment) (modeled ILO estimate),SL.AGR.EMPL.ZS,Lao động & Việc làm,2015,45.3768177576915
Timor-Leste,TLS,Employment in agriculture (% of total employment) (modeled ILO estimate),SL.AGR.EMPL.ZS,Lao động & Việc làm,2016,44.1140202281899
Timor-Leste,TLS,Employment in agriculture (% of total employment) (modeled ILO estimate),SL.AGR.EMPL.ZS,Lao động & Việc làm,2017,43.7562375623756
Timor-Leste,TLS,Employment in agriculture (% of total employment) (modeled ILO estimate),SL.AGR.EMPL.ZS,Lao động & Việc làm,2018,43.0663156575154
Timor-Leste,TLS,Employment in agriculture (% of total employment) (modeled ILO estimate),SL.AGR.EMPL.ZS,Lao động & Việc làm,2019,39.7972872541586
Timor-Leste,TLS,Employment in agriculture (% of total employment) (modeled ILO estimate),SL.AGR.EMPL.ZS,Lao động & Việc làm,2020,39.3611170886833
Timor-Leste,TLS,Employment in agriculture (% of total employment) (modeled ILO estimate),SL.AGR.EMPL.ZS,Lao động & Việc làm,2021,37.8435790720074
Timor-Leste,TLS,Employment in agriculture (% of total employment) (modeled ILO estimate),SL.AGR.EMPL.ZS,Lao động & Việc làm,2022,48.2720351851599
Timor-Leste,TLS,Employment in agriculture (% of total employment) (modeled ILO estimate),SL.AGR.EMPL.ZS,Lao động & Việc làm,2023,48.3871832415824
Timor-Leste,TLS,Employment in agriculture (% of total employment) (modeled ILO estimate),SL.AGR.EMPL.ZS,Lao động & Việc làm,2024,46.3461425138644
Timor-Leste,TLS,Employment in agriculture (% of total employment) (modeled ILO estimate),SL.AGR.EMPL.ZS,Lao động & Việc làm,2025,46.0185778910624
Timor-Leste,TLS,Employment in industry (% of total employment) (modeled ILO estimate),SL.IND.EMPL.ZS,Lao động & Việc làm,2015,12.4198895962795
Timor-Leste,TLS,Employment in industry (% of total employment) (modeled ILO estimate),SL.IND.EMPL.ZS,Lao động & Việc làm,2016,13.1373208443359
Timor-Leste,TLS,Employment in industry (% of total employment) (modeled ILO estimate),SL.IND.EMPL.ZS,Lao động & Việc làm,2017,11.7713177131771
Timor-Leste,TLS,Employment in industry (% of total employment) (modeled ILO estimate),SL.IND.EMPL.ZS,Lao động & Việc làm,2018,10.8961340777813
Timor-Leste,TLS,Employment in industry (% of total employment) (modeled ILO estimate),SL.IND.EMPL.ZS,Lao động & Việc làm,2019,12.8214776920023
Timor-Leste,TLS,Employment in industry (% of total employment) (modeled ILO estimate),SL.IND.EMPL.ZS,Lao động & Việc làm,2020,11.8515943564362
Timor-Leste,TLS,Employment in industry (% of total employment) (modeled ILO estimate),SL.IND.EMPL.ZS,Lao động & Việc làm,2021,11.52188320123
Timor-Leste,TLS,Employment in industry (% of total employment) (modeled ILO estimate),SL.IND.EMPL.ZS,Lao động & Việc làm,2022,4.14181452550651
Timor-Leste,TLS,Employment in industry (% of total employment) (modeled ILO estimate),SL.IND.EMPL.ZS,Lao động & Việc làm,2023,3.10149336746489
Timor-Leste,TLS,Employment in industry (% of total employment) (modeled ILO estimate),SL.IND.EMPL.ZS,Lao động & Việc làm,2024,3.82114726083455
Timor-Leste,TLS,Employment in industry (% of total employment) (modeled ILO estimate),SL.IND.EMPL.ZS,Lao động & Việc làm,2025,3.80416619361111
Timor-Leste,TLS,Employment in services (% of total employment) (modeled ILO estimate),SL.SRV.EMPL.ZS,Lao động & Việc làm,2015,42.2032926460289
Timor-Leste,TLS,Employment in services (% of total employment) (modeled ILO estimate),SL.SRV.EMPL.ZS,Lao động & Việc làm,2016,42.7484513311079
Timor-Leste,TLS,Employment in services (% of total employment) (modeled ILO estimate),SL.SRV.EMPL.ZS,Lao động & Việc làm,2017,44.4724447244472
Timor-Leste,TLS,Employment in services (% of total employment) (modeled ILO estimate),SL.SRV.EMPL.ZS,Lao động & Việc làm,2018,46.0375502647033
Timor-Leste,TLS,Employment in services (% of total employment) (modeled ILO estimate),SL.SRV.EMPL.ZS,Lao động & Việc làm,2019,47.3812350538391
Timor-Leste,TLS,Employment in services (% of total employment) (modeled ILO estimate),SL.SRV.EMPL.ZS,Lao động & Việc làm,2020,48.7874724801775
Timor-Leste,TLS,Employment in services (% of total employment) (modeled ILO estimate),SL.SRV.EMPL.ZS,Lao động & Việc làm,2021,50.6345377267626
Timor-Leste,TLS,Employment in services (% of total employment) (modeled ILO estimate),SL.SRV.EMPL.ZS,Lao động & Việc làm,2022,47.5863212903049
Timor-Leste,TLS,Employment in services (% of total employment) (modeled ILO estimate),SL.SRV.EMPL.ZS,Lao động & Việc làm,2023,48.5113233909527
Timor-Leste,TLS,Employment in services (% of total employment) (modeled ILO estimate),SL.SRV.EMPL.ZS,Lao động & Việc làm,2024,49.832710225301
Timor-Leste,TLS,Employment in services (% of total employment) (modeled ILO estimate),SL.SRV.EMPL.ZS,Lao động & Việc làm,2025,50.1772559153265
Brunei Darussalam,BRN,"Life expectancy at birth, total (years)",SP.DYN.LE00.IN,Y tế & Sức khỏe,2015,74.88
Brunei Darussalam,BRN,"Life expectancy at birth, total (years)",SP.DYN.LE00.IN,Y tế & Sức khỏe,2016,74.905
Brunei Darussalam,BRN,"Life expectancy at birth, total (years)",SP.DYN.LE00.IN,Y tế & Sức khỏe,2017,74.943
Brunei Darussalam,BRN,"Life expectancy at birth, total (years)",SP.DYN.LE00.IN,Y tế & Sức khỏe,2018,74.992
Brunei Darussalam,BRN,"Life expectancy at birth, total (years)",SP.DYN.LE00.IN,Y tế & Sức khỏe,2019,75.049
Brunei Darussalam,BRN,"Life expectancy at birth, total (years)",SP.DYN.LE00.IN,Y tế & Sức khỏe,2020,75.114
Brunei Darussalam,BRN,"Life expectancy at birth, total (years)",SP.DYN.LE00.IN,Y tế & Sức khỏe,2021,74.869
Brunei Darussalam,BRN,"Life expectancy at birth, total (years)",SP.DYN.LE00.IN,Y tế & Sức khỏe,2022,72.917
Brunei Darussalam,BRN,"Life expectancy at birth, total (years)",SP.DYN.LE00.IN,Y tế & Sức khỏe,2023,75.327
Brunei Darussalam,BRN,"Life expectancy at birth, total (years)",SP.DYN.LE00.IN,Y tế & Sức khỏe,2024,75.501
Brunei Darussalam,BRN,"Life expectancy at birth, total (years)",SP.DYN.LE00.IN,Y tế & Sức khỏe,2025,
Brunei Darussalam,BRN,Current health expenditure (% of GDP),SH.XPD.CHEX.GD.ZS,Y tế & Sức khỏe,2015,2.38708901
Brunei Darussalam,BRN,Current health expenditure (% of GDP),SH.XPD.CHEX.GD.ZS,Y tế & Sức khỏe,2016,2.54828691
Brunei Darussalam,BRN,Current health expenditure (% of GDP),SH.XPD.CHEX.GD.ZS,Y tế & Sức khỏe,2017,2.27022862
Brunei Darussalam,BRN,Current health expenditure (% of GDP),SH.XPD.CHEX.GD.ZS,Y tế & Sức khỏe,2018,2.41600895
Brunei Darussalam,BRN,Current health expenditure (% of GDP),SH.XPD.CHEX.GD.ZS,Y tế & Sức khỏe,2019,2.23100758
Brunei Darussalam,BRN,Current health expenditure (% of GDP),SH.XPD.CHEX.GD.ZS,Y tế & Sức khỏe,2020,2.45359564
Brunei Darussalam,BRN,Current health expenditure (% of GDP),SH.XPD.CHEX.GD.ZS,Y tế & Sức khỏe,2021,2.14748693
Brunei Darussalam,BRN,Current health expenditure (% of GDP),SH.XPD.CHEX.GD.ZS,Y tế & Sức khỏe,2022,1.77042186
Brunei Darussalam,BRN,Current health expenditure (% of GDP),SH.XPD.CHEX.GD.ZS,Y tế & Sức khỏe,2023,2.2286067
Brunei Darussalam,BRN,Current health expenditure (% of GDP),SH.XPD.CHEX.GD.ZS,Y tế & Sức khỏe,2024,
Brunei Darussalam,BRN,Current health expenditure (% of GDP),SH.XPD.CHEX.GD.ZS,Y tế & Sức khỏe,2025,
Brunei Darussalam,BRN,"Mortality rate, under-5 (per 1,000 live births)",SH.DYN.MORT,Y tế & Sức khỏe,2015,10.7
Brunei Darussalam,BRN,"Mortality rate, under-5 (per 1,000 live births)",SH.DYN.MORT,Y tế & Sức khỏe,2016,10.7
Brunei Darussalam,BRN,"Mortality rate, under-5 (per 1,000 live births)",SH.DYN.MORT,Y tế & Sức khỏe,2017,10.7
Brunei Darussalam,BRN,"Mortality rate, under-5 (per 1,000 live births)",SH.DYN.MORT,Y tế & Sức khỏe,2018,10.6
Brunei Darussalam,BRN,"Mortality rate, under-5 (per 1,000 live births)",SH.DYN.MORT,Y tế & Sức khỏe,2019,10.5
Brunei Darussalam,BRN,"Mortality rate, under-5 (per 1,000 live births)",SH.DYN.MORT,Y tế & Sức khỏe,2020,10.4
Brunei Darussalam,BRN,"Mortality rate, under-5 (per 1,000 live births)",SH.DYN.MORT,Y tế & Sức khỏe,2021,10.3
Brunei Darussalam,BRN,"Mortality rate, under-5 (per 1,000 live births)",SH.DYN.MORT,Y tế & Sức khỏe,2022,10.2
Brunei Darussalam,BRN,"Mortality rate, under-5 (per 1,000 live births)",SH.DYN.MORT,Y tế & Sức khỏe,2023,10.1
Brunei Darussalam,BRN,"Mortality rate, under-5 (per 1,000 live births)",SH.DYN.MORT,Y tế & Sức khỏe,2024,9.9
Brunei Darussalam,BRN,"Mortality rate, under-5 (per 1,000 live births)",SH.DYN.MORT,Y tế & Sức khỏe,2025,
Brunei Darussalam,BRN,"Mortality rate, under-5, female (per 1,000 live births)",SH.DYN.MORT.FE,Y tế & Sức khỏe,2015,9.9
Brunei Darussalam,BRN,"Mortality rate, under-5, female (per 1,000 live births)",SH.DYN.MORT.FE,Y tế & Sức khỏe,2016,9.9
Brunei Darussalam,BRN,"Mortality rate, under-5, female (per 1,000 live births)",SH.DYN.MORT.FE,Y tế & Sức khỏe,2017,9.9
Brunei Darussalam,BRN,"Mortality rate, under-5, female (per 1,000 live births)",SH.DYN.MORT.FE,Y tế & Sức khỏe,2018,9.8
Brunei Darussalam,BRN,"Mortality rate, under-5, female (per 1,000 live births)",SH.DYN.MORT.FE,Y tế & Sức khỏe,2019,9.7
Brunei Darussalam,BRN,"Mortality rate, under-5, female (per 1,000 live births)",SH.DYN.MORT.FE,Y tế & Sức khỏe,2020,9.6
Brunei Darussalam,BRN,"Mortality rate, under-5, female (per 1,000 live births)",SH.DYN.MORT.FE,Y tế & Sức khỏe,2021,9.5
Brunei Darussalam,BRN,"Mortality rate, under-5, female (per 1,000 live births)",SH.DYN.MORT.FE,Y tế & Sức khỏe,2022,9.4
Brunei Darussalam,BRN,"Mortality rate, under-5, female (per 1,000 live births)",SH.DYN.MORT.FE,Y tế & Sức khỏe,2023,9.3
Brunei Darussalam,BRN,"Mortality rate, under-5, female (per 1,000 live births)",SH.DYN.MORT.FE,Y tế & Sức khỏe,2024,9.2
Brunei Darussalam,BRN,"Mortality rate, under-5, female (per 1,000 live births)",SH.DYN.MORT.FE,Y tế & Sức khỏe,2025,
Brunei Darussalam,BRN,"Mortality rate, under-5, male (per 1,000 live births)",SH.DYN.MORT.MA,Y tế & Sức khỏe,2015,11.4
Brunei Darussalam,BRN,"Mortality rate, under-5, male (per 1,000 live births)",SH.DYN.MORT.MA,Y tế & Sức khỏe,2016,11.5
Brunei Darussalam,BRN,"Mortality rate, under-5, male (per 1,000 live births)",SH.DYN.MORT.MA,Y tế & Sức khỏe,2017,11.5
Brunei Darussalam,BRN,"Mortality rate, under-5, male (per 1,000 live births)",SH.DYN.MORT.MA,Y tế & Sức khỏe,2018,11.4
Brunei Darussalam,BRN,"Mortality rate, under-5, male (per 1,000 live births)",SH.DYN.MORT.MA,Y tế & Sức khỏe,2019,11.3
Brunei Darussalam,BRN,"Mortality rate, under-5, male (per 1,000 live births)",SH.DYN.MORT.MA,Y tế & Sức khỏe,2020,11.2
Brunei Darussalam,BRN,"Mortality rate, under-5, male (per 1,000 live births)",SH.DYN.MORT.MA,Y tế & Sức khỏe,2021,11.0
Brunei Darussalam,BRN,"Mortality rate, under-5, male (per 1,000 live births)",SH.DYN.MORT.MA,Y tế & Sức khỏe,2022,10.9
Brunei Darussalam,BRN,"Mortality rate, under-5, male (per 1,000 live births)",SH.DYN.MORT.MA,Y tế & Sức khỏe,2023,10.8
Brunei Darussalam,BRN,"Mortality rate, under-5, male (per 1,000 live births)",SH.DYN.MORT.MA,Y tế & Sức khỏe,2024,10.7
Brunei Darussalam,BRN,"Mortality rate, under-5, male (per 1,000 live births)",SH.DYN.MORT.MA,Y tế & Sức khỏe,2025,
Brunei Darussalam,BRN,"Maternal mortality ratio (modeled estimate, per 100,000 live births)",SH.STA.MMRT,Y tế & Sức khỏe,2015,39.0
Brunei Darussalam,BRN,"Maternal mortality ratio (modeled estimate, per 100,000 live births)",SH.STA.MMRT,Y tế & Sức khỏe,2016,39.0
Brunei Darussalam,BRN,"Maternal mortality ratio (modeled estimate, per 100,000 live births)",SH.STA.MMRT,Y tế & Sức khỏe,2017,39.0
Brunei Darussalam,BRN,"Maternal mortality ratio (modeled estimate, per 100,000 live births)",SH.STA.MMRT,Y tế & Sức khỏe,2018,39.0
Brunei Darussalam,BRN,"Maternal mortality ratio (modeled estimate, per 100,000 live births)",SH.STA.MMRT,Y tế & Sức khỏe,2019,38.0
Brunei Darussalam,BRN,"Maternal mortality ratio (modeled estimate, per 100,000 live births)",SH.STA.MMRT,Y tế & Sức khỏe,2020,39.0
Brunei Darussalam,BRN,"Maternal mortality ratio (modeled estimate, per 100,000 live births)",SH.STA.MMRT,Y tế & Sức khỏe,2021,44.0
Brunei Darussalam,BRN,"Maternal mortality ratio (modeled estimate, per 100,000 live births)",SH.STA.MMRT,Y tế & Sức khỏe,2022,88.0
Brunei Darussalam,BRN,"Maternal mortality ratio (modeled estimate, per 100,000 live births)",SH.STA.MMRT,Y tế & Sức khỏe,2023,36.0
Brunei Darussalam,BRN,"Maternal mortality ratio (modeled estimate, per 100,000 live births)",SH.STA.MMRT,Y tế & Sức khỏe,2024,
Brunei Darussalam,BRN,"Maternal mortality ratio (modeled estimate, per 100,000 live births)",SH.STA.MMRT,Y tế & Sức khỏe,2025,
Brunei Darussalam,BRN,"Maternal mortality ratio (national estimate, per 100,000 live births)",SH.STA.MMRT.NE,Y tế & Sức khỏe,2015,
Brunei Darussalam,BRN,"Maternal mortality ratio (national estimate, per 100,000 live births)",SH.STA.MMRT.NE,Y tế & Sức khỏe,2016,
Brunei Darussalam,BRN,"Maternal mortality ratio (national estimate, per 100,000 live births)",SH.STA.MMRT.NE,Y tế & Sức khỏe,2017,
Brunei Darussalam,BRN,"Maternal mortality ratio (national estimate, per 100,000 live births)",SH.STA.MMRT.NE,Y tế & Sức khỏe,2018,
Brunei Darussalam,BRN,"Maternal mortality ratio (national estimate, per 100,000 live births)",SH.STA.MMRT.NE,Y tế & Sức khỏe,2019,
Brunei Darussalam,BRN,"Maternal mortality ratio (national estimate, per 100,000 live births)",SH.STA.MMRT.NE,Y tế & Sức khỏe,2020,
Brunei Darussalam,BRN,"Maternal mortality ratio (national estimate, per 100,000 live births)",SH.STA.MMRT.NE,Y tế & Sức khỏe,2021,
Brunei Darussalam,BRN,"Maternal mortality ratio (national estimate, per 100,000 live births)",SH.STA.MMRT.NE,Y tế & Sức khỏe,2022,
Brunei Darussalam,BRN,"Maternal mortality ratio (national estimate, per 100,000 live births)",SH.STA.MMRT.NE,Y tế & Sức khỏe,2023,
Brunei Darussalam,BRN,"Maternal mortality ratio (national estimate, per 100,000 live births)",SH.STA.MMRT.NE,Y tế & Sức khỏe,2024,
Brunei Darussalam,BRN,"Maternal mortality ratio (national estimate, per 100,000 live births)",SH.STA.MMRT.NE,Y tế & Sức khỏe,2025,
Brunei Darussalam,BRN,"Hospital beds (per 1,000 people)",SH.MED.BEDS.ZS,Y tế & Sức khỏe,2015,3.06
Brunei Darussalam,BRN,"Hospital beds (per 1,000 people)",SH.MED.BEDS.ZS,Y tế & Sức khỏe,2016,3.1
Brunei Darussalam,BRN,"Hospital beds (per 1,000 people)",SH.MED.BEDS.ZS,Y tế & Sức khỏe,2017,3.34
Brunei Darussalam,BRN,"Hospital beds (per 1,000 people)",SH.MED.BEDS.ZS,Y tế & Sức khỏe,2018,3.42
Brunei Darussalam,BRN,"Hospital beds (per 1,000 people)",SH.MED.BEDS.ZS,Y tế & Sức khỏe,2019,3.66
Brunei Darussalam,BRN,"Hospital beds (per 1,000 people)",SH.MED.BEDS.ZS,Y tế & Sức khỏe,2020,3.84
Brunei Darussalam,BRN,"Hospital beds (per 1,000 people)",SH.MED.BEDS.ZS,Y tế & Sức khỏe,2021,3.82
Brunei Darussalam,BRN,"Hospital beds (per 1,000 people)",SH.MED.BEDS.ZS,Y tế & Sức khỏe,2022,4.19
Brunei Darussalam,BRN,"Hospital beds (per 1,000 people)",SH.MED.BEDS.ZS,Y tế & Sức khỏe,2023,3.58
Brunei Darussalam,BRN,"Hospital beds (per 1,000 people)",SH.MED.BEDS.ZS,Y tế & Sức khỏe,2024,
Brunei Darussalam,BRN,"Hospital beds (per 1,000 people)",SH.MED.BEDS.ZS,Y tế & Sức khỏe,2025,
Brunei Darussalam,BRN,"Physicians (per 1,000 people)",SH.MED.PHYS.ZS,Y tế & Sức khỏe,2015,1.75
Brunei Darussalam,BRN,"Physicians (per 1,000 people)",SH.MED.PHYS.ZS,Y tế & Sức khỏe,2016,
Brunei Darussalam,BRN,"Physicians (per 1,000 people)",SH.MED.PHYS.ZS,Y tế & Sức khỏe,2017,1.578
Brunei Darussalam,BRN,"Physicians (per 1,000 people)",SH.MED.PHYS.ZS,Y tế & Sức khỏe,2018,1.763
Brunei Darussalam,BRN,"Physicians (per 1,000 people)",SH.MED.PHYS.ZS,Y tế & Sức khỏe,2019,
Brunei Darussalam,BRN,"Physicians (per 1,000 people)",SH.MED.PHYS.ZS,Y tế & Sức khỏe,2020,
Brunei Darussalam,BRN,"Physicians (per 1,000 people)",SH.MED.PHYS.ZS,Y tế & Sức khỏe,2021,1.886
Brunei Darussalam,BRN,"Physicians (per 1,000 people)",SH.MED.PHYS.ZS,Y tế & Sức khỏe,2022,
Brunei Darussalam,BRN,"Physicians (per 1,000 people)",SH.MED.PHYS.ZS,Y tế & Sức khỏe,2023,
Brunei Darussalam,BRN,"Physicians (per 1,000 people)",SH.MED.PHYS.ZS,Y tế & Sức khỏe,2024,
Brunei Darussalam,BRN,"Physicians (per 1,000 people)",SH.MED.PHYS.ZS,Y tế & Sức khỏe,2025,
Cambodia,KHM,"Life expectancy at birth, total (years)",SP.DYN.LE00.IN,Y tế & Sức khỏe,2015,69.398
Cambodia,KHM,"Life expectancy at birth, total (years)",SP.DYN.LE00.IN,Y tế & Sức khỏe,2016,69.635
Cambodia,KHM,"Life expectancy at birth, total (years)",SP.DYN.LE00.IN,Y tế & Sức khỏe,2017,69.842
Cambodia,KHM,"Life expectancy at birth, total (years)",SP.DYN.LE00.IN,Y tế & Sức khỏe,2018,69.993
Cambodia,KHM,"Life expectancy at birth, total (years)",SP.DYN.LE00.IN,Y tế & Sức khỏe,2019,70.127
Cambodia,KHM,"Life expectancy at birth, total (years)",SP.DYN.LE00.IN,Y tế & Sức khỏe,2020,70.059
Cambodia,KHM,"Life expectancy at birth, total (years)",SP.DYN.LE00.IN,Y tế & Sức khỏe,2021,69.301
Cambodia,KHM,"Life expectancy at birth, total (years)",SP.DYN.LE00.IN,Y tế & Sức khỏe,2022,70.528
Cambodia,KHM,"Life expectancy at birth, total (years)",SP.DYN.LE00.IN,Y tế & Sức khỏe,2023,70.668
Cambodia,KHM,"Life expectancy at birth, total (years)",SP.DYN.LE00.IN,Y tế & Sức khỏe,2024,70.817
Cambodia,KHM,"Life expectancy at birth, total (years)",SP.DYN.LE00.IN,Y tế & Sức khỏe,2025,
Cambodia,KHM,Current health expenditure (% of GDP),SH.XPD.CHEX.GD.ZS,Y tế & Sức khỏe,2015,4.53898621
Cambodia,KHM,Current health expenditure (% of GDP),SH.XPD.CHEX.GD.ZS,Y tế & Sức khỏe,2016,4.49053288
Cambodia,KHM,Current health expenditure (% of GDP),SH.XPD.CHEX.GD.ZS,Y tế & Sức khỏe,2017,4.26933241
Cambodia,KHM,Current health expenditure (% of GDP),SH.XPD.CHEX.GD.ZS,Y tế & Sức khỏe,2018,4.49707794
Cambodia,KHM,Current health expenditure (% of GDP),SH.XPD.CHEX.GD.ZS,Y tế & Sức khỏe,2019,5.05801058
Cambodia,KHM,Current health expenditure (% of GDP),SH.XPD.CHEX.GD.ZS,Y tế & Sức khỏe,2020,5.13031435
Cambodia,KHM,Current health expenditure (% of GDP),SH.XPD.CHEX.GD.ZS,Y tế & Sức khỏe,2021,6.33888054
Cambodia,KHM,Current health expenditure (% of GDP),SH.XPD.CHEX.GD.ZS,Y tế & Sức khỏe,2022,4.46856117
Cambodia,KHM,Current health expenditure (% of GDP),SH.XPD.CHEX.GD.ZS,Y tế & Sức khỏe,2023,4.61706829
Cambodia,KHM,Current health expenditure (% of GDP),SH.XPD.CHEX.GD.ZS,Y tế & Sức khỏe,2024,
Cambodia,KHM,Current health expenditure (% of GDP),SH.XPD.CHEX.GD.ZS,Y tế & Sức khỏe,2025,
Cambodia,KHM,"Mortality rate, under-5 (per 1,000 live births)",SH.DYN.MORT,Y tế & Sức khỏe,2015,29.6
Cambodia,KHM,"Mortality rate, under-5 (per 1,000 live births)",SH.DYN.MORT,Y tế & Sức khỏe,2016,27.5
Cambodia,KHM,"Mortality rate, under-5 (per 1,000 live births)",SH.DYN.MORT,Y tế & Sức khỏe,2017,25.6
Cambodia,KHM,"Mortality rate, under-5 (per 1,000 live births)",SH.DYN.MORT,Y tế & Sức khỏe,2018,24.1
Cambodia,KHM,"Mortality rate, under-5 (per 1,000 live births)",SH.DYN.MORT,Y tế & Sức khỏe,2019,22.8
Cambodia,KHM,"Mortality rate, under-5 (per 1,000 live births)",SH.DYN.MORT,Y tế & Sức khỏe,2020,21.8
Cambodia,KHM,"Mortality rate, under-5 (per 1,000 live births)",SH.DYN.MORT,Y tế & Sức khỏe,2021,20.8
Cambodia,KHM,"Mortality rate, under-5 (per 1,000 live births)",SH.DYN.MORT,Y tế & Sức khỏe,2022,19.9
Cambodia,KHM,"Mortality rate, under-5 (per 1,000 live births)",SH.DYN.MORT,Y tế & Sức khỏe,2023,19.1
Cambodia,KHM,"Mortality rate, under-5 (per 1,000 live births)",SH.DYN.MORT,Y tế & Sức khỏe,2024,18.4
Cambodia,KHM,"Mortality rate, under-5 (per 1,000 live births)",SH.DYN.MORT,Y tế & Sức khỏe,2025,
Cambodia,KHM,"Mortality rate, under-5, female (per 1,000 live births)",SH.DYN.MORT.FE,Y tế & Sức khỏe,2015,26.1
Cambodia,KHM,"Mortality rate, under-5, female (per 1,000 live births)",SH.DYN.MORT.FE,Y tế & Sức khỏe,2016,24.2
Cambodia,KHM,"Mortality rate, under-5, female (per 1,000 live births)",SH.DYN.MORT.FE,Y tế & Sức khỏe,2017,22.6
Cambodia,KHM,"Mortality rate, under-5, female (per 1,000 live births)",SH.DYN.MORT.FE,Y tế & Sức khỏe,2018,21.2
Cambodia,KHM,"Mortality rate, under-5, female (per 1,000 live births)",SH.DYN.MORT.FE,Y tế & Sức khỏe,2019,20.1
Cambodia,KHM,"Mortality rate, under-5, female (per 1,000 live births)",SH.DYN.MORT.FE,Y tế & Sức khỏe,2020,19.2
Cambodia,KHM,"Mortality rate, under-5, female (per 1,000 live births)",SH.DYN.MORT.FE,Y tế & Sức khỏe,2021,18.3
Cambodia,KHM,"Mortality rate, under-5, female (per 1,000 live births)",SH.DYN.MORT.FE,Y tế & Sức khỏe,2022,17.6
Cambodia,KHM,"Mortality rate, under-5, female (per 1,000 live births)",SH.DYN.MORT.FE,Y tế & Sức khỏe,2023,16.9
Cambodia,KHM,"Mortality rate, under-5, female (per 1,000 live births)",SH.DYN.MORT.FE,Y tế & Sức khỏe,2024,16.2
Cambodia,KHM,"Mortality rate, under-5, female (per 1,000 live births)",SH.DYN.MORT.FE,Y tế & Sức khỏe,2025,
Cambodia,KHM,"Mortality rate, under-5, male (per 1,000 live births)",SH.DYN.MORT.MA,Y tế & Sức khỏe,2015,33.0
Cambodia,KHM,"Mortality rate, under-5, male (per 1,000 live births)",SH.DYN.MORT.MA,Y tế & Sức khỏe,2016,30.6
Cambodia,KHM,"Mortality rate, under-5, male (per 1,000 live births)",SH.DYN.MORT.MA,Y tế & Sức khỏe,2017,28.5
Cambodia,KHM,"Mortality rate, under-5, male (per 1,000 live births)",SH.DYN.MORT.MA,Y tế & Sức khỏe,2018,26.8
Cambodia,KHM,"Mortality rate, under-5, male (per 1,000 live births)",SH.DYN.MORT.MA,Y tế & Sức khỏe,2019,25.3
Cambodia,KHM,"Mortality rate, under-5, male (per 1,000 live births)",SH.DYN.MORT.MA,Y tế & Sức khỏe,2020,24.1
Cambodia,KHM,"Mortality rate, under-5, male (per 1,000 live births)",SH.DYN.MORT.MA,Y tế & Sức khỏe,2021,23.1
Cambodia,KHM,"Mortality rate, under-5, male (per 1,000 live births)",SH.DYN.MORT.MA,Y tế & Sức khỏe,2022,22.1
Cambodia,KHM,"Mortality rate, under-5, male (per 1,000 live births)",SH.DYN.MORT.MA,Y tế & Sức khỏe,2023,21.2
Cambodia,KHM,"Mortality rate, under-5, male (per 1,000 live births)",SH.DYN.MORT.MA,Y tế & Sức khỏe,2024,20.4
Cambodia,KHM,"Mortality rate, under-5, male (per 1,000 live births)",SH.DYN.MORT.MA,Y tế & Sức khỏe,2025,
Cambodia,KHM,"Maternal mortality ratio (modeled estimate, per 100,000 live births)",SH.STA.MMRT,Y tế & Sức khỏe,2015,166.0
Cambodia,KHM,"Maternal mortality ratio (modeled estimate, per 100,000 live births)",SH.STA.MMRT,Y tế & Sức khỏe,2016,159.0
Cambodia,KHM,"Maternal mortality ratio (modeled estimate, per 100,000 live births)",SH.STA.MMRT,Y tế & Sức khỏe,2017,155.0
Cambodia,KHM,"Maternal mortality ratio (modeled estimate, per 100,000 live births)",SH.STA.MMRT,Y tế & Sức khỏe,2018,151.0
Cambodia,KHM,"Maternal mortality ratio (modeled estimate, per 100,000 live births)",SH.STA.MMRT,Y tế & Sức khỏe,2019,149.0
Cambodia,KHM,"Maternal mortality ratio (modeled estimate, per 100,000 live births)",SH.STA.MMRT,Y tế & Sức khỏe,2020,164.0
Cambodia,KHM,"Maternal mortality ratio (modeled estimate, per 100,000 live births)",SH.STA.MMRT,Y tế & Sức khỏe,2021,189.0
Cambodia,KHM,"Maternal mortality ratio (modeled estimate, per 100,000 live births)",SH.STA.MMRT,Y tế & Sức khỏe,2022,159.0
Cambodia,KHM,"Maternal mortality ratio (modeled estimate, per 100,000 live births)",SH.STA.MMRT,Y tế & Sức khỏe,2023,137.0
Cambodia,KHM,"Maternal mortality ratio (modeled estimate, per 100,000 live births)",SH.STA.MMRT,Y tế & Sức khỏe,2024,
Cambodia,KHM,"Maternal mortality ratio (modeled estimate, per 100,000 live births)",SH.STA.MMRT,Y tế & Sức khỏe,2025,
Cambodia,KHM,"Maternal mortality ratio (national estimate, per 100,000 live births)",SH.STA.MMRT.NE,Y tế & Sức khỏe,2015,
Cambodia,KHM,"Maternal mortality ratio (national estimate, per 100,000 live births)",SH.STA.MMRT.NE,Y tế & Sức khỏe,2016,
Cambodia,KHM,"Maternal mortality ratio (national estimate, per 100,000 live births)",SH.STA.MMRT.NE,Y tế & Sức khỏe,2017,
Cambodia,KHM,"Maternal mortality ratio (national estimate, per 100,000 live births)",SH.STA.MMRT.NE,Y tế & Sức khỏe,2018,
Cambodia,KHM,"Maternal mortality ratio (national estimate, per 100,000 live births)",SH.STA.MMRT.NE,Y tế & Sức khỏe,2019,
Cambodia,KHM,"Maternal mortality ratio (national estimate, per 100,000 live births)",SH.STA.MMRT.NE,Y tế & Sức khỏe,2020,
Cambodia,KHM,"Maternal mortality ratio (national estimate, per 100,000 live births)",SH.STA.MMRT.NE,Y tế & Sức khỏe,2021,154.0
Cambodia,KHM,"Maternal mortality ratio (national estimate, per 100,000 live births)",SH.STA.MMRT.NE,Y tế & Sức khỏe,2022,
Cambodia,KHM,"Maternal mortality ratio (national estimate, per 100,000 live births)",SH.STA.MMRT.NE,Y tế & Sức khỏe,2023,
Cambodia,KHM,"Maternal mortality ratio (national estimate, per 100,000 live births)",SH.STA.MMRT.NE,Y tế & Sức khỏe,2024,
Cambodia,KHM,"Maternal mortality ratio (national estimate, per 100,000 live births)",SH.STA.MMRT.NE,Y tế & Sức khỏe,2025,
Cambodia,KHM,"Hospital beds (per 1,000 people)",SH.MED.BEDS.ZS,Y tế & Sức khỏe,2015,0.83
Cambodia,KHM,"Hospital beds (per 1,000 people)",SH.MED.BEDS.ZS,Y tế & Sức khỏe,2016,
Cambodia,KHM,"Hospital beds (per 1,000 people)",SH.MED.BEDS.ZS,Y tế & Sức khỏe,2017,
Cambodia,KHM,"Hospital beds (per 1,000 people)",SH.MED.BEDS.ZS,Y tế & Sức khỏe,2018,0.73
Cambodia,KHM,"Hospital beds (per 1,000 people)",SH.MED.BEDS.ZS,Y tế & Sức khỏe,2019,
Cambodia,KHM,"Hospital beds (per 1,000 people)",SH.MED.BEDS.ZS,Y tế & Sức khỏe,2020,
Cambodia,KHM,"Hospital beds (per 1,000 people)",SH.MED.BEDS.ZS,Y tế & Sức khỏe,2021,
Cambodia,KHM,"Hospital beds (per 1,000 people)",SH.MED.BEDS.ZS,Y tế & Sức khỏe,2022,
Cambodia,KHM,"Hospital beds (per 1,000 people)",SH.MED.BEDS.ZS,Y tế & Sức khỏe,2023,
Cambodia,KHM,"Hospital beds (per 1,000 people)",SH.MED.BEDS.ZS,Y tế & Sức khỏe,2024,
Cambodia,KHM,"Hospital beds (per 1,000 people)",SH.MED.BEDS.ZS,Y tế & Sức khỏe,2025,
Cambodia,KHM,"Physicians (per 1,000 people)",SH.MED.PHYS.ZS,Y tế & Sức khỏe,2015,0.15
Cambodia,KHM,"Physicians (per 1,000 people)",SH.MED.PHYS.ZS,Y tế & Sức khỏe,2016,0.197
Cambodia,KHM,"Physicians (per 1,000 people)",SH.MED.PHYS.ZS,Y tế & Sức khỏe,2017,0.195
Cambodia,KHM,"Physicians (per 1,000 people)",SH.MED.PHYS.ZS,Y tế & Sức khỏe,2018,0.211
Cambodia,KHM,"Physicians (per 1,000 people)",SH.MED.PHYS.ZS,Y tế & Sức khỏe,2019,0.211
Cambodia,KHM,"Physicians (per 1,000 people)",SH.MED.PHYS.ZS,Y tế & Sức khỏe,2020,
Cambodia,KHM,"Physicians (per 1,000 people)",SH.MED.PHYS.ZS,Y tế & Sức khỏe,2021,
Cambodia,KHM,"Physicians (per 1,000 people)",SH.MED.PHYS.ZS,Y tế & Sức khỏe,2022,
Cambodia,KHM,"Physicians (per 1,000 people)",SH.MED.PHYS.ZS,Y tế & Sức khỏe,2023,
Cambodia,KHM,"Physicians (per 1,000 people)",SH.MED.PHYS.ZS,Y tế & Sức khỏe,2024,
Cambodia,KHM,"Physicians (per 1,000 people)",SH.MED.PHYS.ZS,Y tế & Sức khỏe,2025,
Indonesia,IDN,"Life expectancy at birth, total (years)",SP.DYN.LE00.IN,Y tế & Sức khỏe,2015,69.52
Indonesia,IDN,"Life expectancy at birth, total (years)",SP.DYN.LE00.IN,Y tế & Sức khỏe,2016,69.733
Indonesia,IDN,"Life expectancy at birth, total (years)",SP.DYN.LE00.IN,Y tế & Sức khỏe,2017,69.953
Indonesia,IDN,"Life expectancy at birth, total (years)",SP.DYN.LE00.IN,Y tế & Sức khỏe,2018,70.08
Indonesia,IDN,"Life expectancy at birth, total (years)",SP.DYN.LE00.IN,Y tế & Sức khỏe,2019,70.349
Indonesia,IDN,"Life expectancy at birth, total (years)",SP.DYN.LE00.IN,Y tế & Sức khỏe,2020,68.817
Indonesia,IDN,"Life expectancy at birth, total (years)",SP.DYN.LE00.IN,Y tế & Sức khỏe,2021,67.452
Indonesia,IDN,"Life expectancy at birth, total (years)",SP.DYN.LE00.IN,Y tế & Sức khỏe,2022,70.925
Indonesia,IDN,"Life expectancy at birth, total (years)",SP.DYN.LE00.IN,Y tế & Sức khỏe,2023,71.146
Indonesia,IDN,"Life expectancy at birth, total (years)",SP.DYN.LE00.IN,Y tế & Sức khỏe,2024,71.288
Indonesia,IDN,"Life expectancy at birth, total (years)",SP.DYN.LE00.IN,Y tế & Sức khỏe,2025,
Indonesia,IDN,Current health expenditure (% of GDP),SH.XPD.CHEX.GD.ZS,Y tế & Sức khỏe,2015,2.92428517
Indonesia,IDN,Current health expenditure (% of GDP),SH.XPD.CHEX.GD.ZS,Y tế & Sức khỏe,2016,3.02147198
Indonesia,IDN,Current health expenditure (% of GDP),SH.XPD.CHEX.GD.ZS,Y tế & Sức khỏe,2017,2.90417194
Indonesia,IDN,Current health expenditure (% of GDP),SH.XPD.CHEX.GD.ZS,Y tế & Sức khỏe,2018,2.86757827
Indonesia,IDN,Current health expenditure (% of GDP),SH.XPD.CHEX.GD.ZS,Y tế & Sức khỏe,2019,2.87862897
Indonesia,IDN,Current health expenditure (% of GDP),SH.XPD.CHEX.GD.ZS,Y tế & Sức khỏe,2020,3.42067289
Indonesia,IDN,Current health expenditure (% of GDP),SH.XPD.CHEX.GD.ZS,Y tế & Sức khỏe,2021,3.70634937
Indonesia,IDN,Current health expenditure (% of GDP),SH.XPD.CHEX.GD.ZS,Y tế & Sức khỏe,2022,2.69389749
Indonesia,IDN,Current health expenditure (% of GDP),SH.XPD.CHEX.GD.ZS,Y tế & Sức khỏe,2023,2.70239949
Indonesia,IDN,Current health expenditure (% of GDP),SH.XPD.CHEX.GD.ZS,Y tế & Sức khỏe,2024,
Indonesia,IDN,Current health expenditure (% of GDP),SH.XPD.CHEX.GD.ZS,Y tế & Sức khỏe,2025,
Indonesia,IDN,"Mortality rate, under-5 (per 1,000 live births)",SH.DYN.MORT,Y tế & Sức khỏe,2015,26.1
Indonesia,IDN,"Mortality rate, under-5 (per 1,000 live births)",SH.DYN.MORT,Y tế & Sức khỏe,2016,25.0
Indonesia,IDN,"Mortality rate, under-5 (per 1,000 live births)",SH.DYN.MORT,Y tế & Sức khỏe,2017,23.8
Indonesia,IDN,"Mortality rate, under-5 (per 1,000 live births)",SH.DYN.MORT,Y tế & Sức khỏe,2018,22.8
Indonesia,IDN,"Mortality rate, under-5 (per 1,000 live births)",SH.DYN.MORT,Y tế & Sức khỏe,2019,21.8
Indonesia,IDN,"Mortality rate, under-5 (per 1,000 live births)",SH.DYN.MORT,Y tế & Sức khỏe,2020,20.8
Indonesia,IDN,"Mortality rate, under-5 (per 1,000 live births)",SH.DYN.MORT,Y tế & Sức khỏe,2021,19.9
Indonesia,IDN,"Mortality rate, under-5 (per 1,000 live births)",SH.DYN.MORT,Y tế & Sức khỏe,2022,19.1
Indonesia,IDN,"Mortality rate, under-5 (per 1,000 live births)",SH.DYN.MORT,Y tế & Sức khỏe,2023,18.4
Indonesia,IDN,"Mortality rate, under-5 (per 1,000 live births)",SH.DYN.MORT,Y tế & Sức khỏe,2024,17.7
Indonesia,IDN,"Mortality rate, under-5 (per 1,000 live births)",SH.DYN.MORT,Y tế & Sức khỏe,2025,
Indonesia,IDN,"Mortality rate, under-5, female (per 1,000 live births)",SH.DYN.MORT.FE,Y tế & Sức khỏe,2015,23.5
Indonesia,IDN,"Mortality rate, under-5, female (per 1,000 live births)",SH.DYN.MORT.FE,Y tế & Sức khỏe,2016,22.4
Indonesia,IDN,"Mortality rate, under-5, female (per 1,000 live births)",SH.DYN.MORT.FE,Y tế & Sức khỏe,2017,21.4
Indonesia,IDN,"Mortality rate, under-5, female (per 1,000 live births)",SH.DYN.MORT.FE,Y tế & Sức khỏe,2018,20.4
Indonesia,IDN,"Mortality rate, under-5, female (per 1,000 live births)",SH.DYN.MORT.FE,Y tế & Sức khỏe,2019,19.5
Indonesia,IDN,"Mortality rate, under-5, female (per 1,000 live births)",SH.DYN.MORT.FE,Y tế & Sức khỏe,2020,18.7
Indonesia,IDN,"Mortality rate, under-5, female (per 1,000 live births)",SH.DYN.MORT.FE,Y tế & Sức khỏe,2021,17.8
Indonesia,IDN,"Mortality rate, under-5, female (per 1,000 live births)",SH.DYN.MORT.FE,Y tế & Sức khỏe,2022,17.1
Indonesia,IDN,"Mortality rate, under-5, female (per 1,000 live births)",SH.DYN.MORT.FE,Y tế & Sức khỏe,2023,16.4
Indonesia,IDN,"Mortality rate, under-5, female (per 1,000 live births)",SH.DYN.MORT.FE,Y tế & Sức khỏe,2024,15.8
Indonesia,IDN,"Mortality rate, under-5, female (per 1,000 live births)",SH.DYN.MORT.FE,Y tế & Sức khỏe,2025,
Indonesia,IDN,"Mortality rate, under-5, male (per 1,000 live births)",SH.DYN.MORT.MA,Y tế & Sức khỏe,2015,28.7
Indonesia,IDN,"Mortality rate, under-5, male (per 1,000 live births)",SH.DYN.MORT.MA,Y tế & Sức khỏe,2016,27.4
Indonesia,IDN,"Mortality rate, under-5, male (per 1,000 live births)",SH.DYN.MORT.MA,Y tế & Sức khỏe,2017,26.2
Indonesia,IDN,"Mortality rate, under-5, male (per 1,000 live births)",SH.DYN.MORT.MA,Y tế & Sức khỏe,2018,25.1
Indonesia,IDN,"Mortality rate, under-5, male (per 1,000 live births)",SH.DYN.MORT.MA,Y tế & Sức khỏe,2019,23.9
Indonesia,IDN,"Mortality rate, under-5, male (per 1,000 live births)",SH.DYN.MORT.MA,Y tế & Sức khỏe,2020,22.9
Indonesia,IDN,"Mortality rate, under-5, male (per 1,000 live births)",SH.DYN.MORT.MA,Y tế & Sức khỏe,2021,21.9
Indonesia,IDN,"Mortality rate, under-5, male (per 1,000 live births)",SH.DYN.MORT.MA,Y tế & Sức khỏe,2022,21.0
Indonesia,IDN,"Mortality rate, under-5, male (per 1,000 live births)",SH.DYN.MORT.MA,Y tế & Sức khỏe,2023,20.2
Indonesia,IDN,"Mortality rate, under-5, male (per 1,000 live births)",SH.DYN.MORT.MA,Y tế & Sức khỏe,2024,19.4
Indonesia,IDN,"Mortality rate, under-5, male (per 1,000 live births)",SH.DYN.MORT.MA,Y tế & Sức khỏe,2025,
Indonesia,IDN,"Maternal mortality ratio (modeled estimate, per 100,000 live births)",SH.STA.MMRT,Y tế & Sức khỏe,2015,190.0
Indonesia,IDN,"Maternal mortality ratio (modeled estimate, per 100,000 live births)",SH.STA.MMRT,Y tế & Sức khỏe,2016,182.0
Indonesia,IDN,"Maternal mortality ratio (modeled estimate, per 100,000 live births)",SH.STA.MMRT,Y tế & Sức khỏe,2017,173.0
Indonesia,IDN,"Maternal mortality ratio (modeled estimate, per 100,000 live births)",SH.STA.MMRT,Y tế & Sức khỏe,2018,168.0
Indonesia,IDN,"Maternal mortality ratio (modeled estimate, per 100,000 live births)",SH.STA.MMRT,Y tế & Sức khỏe,2019,161.0
Indonesia,IDN,"Maternal mortality ratio (modeled estimate, per 100,000 live births)",SH.STA.MMRT,Y tế & Sức khỏe,2020,184.0
Indonesia,IDN,"Maternal mortality ratio (modeled estimate, per 100,000 live births)",SH.STA.MMRT,Y tế & Sức khỏe,2021,226.0
Indonesia,IDN,"Maternal mortality ratio (modeled estimate, per 100,000 live births)",SH.STA.MMRT,Y tế & Sức khỏe,2022,148.0
Indonesia,IDN,"Maternal mortality ratio (modeled estimate, per 100,000 live births)",SH.STA.MMRT,Y tế & Sức khỏe,2023,140.0
Indonesia,IDN,"Maternal mortality ratio (modeled estimate, per 100,000 live births)",SH.STA.MMRT,Y tế & Sức khỏe,2024,
Indonesia,IDN,"Maternal mortality ratio (modeled estimate, per 100,000 live births)",SH.STA.MMRT,Y tế & Sức khỏe,2025,
Indonesia,IDN,"Maternal mortality ratio (national estimate, per 100,000 live births)",SH.STA.MMRT.NE,Y tế & Sức khỏe,2015,
Indonesia,IDN,"Maternal mortality ratio (national estimate, per 100,000 live births)",SH.STA.MMRT.NE,Y tế & Sức khỏe,2016,
Indonesia,IDN,"Maternal mortality ratio (national estimate, per 100,000 live births)",SH.STA.MMRT.NE,Y tế & Sức khỏe,2017,
Indonesia,IDN,"Maternal mortality ratio (national estimate, per 100,000 live births)",SH.STA.MMRT.NE,Y tế & Sức khỏe,2018,
Indonesia,IDN,"Maternal mortality ratio (national estimate, per 100,000 live births)",SH.STA.MMRT.NE,Y tế & Sức khỏe,2019,
Indonesia,IDN,"Maternal mortality ratio (national estimate, per 100,000 live births)",SH.STA.MMRT.NE,Y tế & Sức khỏe,2020,
Indonesia,IDN,"Maternal mortality ratio (national estimate, per 100,000 live births)",SH.STA.MMRT.NE,Y tế & Sức khỏe,2021,
Indonesia,IDN,"Maternal mortality ratio (national estimate, per 100,000 live births)",SH.STA.MMRT.NE,Y tế & Sức khỏe,2022,
Indonesia,IDN,"Maternal mortality ratio (national estimate, per 100,000 live births)",SH.STA.MMRT.NE,Y tế & Sức khỏe,2023,
Indonesia,IDN,"Maternal mortality ratio (national estimate, per 100,000 live births)",SH.STA.MMRT.NE,Y tế & Sức khỏe,2024,
Indonesia,IDN,"Maternal mortality ratio (national estimate, per 100,000 live births)",SH.STA.MMRT.NE,Y tế & Sức khỏe,2025,
Indonesia,IDN,"Hospital beds (per 1,000 people)",SH.MED.BEDS.ZS,Y tế & Sức khỏe,2015,0.95
Indonesia,IDN,"Hospital beds (per 1,000 people)",SH.MED.BEDS.ZS,Y tế & Sức khỏe,2016,0.97
Indonesia,IDN,"Hospital beds (per 1,000 people)",SH.MED.BEDS.ZS,Y tế & Sức khỏe,2017,1.02
Indonesia,IDN,"Hospital beds (per 1,000 people)",SH.MED.BEDS.ZS,Y tế & Sức khỏe,2018,1.15
Indonesia,IDN,"Hospital beds (per 1,000 people)",SH.MED.BEDS.ZS,Y tế & Sức khỏe,2019,1.16
Indonesia,IDN,"Hospital beds (per 1,000 people)",SH.MED.BEDS.ZS,Y tế & Sức khỏe,2020,1.38
Indonesia,IDN,"Hospital beds (per 1,000 people)",SH.MED.BEDS.ZS,Y tế & Sức khỏe,2021,1.34
Indonesia,IDN,"Hospital beds (per 1,000 people)",SH.MED.BEDS.ZS,Y tế & Sức khỏe,2022,1.4
Indonesia,IDN,"Hospital beds (per 1,000 people)",SH.MED.BEDS.ZS,Y tế & Sức khỏe,2023,1.37
Indonesia,IDN,"Hospital beds (per 1,000 people)",SH.MED.BEDS.ZS,Y tế & Sức khỏe,2024,
Indonesia,IDN,"Hospital beds (per 1,000 people)",SH.MED.BEDS.ZS,Y tế & Sức khỏe,2025,
Indonesia,IDN,"Physicians (per 1,000 people)",SH.MED.PHYS.ZS,Y tế & Sức khỏe,2015,0.27
Indonesia,IDN,"Physicians (per 1,000 people)",SH.MED.PHYS.ZS,Y tế & Sức khỏe,2016,
Indonesia,IDN,"Physicians (per 1,000 people)",SH.MED.PHYS.ZS,Y tế & Sức khỏe,2017,0.373
Indonesia,IDN,"Physicians (per 1,000 people)",SH.MED.PHYS.ZS,Y tế & Sức khỏe,2018,0.421
Indonesia,IDN,"Physicians (per 1,000 people)",SH.MED.PHYS.ZS,Y tế & Sức khỏe,2019,0.462
Indonesia,IDN,"Physicians (per 1,000 people)",SH.MED.PHYS.ZS,Y tế & Sức khỏe,2020,0.62
Indonesia,IDN,"Physicians (per 1,000 people)",SH.MED.PHYS.ZS,Y tế & Sức khỏe,2021,0.688
Indonesia,IDN,"Physicians (per 1,000 people)",SH.MED.PHYS.ZS,Y tế & Sức khỏe,2022,0.681
Indonesia,IDN,"Physicians (per 1,000 people)",SH.MED.PHYS.ZS,Y tế & Sức khỏe,2023,0.524
Indonesia,IDN,"Physicians (per 1,000 people)",SH.MED.PHYS.ZS,Y tế & Sức khỏe,2024,
Indonesia,IDN,"Physicians (per 1,000 people)",SH.MED.PHYS.ZS,Y tế & Sức khỏe,2025,
Lao PDR,LAO,"Life expectancy at birth, total (years)",SP.DYN.LE00.IN,Y tế & Sức khỏe,2015,66.688
Lao PDR,LAO,"Life expectancy at birth, total (years)",SP.DYN.LE00.IN,Y tế & Sức khỏe,2016,67.014
Lao PDR,LAO,"Life expectancy at birth, total (years)",SP.DYN.LE00.IN,Y tế & Sức khỏe,2017,67.345
Lao PDR,LAO,"Life expectancy at birth, total (years)",SP.DYN.LE00.IN,Y tế & Sức khỏe,2018,67.594
Lao PDR,LAO,"Life expectancy at birth, total (years)",SP.DYN.LE00.IN,Y tế & Sức khỏe,2019,67.911
Lao PDR,LAO,"Life expectancy at birth, total (years)",SP.DYN.LE00.IN,Y tế & Sức khỏe,2020,68.339
Lao PDR,LAO,"Life expectancy at birth, total (years)",SP.DYN.LE00.IN,Y tế & Sức khỏe,2021,67.807
Lao PDR,LAO,"Life expectancy at birth, total (years)",SP.DYN.LE00.IN,Y tế & Sức khỏe,2022,68.715
Lao PDR,LAO,"Life expectancy at birth, total (years)",SP.DYN.LE00.IN,Y tế & Sức khỏe,2023,68.964
Lao PDR,LAO,"Life expectancy at birth, total (years)",SP.DYN.LE00.IN,Y tế & Sức khỏe,2024,69.225
Lao PDR,LAO,"Life expectancy at birth, total (years)",SP.DYN.LE00.IN,Y tế & Sức khỏe,2025,
Lao PDR,LAO,Current health expenditure (% of GDP),SH.XPD.CHEX.GD.ZS,Y tế & Sức khỏe,2015,2.45366454
Lao PDR,LAO,Current health expenditure (% of GDP),SH.XPD.CHEX.GD.ZS,Y tế & Sức khỏe,2016,2.36087489
Lao PDR,LAO,Current health expenditure (% of GDP),SH.XPD.CHEX.GD.ZS,Y tế & Sức khỏe,2017,2.52606821
Lao PDR,LAO,Current health expenditure (% of GDP),SH.XPD.CHEX.GD.ZS,Y tế & Sức khỏe,2018,2.24630046
Lao PDR,LAO,Current health expenditure (% of GDP),SH.XPD.CHEX.GD.ZS,Y tế & Sức khỏe,2019,2.60312223
Lao PDR,LAO,Current health expenditure (% of GDP),SH.XPD.CHEX.GD.ZS,Y tế & Sức khỏe,2020,2.05965185
Lao PDR,LAO,Current health expenditure (% of GDP),SH.XPD.CHEX.GD.ZS,Y tế & Sức khỏe,2021,2.74392009
Lao PDR,LAO,Current health expenditure (% of GDP),SH.XPD.CHEX.GD.ZS,Y tế & Sức khỏe,2022,2.01825476
Lao PDR,LAO,Current health expenditure (% of GDP),SH.XPD.CHEX.GD.ZS,Y tế & Sức khỏe,2023,1.32651615
Lao PDR,LAO,Current health expenditure (% of GDP),SH.XPD.CHEX.GD.ZS,Y tế & Sức khỏe,2024,
Lao PDR,LAO,Current health expenditure (% of GDP),SH.XPD.CHEX.GD.ZS,Y tế & Sức khỏe,2025,
Lao PDR,LAO,"Mortality rate, under-5 (per 1,000 live births)",SH.DYN.MORT,Y tế & Sức khỏe,2015,44.4
Lao PDR,LAO,"Mortality rate, under-5 (per 1,000 live births)",SH.DYN.MORT,Y tế & Sức khỏe,2016,42.2
Lao PDR,LAO,"Mortality rate, under-5 (per 1,000 live births)",SH.DYN.MORT,Y tế & Sức khỏe,2017,40.2
Lao PDR,LAO,"Mortality rate, under-5 (per 1,000 live births)",SH.DYN.MORT,Y tế & Sức khỏe,2018,38.3
Lao PDR,LAO,"Mortality rate, under-5 (per 1,000 live births)",SH.DYN.MORT,Y tế & Sức khỏe,2019,36.5
Lao PDR,LAO,"Mortality rate, under-5 (per 1,000 live births)",SH.DYN.MORT,Y tế & Sức khỏe,2020,34.8
Lao PDR,LAO,"Mortality rate, under-5 (per 1,000 live births)",SH.DYN.MORT,Y tế & Sức khỏe,2021,33.2
Lao PDR,LAO,"Mortality rate, under-5 (per 1,000 live births)",SH.DYN.MORT,Y tế & Sức khỏe,2022,31.8
Lao PDR,LAO,"Mortality rate, under-5 (per 1,000 live births)",SH.DYN.MORT,Y tế & Sức khỏe,2023,30.5
Lao PDR,LAO,"Mortality rate, under-5 (per 1,000 live births)",SH.DYN.MORT,Y tế & Sức khỏe,2024,29.4
Lao PDR,LAO,"Mortality rate, under-5 (per 1,000 live births)",SH.DYN.MORT,Y tế & Sức khỏe,2025,
Lao PDR,LAO,"Mortality rate, under-5, female (per 1,000 live births)",SH.DYN.MORT.FE,Y tế & Sức khỏe,2015,38.9
Lao PDR,LAO,"Mortality rate, under-5, female (per 1,000 live births)",SH.DYN.MORT.FE,Y tế & Sức khỏe,2016,36.9
Lao PDR,LAO,"Mortality rate, under-5, female (per 1,000 live births)",SH.DYN.MORT.FE,Y tế & Sức khỏe,2017,35.1
Lao PDR,LAO,"Mortality rate, under-5, female (per 1,000 live births)",SH.DYN.MORT.FE,Y tế & Sức khỏe,2018,33.5
Lao PDR,LAO,"Mortality rate, under-5, female (per 1,000 live births)",SH.DYN.MORT.FE,Y tế & Sức khỏe,2019,31.9
Lao PDR,LAO,"Mortality rate, under-5, female (per 1,000 live births)",SH.DYN.MORT.FE,Y tế & Sức khỏe,2020,30.4
Lao PDR,LAO,"Mortality rate, under-5, female (per 1,000 live births)",SH.DYN.MORT.FE,Y tế & Sức khỏe,2021,29.0
Lao PDR,LAO,"Mortality rate, under-5, female (per 1,000 live births)",SH.DYN.MORT.FE,Y tế & Sức khỏe,2022,27.7
Lao PDR,LAO,"Mortality rate, under-5, female (per 1,000 live births)",SH.DYN.MORT.FE,Y tế & Sức khỏe,2023,26.5
Lao PDR,LAO,"Mortality rate, under-5, female (per 1,000 live births)",SH.DYN.MORT.FE,Y tế & Sức khỏe,2024,25.6
Lao PDR,LAO,"Mortality rate, under-5, female (per 1,000 live births)",SH.DYN.MORT.FE,Y tế & Sức khỏe,2025,
Lao PDR,LAO,"Mortality rate, under-5, male (per 1,000 live births)",SH.DYN.MORT.MA,Y tế & Sức khỏe,2015,49.7
Lao PDR,LAO,"Mortality rate, under-5, male (per 1,000 live births)",SH.DYN.MORT.MA,Y tế & Sức khỏe,2016,47.2
Lao PDR,LAO,"Mortality rate, under-5, male (per 1,000 live births)",SH.DYN.MORT.MA,Y tế & Sức khỏe,2017,45.0
Lao PDR,LAO,"Mortality rate, under-5, male (per 1,000 live births)",SH.DYN.MORT.MA,Y tế & Sức khỏe,2018,42.9
Lao PDR,LAO,"Mortality rate, under-5, male (per 1,000 live births)",SH.DYN.MORT.MA,Y tế & Sức khỏe,2019,40.9
Lao PDR,LAO,"Mortality rate, under-5, male (per 1,000 live births)",SH.DYN.MORT.MA,Y tế & Sức khỏe,2020,39.0
Lao PDR,LAO,"Mortality rate, under-5, male (per 1,000 live births)",SH.DYN.MORT.MA,Y tế & Sức khỏe,2021,37.3
Lao PDR,LAO,"Mortality rate, under-5, male (per 1,000 live births)",SH.DYN.MORT.MA,Y tế & Sức khỏe,2022,35.7
Lao PDR,LAO,"Mortality rate, under-5, male (per 1,000 live births)",SH.DYN.MORT.MA,Y tế & Sức khỏe,2023,34.2
Lao PDR,LAO,"Mortality rate, under-5, male (per 1,000 live births)",SH.DYN.MORT.MA,Y tế & Sức khỏe,2024,32.9
Lao PDR,LAO,"Mortality rate, under-5, male (per 1,000 live births)",SH.DYN.MORT.MA,Y tế & Sức khỏe,2025,
Lao PDR,LAO,"Maternal mortality ratio (modeled estimate, per 100,000 live births)",SH.STA.MMRT,Y tế & Sức khỏe,2015,180.0
Lao PDR,LAO,"Maternal mortality ratio (modeled estimate, per 100,000 live births)",SH.STA.MMRT,Y tế & Sức khỏe,2016,165.0
Lao PDR,LAO,"Maternal mortality ratio (modeled estimate, per 100,000 live births)",SH.STA.MMRT,Y tế & Sức khỏe,2017,154.0
Lao PDR,LAO,"Maternal mortality ratio (modeled estimate, per 100,000 live births)",SH.STA.MMRT,Y tế & Sức khỏe,2018,145.0
Lao PDR,LAO,"Maternal mortality ratio (modeled estimate, per 100,000 live births)",SH.STA.MMRT,Y tế & Sức khỏe,2019,137.0
Lao PDR,LAO,"Maternal mortality ratio (modeled estimate, per 100,000 live births)",SH.STA.MMRT,Y tế & Sức khỏe,2020,132.0
Lao PDR,LAO,"Maternal mortality ratio (modeled estimate, per 100,000 live births)",SH.STA.MMRT,Y tế & Sức khỏe,2021,139.0
Lao PDR,LAO,"Maternal mortality ratio (modeled estimate, per 100,000 live births)",SH.STA.MMRT,Y tế & Sức khỏe,2022,120.0
Lao PDR,LAO,"Maternal mortality ratio (modeled estimate, per 100,000 live births)",SH.STA.MMRT,Y tế & Sức khỏe,2023,112.0
Lao PDR,LAO,"Maternal mortality ratio (modeled estimate, per 100,000 live births)",SH.STA.MMRT,Y tế & Sức khỏe,2024,
Lao PDR,LAO,"Maternal mortality ratio (modeled estimate, per 100,000 live births)",SH.STA.MMRT,Y tế & Sức khỏe,2025,
Lao PDR,LAO,"Maternal mortality ratio (national estimate, per 100,000 live births)",SH.STA.MMRT.NE,Y tế & Sức khỏe,2015,
Lao PDR,LAO,"Maternal mortality ratio (national estimate, per 100,000 live births)",SH.STA.MMRT.NE,Y tế & Sức khỏe,2016,
Lao PDR,LAO,"Maternal mortality ratio (national estimate, per 100,000 live births)",SH.STA.MMRT.NE,Y tế & Sức khỏe,2017,
Lao PDR,LAO,"Maternal mortality ratio (national estimate, per 100,000 live births)",SH.STA.MMRT.NE,Y tế & Sức khỏe,2018,
Lao PDR,LAO,"Maternal mortality ratio (national estimate, per 100,000 live births)",SH.STA.MMRT.NE,Y tế & Sức khỏe,2019,
Lao PDR,LAO,"Maternal mortality ratio (national estimate, per 100,000 live births)",SH.STA.MMRT.NE,Y tế & Sức khỏe,2020,
Lao PDR,LAO,"Maternal mortality ratio (national estimate, per 100,000 live births)",SH.STA.MMRT.NE,Y tế & Sức khỏe,2021,
Lao PDR,LAO,"Maternal mortality ratio (national estimate, per 100,000 live births)",SH.STA.MMRT.NE,Y tế & Sức khỏe,2022,
Lao PDR,LAO,"Maternal mortality ratio (national estimate, per 100,000 live births)",SH.STA.MMRT.NE,Y tế & Sức khỏe,2023,
Lao PDR,LAO,"Maternal mortality ratio (national estimate, per 100,000 live births)",SH.STA.MMRT.NE,Y tế & Sức khỏe,2024,
Lao PDR,LAO,"Maternal mortality ratio (national estimate, per 100,000 live births)",SH.STA.MMRT.NE,Y tế & Sức khỏe,2025,
Lao PDR,LAO,"Hospital beds (per 1,000 people)",SH.MED.BEDS.ZS,Y tế & Sức khỏe,2015,1.15
Lao PDR,LAO,"Hospital beds (per 1,000 people)",SH.MED.BEDS.ZS,Y tế & Sức khỏe,2016,1.21
Lao PDR,LAO,"Hospital beds (per 1,000 people)",SH.MED.BEDS.ZS,Y tế & Sức khỏe,2017,1.58
Lao PDR,LAO,"Hospital beds (per 1,000 people)",SH.MED.BEDS.ZS,Y tế & Sức khỏe,2018,1.46
Lao PDR,LAO,"Hospital beds (per 1,000 people)",SH.MED.BEDS.ZS,Y tế & Sức khỏe,2019,1.68
Lao PDR,LAO,"Hospital beds (per 1,000 people)",SH.MED.BEDS.ZS,Y tế & Sức khỏe,2020,1.27
Lao PDR,LAO,"Hospital beds (per 1,000 people)",SH.MED.BEDS.ZS,Y tế & Sức khỏe,2021,1.31
Lao PDR,LAO,"Hospital beds (per 1,000 people)",SH.MED.BEDS.ZS,Y tế & Sức khỏe,2022,1.29
Lao PDR,LAO,"Hospital beds (per 1,000 people)",SH.MED.BEDS.ZS,Y tế & Sức khỏe,2023,1.71
Lao PDR,LAO,"Hospital beds (per 1,000 people)",SH.MED.BEDS.ZS,Y tế & Sức khỏe,2024,
Lao PDR,LAO,"Hospital beds (per 1,000 people)",SH.MED.BEDS.ZS,Y tế & Sức khỏe,2025,
Lao PDR,LAO,"Physicians (per 1,000 people)",SH.MED.PHYS.ZS,Y tế & Sức khỏe,2015,0.4
Lao PDR,LAO,"Physicians (per 1,000 people)",SH.MED.PHYS.ZS,Y tế & Sức khỏe,2016,0.371
Lao PDR,LAO,"Physicians (per 1,000 people)",SH.MED.PHYS.ZS,Y tế & Sức khỏe,2017,0.44
Lao PDR,LAO,"Physicians (per 1,000 people)",SH.MED.PHYS.ZS,Y tế & Sức khỏe,2018,0.361
Lao PDR,LAO,"Physicians (per 1,000 people)",SH.MED.PHYS.ZS,Y tế & Sức khỏe,2019,0.363
Lao PDR,LAO,"Physicians (per 1,000 people)",SH.MED.PHYS.ZS,Y tế & Sức khỏe,2020,0.356
Lao PDR,LAO,"Physicians (per 1,000 people)",SH.MED.PHYS.ZS,Y tế & Sức khỏe,2021,0.325
Lao PDR,LAO,"Physicians (per 1,000 people)",SH.MED.PHYS.ZS,Y tế & Sức khỏe,2022,0.331
Lao PDR,LAO,"Physicians (per 1,000 people)",SH.MED.PHYS.ZS,Y tế & Sức khỏe,2023,
Lao PDR,LAO,"Physicians (per 1,000 people)",SH.MED.PHYS.ZS,Y tế & Sức khỏe,2024,
Lao PDR,LAO,"Physicians (per 1,000 people)",SH.MED.PHYS.ZS,Y tế & Sức khỏe,2025,
Malaysia,MYS,"Life expectancy at birth, total (years)",SP.DYN.LE00.IN,Y tế & Sức khỏe,2015,75.288
Malaysia,MYS,"Life expectancy at birth, total (years)",SP.DYN.LE00.IN,Y tế & Sức khỏe,2016,75.371
Malaysia,MYS,"Life expectancy at birth, total (years)",SP.DYN.LE00.IN,Y tế & Sức khỏe,2017,75.542
Malaysia,MYS,"Life expectancy at birth, total (years)",SP.DYN.LE00.IN,Y tế & Sức khỏe,2018,75.734
Malaysia,MYS,"Life expectancy at birth, total (years)",SP.DYN.LE00.IN,Y tế & Sức khỏe,2019,75.9
Malaysia,MYS,"Life expectancy at birth, total (years)",SP.DYN.LE00.IN,Y tế & Sức khỏe,2020,76.057
Malaysia,MYS,"Life expectancy at birth, total (years)",SP.DYN.LE00.IN,Y tế & Sức khỏe,2021,73.917
Malaysia,MYS,"Life expectancy at birth, total (years)",SP.DYN.LE00.IN,Y tế & Sức khỏe,2022,75.444
Malaysia,MYS,"Life expectancy at birth, total (years)",SP.DYN.LE00.IN,Y tế & Sức khỏe,2023,76.657
Malaysia,MYS,"Life expectancy at birth, total (years)",SP.DYN.LE00.IN,Y tế & Sức khỏe,2024,76.821
Malaysia,MYS,"Life expectancy at birth, total (years)",SP.DYN.LE00.IN,Y tế & Sức khỏe,2025,
Malaysia,MYS,Current health expenditure (% of GDP),SH.XPD.CHEX.GD.ZS,Y tế & Sức khỏe,2015,3.82201481
Malaysia,MYS,Current health expenditure (% of GDP),SH.XPD.CHEX.GD.ZS,Y tế & Sức khỏe,2016,3.70085335
Malaysia,MYS,Current health expenditure (% of GDP),SH.XPD.CHEX.GD.ZS,Y tế & Sức khỏe,2017,3.71472311
Malaysia,MYS,Current health expenditure (% of GDP),SH.XPD.CHEX.GD.ZS,Y tế & Sức khỏe,2018,3.75944281
Malaysia,MYS,Current health expenditure (% of GDP),SH.XPD.CHEX.GD.ZS,Y tế & Sức khỏe,2019,3.83991051
Malaysia,MYS,Current health expenditure (% of GDP),SH.XPD.CHEX.GD.ZS,Y tế & Sức khỏe,2020,4.08254337
Malaysia,MYS,Current health expenditure (% of GDP),SH.XPD.CHEX.GD.ZS,Y tế & Sức khỏe,2021,4.37438345
Malaysia,MYS,Current health expenditure (% of GDP),SH.XPD.CHEX.GD.ZS,Y tế & Sức khỏe,2022,3.90037823
Malaysia,MYS,Current health expenditure (% of GDP),SH.XPD.CHEX.GD.ZS,Y tế & Sức khỏe,2023,3.95760036
Malaysia,MYS,Current health expenditure (% of GDP),SH.XPD.CHEX.GD.ZS,Y tế & Sức khỏe,2024,
Malaysia,MYS,Current health expenditure (% of GDP),SH.XPD.CHEX.GD.ZS,Y tế & Sức khỏe,2025,
Malaysia,MYS,"Mortality rate, under-5 (per 1,000 live births)",SH.DYN.MORT,Y tế & Sức khỏe,2015,8.2
Malaysia,MYS,"Mortality rate, under-5 (per 1,000 live births)",SH.DYN.MORT,Y tế & Sức khỏe,2016,8.2
Malaysia,MYS,"Mortality rate, under-5 (per 1,000 live births)",SH.DYN.MORT,Y tế & Sức khỏe,2017,8.2
Malaysia,MYS,"Mortality rate, under-5 (per 1,000 live births)",SH.DYN.MORT,Y tế & Sức khỏe,2018,8.2
Malaysia,MYS,"Mortality rate, under-5 (per 1,000 live births)",SH.DYN.MORT,Y tế & Sức khỏe,2019,8.2
Malaysia,MYS,"Mortality rate, under-5 (per 1,000 live births)",SH.DYN.MORT,Y tế & Sức khỏe,2020,8.2
Malaysia,MYS,"Mortality rate, under-5 (per 1,000 live births)",SH.DYN.MORT,Y tế & Sức khỏe,2021,8.2
Malaysia,MYS,"Mortality rate, under-5 (per 1,000 live births)",SH.DYN.MORT,Y tế & Sức khỏe,2022,8.2
Malaysia,MYS,"Mortality rate, under-5 (per 1,000 live births)",SH.DYN.MORT,Y tế & Sức khỏe,2023,8.3
Malaysia,MYS,"Mortality rate, under-5 (per 1,000 live births)",SH.DYN.MORT,Y tế & Sức khỏe,2024,8.3
Malaysia,MYS,"Mortality rate, under-5 (per 1,000 live births)",SH.DYN.MORT,Y tế & Sức khỏe,2025,
Malaysia,MYS,"Mortality rate, under-5, female (per 1,000 live births)",SH.DYN.MORT.FE,Y tế & Sức khỏe,2015,7.4
Malaysia,MYS,"Mortality rate, under-5, female (per 1,000 live births)",SH.DYN.MORT.FE,Y tế & Sức khỏe,2016,7.5
Malaysia,MYS,"Mortality rate, under-5, female (per 1,000 live births)",SH.DYN.MORT.FE,Y tế & Sức khỏe,2017,7.5
Malaysia,MYS,"Mortality rate, under-5, female (per 1,000 live births)",SH.DYN.MORT.FE,Y tế & Sức khỏe,2018,7.5
Malaysia,MYS,"Mortality rate, under-5, female (per 1,000 live births)",SH.DYN.MORT.FE,Y tế & Sức khỏe,2019,7.5
Malaysia,MYS,"Mortality rate, under-5, female (per 1,000 live births)",SH.DYN.MORT.FE,Y tế & Sức khỏe,2020,7.5
Malaysia,MYS,"Mortality rate, under-5, female (per 1,000 live births)",SH.DYN.MORT.FE,Y tế & Sức khỏe,2021,7.5
Malaysia,MYS,"Mortality rate, under-5, female (per 1,000 live births)",SH.DYN.MORT.FE,Y tế & Sức khỏe,2022,7.5
Malaysia,MYS,"Mortality rate, under-5, female (per 1,000 live births)",SH.DYN.MORT.FE,Y tế & Sức khỏe,2023,7.5
Malaysia,MYS,"Mortality rate, under-5, female (per 1,000 live births)",SH.DYN.MORT.FE,Y tế & Sức khỏe,2024,7.6
Malaysia,MYS,"Mortality rate, under-5, female (per 1,000 live births)",SH.DYN.MORT.FE,Y tế & Sức khỏe,2025,
Malaysia,MYS,"Mortality rate, under-5, male (per 1,000 live births)",SH.DYN.MORT.MA,Y tế & Sức khỏe,2015,8.9
Malaysia,MYS,"Mortality rate, under-5, male (per 1,000 live births)",SH.DYN.MORT.MA,Y tế & Sức khỏe,2016,8.9
Malaysia,MYS,"Mortality rate, under-5, male (per 1,000 live births)",SH.DYN.MORT.MA,Y tế & Sức khỏe,2017,8.9
Malaysia,MYS,"Mortality rate, under-5, male (per 1,000 live births)",SH.DYN.MORT.MA,Y tế & Sức khỏe,2018,8.9
Malaysia,MYS,"Mortality rate, under-5, male (per 1,000 live births)",SH.DYN.MORT.MA,Y tế & Sức khỏe,2019,8.9
Malaysia,MYS,"Mortality rate, under-5, male (per 1,000 live births)",SH.DYN.MORT.MA,Y tế & Sức khỏe,2020,8.9
Malaysia,MYS,"Mortality rate, under-5, male (per 1,000 live births)",SH.DYN.MORT.MA,Y tế & Sức khỏe,2021,8.9
Malaysia,MYS,"Mortality rate, under-5, male (per 1,000 live births)",SH.DYN.MORT.MA,Y tế & Sức khỏe,2022,8.9
Malaysia,MYS,"Mortality rate, under-5, male (per 1,000 live births)",SH.DYN.MORT.MA,Y tế & Sức khỏe,2023,9.0
Malaysia,MYS,"Mortality rate, under-5, male (per 1,000 live births)",SH.DYN.MORT.MA,Y tế & Sức khỏe,2024,9.0
Malaysia,MYS,"Mortality rate, under-5, male (per 1,000 live births)",SH.DYN.MORT.MA,Y tế & Sức khỏe,2025,
Malaysia,MYS,"Maternal mortality ratio (modeled estimate, per 100,000 live births)",SH.STA.MMRT,Y tế & Sức khỏe,2015,30.0
Malaysia,MYS,"Maternal mortality ratio (modeled estimate, per 100,000 live births)",SH.STA.MMRT,Y tế & Sức khỏe,2016,30.0
Malaysia,MYS,"Maternal mortality ratio (modeled estimate, per 100,000 live births)",SH.STA.MMRT,Y tế & Sức khỏe,2017,29.0
Malaysia,MYS,"Maternal mortality ratio (modeled estimate, per 100,000 live births)",SH.STA.MMRT,Y tế & Sức khỏe,2018,29.0
Malaysia,MYS,"Maternal mortality ratio (modeled estimate, per 100,000 live births)",SH.STA.MMRT,Y tế & Sức khỏe,2019,28.0
Malaysia,MYS,"Maternal mortality ratio (modeled estimate, per 100,000 live births)",SH.STA.MMRT,Y tế & Sức khỏe,2020,29.0
Malaysia,MYS,"Maternal mortality ratio (modeled estimate, per 100,000 live births)",SH.STA.MMRT,Y tế & Sức khỏe,2021,52.0
Malaysia,MYS,"Maternal mortality ratio (modeled estimate, per 100,000 live births)",SH.STA.MMRT,Y tế & Sức khỏe,2022,38.0
Malaysia,MYS,"Maternal mortality ratio (modeled estimate, per 100,000 live births)",SH.STA.MMRT,Y tế & Sức khỏe,2023,26.0
Malaysia,MYS,"Maternal mortality ratio (modeled estimate, per 100,000 live births)",SH.STA.MMRT,Y tế & Sức khỏe,2024,
Malaysia,MYS,"Maternal mortality ratio (modeled estimate, per 100,000 live births)",SH.STA.MMRT,Y tế & Sức khỏe,2025,
Malaysia,MYS,"Maternal mortality ratio (national estimate, per 100,000 live births)",SH.STA.MMRT.NE,Y tế & Sức khỏe,2015,
Malaysia,MYS,"Maternal mortality ratio (national estimate, per 100,000 live births)",SH.STA.MMRT.NE,Y tế & Sức khỏe,2016,
Malaysia,MYS,"Maternal mortality ratio (national estimate, per 100,000 live births)",SH.STA.MMRT.NE,Y tế & Sức khỏe,2017,
Malaysia,MYS,"Maternal mortality ratio (national estimate, per 100,000 live births)",SH.STA.MMRT.NE,Y tế & Sức khỏe,2018,
Malaysia,MYS,"Maternal mortality ratio (national estimate, per 100,000 live births)",SH.STA.MMRT.NE,Y tế & Sức khỏe,2019,
Malaysia,MYS,"Maternal mortality ratio (national estimate, per 100,000 live births)",SH.STA.MMRT.NE,Y tế & Sức khỏe,2020,
Malaysia,MYS,"Maternal mortality ratio (national estimate, per 100,000 live births)",SH.STA.MMRT.NE,Y tế & Sức khỏe,2021,
Malaysia,MYS,"Maternal mortality ratio (national estimate, per 100,000 live births)",SH.STA.MMRT.NE,Y tế & Sức khỏe,2022,
Malaysia,MYS,"Maternal mortality ratio (national estimate, per 100,000 live births)",SH.STA.MMRT.NE,Y tế & Sức khỏe,2023,
Malaysia,MYS,"Maternal mortality ratio (national estimate, per 100,000 live births)",SH.STA.MMRT.NE,Y tế & Sức khỏe,2024,
Malaysia,MYS,"Maternal mortality ratio (national estimate, per 100,000 live births)",SH.STA.MMRT.NE,Y tế & Sức khỏe,2025,
Malaysia,MYS,"Hospital beds (per 1,000 people)",SH.MED.BEDS.ZS,Y tế & Sức khỏe,2015,1.86
Malaysia,MYS,"Hospital beds (per 1,000 people)",SH.MED.BEDS.ZS,Y tế & Sức khỏe,2016,1.88
Malaysia,MYS,"Hospital beds (per 1,000 people)",SH.MED.BEDS.ZS,Y tế & Sức khỏe,2017,1.89
Malaysia,MYS,"Hospital beds (per 1,000 people)",SH.MED.BEDS.ZS,Y tế & Sức khỏe,2018,1.9
Malaysia,MYS,"Hospital beds (per 1,000 people)",SH.MED.BEDS.ZS,Y tế & Sức khỏe,2019,1.9
Malaysia,MYS,"Hospital beds (per 1,000 people)",SH.MED.BEDS.ZS,Y tế & Sức khỏe,2020,1.93
Malaysia,MYS,"Hospital beds (per 1,000 people)",SH.MED.BEDS.ZS,Y tế & Sức khỏe,2021,1.97
Malaysia,MYS,"Hospital beds (per 1,000 people)",SH.MED.BEDS.ZS,Y tế & Sức khỏe,2022,1.94
Malaysia,MYS,"Hospital beds (per 1,000 people)",SH.MED.BEDS.ZS,Y tế & Sức khỏe,2023,1.96
Malaysia,MYS,"Hospital beds (per 1,000 people)",SH.MED.BEDS.ZS,Y tế & Sức khỏe,2024,
Malaysia,MYS,"Hospital beds (per 1,000 people)",SH.MED.BEDS.ZS,Y tế & Sức khỏe,2025,
Malaysia,MYS,"Physicians (per 1,000 people)",SH.MED.PHYS.ZS,Y tế & Sức khỏe,2015,1.489
Malaysia,MYS,"Physicians (per 1,000 people)",SH.MED.PHYS.ZS,Y tế & Sức khỏe,2016,1.576
Malaysia,MYS,"Physicians (per 1,000 people)",SH.MED.PHYS.ZS,Y tế & Sức khỏe,2017,1.787
Malaysia,MYS,"Physicians (per 1,000 people)",SH.MED.PHYS.ZS,Y tế & Sức khỏe,2018,1.858
Malaysia,MYS,"Physicians (per 1,000 people)",SH.MED.PHYS.ZS,Y tế & Sức khỏe,2019,2.021
Malaysia,MYS,"Physicians (per 1,000 people)",SH.MED.PHYS.ZS,Y tế & Sức khỏe,2020,2.183
Malaysia,MYS,"Physicians (per 1,000 people)",SH.MED.PHYS.ZS,Y tế & Sức khỏe,2021,2.268
Malaysia,MYS,"Physicians (per 1,000 people)",SH.MED.PHYS.ZS,Y tế & Sức khỏe,2022,2.29
Malaysia,MYS,"Physicians (per 1,000 people)",SH.MED.PHYS.ZS,Y tế & Sức khỏe,2023,2.341
Malaysia,MYS,"Physicians (per 1,000 people)",SH.MED.PHYS.ZS,Y tế & Sức khỏe,2024,
Malaysia,MYS,"Physicians (per 1,000 people)",SH.MED.PHYS.ZS,Y tế & Sức khỏe,2025,
Myanmar,MMR,"Life expectancy at birth, total (years)",SP.DYN.LE00.IN,Y tế & Sức khỏe,2015,65.288
Myanmar,MMR,"Life expectancy at birth, total (years)",SP.DYN.LE00.IN,Y tế & Sức khỏe,2016,65.64
Myanmar,MMR,"Life expectancy at birth, total (years)",SP.DYN.LE00.IN,Y tế & Sức khỏe,2017,65.909
Myanmar,MMR,"Life expectancy at birth, total (years)",SP.DYN.LE00.IN,Y tế & Sức khỏe,2018,66.232
Myanmar,MMR,"Life expectancy at birth, total (years)",SP.DYN.LE00.IN,Y tế & Sức khỏe,2019,66.457
Myanmar,MMR,"Life expectancy at birth, total (years)",SP.DYN.LE00.IN,Y tế & Sức khỏe,2020,66.612
Myanmar,MMR,"Life expectancy at birth, total (years)",SP.DYN.LE00.IN,Y tế & Sức khỏe,2021,65.553
Myanmar,MMR,"Life expectancy at birth, total (years)",SP.DYN.LE00.IN,Y tế & Sức khỏe,2022,66.506
Myanmar,MMR,"Life expectancy at birth, total (years)",SP.DYN.LE00.IN,Y tế & Sức khỏe,2023,66.889
Myanmar,MMR,"Life expectancy at birth, total (years)",SP.DYN.LE00.IN,Y tế & Sức khỏe,2024,67.095
Myanmar,MMR,"Life expectancy at birth, total (years)",SP.DYN.LE00.IN,Y tế & Sức khỏe,2025,
Myanmar,MMR,Current health expenditure (% of GDP),SH.XPD.CHEX.GD.ZS,Y tế & Sức khỏe,2015,5.19711542
Myanmar,MMR,Current health expenditure (% of GDP),SH.XPD.CHEX.GD.ZS,Y tế & Sức khỏe,2016,4.76220942
Myanmar,MMR,Current health expenditure (% of GDP),SH.XPD.CHEX.GD.ZS,Y tế & Sức khỏe,2017,4.6921258
Myanmar,MMR,Current health expenditure (% of GDP),SH.XPD.CHEX.GD.ZS,Y tế & Sức khỏe,2018,4.53514671
Myanmar,MMR,Current health expenditure (% of GDP),SH.XPD.CHEX.GD.ZS,Y tế & Sức khỏe,2019,3.814466
Myanmar,MMR,Current health expenditure (% of GDP),SH.XPD.CHEX.GD.ZS,Y tế & Sức khỏe,2020,4.27808714
Myanmar,MMR,Current health expenditure (% of GDP),SH.XPD.CHEX.GD.ZS,Y tế & Sức khỏe,2021,5.53530645
Myanmar,MMR,Current health expenditure (% of GDP),SH.XPD.CHEX.GD.ZS,Y tế & Sức khỏe,2022,4.49158478
Myanmar,MMR,Current health expenditure (% of GDP),SH.XPD.CHEX.GD.ZS,Y tế & Sức khỏe,2023,4.45748425
Myanmar,MMR,Current health expenditure (% of GDP),SH.XPD.CHEX.GD.ZS,Y tế & Sức khỏe,2024,
Myanmar,MMR,Current health expenditure (% of GDP),SH.XPD.CHEX.GD.ZS,Y tế & Sức khỏe,2025,
Myanmar,MMR,"Mortality rate, under-5 (per 1,000 live births)",SH.DYN.MORT,Y tế & Sức khỏe,2015,50.5
Myanmar,MMR,"Mortality rate, under-5 (per 1,000 live births)",SH.DYN.MORT,Y tế & Sức khỏe,2016,48.7
Myanmar,MMR,"Mortality rate, under-5 (per 1,000 live births)",SH.DYN.MORT,Y tế & Sức khỏe,2017,46.8
Myanmar,MMR,"Mortality rate, under-5 (per 1,000 live births)",SH.DYN.MORT,Y tế & Sức khỏe,2018,45.2
Myanmar,MMR,"Mortality rate, under-5 (per 1,000 live births)",SH.DYN.MORT,Y tế & Sức khỏe,2019,43.6
Myanmar,MMR,"Mortality rate, under-5 (per 1,000 live births)",SH.DYN.MORT,Y tế & Sức khỏe,2020,42.1
Myanmar,MMR,"Mortality rate, under-5 (per 1,000 live births)",SH.DYN.MORT,Y tế & Sức khỏe,2021,40.8
Myanmar,MMR,"Mortality rate, under-5 (per 1,000 live births)",SH.DYN.MORT,Y tế & Sức khỏe,2022,39.5
Myanmar,MMR,"Mortality rate, under-5 (per 1,000 live births)",SH.DYN.MORT,Y tế & Sức khỏe,2023,38.1
Myanmar,MMR,"Mortality rate, under-5 (per 1,000 live births)",SH.DYN.MORT,Y tế & Sức khỏe,2024,36.9
Myanmar,MMR,"Mortality rate, under-5 (per 1,000 live births)",SH.DYN.MORT,Y tế & Sức khỏe,2025,
Myanmar,MMR,"Mortality rate, under-5, female (per 1,000 live births)",SH.DYN.MORT.FE,Y tế & Sức khỏe,2015,45.4
Myanmar,MMR,"Mortality rate, under-5, female (per 1,000 live births)",SH.DYN.MORT.FE,Y tế & Sức khỏe,2016,43.7
Myanmar,MMR,"Mortality rate, under-5, female (per 1,000 live births)",SH.DYN.MORT.FE,Y tế & Sức khỏe,2017,42.0
Myanmar,MMR,"Mortality rate, under-5, female (per 1,000 live births)",SH.DYN.MORT.FE,Y tế & Sức khỏe,2018,40.5
Myanmar,MMR,"Mortality rate, under-5, female (per 1,000 live births)",SH.DYN.MORT.FE,Y tế & Sức khỏe,2019,39.1
Myanmar,MMR,"Mortality rate, under-5, female (per 1,000 live births)",SH.DYN.MORT.FE,Y tế & Sức khỏe,2020,37.8
Myanmar,MMR,"Mortality rate, under-5, female (per 1,000 live births)",SH.DYN.MORT.FE,Y tế & Sức khỏe,2021,36.4
Myanmar,MMR,"Mortality rate, under-5, female (per 1,000 live births)",SH.DYN.MORT.FE,Y tế & Sức khỏe,2022,35.3
Myanmar,MMR,"Mortality rate, under-5, female (per 1,000 live births)",SH.DYN.MORT.FE,Y tế & Sức khỏe,2023,34.2
Myanmar,MMR,"Mortality rate, under-5, female (per 1,000 live births)",SH.DYN.MORT.FE,Y tế & Sức khỏe,2024,33.0
Myanmar,MMR,"Mortality rate, under-5, female (per 1,000 live births)",SH.DYN.MORT.FE,Y tế & Sức khỏe,2025,
Myanmar,MMR,"Mortality rate, under-5, male (per 1,000 live births)",SH.DYN.MORT.MA,Y tế & Sức khỏe,2015,55.2
Myanmar,MMR,"Mortality rate, under-5, male (per 1,000 live births)",SH.DYN.MORT.MA,Y tế & Sức khỏe,2016,53.3
Myanmar,MMR,"Mortality rate, under-5, male (per 1,000 live births)",SH.DYN.MORT.MA,Y tế & Sức khỏe,2017,51.4
Myanmar,MMR,"Mortality rate, under-5, male (per 1,000 live births)",SH.DYN.MORT.MA,Y tế & Sức khỏe,2018,49.6
Myanmar,MMR,"Mortality rate, under-5, male (per 1,000 live births)",SH.DYN.MORT.MA,Y tế & Sức khỏe,2019,47.9
Myanmar,MMR,"Mortality rate, under-5, male (per 1,000 live births)",SH.DYN.MORT.MA,Y tế & Sức khỏe,2020,46.3
Myanmar,MMR,"Mortality rate, under-5, male (per 1,000 live births)",SH.DYN.MORT.MA,Y tế & Sức khỏe,2021,44.8
Myanmar,MMR,"Mortality rate, under-5, male (per 1,000 live births)",SH.DYN.MORT.MA,Y tế & Sức khỏe,2022,43.4
Myanmar,MMR,"Mortality rate, under-5, male (per 1,000 live births)",SH.DYN.MORT.MA,Y tế & Sức khỏe,2023,42.0
Myanmar,MMR,"Mortality rate, under-5, male (per 1,000 live births)",SH.DYN.MORT.MA,Y tế & Sức khỏe,2024,40.5
Myanmar,MMR,"Mortality rate, under-5, male (per 1,000 live births)",SH.DYN.MORT.MA,Y tế & Sức khỏe,2025,
Myanmar,MMR,"Maternal mortality ratio (modeled estimate, per 100,000 live births)",SH.STA.MMRT,Y tế & Sức khỏe,2015,222.0
Myanmar,MMR,"Maternal mortality ratio (modeled estimate, per 100,000 live births)",SH.STA.MMRT,Y tế & Sức khỏe,2016,215.0
Myanmar,MMR,"Maternal mortality ratio (modeled estimate, per 100,000 live births)",SH.STA.MMRT,Y tế & Sức khỏe,2017,209.0
Myanmar,MMR,"Maternal mortality ratio (modeled estimate, per 100,000 live births)",SH.STA.MMRT,Y tế & Sức khỏe,2018,201.0
Myanmar,MMR,"Maternal mortality ratio (modeled estimate, per 100,000 live births)",SH.STA.MMRT,Y tế & Sức khỏe,2019,195.0
Myanmar,MMR,"Maternal mortality ratio (modeled estimate, per 100,000 live births)",SH.STA.MMRT,Y tế & Sức khỏe,2020,198.0
Myanmar,MMR,"Maternal mortality ratio (modeled estimate, per 100,000 live births)",SH.STA.MMRT,Y tế & Sức khỏe,2021,231.0
Myanmar,MMR,"Maternal mortality ratio (modeled estimate, per 100,000 live births)",SH.STA.MMRT,Y tế & Sức khỏe,2022,193.0
Myanmar,MMR,"Maternal mortality ratio (modeled estimate, per 100,000 live births)",SH.STA.MMRT,Y tế & Sức khỏe,2023,185.0
Myanmar,MMR,"Maternal mortality ratio (modeled estimate, per 100,000 live births)",SH.STA.MMRT,Y tế & Sức khỏe,2024,
Myanmar,MMR,"Maternal mortality ratio (modeled estimate, per 100,000 live births)",SH.STA.MMRT,Y tế & Sức khỏe,2025,
Myanmar,MMR,"Maternal mortality ratio (national estimate, per 100,000 live births)",SH.STA.MMRT.NE,Y tế & Sức khỏe,2015,
Myanmar,MMR,"Maternal mortality ratio (national estimate, per 100,000 live births)",SH.STA.MMRT.NE,Y tế & Sức khỏe,2016,
Myanmar,MMR,"Maternal mortality ratio (national estimate, per 100,000 live births)",SH.STA.MMRT.NE,Y tế & Sức khỏe,2017,
Myanmar,MMR,"Maternal mortality ratio (national estimate, per 100,000 live births)",SH.STA.MMRT.NE,Y tế & Sức khỏe,2018,
Myanmar,MMR,"Maternal mortality ratio (national estimate, per 100,000 live births)",SH.STA.MMRT.NE,Y tế & Sức khỏe,2019,
Myanmar,MMR,"Maternal mortality ratio (national estimate, per 100,000 live births)",SH.STA.MMRT.NE,Y tế & Sức khỏe,2020,
Myanmar,MMR,"Maternal mortality ratio (national estimate, per 100,000 live births)",SH.STA.MMRT.NE,Y tế & Sức khỏe,2021,
Myanmar,MMR,"Maternal mortality ratio (national estimate, per 100,000 live births)",SH.STA.MMRT.NE,Y tế & Sức khỏe,2022,
Myanmar,MMR,"Maternal mortality ratio (national estimate, per 100,000 live births)",SH.STA.MMRT.NE,Y tế & Sức khỏe,2023,
Myanmar,MMR,"Maternal mortality ratio (national estimate, per 100,000 live births)",SH.STA.MMRT.NE,Y tế & Sức khỏe,2024,
Myanmar,MMR,"Maternal mortality ratio (national estimate, per 100,000 live births)",SH.STA.MMRT.NE,Y tế & Sức khỏe,2025,
Myanmar,MMR,"Hospital beds (per 1,000 people)",SH.MED.BEDS.ZS,Y tế & Sức khỏe,2015,1.07
Myanmar,MMR,"Hospital beds (per 1,000 people)",SH.MED.BEDS.ZS,Y tế & Sức khỏe,2016,1.07
Myanmar,MMR,"Hospital beds (per 1,000 people)",SH.MED.BEDS.ZS,Y tế & Sức khỏe,2017,1.06
Myanmar,MMR,"Hospital beds (per 1,000 people)",SH.MED.BEDS.ZS,Y tế & Sức khỏe,2018,1.06
Myanmar,MMR,"Hospital beds (per 1,000 people)",SH.MED.BEDS.ZS,Y tế & Sức khỏe,2019,1.05
Myanmar,MMR,"Hospital beds (per 1,000 people)",SH.MED.BEDS.ZS,Y tế & Sức khỏe,2020,1.07
Myanmar,MMR,"Hospital beds (per 1,000 people)",SH.MED.BEDS.ZS,Y tế & Sức khỏe,2021,
Myanmar,MMR,"Hospital beds (per 1,000 people)",SH.MED.BEDS.ZS,Y tế & Sức khỏe,2022,
Myanmar,MMR,"Hospital beds (per 1,000 people)",SH.MED.BEDS.ZS,Y tế & Sức khỏe,2023,
Myanmar,MMR,"Hospital beds (per 1,000 people)",SH.MED.BEDS.ZS,Y tế & Sức khỏe,2024,
Myanmar,MMR,"Hospital beds (per 1,000 people)",SH.MED.BEDS.ZS,Y tế & Sức khỏe,2025,
Myanmar,MMR,"Physicians (per 1,000 people)",SH.MED.PHYS.ZS,Y tế & Sức khỏe,2015,
Myanmar,MMR,"Physicians (per 1,000 people)",SH.MED.PHYS.ZS,Y tế & Sức khỏe,2016,0.638
Myanmar,MMR,"Physicians (per 1,000 people)",SH.MED.PHYS.ZS,Y tế & Sức khỏe,2017,0.889
Myanmar,MMR,"Physicians (per 1,000 people)",SH.MED.PHYS.ZS,Y tế & Sức khỏe,2018,0.696
Myanmar,MMR,"Physicians (per 1,000 people)",SH.MED.PHYS.ZS,Y tế & Sức khỏe,2019,0.757
Myanmar,MMR,"Physicians (per 1,000 people)",SH.MED.PHYS.ZS,Y tế & Sức khỏe,2020,
Myanmar,MMR,"Physicians (per 1,000 people)",SH.MED.PHYS.ZS,Y tế & Sức khỏe,2021,
Myanmar,MMR,"Physicians (per 1,000 people)",SH.MED.PHYS.ZS,Y tế & Sức khỏe,2022,
Myanmar,MMR,"Physicians (per 1,000 people)",SH.MED.PHYS.ZS,Y tế & Sức khỏe,2023,
Myanmar,MMR,"Physicians (per 1,000 people)",SH.MED.PHYS.ZS,Y tế & Sức khỏe,2024,
Myanmar,MMR,"Physicians (per 1,000 people)",SH.MED.PHYS.ZS,Y tế & Sức khỏe,2025,
Philippines,PHL,"Life expectancy at birth, total (years)",SP.DYN.LE00.IN,Y tế & Sức khỏe,2015,69.45
Philippines,PHL,"Life expectancy at birth, total (years)",SP.DYN.LE00.IN,Y tế & Sức khỏe,2016,69.49
Philippines,PHL,"Life expectancy at birth, total (years)",SP.DYN.LE00.IN,Y tế & Sức khỏe,2017,69.966
Philippines,PHL,"Life expectancy at birth, total (years)",SP.DYN.LE00.IN,Y tế & Sức khỏe,2018,69.761
Philippines,PHL,"Life expectancy at birth, total (years)",SP.DYN.LE00.IN,Y tế & Sức khỏe,2019,69.68
Philippines,PHL,"Life expectancy at birth, total (years)",SP.DYN.LE00.IN,Y tế & Sức khỏe,2020,70.097
Philippines,PHL,"Life expectancy at birth, total (years)",SP.DYN.LE00.IN,Y tế & Sức khỏe,2021,66.675
Philippines,PHL,"Life expectancy at birth, total (years)",SP.DYN.LE00.IN,Y tế & Sức khỏe,2022,69.472
Philippines,PHL,"Life expectancy at birth, total (years)",SP.DYN.LE00.IN,Y tế & Sức khỏe,2023,69.833
Philippines,PHL,"Life expectancy at birth, total (years)",SP.DYN.LE00.IN,Y tế & Sức khỏe,2024,69.946
Philippines,PHL,"Life expectancy at birth, total (years)",SP.DYN.LE00.IN,Y tế & Sức khỏe,2025,
Philippines,PHL,Current health expenditure (% of GDP),SH.XPD.CHEX.GD.ZS,Y tế & Sức khỏe,2015,3.8982749
Philippines,PHL,Current health expenditure (% of GDP),SH.XPD.CHEX.GD.ZS,Y tế & Sức khỏe,2016,3.95484328
Philippines,PHL,Current health expenditure (% of GDP),SH.XPD.CHEX.GD.ZS,Y tế & Sức khỏe,2017,3.96042776
Philippines,PHL,Current health expenditure (% of GDP),SH.XPD.CHEX.GD.ZS,Y tế & Sức khỏe,2018,3.9538188
Philippines,PHL,Current health expenditure (% of GDP),SH.XPD.CHEX.GD.ZS,Y tế & Sức khỏe,2019,4.16646004
Philippines,PHL,Current health expenditure (% of GDP),SH.XPD.CHEX.GD.ZS,Y tế & Sức khỏe,2020,5.16214037
Philippines,PHL,Current health expenditure (% of GDP),SH.XPD.CHEX.GD.ZS,Y tế & Sức khỏe,2021,5.97500563
Philippines,PHL,Current health expenditure (% of GDP),SH.XPD.CHEX.GD.ZS,Y tế & Sức khỏe,2022,5.15588379
Philippines,PHL,Current health expenditure (% of GDP),SH.XPD.CHEX.GD.ZS,Y tế & Sức khỏe,2023,5.10122538
Philippines,PHL,Current health expenditure (% of GDP),SH.XPD.CHEX.GD.ZS,Y tế & Sức khỏe,2024,
Philippines,PHL,Current health expenditure (% of GDP),SH.XPD.CHEX.GD.ZS,Y tế & Sức khỏe,2025,
Philippines,PHL,"Mortality rate, under-5 (per 1,000 live births)",SH.DYN.MORT,Y tế & Sức khỏe,2015,27.9
Philippines,PHL,"Mortality rate, under-5 (per 1,000 live births)",SH.DYN.MORT,Y tế & Sức khỏe,2016,27.8
Philippines,PHL,"Mortality rate, under-5 (per 1,000 live births)",SH.DYN.MORT,Y tế & Sức khỏe,2017,27.8
Philippines,PHL,"Mortality rate, under-5 (per 1,000 live births)",SH.DYN.MORT,Y tế & Sức khỏe,2018,27.9
Philippines,PHL,"Mortality rate, under-5 (per 1,000 live births)",SH.DYN.MORT,Y tế & Sức khỏe,2019,28.0
Philippines,PHL,"Mortality rate, under-5 (per 1,000 live births)",SH.DYN.MORT,Y tế & Sức khỏe,2020,28.0
Philippines,PHL,"Mortality rate, under-5 (per 1,000 live births)",SH.DYN.MORT,Y tế & Sức khỏe,2021,27.9
Philippines,PHL,"Mortality rate, under-5 (per 1,000 live births)",SH.DYN.MORT,Y tế & Sức khỏe,2022,27.5
Philippines,PHL,"Mortality rate, under-5 (per 1,000 live births)",SH.DYN.MORT,Y tế & Sức khỏe,2023,27.0
Philippines,PHL,"Mortality rate, under-5 (per 1,000 live births)",SH.DYN.MORT,Y tế & Sức khỏe,2024,26.5
Philippines,PHL,"Mortality rate, under-5 (per 1,000 live births)",SH.DYN.MORT,Y tế & Sức khỏe,2025,
Philippines,PHL,"Mortality rate, under-5, female (per 1,000 live births)",SH.DYN.MORT.FE,Y tế & Sức khỏe,2015,24.9
Philippines,PHL,"Mortality rate, under-5, female (per 1,000 live births)",SH.DYN.MORT.FE,Y tế & Sức khỏe,2016,24.8
Philippines,PHL,"Mortality rate, under-5, female (per 1,000 live births)",SH.DYN.MORT.FE,Y tế & Sức khỏe,2017,24.9
Philippines,PHL,"Mortality rate, under-5, female (per 1,000 live births)",SH.DYN.MORT.FE,Y tế & Sức khỏe,2018,25.0
Philippines,PHL,"Mortality rate, under-5, female (per 1,000 live births)",SH.DYN.MORT.FE,Y tế & Sức khỏe,2019,25.1
Philippines,PHL,"Mortality rate, under-5, female (per 1,000 live births)",SH.DYN.MORT.FE,Y tế & Sức khỏe,2020,25.0
Philippines,PHL,"Mortality rate, under-5, female (per 1,000 live births)",SH.DYN.MORT.FE,Y tế & Sức khỏe,2021,24.8
Philippines,PHL,"Mortality rate, under-5, female (per 1,000 live births)",SH.DYN.MORT.FE,Y tế & Sức khỏe,2022,24.5
Philippines,PHL,"Mortality rate, under-5, female (per 1,000 live births)",SH.DYN.MORT.FE,Y tế & Sức khỏe,2023,24.1
Philippines,PHL,"Mortality rate, under-5, female (per 1,000 live births)",SH.DYN.MORT.FE,Y tế & Sức khỏe,2024,23.6
Philippines,PHL,"Mortality rate, under-5, female (per 1,000 live births)",SH.DYN.MORT.FE,Y tế & Sức khỏe,2025,
Philippines,PHL,"Mortality rate, under-5, male (per 1,000 live births)",SH.DYN.MORT.MA,Y tế & Sức khỏe,2015,30.6
Philippines,PHL,"Mortality rate, under-5, male (per 1,000 live births)",SH.DYN.MORT.MA,Y tế & Sức khỏe,2016,30.6
Philippines,PHL,"Mortality rate, under-5, male (per 1,000 live births)",SH.DYN.MORT.MA,Y tế & Sức khỏe,2017,30.7
Philippines,PHL,"Mortality rate, under-5, male (per 1,000 live births)",SH.DYN.MORT.MA,Y tế & Sức khỏe,2018,30.8
Philippines,PHL,"Mortality rate, under-5, male (per 1,000 live births)",SH.DYN.MORT.MA,Y tế & Sức khỏe,2019,30.9
Philippines,PHL,"Mortality rate, under-5, male (per 1,000 live births)",SH.DYN.MORT.MA,Y tế & Sức khỏe,2020,30.9
Philippines,PHL,"Mortality rate, under-5, male (per 1,000 live births)",SH.DYN.MORT.MA,Y tế & Sức khỏe,2021,30.7
Philippines,PHL,"Mortality rate, under-5, male (per 1,000 live births)",SH.DYN.MORT.MA,Y tế & Sức khỏe,2022,30.3
Philippines,PHL,"Mortality rate, under-5, male (per 1,000 live births)",SH.DYN.MORT.MA,Y tế & Sức khỏe,2023,29.8
Philippines,PHL,"Mortality rate, under-5, male (per 1,000 live births)",SH.DYN.MORT.MA,Y tế & Sức khỏe,2024,29.2
Philippines,PHL,"Mortality rate, under-5, male (per 1,000 live births)",SH.DYN.MORT.MA,Y tế & Sức khỏe,2025,
Philippines,PHL,"Maternal mortality ratio (modeled estimate, per 100,000 live births)",SH.STA.MMRT,Y tế & Sức khỏe,2015,104.0
Philippines,PHL,"Maternal mortality ratio (modeled estimate, per 100,000 live births)",SH.STA.MMRT,Y tế & Sức khỏe,2016,98.0
Philippines,PHL,"Maternal mortality ratio (modeled estimate, per 100,000 live births)",SH.STA.MMRT,Y tế & Sức khỏe,2017,86.0
Philippines,PHL,"Maternal mortality ratio (modeled estimate, per 100,000 live births)",SH.STA.MMRT,Y tế & Sức khỏe,2018,92.0
Philippines,PHL,"Maternal mortality ratio (modeled estimate, per 100,000 live births)",SH.STA.MMRT,Y tế & Sức khỏe,2019,92.0
Philippines,PHL,"Maternal mortality ratio (modeled estimate, per 100,000 live births)",SH.STA.MMRT,Y tế & Sức khỏe,2020,88.0
Philippines,PHL,"Maternal mortality ratio (modeled estimate, per 100,000 live births)",SH.STA.MMRT,Y tế & Sức khỏe,2021,153.0
Philippines,PHL,"Maternal mortality ratio (modeled estimate, per 100,000 live births)",SH.STA.MMRT,Y tế & Sức khỏe,2022,92.0
Philippines,PHL,"Maternal mortality ratio (modeled estimate, per 100,000 live births)",SH.STA.MMRT,Y tế & Sức khỏe,2023,84.0
Philippines,PHL,"Maternal mortality ratio (modeled estimate, per 100,000 live births)",SH.STA.MMRT,Y tế & Sức khỏe,2024,
Philippines,PHL,"Maternal mortality ratio (modeled estimate, per 100,000 live births)",SH.STA.MMRT,Y tế & Sức khỏe,2025,
Philippines,PHL,"Maternal mortality ratio (national estimate, per 100,000 live births)",SH.STA.MMRT.NE,Y tế & Sức khỏe,2015,
Philippines,PHL,"Maternal mortality ratio (national estimate, per 100,000 live births)",SH.STA.MMRT.NE,Y tế & Sức khỏe,2016,
Philippines,PHL,"Maternal mortality ratio (national estimate, per 100,000 live births)",SH.STA.MMRT.NE,Y tế & Sức khỏe,2017,
Philippines,PHL,"Maternal mortality ratio (national estimate, per 100,000 live births)",SH.STA.MMRT.NE,Y tế & Sức khỏe,2018,
Philippines,PHL,"Maternal mortality ratio (national estimate, per 100,000 live births)",SH.STA.MMRT.NE,Y tế & Sức khỏe,2019,
Philippines,PHL,"Maternal mortality ratio (national estimate, per 100,000 live births)",SH.STA.MMRT.NE,Y tế & Sức khỏe,2020,
Philippines,PHL,"Maternal mortality ratio (national estimate, per 100,000 live births)",SH.STA.MMRT.NE,Y tế & Sức khỏe,2021,
Philippines,PHL,"Maternal mortality ratio (national estimate, per 100,000 live births)",SH.STA.MMRT.NE,Y tế & Sức khỏe,2022,
Philippines,PHL,"Maternal mortality ratio (national estimate, per 100,000 live births)",SH.STA.MMRT.NE,Y tế & Sức khỏe,2023,
Philippines,PHL,"Maternal mortality ratio (national estimate, per 100,000 live births)",SH.STA.MMRT.NE,Y tế & Sức khỏe,2024,
Philippines,PHL,"Maternal mortality ratio (national estimate, per 100,000 live births)",SH.STA.MMRT.NE,Y tế & Sức khỏe,2025,
Philippines,PHL,"Hospital beds (per 1,000 people)",SH.MED.BEDS.ZS,Y tế & Sức khỏe,2015,0.93
Philippines,PHL,"Hospital beds (per 1,000 people)",SH.MED.BEDS.ZS,Y tế & Sức khỏe,2016,1.03
Philippines,PHL,"Hospital beds (per 1,000 people)",SH.MED.BEDS.ZS,Y tế & Sức khỏe,2017,0.98
Philippines,PHL,"Hospital beds (per 1,000 people)",SH.MED.BEDS.ZS,Y tế & Sức khỏe,2018,0.94
Philippines,PHL,"Hospital beds (per 1,000 people)",SH.MED.BEDS.ZS,Y tế & Sức khỏe,2019,0.98
Philippines,PHL,"Hospital beds (per 1,000 people)",SH.MED.BEDS.ZS,Y tế & Sức khỏe,2020,0.99
Philippines,PHL,"Hospital beds (per 1,000 people)",SH.MED.BEDS.ZS,Y tế & Sức khỏe,2021,0.97
Philippines,PHL,"Hospital beds (per 1,000 people)",SH.MED.BEDS.ZS,Y tế & Sức khỏe,2022,
Philippines,PHL,"Hospital beds (per 1,000 people)",SH.MED.BEDS.ZS,Y tế & Sức khỏe,2023,
Philippines,PHL,"Hospital beds (per 1,000 people)",SH.MED.BEDS.ZS,Y tế & Sức khỏe,2024,
Philippines,PHL,"Hospital beds (per 1,000 people)",SH.MED.BEDS.ZS,Y tế & Sức khỏe,2025,
Philippines,PHL,"Physicians (per 1,000 people)",SH.MED.PHYS.ZS,Y tế & Sức khỏe,2015,0.609
Philippines,PHL,"Physicians (per 1,000 people)",SH.MED.PHYS.ZS,Y tế & Sức khỏe,2016,0.631
Philippines,PHL,"Physicians (per 1,000 people)",SH.MED.PHYS.ZS,Y tế & Sức khỏe,2017,0.66
Philippines,PHL,"Physicians (per 1,000 people)",SH.MED.PHYS.ZS,Y tế & Sức khỏe,2018,0.695
Philippines,PHL,"Physicians (per 1,000 people)",SH.MED.PHYS.ZS,Y tế & Sức khỏe,2019,0.732
Philippines,PHL,"Physicians (per 1,000 people)",SH.MED.PHYS.ZS,Y tế & Sức khỏe,2020,0.752
Philippines,PHL,"Physicians (per 1,000 people)",SH.MED.PHYS.ZS,Y tế & Sức khỏe,2021,0.792
Philippines,PHL,"Physicians (per 1,000 people)",SH.MED.PHYS.ZS,Y tế & Sức khỏe,2022,
Philippines,PHL,"Physicians (per 1,000 people)",SH.MED.PHYS.ZS,Y tế & Sức khỏe,2023,
Philippines,PHL,"Physicians (per 1,000 people)",SH.MED.PHYS.ZS,Y tế & Sức khỏe,2024,
Philippines,PHL,"Physicians (per 1,000 people)",SH.MED.PHYS.ZS,Y tế & Sức khỏe,2025,
Singapore,SGP,"Life expectancy at birth, total (years)",SP.DYN.LE00.IN,Y tế & Sức khỏe,2015,82.7439024390244
Singapore,SGP,"Life expectancy at birth, total (years)",SP.DYN.LE00.IN,Y tế & Sức khỏe,2016,82.8463414634146
Singapore,SGP,"Life expectancy at birth, total (years)",SP.DYN.LE00.IN,Y tế & Sức khỏe,2017,83.0951219512195
Singapore,SGP,"Life expectancy at birth, total (years)",SP.DYN.LE00.IN,Y tế & Sức khỏe,2018,83.2975609756098
Singapore,SGP,"Life expectancy at birth, total (years)",SP.DYN.LE00.IN,Y tế & Sức khỏe,2019,83.5951219512195
Singapore,SGP,"Life expectancy at birth, total (years)",SP.DYN.LE00.IN,Y tế & Sức khỏe,2020,83.5439024390244
Singapore,SGP,"Life expectancy at birth, total (years)",SP.DYN.LE00.IN,Y tế & Sức khỏe,2021,83.0926829268293
Singapore,SGP,"Life expectancy at birth, total (years)",SP.DYN.LE00.IN,Y tế & Sức khỏe,2022,82.8951219512195
Singapore,SGP,"Life expectancy at birth, total (years)",SP.DYN.LE00.IN,Y tế & Sức khỏe,2023,83.0975609756098
Singapore,SGP,"Life expectancy at birth, total (years)",SP.DYN.LE00.IN,Y tế & Sức khỏe,2024,83.3463414634146
Singapore,SGP,"Life expectancy at birth, total (years)",SP.DYN.LE00.IN,Y tế & Sức khỏe,2025,
Singapore,SGP,Current health expenditure (% of GDP),SH.XPD.CHEX.GD.ZS,Y tế & Sức khỏe,2015,4.18061399
Singapore,SGP,Current health expenditure (% of GDP),SH.XPD.CHEX.GD.ZS,Y tế & Sức khỏe,2016,4.37989521
Singapore,SGP,Current health expenditure (% of GDP),SH.XPD.CHEX.GD.ZS,Y tế & Sức khỏe,2017,4.35978413
Singapore,SGP,Current health expenditure (% of GDP),SH.XPD.CHEX.GD.ZS,Y tế & Sức khỏe,2018,4.07275724
Singapore,SGP,Current health expenditure (% of GDP),SH.XPD.CHEX.GD.ZS,Y tế & Sức khỏe,2019,4.40746737
Singapore,SGP,Current health expenditure (% of GDP),SH.XPD.CHEX.GD.ZS,Y tế & Sức khỏe,2020,5.70015287
Singapore,SGP,Current health expenditure (% of GDP),SH.XPD.CHEX.GD.ZS,Y tế & Sức khỏe,2021,5.14599705
Singapore,SGP,Current health expenditure (% of GDP),SH.XPD.CHEX.GD.ZS,Y tế & Sức khỏe,2022,4.33121586
Singapore,SGP,Current health expenditure (% of GDP),SH.XPD.CHEX.GD.ZS,Y tế & Sức khỏe,2023,4.49163246
Singapore,SGP,Current health expenditure (% of GDP),SH.XPD.CHEX.GD.ZS,Y tế & Sức khỏe,2024,
Singapore,SGP,Current health expenditure (% of GDP),SH.XPD.CHEX.GD.ZS,Y tế & Sức khỏe,2025,
Singapore,SGP,"Mortality rate, under-5 (per 1,000 live births)",SH.DYN.MORT,Y tế & Sức khỏe,2015,2.7
Singapore,SGP,"Mortality rate, under-5 (per 1,000 live births)",SH.DYN.MORT,Y tế & Sức khỏe,2016,2.6
Singapore,SGP,"Mortality rate, under-5 (per 1,000 live births)",SH.DYN.MORT,Y tế & Sức khỏe,2017,2.6
Singapore,SGP,"Mortality rate, under-5 (per 1,000 live births)",SH.DYN.MORT,Y tế & Sức khỏe,2018,2.5
Singapore,SGP,"Mortality rate, under-5 (per 1,000 live births)",SH.DYN.MORT,Y tế & Sức khỏe,2019,2.5
Singapore,SGP,"Mortality rate, under-5 (per 1,000 live births)",SH.DYN.MORT,Y tế & Sức khỏe,2020,2.4
Singapore,SGP,"Mortality rate, under-5 (per 1,000 live births)",SH.DYN.MORT,Y tế & Sức khỏe,2021,2.4
Singapore,SGP,"Mortality rate, under-5 (per 1,000 live births)",SH.DYN.MORT,Y tế & Sức khỏe,2022,2.5
Singapore,SGP,"Mortality rate, under-5 (per 1,000 live births)",SH.DYN.MORT,Y tế & Sức khỏe,2023,2.6
Singapore,SGP,"Mortality rate, under-5 (per 1,000 live births)",SH.DYN.MORT,Y tế & Sức khỏe,2024,2.7
Singapore,SGP,"Mortality rate, under-5 (per 1,000 live births)",SH.DYN.MORT,Y tế & Sức khỏe,2025,
Singapore,SGP,"Mortality rate, under-5, female (per 1,000 live births)",SH.DYN.MORT.FE,Y tế & Sức khỏe,2015,2.5
Singapore,SGP,"Mortality rate, under-5, female (per 1,000 live births)",SH.DYN.MORT.FE,Y tế & Sức khỏe,2016,2.5
Singapore,SGP,"Mortality rate, under-5, female (per 1,000 live births)",SH.DYN.MORT.FE,Y tế & Sức khỏe,2017,2.4
Singapore,SGP,"Mortality rate, under-5, female (per 1,000 live births)",SH.DYN.MORT.FE,Y tế & Sức khỏe,2018,2.4
Singapore,SGP,"Mortality rate, under-5, female (per 1,000 live births)",SH.DYN.MORT.FE,Y tế & Sức khỏe,2019,2.3
Singapore,SGP,"Mortality rate, under-5, female (per 1,000 live births)",SH.DYN.MORT.FE,Y tế & Sức khỏe,2020,2.3
Singapore,SGP,"Mortality rate, under-5, female (per 1,000 live births)",SH.DYN.MORT.FE,Y tế & Sức khỏe,2021,2.3
Singapore,SGP,"Mortality rate, under-5, female (per 1,000 live births)",SH.DYN.MORT.FE,Y tế & Sức khỏe,2022,2.3
Singapore,SGP,"Mortality rate, under-5, female (per 1,000 live births)",SH.DYN.MORT.FE,Y tế & Sức khỏe,2023,2.4
Singapore,SGP,"Mortality rate, under-5, female (per 1,000 live births)",SH.DYN.MORT.FE,Y tế & Sức khỏe,2024,2.5
Singapore,SGP,"Mortality rate, under-5, female (per 1,000 live births)",SH.DYN.MORT.FE,Y tế & Sức khỏe,2025,
Singapore,SGP,"Mortality rate, under-5, male (per 1,000 live births)",SH.DYN.MORT.MA,Y tế & Sức khỏe,2015,2.9
Singapore,SGP,"Mortality rate, under-5, male (per 1,000 live births)",SH.DYN.MORT.MA,Y tế & Sức khỏe,2016,2.8
Singapore,SGP,"Mortality rate, under-5, male (per 1,000 live births)",SH.DYN.MORT.MA,Y tế & Sức khỏe,2017,2.8
Singapore,SGP,"Mortality rate, under-5, male (per 1,000 live births)",SH.DYN.MORT.MA,Y tế & Sức khỏe,2018,2.7
Singapore,SGP,"Mortality rate, under-5, male (per 1,000 live births)",SH.DYN.MORT.MA,Y tế & Sức khỏe,2019,2.6
Singapore,SGP,"Mortality rate, under-5, male (per 1,000 live births)",SH.DYN.MORT.MA,Y tế & Sức khỏe,2020,2.6
Singapore,SGP,"Mortality rate, under-5, male (per 1,000 live births)",SH.DYN.MORT.MA,Y tế & Sức khỏe,2021,2.6
Singapore,SGP,"Mortality rate, under-5, male (per 1,000 live births)",SH.DYN.MORT.MA,Y tế & Sức khỏe,2022,2.6
Singapore,SGP,"Mortality rate, under-5, male (per 1,000 live births)",SH.DYN.MORT.MA,Y tế & Sức khỏe,2023,2.7
Singapore,SGP,"Mortality rate, under-5, male (per 1,000 live births)",SH.DYN.MORT.MA,Y tế & Sức khỏe,2024,2.8
Singapore,SGP,"Mortality rate, under-5, male (per 1,000 live births)",SH.DYN.MORT.MA,Y tế & Sức khỏe,2025,
Singapore,SGP,"Maternal mortality ratio (modeled estimate, per 100,000 live births)",SH.STA.MMRT,Y tế & Sức khỏe,2015,8.0
Singapore,SGP,"Maternal mortality ratio (modeled estimate, per 100,000 live births)",SH.STA.MMRT,Y tế & Sức khỏe,2016,8.0
Singapore,SGP,"Maternal mortality ratio (modeled estimate, per 100,000 live births)",SH.STA.MMRT,Y tế & Sức khỏe,2017,8.0
Singapore,SGP,"Maternal mortality ratio (modeled estimate, per 100,000 live births)",SH.STA.MMRT,Y tế & Sức khỏe,2018,8.0
Singapore,SGP,"Maternal mortality ratio (modeled estimate, per 100,000 live births)",SH.STA.MMRT,Y tế & Sức khỏe,2019,7.0
Singapore,SGP,"Maternal mortality ratio (modeled estimate, per 100,000 live births)",SH.STA.MMRT,Y tế & Sức khỏe,2020,13.0
Singapore,SGP,"Maternal mortality ratio (modeled estimate, per 100,000 live births)",SH.STA.MMRT,Y tế & Sức khỏe,2021,20.0
Singapore,SGP,"Maternal mortality ratio (modeled estimate, per 100,000 live births)",SH.STA.MMRT,Y tế & Sức khỏe,2022,34.0
Singapore,SGP,"Maternal mortality ratio (modeled estimate, per 100,000 live births)",SH.STA.MMRT,Y tế & Sức khỏe,2023,6.0
Singapore,SGP,"Maternal mortality ratio (modeled estimate, per 100,000 live births)",SH.STA.MMRT,Y tế & Sức khỏe,2024,
Singapore,SGP,"Maternal mortality ratio (modeled estimate, per 100,000 live births)",SH.STA.MMRT,Y tế & Sức khỏe,2025,
Singapore,SGP,"Maternal mortality ratio (national estimate, per 100,000 live births)",SH.STA.MMRT.NE,Y tế & Sức khỏe,2015,
Singapore,SGP,"Maternal mortality ratio (national estimate, per 100,000 live births)",SH.STA.MMRT.NE,Y tế & Sức khỏe,2016,
Singapore,SGP,"Maternal mortality ratio (national estimate, per 100,000 live births)",SH.STA.MMRT.NE,Y tế & Sức khỏe,2017,
Singapore,SGP,"Maternal mortality ratio (national estimate, per 100,000 live births)",SH.STA.MMRT.NE,Y tế & Sức khỏe,2018,
Singapore,SGP,"Maternal mortality ratio (national estimate, per 100,000 live births)",SH.STA.MMRT.NE,Y tế & Sức khỏe,2019,
Singapore,SGP,"Maternal mortality ratio (national estimate, per 100,000 live births)",SH.STA.MMRT.NE,Y tế & Sức khỏe,2020,
Singapore,SGP,"Maternal mortality ratio (national estimate, per 100,000 live births)",SH.STA.MMRT.NE,Y tế & Sức khỏe,2021,
Singapore,SGP,"Maternal mortality ratio (national estimate, per 100,000 live births)",SH.STA.MMRT.NE,Y tế & Sức khỏe,2022,
Singapore,SGP,"Maternal mortality ratio (national estimate, per 100,000 live births)",SH.STA.MMRT.NE,Y tế & Sức khỏe,2023,
Singapore,SGP,"Maternal mortality ratio (national estimate, per 100,000 live births)",SH.STA.MMRT.NE,Y tế & Sức khỏe,2024,
Singapore,SGP,"Maternal mortality ratio (national estimate, per 100,000 live births)",SH.STA.MMRT.NE,Y tế & Sức khỏe,2025,
Singapore,SGP,"Hospital beds (per 1,000 people)",SH.MED.BEDS.ZS,Y tế & Sức khỏe,2015,2.4
Singapore,SGP,"Hospital beds (per 1,000 people)",SH.MED.BEDS.ZS,Y tế & Sức khỏe,2016,2.5
Singapore,SGP,"Hospital beds (per 1,000 people)",SH.MED.BEDS.ZS,Y tế & Sức khỏe,2017,2.49
Singapore,SGP,"Hospital beds (per 1,000 people)",SH.MED.BEDS.ZS,Y tế & Sức khỏe,2018,2.58
Singapore,SGP,"Hospital beds (per 1,000 people)",SH.MED.BEDS.ZS,Y tế & Sức khỏe,2019,2.69
Singapore,SGP,"Hospital beds (per 1,000 people)",SH.MED.BEDS.ZS,Y tế & Sức khỏe,2020,2.77
Singapore,SGP,"Hospital beds (per 1,000 people)",SH.MED.BEDS.ZS,Y tế & Sức khỏe,2021,2.84
Singapore,SGP,"Hospital beds (per 1,000 people)",SH.MED.BEDS.ZS,Y tế & Sức khỏe,2022,2.83
Singapore,SGP,"Hospital beds (per 1,000 people)",SH.MED.BEDS.ZS,Y tế & Sức khỏe,2023,2.81
Singapore,SGP,"Hospital beds (per 1,000 people)",SH.MED.BEDS.ZS,Y tế & Sức khỏe,2024,
Singapore,SGP,"Hospital beds (per 1,000 people)",SH.MED.BEDS.ZS,Y tế & Sức khỏe,2025,
Singapore,SGP,"Physicians (per 1,000 people)",SH.MED.PHYS.ZS,Y tế & Sức khỏe,2015,2.255
Singapore,SGP,"Physicians (per 1,000 people)",SH.MED.PHYS.ZS,Y tế & Sức khỏe,2016,2.325
Singapore,SGP,"Physicians (per 1,000 people)",SH.MED.PHYS.ZS,Y tế & Sức khỏe,2017,2.389
Singapore,SGP,"Physicians (per 1,000 people)",SH.MED.PHYS.ZS,Y tế & Sức khỏe,2018,2.443
Singapore,SGP,"Physicians (per 1,000 people)",SH.MED.PHYS.ZS,Y tế & Sức khỏe,2019,2.519
Singapore,SGP,"Physicians (per 1,000 people)",SH.MED.PHYS.ZS,Y tế & Sức khỏe,2020,2.638
Singapore,SGP,"Physicians (per 1,000 people)",SH.MED.PHYS.ZS,Y tế & Sức khỏe,2021,2.781
Singapore,SGP,"Physicians (per 1,000 people)",SH.MED.PHYS.ZS,Y tế & Sức khỏe,2022,2.834
Singapore,SGP,"Physicians (per 1,000 people)",SH.MED.PHYS.ZS,Y tế & Sức khỏe,2023,
Singapore,SGP,"Physicians (per 1,000 people)",SH.MED.PHYS.ZS,Y tế & Sức khỏe,2024,
Singapore,SGP,"Physicians (per 1,000 people)",SH.MED.PHYS.ZS,Y tế & Sức khỏe,2025,
Thailand,THA,"Life expectancy at birth, total (years)",SP.DYN.LE00.IN,Y tế & Sức khỏe,2015,76.563
Thailand,THA,"Life expectancy at birth, total (years)",SP.DYN.LE00.IN,Y tế & Sức khỏe,2016,76.769
Thailand,THA,"Life expectancy at birth, total (years)",SP.DYN.LE00.IN,Y tế & Sức khỏe,2017,76.989
Thailand,THA,"Life expectancy at birth, total (years)",SP.DYN.LE00.IN,Y tế & Sức khỏe,2018,77.19
Thailand,THA,"Life expectancy at birth, total (years)",SP.DYN.LE00.IN,Y tế & Sức khỏe,2019,77.197
Thailand,THA,"Life expectancy at birth, total (years)",SP.DYN.LE00.IN,Y tế & Sức khỏe,2020,77.331
Thailand,THA,"Life expectancy at birth, total (years)",SP.DYN.LE00.IN,Y tế & Sức khỏe,2021,77.606
Thailand,THA,"Life expectancy at birth, total (years)",SP.DYN.LE00.IN,Y tế & Sức khỏe,2022,75.291
Thailand,THA,"Life expectancy at birth, total (years)",SP.DYN.LE00.IN,Y tế & Sức khỏe,2023,76.412
Thailand,THA,"Life expectancy at birth, total (years)",SP.DYN.LE00.IN,Y tế & Sức khỏe,2024,76.564
Thailand,THA,"Life expectancy at birth, total (years)",SP.DYN.LE00.IN,Y tế & Sức khỏe,2025,
Thailand,THA,Current health expenditure (% of GDP),SH.XPD.CHEX.GD.ZS,Y tế & Sức khỏe,2015,3.8522861
Thailand,THA,Current health expenditure (% of GDP),SH.XPD.CHEX.GD.ZS,Y tế & Sức khỏe,2016,3.93900609
Thailand,THA,Current health expenditure (% of GDP),SH.XPD.CHEX.GD.ZS,Y tế & Sức khỏe,2017,3.85276842
Thailand,THA,Current health expenditure (% of GDP),SH.XPD.CHEX.GD.ZS,Y tế & Sức khỏe,2018,3.87040329
Thailand,THA,Current health expenditure (% of GDP),SH.XPD.CHEX.GD.ZS,Y tế & Sức khỏe,2019,3.78911877
Thailand,THA,Current health expenditure (% of GDP),SH.XPD.CHEX.GD.ZS,Y tế & Sức khỏe,2020,4.35724688
Thailand,THA,Current health expenditure (% of GDP),SH.XPD.CHEX.GD.ZS,Y tế & Sức khỏe,2021,5.15399981
Thailand,THA,Current health expenditure (% of GDP),SH.XPD.CHEX.GD.ZS,Y tế & Sức khỏe,2022,5.35471153
Thailand,THA,Current health expenditure (% of GDP),SH.XPD.CHEX.GD.ZS,Y tế & Sức khỏe,2023,4.53787661
Thailand,THA,Current health expenditure (% of GDP),SH.XPD.CHEX.GD.ZS,Y tế & Sức khỏe,2024,
Thailand,THA,Current health expenditure (% of GDP),SH.XPD.CHEX.GD.ZS,Y tế & Sức khỏe,2025,
Thailand,THA,"Mortality rate, under-5 (per 1,000 live births)",SH.DYN.MORT,Y tế & Sức khỏe,2015,11.9
Thailand,THA,"Mortality rate, under-5 (per 1,000 live births)",SH.DYN.MORT,Y tế & Sức khỏe,2016,11.5
Thailand,THA,"Mortality rate, under-5 (per 1,000 live births)",SH.DYN.MORT,Y tế & Sức khỏe,2017,11.1
Thailand,THA,"Mortality rate, under-5 (per 1,000 live births)",SH.DYN.MORT,Y tế & Sức khỏe,2018,10.8
Thailand,THA,"Mortality rate, under-5 (per 1,000 live births)",SH.DYN.MORT,Y tế & Sức khỏe,2019,10.4
Thailand,THA,"Mortality rate, under-5 (per 1,000 live births)",SH.DYN.MORT,Y tế & Sức khỏe,2020,10.1
Thailand,THA,"Mortality rate, under-5 (per 1,000 live births)",SH.DYN.MORT,Y tế & Sức khỏe,2021,9.8
Thailand,THA,"Mortality rate, under-5 (per 1,000 live births)",SH.DYN.MORT,Y tế & Sức khỏe,2022,9.5
Thailand,THA,"Mortality rate, under-5 (per 1,000 live births)",SH.DYN.MORT,Y tế & Sức khỏe,2023,9.2
Thailand,THA,"Mortality rate, under-5 (per 1,000 live births)",SH.DYN.MORT,Y tế & Sức khỏe,2024,9.0
Thailand,THA,"Mortality rate, under-5 (per 1,000 live births)",SH.DYN.MORT,Y tế & Sức khỏe,2025,
Thailand,THA,"Mortality rate, under-5, female (per 1,000 live births)",SH.DYN.MORT.FE,Y tế & Sức khỏe,2015,10.5
Thailand,THA,"Mortality rate, under-5, female (per 1,000 live births)",SH.DYN.MORT.FE,Y tế & Sức khỏe,2016,10.2
Thailand,THA,"Mortality rate, under-5, female (per 1,000 live births)",SH.DYN.MORT.FE,Y tế & Sức khỏe,2017,9.9
Thailand,THA,"Mortality rate, under-5, female (per 1,000 live births)",SH.DYN.MORT.FE,Y tế & Sức khỏe,2018,9.6
Thailand,THA,"Mortality rate, under-5, female (per 1,000 live births)",SH.DYN.MORT.FE,Y tế & Sức khỏe,2019,9.3
Thailand,THA,"Mortality rate, under-5, female (per 1,000 live births)",SH.DYN.MORT.FE,Y tế & Sức khỏe,2020,9.0
Thailand,THA,"Mortality rate, under-5, female (per 1,000 live births)",SH.DYN.MORT.FE,Y tế & Sức khỏe,2021,8.7
Thailand,THA,"Mortality rate, under-5, female (per 1,000 live births)",SH.DYN.MORT.FE,Y tế & Sức khỏe,2022,8.5
Thailand,THA,"Mortality rate, under-5, female (per 1,000 live births)",SH.DYN.MORT.FE,Y tế & Sức khỏe,2023,8.3
Thailand,THA,"Mortality rate, under-5, female (per 1,000 live births)",SH.DYN.MORT.FE,Y tế & Sức khỏe,2024,8.0
Thailand,THA,"Mortality rate, under-5, female (per 1,000 live births)",SH.DYN.MORT.FE,Y tế & Sức khỏe,2025,
Thailand,THA,"Mortality rate, under-5, male (per 1,000 live births)",SH.DYN.MORT.MA,Y tế & Sức khỏe,2015,13.1
Thailand,THA,"Mortality rate, under-5, male (per 1,000 live births)",SH.DYN.MORT.MA,Y tế & Sức khỏe,2016,12.7
Thailand,THA,"Mortality rate, under-5, male (per 1,000 live births)",SH.DYN.MORT.MA,Y tế & Sức khỏe,2017,12.3
Thailand,THA,"Mortality rate, under-5, male (per 1,000 live births)",SH.DYN.MORT.MA,Y tế & Sức khỏe,2018,11.9
Thailand,THA,"Mortality rate, under-5, male (per 1,000 live births)",SH.DYN.MORT.MA,Y tế & Sức khỏe,2019,11.5
Thailand,THA,"Mortality rate, under-5, male (per 1,000 live births)",SH.DYN.MORT.MA,Y tế & Sức khỏe,2020,11.2
Thailand,THA,"Mortality rate, under-5, male (per 1,000 live births)",SH.DYN.MORT.MA,Y tế & Sức khỏe,2021,10.8
Thailand,THA,"Mortality rate, under-5, male (per 1,000 live births)",SH.DYN.MORT.MA,Y tế & Sức khỏe,2022,10.5
Thailand,THA,"Mortality rate, under-5, male (per 1,000 live births)",SH.DYN.MORT.MA,Y tế & Sức khỏe,2023,10.2
Thailand,THA,"Mortality rate, under-5, male (per 1,000 live births)",SH.DYN.MORT.MA,Y tế & Sức khỏe,2024,9.9
Thailand,THA,"Mortality rate, under-5, male (per 1,000 live births)",SH.DYN.MORT.MA,Y tế & Sức khỏe,2025,
Thailand,THA,"Maternal mortality ratio (modeled estimate, per 100,000 live births)",SH.STA.MMRT,Y tế & Sức khỏe,2015,34.0
Thailand,THA,"Maternal mortality ratio (modeled estimate, per 100,000 live births)",SH.STA.MMRT,Y tế & Sức khỏe,2016,34.0
Thailand,THA,"Maternal mortality ratio (modeled estimate, per 100,000 live births)",SH.STA.MMRT,Y tế & Sức khỏe,2017,34.0
Thailand,THA,"Maternal mortality ratio (modeled estimate, per 100,000 live births)",SH.STA.MMRT,Y tế & Sức khỏe,2018,34.0
Thailand,THA,"Maternal mortality ratio (modeled estimate, per 100,000 live births)",SH.STA.MMRT,Y tế & Sức khỏe,2019,34.0
Thailand,THA,"Maternal mortality ratio (modeled estimate, per 100,000 live births)",SH.STA.MMRT,Y tế & Sức khỏe,2020,36.0
Thailand,THA,"Maternal mortality ratio (modeled estimate, per 100,000 live births)",SH.STA.MMRT,Y tế & Sức khỏe,2021,38.0
Thailand,THA,"Maternal mortality ratio (modeled estimate, per 100,000 live births)",SH.STA.MMRT,Y tế & Sức khỏe,2022,112.0
Thailand,THA,"Maternal mortality ratio (modeled estimate, per 100,000 live births)",SH.STA.MMRT,Y tế & Sức khỏe,2023,34.0
Thailand,THA,"Maternal mortality ratio (modeled estimate, per 100,000 live births)",SH.STA.MMRT,Y tế & Sức khỏe,2024,
Thailand,THA,"Maternal mortality ratio (modeled estimate, per 100,000 live births)",SH.STA.MMRT,Y tế & Sức khỏe,2025,
Thailand,THA,"Maternal mortality ratio (national estimate, per 100,000 live births)",SH.STA.MMRT.NE,Y tế & Sức khỏe,2015,
Thailand,THA,"Maternal mortality ratio (national estimate, per 100,000 live births)",SH.STA.MMRT.NE,Y tế & Sức khỏe,2016,
Thailand,THA,"Maternal mortality ratio (national estimate, per 100,000 live births)",SH.STA.MMRT.NE,Y tế & Sức khỏe,2017,
Thailand,THA,"Maternal mortality ratio (national estimate, per 100,000 live births)",SH.STA.MMRT.NE,Y tế & Sức khỏe,2018,
Thailand,THA,"Maternal mortality ratio (national estimate, per 100,000 live births)",SH.STA.MMRT.NE,Y tế & Sức khỏe,2019,
Thailand,THA,"Maternal mortality ratio (national estimate, per 100,000 live births)",SH.STA.MMRT.NE,Y tế & Sức khỏe,2020,
Thailand,THA,"Maternal mortality ratio (national estimate, per 100,000 live births)",SH.STA.MMRT.NE,Y tế & Sức khỏe,2021,
Thailand,THA,"Maternal mortality ratio (national estimate, per 100,000 live births)",SH.STA.MMRT.NE,Y tế & Sức khỏe,2022,
Thailand,THA,"Maternal mortality ratio (national estimate, per 100,000 live births)",SH.STA.MMRT.NE,Y tế & Sức khỏe,2023,
Thailand,THA,"Maternal mortality ratio (national estimate, per 100,000 live births)",SH.STA.MMRT.NE,Y tế & Sức khỏe,2024,
Thailand,THA,"Maternal mortality ratio (national estimate, per 100,000 live births)",SH.STA.MMRT.NE,Y tế & Sức khỏe,2025,
Thailand,THA,"Hospital beds (per 1,000 people)",SH.MED.BEDS.ZS,Y tế & Sức khỏe,2015,2.13
Thailand,THA,"Hospital beds (per 1,000 people)",SH.MED.BEDS.ZS,Y tế & Sức khỏe,2016,2.0
Thailand,THA,"Hospital beds (per 1,000 people)",SH.MED.BEDS.ZS,Y tế & Sức khỏe,2017,2.12
Thailand,THA,"Hospital beds (per 1,000 people)",SH.MED.BEDS.ZS,Y tế & Sức khỏe,2018,2.1
Thailand,THA,"Hospital beds (per 1,000 people)",SH.MED.BEDS.ZS,Y tế & Sức khỏe,2019,2.21
Thailand,THA,"Hospital beds (per 1,000 people)",SH.MED.BEDS.ZS,Y tế & Sức khỏe,2020,2.32
Thailand,THA,"Hospital beds (per 1,000 people)",SH.MED.BEDS.ZS,Y tế & Sức khỏe,2021,2.34
Thailand,THA,"Hospital beds (per 1,000 people)",SH.MED.BEDS.ZS,Y tế & Sức khỏe,2022,2.39
Thailand,THA,"Hospital beds (per 1,000 people)",SH.MED.BEDS.ZS,Y tế & Sức khỏe,2023,2.39
Thailand,THA,"Hospital beds (per 1,000 people)",SH.MED.BEDS.ZS,Y tế & Sức khỏe,2024,
Thailand,THA,"Hospital beds (per 1,000 people)",SH.MED.BEDS.ZS,Y tế & Sức khỏe,2025,
Thailand,THA,"Physicians (per 1,000 people)",SH.MED.PHYS.ZS,Y tế & Sức khỏe,2015,0.453
Thailand,THA,"Physicians (per 1,000 people)",SH.MED.PHYS.ZS,Y tế & Sức khỏe,2016,0.433
Thailand,THA,"Physicians (per 1,000 people)",SH.MED.PHYS.ZS,Y tế & Sức khỏe,2017,0.788
Thailand,THA,"Physicians (per 1,000 people)",SH.MED.PHYS.ZS,Y tế & Sức khỏe,2018,0.518
Thailand,THA,"Physicians (per 1,000 people)",SH.MED.PHYS.ZS,Y tế & Sức khỏe,2019,0.548
Thailand,THA,"Physicians (per 1,000 people)",SH.MED.PHYS.ZS,Y tế & Sức khỏe,2020,0.509
Thailand,THA,"Physicians (per 1,000 people)",SH.MED.PHYS.ZS,Y tế & Sức khỏe,2021,0.541
Thailand,THA,"Physicians (per 1,000 people)",SH.MED.PHYS.ZS,Y tế & Sức khỏe,2022,
Thailand,THA,"Physicians (per 1,000 people)",SH.MED.PHYS.ZS,Y tế & Sức khỏe,2023,
Thailand,THA,"Physicians (per 1,000 people)",SH.MED.PHYS.ZS,Y tế & Sức khỏe,2024,
Thailand,THA,"Physicians (per 1,000 people)",SH.MED.PHYS.ZS,Y tế & Sức khỏe,2025,
Viet Nam,VNM,"Life expectancy at birth, total (years)",SP.DYN.LE00.IN,Y tế & Sức khỏe,2015,73.955
Viet Nam,VNM,"Life expectancy at birth, total (years)",SP.DYN.LE00.IN,Y tế & Sức khỏe,2016,73.984
Viet Nam,VNM,"Life expectancy at birth, total (years)",SP.DYN.LE00.IN,Y tế & Sức khỏe,2017,74.026
Viet Nam,VNM,"Life expectancy at birth, total (years)",SP.DYN.LE00.IN,Y tế & Sức khỏe,2018,74.1
Viet Nam,VNM,"Life expectancy at birth, total (years)",SP.DYN.LE00.IN,Y tế & Sức khỏe,2019,74.211
Viet Nam,VNM,"Life expectancy at birth, total (years)",SP.DYN.LE00.IN,Y tế & Sức khỏe,2020,75.383
Viet Nam,VNM,"Life expectancy at birth, total (years)",SP.DYN.LE00.IN,Y tế & Sức khỏe,2021,74.145
Viet Nam,VNM,"Life expectancy at birth, total (years)",SP.DYN.LE00.IN,Y tế & Sức khỏe,2022,74.502
Viet Nam,VNM,"Life expectancy at birth, total (years)",SP.DYN.LE00.IN,Y tế & Sức khỏe,2023,74.588
Viet Nam,VNM,"Life expectancy at birth, total (years)",SP.DYN.LE00.IN,Y tế & Sức khỏe,2024,74.736
Viet Nam,VNM,"Life expectancy at birth, total (years)",SP.DYN.LE00.IN,Y tế & Sức khỏe,2025,
Viet Nam,VNM,Current health expenditure (% of GDP),SH.XPD.CHEX.GD.ZS,Y tế & Sức khỏe,2015,4.71140909
Viet Nam,VNM,Current health expenditure (% of GDP),SH.XPD.CHEX.GD.ZS,Y tế & Sức khỏe,2016,4.86994743
Viet Nam,VNM,Current health expenditure (% of GDP),SH.XPD.CHEX.GD.ZS,Y tế & Sức khỏe,2017,4.99014759
Viet Nam,VNM,Current health expenditure (% of GDP),SH.XPD.CHEX.GD.ZS,Y tế & Sức khỏe,2018,5.02678823
Viet Nam,VNM,Current health expenditure (% of GDP),SH.XPD.CHEX.GD.ZS,Y tế & Sức khỏe,2019,4.97407484
Viet Nam,VNM,Current health expenditure (% of GDP),SH.XPD.CHEX.GD.ZS,Y tế & Sức khỏe,2020,4.33219814
Viet Nam,VNM,Current health expenditure (% of GDP),SH.XPD.CHEX.GD.ZS,Y tế & Sức khỏe,2021,4.53792429
Viet Nam,VNM,Current health expenditure (% of GDP),SH.XPD.CHEX.GD.ZS,Y tế & Sức khỏe,2022,4.53809595
Viet Nam,VNM,Current health expenditure (% of GDP),SH.XPD.CHEX.GD.ZS,Y tế & Sức khỏe,2023,4.56109476
Viet Nam,VNM,Current health expenditure (% of GDP),SH.XPD.CHEX.GD.ZS,Y tế & Sức khỏe,2024,
Viet Nam,VNM,Current health expenditure (% of GDP),SH.XPD.CHEX.GD.ZS,Y tế & Sức khỏe,2025,
Viet Nam,VNM,"Mortality rate, under-5 (per 1,000 live births)",SH.DYN.MORT,Y tế & Sức khỏe,2015,21.6
Viet Nam,VNM,"Mortality rate, under-5 (per 1,000 live births)",SH.DYN.MORT,Y tế & Sức khỏe,2016,21.3
Viet Nam,VNM,"Mortality rate, under-5 (per 1,000 live births)",SH.DYN.MORT,Y tế & Sức khỏe,2017,20.9
Viet Nam,VNM,"Mortality rate, under-5 (per 1,000 live births)",SH.DYN.MORT,Y tế & Sức khỏe,2018,20.5
Viet Nam,VNM,"Mortality rate, under-5 (per 1,000 live births)",SH.DYN.MORT,Y tế & Sức khỏe,2019,20.0
Viet Nam,VNM,"Mortality rate, under-5 (per 1,000 live births)",SH.DYN.MORT,Y tế & Sức khỏe,2020,19.5
Viet Nam,VNM,"Mortality rate, under-5 (per 1,000 live births)",SH.DYN.MORT,Y tế & Sức khỏe,2021,18.9
Viet Nam,VNM,"Mortality rate, under-5 (per 1,000 live births)",SH.DYN.MORT,Y tế & Sức khỏe,2022,18.4
Viet Nam,VNM,"Mortality rate, under-5 (per 1,000 live births)",SH.DYN.MORT,Y tế & Sức khỏe,2023,17.8
Viet Nam,VNM,"Mortality rate, under-5 (per 1,000 live births)",SH.DYN.MORT,Y tế & Sức khỏe,2024,17.3
Viet Nam,VNM,"Mortality rate, under-5 (per 1,000 live births)",SH.DYN.MORT,Y tế & Sức khỏe,2025,
Viet Nam,VNM,"Mortality rate, under-5, female (per 1,000 live births)",SH.DYN.MORT.FE,Y tế & Sức khỏe,2015,17.6
Viet Nam,VNM,"Mortality rate, under-5, female (per 1,000 live births)",SH.DYN.MORT.FE,Y tế & Sức khỏe,2016,17.3
Viet Nam,VNM,"Mortality rate, under-5, female (per 1,000 live births)",SH.DYN.MORT.FE,Y tế & Sức khỏe,2017,17.0
Viet Nam,VNM,"Mortality rate, under-5, female (per 1,000 live births)",SH.DYN.MORT.FE,Y tế & Sức khỏe,2018,16.7
Viet Nam,VNM,"Mortality rate, under-5, female (per 1,000 live births)",SH.DYN.MORT.FE,Y tế & Sức khỏe,2019,16.3
Viet Nam,VNM,"Mortality rate, under-5, female (per 1,000 live births)",SH.DYN.MORT.FE,Y tế & Sức khỏe,2020,15.9
Viet Nam,VNM,"Mortality rate, under-5, female (per 1,000 live births)",SH.DYN.MORT.FE,Y tế & Sức khỏe,2021,15.5
Viet Nam,VNM,"Mortality rate, under-5, female (per 1,000 live births)",SH.DYN.MORT.FE,Y tế & Sức khỏe,2022,15.0
Viet Nam,VNM,"Mortality rate, under-5, female (per 1,000 live births)",SH.DYN.MORT.FE,Y tế & Sức khỏe,2023,14.5
Viet Nam,VNM,"Mortality rate, under-5, female (per 1,000 live births)",SH.DYN.MORT.FE,Y tế & Sức khỏe,2024,14.1
Viet Nam,VNM,"Mortality rate, under-5, female (per 1,000 live births)",SH.DYN.MORT.FE,Y tế & Sức khỏe,2025,
Viet Nam,VNM,"Mortality rate, under-5, male (per 1,000 live births)",SH.DYN.MORT.MA,Y tế & Sức khỏe,2015,25.5
Viet Nam,VNM,"Mortality rate, under-5, male (per 1,000 live births)",SH.DYN.MORT.MA,Y tế & Sức khỏe,2016,25.0
Viet Nam,VNM,"Mortality rate, under-5, male (per 1,000 live births)",SH.DYN.MORT.MA,Y tế & Sức khỏe,2017,24.6
Viet Nam,VNM,"Mortality rate, under-5, male (per 1,000 live births)",SH.DYN.MORT.MA,Y tế & Sức khỏe,2018,24.1
Viet Nam,VNM,"Mortality rate, under-5, male (per 1,000 live births)",SH.DYN.MORT.MA,Y tế & Sức khỏe,2019,23.5
Viet Nam,VNM,"Mortality rate, under-5, male (per 1,000 live births)",SH.DYN.MORT.MA,Y tế & Sức khỏe,2020,22.9
Viet Nam,VNM,"Mortality rate, under-5, male (per 1,000 live births)",SH.DYN.MORT.MA,Y tế & Sức khỏe,2021,22.2
Viet Nam,VNM,"Mortality rate, under-5, male (per 1,000 live births)",SH.DYN.MORT.MA,Y tế & Sức khỏe,2022,21.6
Viet Nam,VNM,"Mortality rate, under-5, male (per 1,000 live births)",SH.DYN.MORT.MA,Y tế & Sức khỏe,2023,20.9
Viet Nam,VNM,"Mortality rate, under-5, male (per 1,000 live births)",SH.DYN.MORT.MA,Y tế & Sức khỏe,2024,20.3
Viet Nam,VNM,"Mortality rate, under-5, male (per 1,000 live births)",SH.DYN.MORT.MA,Y tế & Sức khỏe,2025,
Viet Nam,VNM,"Maternal mortality ratio (modeled estimate, per 100,000 live births)",SH.STA.MMRT,Y tế & Sức khỏe,2015,58.0
Viet Nam,VNM,"Maternal mortality ratio (modeled estimate, per 100,000 live births)",SH.STA.MMRT,Y tế & Sức khỏe,2016,56.0
Viet Nam,VNM,"Maternal mortality ratio (modeled estimate, per 100,000 live births)",SH.STA.MMRT,Y tế & Sức khỏe,2017,55.0
Viet Nam,VNM,"Maternal mortality ratio (modeled estimate, per 100,000 live births)",SH.STA.MMRT,Y tế & Sức khỏe,2018,53.0
Viet Nam,VNM,"Maternal mortality ratio (modeled estimate, per 100,000 live births)",SH.STA.MMRT,Y tế & Sức khỏe,2019,52.0
Viet Nam,VNM,"Maternal mortality ratio (modeled estimate, per 100,000 live births)",SH.STA.MMRT,Y tế & Sức khỏe,2020,51.0
Viet Nam,VNM,"Maternal mortality ratio (modeled estimate, per 100,000 live births)",SH.STA.MMRT,Y tế & Sức khỏe,2021,52.0
Viet Nam,VNM,"Maternal mortality ratio (modeled estimate, per 100,000 live births)",SH.STA.MMRT,Y tế & Sức khỏe,2022,49.0
Viet Nam,VNM,"Maternal mortality ratio (modeled estimate, per 100,000 live births)",SH.STA.MMRT,Y tế & Sức khỏe,2023,48.0
Viet Nam,VNM,"Maternal mortality ratio (modeled estimate, per 100,000 live births)",SH.STA.MMRT,Y tế & Sức khỏe,2024,
Viet Nam,VNM,"Maternal mortality ratio (modeled estimate, per 100,000 live births)",SH.STA.MMRT,Y tế & Sức khỏe,2025,
Viet Nam,VNM,"Maternal mortality ratio (national estimate, per 100,000 live births)",SH.STA.MMRT.NE,Y tế & Sức khỏe,2015,
Viet Nam,VNM,"Maternal mortality ratio (national estimate, per 100,000 live births)",SH.STA.MMRT.NE,Y tế & Sức khỏe,2016,
Viet Nam,VNM,"Maternal mortality ratio (national estimate, per 100,000 live births)",SH.STA.MMRT.NE,Y tế & Sức khỏe,2017,
Viet Nam,VNM,"Maternal mortality ratio (national estimate, per 100,000 live births)",SH.STA.MMRT.NE,Y tế & Sức khỏe,2018,
Viet Nam,VNM,"Maternal mortality ratio (national estimate, per 100,000 live births)",SH.STA.MMRT.NE,Y tế & Sức khỏe,2019,
Viet Nam,VNM,"Maternal mortality ratio (national estimate, per 100,000 live births)",SH.STA.MMRT.NE,Y tế & Sức khỏe,2020,
Viet Nam,VNM,"Maternal mortality ratio (national estimate, per 100,000 live births)",SH.STA.MMRT.NE,Y tế & Sức khỏe,2021,
Viet Nam,VNM,"Maternal mortality ratio (national estimate, per 100,000 live births)",SH.STA.MMRT.NE,Y tế & Sức khỏe,2022,
Viet Nam,VNM,"Maternal mortality ratio (national estimate, per 100,000 live births)",SH.STA.MMRT.NE,Y tế & Sức khỏe,2023,
Viet Nam,VNM,"Maternal mortality ratio (national estimate, per 100,000 live births)",SH.STA.MMRT.NE,Y tế & Sức khỏe,2024,
Viet Nam,VNM,"Maternal mortality ratio (national estimate, per 100,000 live births)",SH.STA.MMRT.NE,Y tế & Sức khỏe,2025,
Viet Nam,VNM,"Hospital beds (per 1,000 people)",SH.MED.BEDS.ZS,Y tế & Sức khỏe,2015,2.51
Viet Nam,VNM,"Hospital beds (per 1,000 people)",SH.MED.BEDS.ZS,Y tế & Sức khỏe,2016,2.47
Viet Nam,VNM,"Hospital beds (per 1,000 people)",SH.MED.BEDS.ZS,Y tế & Sức khỏe,2017,2.52
Viet Nam,VNM,"Hospital beds (per 1,000 people)",SH.MED.BEDS.ZS,Y tế & Sức khỏe,2018,
Viet Nam,VNM,"Hospital beds (per 1,000 people)",SH.MED.BEDS.ZS,Y tế & Sức khỏe,2019,
Viet Nam,VNM,"Hospital beds (per 1,000 people)",SH.MED.BEDS.ZS,Y tế & Sức khỏe,2020,
Viet Nam,VNM,"Hospital beds (per 1,000 people)",SH.MED.BEDS.ZS,Y tế & Sức khỏe,2021,
Viet Nam,VNM,"Hospital beds (per 1,000 people)",SH.MED.BEDS.ZS,Y tế & Sức khỏe,2022,
Viet Nam,VNM,"Hospital beds (per 1,000 people)",SH.MED.BEDS.ZS,Y tế & Sức khỏe,2023,
Viet Nam,VNM,"Hospital beds (per 1,000 people)",SH.MED.BEDS.ZS,Y tế & Sức khỏe,2024,
Viet Nam,VNM,"Hospital beds (per 1,000 people)",SH.MED.BEDS.ZS,Y tế & Sức khỏe,2025,
Viet Nam,VNM,"Physicians (per 1,000 people)",SH.MED.PHYS.ZS,Y tế & Sức khỏe,2015,0.795
Viet Nam,VNM,"Physicians (per 1,000 people)",SH.MED.PHYS.ZS,Y tế & Sức khỏe,2016,0.825
Viet Nam,VNM,"Physicians (per 1,000 people)",SH.MED.PHYS.ZS,Y tế & Sức khỏe,2017,
Viet Nam,VNM,"Physicians (per 1,000 people)",SH.MED.PHYS.ZS,Y tế & Sức khỏe,2018,0.881
Viet Nam,VNM,"Physicians (per 1,000 people)",SH.MED.PHYS.ZS,Y tế & Sức khỏe,2019,0.99
Viet Nam,VNM,"Physicians (per 1,000 people)",SH.MED.PHYS.ZS,Y tế & Sức khỏe,2020,0.856
Viet Nam,VNM,"Physicians (per 1,000 people)",SH.MED.PHYS.ZS,Y tế & Sức khỏe,2021,1.107
Viet Nam,VNM,"Physicians (per 1,000 people)",SH.MED.PHYS.ZS,Y tế & Sức khỏe,2022,
Viet Nam,VNM,"Physicians (per 1,000 people)",SH.MED.PHYS.ZS,Y tế & Sức khỏe,2023,
Viet Nam,VNM,"Physicians (per 1,000 people)",SH.MED.PHYS.ZS,Y tế & Sức khỏe,2024,
Viet Nam,VNM,"Physicians (per 1,000 people)",SH.MED.PHYS.ZS,Y tế & Sức khỏe,2025,
Timor-Leste,TLS,"Life expectancy at birth, total (years)",SP.DYN.LE00.IN,Y tế & Sức khỏe,2015,65.326
Timor-Leste,TLS,"Life expectancy at birth, total (years)",SP.DYN.LE00.IN,Y tế & Sức khỏe,2016,65.61
Timor-Leste,TLS,"Life expectancy at birth, total (years)",SP.DYN.LE00.IN,Y tế & Sức khỏe,2017,65.898
Timor-Leste,TLS,"Life expectancy at birth, total (years)",SP.DYN.LE00.IN,Y tế & Sức khỏe,2018,66.204
Timor-Leste,TLS,"Life expectancy at birth, total (years)",SP.DYN.LE00.IN,Y tế & Sức khỏe,2019,66.496
Timor-Leste,TLS,"Life expectancy at birth, total (years)",SP.DYN.LE00.IN,Y tế & Sức khỏe,2020,66.919
Timor-Leste,TLS,"Life expectancy at birth, total (years)",SP.DYN.LE00.IN,Y tế & Sức khỏe,2021,66.199
Timor-Leste,TLS,"Life expectancy at birth, total (years)",SP.DYN.LE00.IN,Y tế & Sức khỏe,2022,67.368
Timor-Leste,TLS,"Life expectancy at birth, total (years)",SP.DYN.LE00.IN,Y tế & Sức khỏe,2023,67.689
Timor-Leste,TLS,"Life expectancy at birth, total (years)",SP.DYN.LE00.IN,Y tế & Sức khỏe,2024,67.904
Timor-Leste,TLS,"Life expectancy at birth, total (years)",SP.DYN.LE00.IN,Y tế & Sức khỏe,2025,
Timor-Leste,TLS,Current health expenditure (% of GDP),SH.XPD.CHEX.GD.ZS,Y tế & Sức khỏe,2015,7.69146681
Timor-Leste,TLS,Current health expenditure (% of GDP),SH.XPD.CHEX.GD.ZS,Y tế & Sức khỏe,2016,6.94250727
Timor-Leste,TLS,Current health expenditure (% of GDP),SH.XPD.CHEX.GD.ZS,Y tế & Sức khỏe,2017,6.80442286
Timor-Leste,TLS,Current health expenditure (% of GDP),SH.XPD.CHEX.GD.ZS,Y tế & Sức khỏe,2018,6.40227413
Timor-Leste,TLS,Current health expenditure (% of GDP),SH.XPD.CHEX.GD.ZS,Y tế & Sức khỏe,2019,4.99218798
Timor-Leste,TLS,Current health expenditure (% of GDP),SH.XPD.CHEX.GD.ZS,Y tế & Sức khỏe,2020,7.26445007
Timor-Leste,TLS,Current health expenditure (% of GDP),SH.XPD.CHEX.GD.ZS,Y tế & Sức khỏe,2021,4.9192977
Timor-Leste,TLS,Current health expenditure (% of GDP),SH.XPD.CHEX.GD.ZS,Y tế & Sức khỏe,2022,7.46371841
Timor-Leste,TLS,Current health expenditure (% of GDP),SH.XPD.CHEX.GD.ZS,Y tế & Sức khỏe,2023,9.59779453
Timor-Leste,TLS,Current health expenditure (% of GDP),SH.XPD.CHEX.GD.ZS,Y tế & Sức khỏe,2024,
Timor-Leste,TLS,Current health expenditure (% of GDP),SH.XPD.CHEX.GD.ZS,Y tế & Sức khỏe,2025,
Timor-Leste,TLS,"Mortality rate, under-5 (per 1,000 live births)",SH.DYN.MORT,Y tế & Sức khỏe,2015,60.2
Timor-Leste,TLS,"Mortality rate, under-5 (per 1,000 live births)",SH.DYN.MORT,Y tế & Sức khỏe,2016,58.7
Timor-Leste,TLS,"Mortality rate, under-5 (per 1,000 live births)",SH.DYN.MORT,Y tế & Sức khỏe,2017,57.3
Timor-Leste,TLS,"Mortality rate, under-5 (per 1,000 live births)",SH.DYN.MORT,Y tế & Sức khỏe,2018,56.0
Timor-Leste,TLS,"Mortality rate, under-5 (per 1,000 live births)",SH.DYN.MORT,Y tế & Sức khỏe,2019,54.8
Timor-Leste,TLS,"Mortality rate, under-5 (per 1,000 live births)",SH.DYN.MORT,Y tế & Sức khỏe,2020,53.4
Timor-Leste,TLS,"Mortality rate, under-5 (per 1,000 live births)",SH.DYN.MORT,Y tế & Sức khỏe,2021,52.0
Timor-Leste,TLS,"Mortality rate, under-5 (per 1,000 live births)",SH.DYN.MORT,Y tế & Sức khỏe,2022,50.7
Timor-Leste,TLS,"Mortality rate, under-5 (per 1,000 live births)",SH.DYN.MORT,Y tế & Sức khỏe,2023,49.2
Timor-Leste,TLS,"Mortality rate, under-5 (per 1,000 live births)",SH.DYN.MORT,Y tế & Sức khỏe,2024,47.6
Timor-Leste,TLS,"Mortality rate, under-5 (per 1,000 live births)",SH.DYN.MORT,Y tế & Sức khỏe,2025,
Timor-Leste,TLS,"Mortality rate, under-5, female (per 1,000 live births)",SH.DYN.MORT.FE,Y tế & Sức khỏe,2015,55.2
Timor-Leste,TLS,"Mortality rate, under-5, female (per 1,000 live births)",SH.DYN.MORT.FE,Y tế & Sức khỏe,2016,53.6
Timor-Leste,TLS,"Mortality rate, under-5, female (per 1,000 live births)",SH.DYN.MORT.FE,Y tế & Sức khỏe,2017,52.4
Timor-Leste,TLS,"Mortality rate, under-5, female (per 1,000 live births)",SH.DYN.MORT.FE,Y tế & Sức khỏe,2018,51.2
Timor-Leste,TLS,"Mortality rate, under-5, female (per 1,000 live births)",SH.DYN.MORT.FE,Y tế & Sức khỏe,2019,50.0
Timor-Leste,TLS,"Mortality rate, under-5, female (per 1,000 live births)",SH.DYN.MORT.FE,Y tế & Sức khỏe,2020,48.8
Timor-Leste,TLS,"Mortality rate, under-5, female (per 1,000 live births)",SH.DYN.MORT.FE,Y tế & Sức khỏe,2021,47.5
Timor-Leste,TLS,"Mortality rate, under-5, female (per 1,000 live births)",SH.DYN.MORT.FE,Y tế & Sức khỏe,2022,46.2
Timor-Leste,TLS,"Mortality rate, under-5, female (per 1,000 live births)",SH.DYN.MORT.FE,Y tế & Sức khỏe,2023,44.8
Timor-Leste,TLS,"Mortality rate, under-5, female (per 1,000 live births)",SH.DYN.MORT.FE,Y tế & Sức khỏe,2024,43.4
Timor-Leste,TLS,"Mortality rate, under-5, female (per 1,000 live births)",SH.DYN.MORT.FE,Y tế & Sức khỏe,2025,
Timor-Leste,TLS,"Mortality rate, under-5, male (per 1,000 live births)",SH.DYN.MORT.MA,Y tế & Sức khỏe,2015,65.0
Timor-Leste,TLS,"Mortality rate, under-5, male (per 1,000 live births)",SH.DYN.MORT.MA,Y tế & Sức khỏe,2016,63.3
Timor-Leste,TLS,"Mortality rate, under-5, male (per 1,000 live births)",SH.DYN.MORT.MA,Y tế & Sức khỏe,2017,61.9
Timor-Leste,TLS,"Mortality rate, under-5, male (per 1,000 live births)",SH.DYN.MORT.MA,Y tế & Sức khỏe,2018,60.6
Timor-Leste,TLS,"Mortality rate, under-5, male (per 1,000 live births)",SH.DYN.MORT.MA,Y tế & Sức khỏe,2019,59.3
Timor-Leste,TLS,"Mortality rate, under-5, male (per 1,000 live births)",SH.DYN.MORT.MA,Y tế & Sức khỏe,2020,57.9
Timor-Leste,TLS,"Mortality rate, under-5, male (per 1,000 live births)",SH.DYN.MORT.MA,Y tế & Sức khỏe,2021,56.4
Timor-Leste,TLS,"Mortality rate, under-5, male (per 1,000 live births)",SH.DYN.MORT.MA,Y tế & Sức khỏe,2022,54.9
Timor-Leste,TLS,"Mortality rate, under-5, male (per 1,000 live births)",SH.DYN.MORT.MA,Y tế & Sức khỏe,2023,53.3
Timor-Leste,TLS,"Mortality rate, under-5, male (per 1,000 live births)",SH.DYN.MORT.MA,Y tế & Sức khỏe,2024,51.7
Timor-Leste,TLS,"Mortality rate, under-5, male (per 1,000 live births)",SH.DYN.MORT.MA,Y tế & Sức khỏe,2025,
Timor-Leste,TLS,"Maternal mortality ratio (modeled estimate, per 100,000 live births)",SH.STA.MMRT,Y tế & Sức khỏe,2015,305.0
Timor-Leste,TLS,"Maternal mortality ratio (modeled estimate, per 100,000 live births)",SH.STA.MMRT,Y tế & Sức khỏe,2016,287.0
Timor-Leste,TLS,"Maternal mortality ratio (modeled estimate, per 100,000 live births)",SH.STA.MMRT,Y tế & Sức khỏe,2017,269.0
Timor-Leste,TLS,"Maternal mortality ratio (modeled estimate, per 100,000 live births)",SH.STA.MMRT,Y tế & Sức khỏe,2018,251.0
Timor-Leste,TLS,"Maternal mortality ratio (modeled estimate, per 100,000 live births)",SH.STA.MMRT,Y tế & Sức khỏe,2019,237.0
Timor-Leste,TLS,"Maternal mortality ratio (modeled estimate, per 100,000 live births)",SH.STA.MMRT,Y tế & Sức khỏe,2020,257.0
Timor-Leste,TLS,"Maternal mortality ratio (modeled estimate, per 100,000 live births)",SH.STA.MMRT,Y tế & Sức khỏe,2021,263.0
Timor-Leste,TLS,"Maternal mortality ratio (modeled estimate, per 100,000 live births)",SH.STA.MMRT,Y tế & Sức khỏe,2022,235.0
Timor-Leste,TLS,"Maternal mortality ratio (modeled estimate, per 100,000 live births)",SH.STA.MMRT,Y tế & Sức khỏe,2023,192.0
Timor-Leste,TLS,"Maternal mortality ratio (modeled estimate, per 100,000 live births)",SH.STA.MMRT,Y tế & Sức khỏe,2024,
Timor-Leste,TLS,"Maternal mortality ratio (modeled estimate, per 100,000 live births)",SH.STA.MMRT,Y tế & Sức khỏe,2025,
Timor-Leste,TLS,"Maternal mortality ratio (national estimate, per 100,000 live births)",SH.STA.MMRT.NE,Y tế & Sức khỏe,2015,
Timor-Leste,TLS,"Maternal mortality ratio (national estimate, per 100,000 live births)",SH.STA.MMRT.NE,Y tế & Sức khỏe,2016,195.0
Timor-Leste,TLS,"Maternal mortality ratio (national estimate, per 100,000 live births)",SH.STA.MMRT.NE,Y tế & Sức khỏe,2017,
Timor-Leste,TLS,"Maternal mortality ratio (national estimate, per 100,000 live births)",SH.STA.MMRT.NE,Y tế & Sức khỏe,2018,
Timor-Leste,TLS,"Maternal mortality ratio (national estimate, per 100,000 live births)",SH.STA.MMRT.NE,Y tế & Sức khỏe,2019,
Timor-Leste,TLS,"Maternal mortality ratio (national estimate, per 100,000 live births)",SH.STA.MMRT.NE,Y tế & Sức khỏe,2020,
Timor-Leste,TLS,"Maternal mortality ratio (national estimate, per 100,000 live births)",SH.STA.MMRT.NE,Y tế & Sức khỏe,2021,
Timor-Leste,TLS,"Maternal mortality ratio (national estimate, per 100,000 live births)",SH.STA.MMRT.NE,Y tế & Sức khỏe,2022,
Timor-Leste,TLS,"Maternal mortality ratio (national estimate, per 100,000 live births)",SH.STA.MMRT.NE,Y tế & Sức khỏe,2023,
Timor-Leste,TLS,"Maternal mortality ratio (national estimate, per 100,000 live births)",SH.STA.MMRT.NE,Y tế & Sức khỏe,2024,
Timor-Leste,TLS,"Maternal mortality ratio (national estimate, per 100,000 live births)",SH.STA.MMRT.NE,Y tế & Sức khỏe,2025,
Timor-Leste,TLS,"Hospital beds (per 1,000 people)",SH.MED.BEDS.ZS,Y tế & Sức khỏe,2015,0.39
Timor-Leste,TLS,"Hospital beds (per 1,000 people)",SH.MED.BEDS.ZS,Y tế & Sức khỏe,2016,
Timor-Leste,TLS,"Hospital beds (per 1,000 people)",SH.MED.BEDS.ZS,Y tế & Sức khỏe,2017,0.42
Timor-Leste,TLS,"Hospital beds (per 1,000 people)",SH.MED.BEDS.ZS,Y tế & Sức khỏe,2018,0.42
Timor-Leste,TLS,"Hospital beds (per 1,000 people)",SH.MED.BEDS.ZS,Y tế & Sức khỏe,2019,0.41
Timor-Leste,TLS,"Hospital beds (per 1,000 people)",SH.MED.BEDS.ZS,Y tế & Sức khỏe,2020,0.4
Timor-Leste,TLS,"Hospital beds (per 1,000 people)",SH.MED.BEDS.ZS,Y tế & Sức khỏe,2021,0.39
Timor-Leste,TLS,"Hospital beds (per 1,000 people)",SH.MED.BEDS.ZS,Y tế & Sức khỏe,2022,0.39
Timor-Leste,TLS,"Hospital beds (per 1,000 people)",SH.MED.BEDS.ZS,Y tế & Sức khỏe,2023,0.38
Timor-Leste,TLS,"Hospital beds (per 1,000 people)",SH.MED.BEDS.ZS,Y tế & Sức khỏe,2024,
Timor-Leste,TLS,"Hospital beds (per 1,000 people)",SH.MED.BEDS.ZS,Y tế & Sức khỏe,2025,
Timor-Leste,TLS,"Physicians (per 1,000 people)",SH.MED.PHYS.ZS,Y tế & Sức khỏe,2015,0.69
Timor-Leste,TLS,"Physicians (per 1,000 people)",SH.MED.PHYS.ZS,Y tế & Sức khỏe,2016,
Timor-Leste,TLS,"Physicians (per 1,000 people)",SH.MED.PHYS.ZS,Y tế & Sức khỏe,2017,0.745
Timor-Leste,TLS,"Physicians (per 1,000 people)",SH.MED.PHYS.ZS,Y tế & Sức khỏe,2018,0.718
Timor-Leste,TLS,"Physicians (per 1,000 people)",SH.MED.PHYS.ZS,Y tế & Sức khỏe,2019,0.764
Timor-Leste,TLS,"Physicians (per 1,000 people)",SH.MED.PHYS.ZS,Y tế & Sức khỏe,2020,0.752
Timor-Leste,TLS,"Physicians (per 1,000 people)",SH.MED.PHYS.ZS,Y tế & Sức khỏe,2021,
Timor-Leste,TLS,"Physicians (per 1,000 people)",SH.MED.PHYS.ZS,Y tế & Sức khỏe,2022,
Timor-Leste,TLS,"Physicians (per 1,000 people)",SH.MED.PHYS.ZS,Y tế & Sức khỏe,2023,
Timor-Leste,TLS,"Physicians (per 1,000 people)",SH.MED.PHYS.ZS,Y tế & Sức khỏe,2024,
Timor-Leste,TLS,"Physicians (per 1,000 people)",SH.MED.PHYS.ZS,Y tế & Sức khỏe,2025,
