CountryCode,SeriesCode,Year,Value
BRN,IT.NET.USER.ZS,2015,71.19999695
BRN,IT.NET.USER.ZS,2016,90.0
BRN,IT.NET.USER.ZS,2017,94.86669922
BRN,IT.NET.USER.ZS,2018,95.0
BRN,IT.NET.USER.ZS,2019,95.0
BRN,IT.NET.USER.ZS,2020,96.30549622
BRN,IT.NET.USER.ZS,2021,97.62879944
BRN,IT.NET.USER.ZS,2022,98.97042579
BRN,IT.NET.USER.ZS,2023,98.97039795
BRN,IT.NET.USER.ZS,2024,96.29828801
BRN,IT.CEL.SETS.P2,2015,109.7514992
BRN,IT.CEL.SETS.P2,2016,122.426818
BRN,IT.CEL.SETS.P2,2017,125.8704352
BRN,IT.CEL.SETS.P2,2018,129.2681757
BRN,IT.CEL.SETS.P2,2019,129.8452607
BRN,IT.CEL.SETS.P2,2020,119.9338853
BRN,IT.CEL.SETS.P2,2021,133.5970654
BRN,IT.CEL.SETS.P2,2022,116.1084393
BRN,IT.CEL.SETS.P2,2023,118.6737524
BRN,IT.CEL.SETS.P2,2024,118.1305798
BRN,IT.NET.BBND.P2,2015,8.153486874
BRN,IT.NET.BBND.P2,2016,8.447858098
BRN,IT.NET.BBND.P2,2017,9.490447626
BRN,IT.NET.BBND.P2,2018,11.29531075
BRN,IT.NET.BBND.P2,2019,12.24247764
BRN,IT.NET.BBND.P2,2020,15.88676006
BRN,IT.NET.BBND.P2,2021,17.58098472
BRN,IT.NET.BBND.P2,2022,19.80499374
BRN,IT.NET.BBND.P2,2023,20.2120497
BRN,IT.NET.BBND.P2,2024,21.17712401
BRN,IT.NET.SECR.P6,2015,563.6978579
BRN,IT.NET.SECR.P6,2016,601.0796045
BRN,IT.NET.SECR.P6,2017,1589.751648
BRN,IT.NET.SECR.P6,2018,1948.333752
BRN,IT.NET.SECR.P6,2019,10492.90684
BRN,IT.NET.SECR.P6,2020,15399.95172
BRN,IT.NET.SECR.P6,2021,14092.76965
BRN,IT.NET.SECR.P6,2022,21094.93379
BRN,IT.NET.SECR.P6,2023,8774.395412
BRN,IT.NET.SECR.P6,2024,16128.5094
KHM,IT.NET.USER.ZS,2015,6.43319107
KHM,IT.NET.USER.ZS,2016,32.39845171
KHM,IT.NET.USER.ZS,2017,32.90027854
KHM,IT.NET.USER.ZS,2018,65.0
KHM,IT.NET.USER.ZS,2019,52.30587822
KHM,IT.NET.USER.ZS,2020,56.37590027
KHM,IT.NET.USER.ZS,2021,60.76269913
KHM,IT.NET.USER.ZS,2022,65.49079895
KHM,IT.NET.USER.ZS,2023,68.92549896
KHM,IT.NET.USER.ZS,2024,68.47530365
KHM,IT.CEL.SETS.P2,2015,133.458414
KHM,IT.CEL.SETS.P2,2016,125.6276445
KHM,IT.CEL.SETS.P2,2017,115.5511924
KHM,IT.CEL.SETS.P2,2018,119.3099435
KHM,IT.CEL.SETS.P2,2019,129.9574415
KHM,IT.CEL.SETS.P2,2020,126.0758948
KHM,IT.CEL.SETS.P2,2021,117.2347852
KHM,IT.CEL.SETS.P2,2022,113.3915066
KHM,IT.CEL.SETS.P2,2023,120.8091194
KHM,IT.CEL.SETS.P2,2024,116.0919611
KHM,IT.NET.BBND.P2,2015,0.534485428
KHM,IT.NET.BBND.P2,2016,0.615922623
KHM,IT.NET.BBND.P2,2017,0.831393686
KHM,IT.NET.BBND.P2,2018,1.02122815
KHM,IT.NET.BBND.P2,2019,1.118716092
KHM,IT.NET.BBND.P2,2020,1.397700298
KHM,IT.NET.BBND.P2,2021,1.980894063
KHM,IT.NET.BBND.P2,2022,2.963830835
KHM,IT.NET.BBND.P2,2023,3.641818011
KHM,IT.NET.BBND.P2,2024,4.145661601
KHM,IT.NET.SECR.P6,2015,10.11313202
KHM,IT.NET.SECR.P6,2016,20.37494568
KHM,IT.NET.SECR.P6,2017,54.93557917
KHM,IT.NET.SECR.P6,2018,80.98548148
KHM,IT.NET.SECR.P6,2019,159.3320529
KHM,IT.NET.SECR.P6,2020,188.4550477
KHM,IT.NET.SECR.P6,2021,166.3691091
KHM,IT.NET.SECR.P6,2022,183.4699824
KHM,IT.NET.SECR.P6,2023,223.1994252
KHM,IT.NET.SECR.P6,2024,817.2891117
IDN,IT.NET.USER.ZS,2015,22.0627426
IDN,IT.NET.USER.ZS,2016,25.4473537
IDN,IT.NET.USER.ZS,2017,32.33580625
IDN,IT.NET.USER.ZS,2018,39.90463864
IDN,IT.NET.USER.ZS,2019,47.69064898
IDN,IT.NET.USER.ZS,2020,53.72649449
IDN,IT.NET.USER.ZS,2021,62.10447842
IDN,IT.NET.USER.ZS,2022,66.48461277
IDN,IT.NET.USER.ZS,2023,69.20836554
IDN,IT.NET.USER.ZS,2024,72.78075544
IDN,IT.CEL.SETS.P2,2015,129.4687977
IDN,IT.CEL.SETS.P2,2016,145.7042513
IDN,IT.CEL.SETS.P2,2017,162.7825118
IDN,IT.CEL.SETS.P2,2018,118.3302169
IDN,IT.CEL.SETS.P2,2019,125.2443481
IDN,IT.CEL.SETS.P2,2020,129.4036211
IDN,IT.CEL.SETS.P2,2021,132.1994443
IDN,IT.CEL.SETS.P2,2022,122.8730122
IDN,IT.CEL.SETS.P2,2023,125.2381948
IDN,IT.CEL.SETS.P2,2024,122.5149465
IDN,IT.NET.BBND.P2,2015,1.521394739
IDN,IT.NET.BBND.P2,2016,1.975378455
IDN,IT.NET.BBND.P2,2017,2.325042343
IDN,IT.NET.BBND.P2,2018,3.287295913
IDN,IT.NET.BBND.P2,2019,3.774225609
IDN,IT.NET.BBND.P2,2020,3.929937691
IDN,IT.NET.BBND.P2,2021,4.487463279
IDN,IT.NET.BBND.P2,2022,4.821515079
IDN,IT.NET.BBND.P2,2023,4.816639558
IDN,IT.NET.BBND.P2,2024,4.921966854
IDN,IT.NET.SECR.P6,2015,17.45230369
IDN,IT.NET.SECR.P6,2016,302.6670502
IDN,IT.NET.SECR.P6,2017,1267.736064
IDN,IT.NET.SECR.P6,2018,1272.123177
IDN,IT.NET.SECR.P6,2019,1672.329389
IDN,IT.NET.SECR.P6,2020,1868.763533
IDN,IT.NET.SECR.P6,2021,2189.146778
IDN,IT.NET.SECR.P6,2022,2496.408849
IDN,IT.NET.SECR.P6,2023,2722.389906
IDN,IT.NET.SECR.P6,2024,2939.490218
LAO,IT.NET.USER.ZS,2015,18.20000076
LAO,IT.NET.USER.ZS,2016,21.87000084
LAO,IT.NET.USER.ZS,2017,25.51040077
LAO,IT.NET.USER.ZS,2018,36.27130127
LAO,IT.NET.USER.ZS,2019,47.03229904
LAO,IT.NET.USER.ZS,2020,54.0
LAO,IT.NET.USER.ZS,2021,62.0
LAO,IT.NET.USER.ZS,2022,64.54000092
LAO,IT.NET.USER.ZS,2023,64.39800262
LAO,IT.NET.USER.ZS,2024,65.59269714
LAO,IT.CEL.SETS.P2,2015,54.79794961
LAO,IT.CEL.SETS.P2,2016,57.29661959
LAO,IT.CEL.SETS.P2,2017,52.88878959
LAO,IT.CEL.SETS.P2,2018,51.37924915
LAO,IT.CEL.SETS.P2,2019,64.06685829
LAO,IT.CEL.SETS.P2,2020,63.1139886
LAO,IT.CEL.SETS.P2,2021,64.71014977
LAO,IT.CEL.SETS.P2,2022,63.35460465
LAO,IT.CEL.SETS.P2,2023,64.75880669
LAO,IT.NET.BBND.P2,2015,0.213918839
LAO,IT.NET.BBND.P2,2016,0.353548994
LAO,IT.NET.BBND.P2,2017,0.387808919
LAO,IT.NET.BBND.P2,2018,0.636626172
LAO,IT.NET.BBND.P2,2019,1.05393529
LAO,IT.NET.BBND.P2,2020,1.672108463
LAO,IT.NET.BBND.P2,2021,2.02268987
LAO,IT.NET.BBND.P2,2022,2.381860475
LAO,IT.NET.BBND.P2,2023,2.720211225
LAO,IT.NET.SECR.P6,2015,4.116651192
LAO,IT.NET.SECR.P6,2016,8.250344995
LAO,IT.NET.SECR.P6,2017,16.2436039
LAO,IT.NET.SECR.P6,2018,20.20189266
LAO,IT.NET.SECR.P6,2019,30.94933207
LAO,IT.NET.SECR.P6,2020,52.26955354
LAO,IT.NET.SECR.P6,2021,82.24661803
LAO,IT.NET.SECR.P6,2022,273.9777857
LAO,IT.NET.SECR.P6,2023,274.1033162
LAO,IT.NET.SECR.P6,2024,301.6801292
MYS,IT.NET.USER.ZS,2015,71.06406781
MYS,IT.NET.USER.ZS,2016,78.78830993
MYS,IT.NET.USER.ZS,2017,80.14047901
MYS,IT.NET.USER.ZS,2018,81.20104862
MYS,IT.NET.USER.ZS,2019,84.18714501
MYS,IT.NET.USER.ZS,2020,89.55501192
MYS,IT.NET.USER.ZS,2021,96.7514278
MYS,IT.NET.USER.ZS,2022,97.3986404
MYS,IT.NET.USER.ZS,2023,97.69272633
MYS,IT.NET.USER.ZS,2024,98.0206059
MYS,IT.CEL.SETS.P2,2015,141.2105313
MYS,IT.CEL.SETS.P2,2016,136.7251673
MYS,IT.CEL.SETS.P2,2017,130.8535228
MYS,IT.CEL.SETS.P2,2018,128.8731504
MYS,IT.CEL.SETS.P2,2019,133.3729219
MYS,IT.CEL.SETS.P2,2020,129.0179117
MYS,IT.CEL.SETS.P2,2021,137.6849386
MYS,IT.CEL.SETS.P2,2022,138.2084411
MYS,IT.CEL.SETS.P2,2023,142.7320921
MYS,IT.CEL.SETS.P2,2024,139.6646513
MYS,IT.NET.BBND.P2,2015,9.80955981
MYS,IT.NET.BBND.P2,2016,8.552459705
MYS,IT.NET.BBND.P2,2017,8.307051468
MYS,IT.NET.BBND.P2,2018,8.191798193
MYS,IT.NET.BBND.P2,2019,8.864973579
MYS,IT.NET.BBND.P2,2020,9.911017429
MYS,IT.NET.BBND.P2,2021,10.89217823
MYS,IT.NET.BBND.P2,2022,12.17535661
MYS,IT.NET.BBND.P2,2023,13.02870004
MYS,IT.NET.BBND.P2,2024,13.54644327
MYS,IT.NET.SECR.P6,2015,226.6527642
MYS,IT.NET.SECR.P6,2016,912.7803563
MYS,IT.NET.SECR.P6,2017,4727.645044
MYS,IT.NET.SECR.P6,2018,5473.069205
MYS,IT.NET.SECR.P6,2019,6424.167799
MYS,IT.NET.SECR.P6,2020,7157.514418
MYS,IT.NET.SECR.P6,2021,7998.185891
MYS,IT.NET.SECR.P6,2022,8416.741621
MYS,IT.NET.SECR.P6,2023,8082.519826
MYS,IT.NET.SECR.P6,2024,7475.461063
MMR,IT.NET.USER.ZS,2015,10.89999962
MMR,IT.NET.USER.ZS,2016,16.0
MMR,IT.NET.USER.ZS,2017,23.62108195
MMR,IT.NET.USER.ZS,2018,29.37899971
MMR,IT.NET.USER.ZS,2019,36.54050064
MMR,IT.NET.USER.ZS,2020,45.4477005
MMR,IT.CEL.SETS.P2,2015,80.23972297
MMR,IT.CEL.SETS.P2,2016,98.2342602
MMR,IT.CEL.SETS.P2,2017,92.39179552
MMR,IT.CEL.SETS.P2,2018,116.9721363
MMR,IT.CEL.SETS.P2,2019,155.6694169
MMR,IT.CEL.SETS.P2,2020,148.1582081
MMR,IT.CEL.SETS.P2,2021,127.2406451
MMR,IT.CEL.SETS.P2,2022,107.5350895
MMR,IT.CEL.SETS.P2,2023,121.0276268
MMR,IT.CEL.SETS.P2,2024,114.3290421
MMR,IT.NET.BBND.P2,2015,0.064438458
MMR,IT.NET.BBND.P2,2016,0.174162128
MMR,IT.NET.BBND.P2,2017,0.214986286
MMR,IT.NET.BBND.P2,2018,0.246880529
MMR,IT.NET.BBND.P2,2019,0.922960523
MMR,IT.NET.BBND.P2,2020,1.299245922
MMR,IT.NET.BBND.P2,2021,1.672761709
MMR,IT.NET.BBND.P2,2022,2.096946382
MMR,IT.NET.BBND.P2,2023,2.798298024
MMR,IT.NET.BBND.P2,2024,2.869657594
MMR,IT.NET.SECR.P6,2015,1.076551503
MMR,IT.NET.SECR.P6,2016,21.10856022
MMR,IT.NET.SECR.P6,2017,10.19367245
MMR,IT.NET.SECR.P6,2018,9.450521612
MMR,IT.NET.SECR.P6,2019,12.59481421
MMR,IT.NET.SECR.P6,2020,14.42946408
MMR,IT.NET.SECR.P6,2021,12.66223441
MMR,IT.NET.SECR.P6,2022,14.8260349
MMR,IT.NET.SECR.P6,2023,20.17224064
MMR,IT.NET.SECR.P6,2024,23.59629088
PHL,IT.NET.USER.ZS,2015,36.90000153
PHL,IT.NET.USER.ZS,2016,39.20000076
PHL,IT.NET.USER.ZS,2017,41.59999847
PHL,IT.NET.USER.ZS,2018,44.09999847
PHL,IT.NET.USER.ZS,2019,43.02661187
PHL,IT.NET.USER.ZS,2020,53.76490021
PHL,IT.NET.USER.ZS,2021,66.90779877
PHL,IT.NET.USER.ZS,2022,75.21114422
PHL,IT.NET.USER.ZS,2023,77.86699677
PHL,IT.NET.USER.ZS,2024,67.26300914
PHL,IT.CEL.SETS.P2,2015,111.8931974
PHL,IT.CEL.SETS.P2,2016,112.5179988
PHL,IT.CEL.SETS.P2,2017,110.9621371
PHL,IT.CEL.SETS.P2,2018,122.9604569
PHL,IT.CEL.SETS.P2,2019,151.0066429
PHL,IT.CEL.SETS.P2,2020,133.4562091
PHL,IT.CEL.SETS.P2,2021,144.42429
PHL,IT.CEL.SETS.P2,2022,147.4289264
PHL,IT.CEL.SETS.P2,2023,117.2755217
PHL,IT.CEL.SETS.P2,2024,115.2987496
PHL,IT.NET.BBND.P2,2015,2.753696334
PHL,IT.NET.BBND.P2,2016,2.797050536
PHL,IT.NET.BBND.P2,2017,3.144007262
PHL,IT.NET.BBND.P2,2018,3.46090446
PHL,IT.NET.BBND.P2,2019,5.697307035
PHL,IT.NET.BBND.P2,2020,7.08108895
PHL,IT.NET.BBND.P2,2021,8.508977157
PHL,IT.NET.BBND.P2,2022,7.639465251
PHL,IT.NET.BBND.P2,2023,6.539308551
PHL,IT.NET.BBND.P2,2024,7.138933012
PHL,IT.NET.SECR.P6,2015,20.31088434
PHL,IT.NET.SECR.P6,2016,39.36826434
PHL,IT.NET.SECR.P6,2017,85.45159299
PHL,IT.NET.SECR.P6,2018,90.46703545
PHL,IT.NET.SECR.P6,2019,108.6145429
PHL,IT.NET.SECR.P6,2020,111.0265851
PHL,IT.NET.SECR.P6,2021,133.6505131
PHL,IT.NET.SECR.P6,2022,100.1892364
PHL,IT.NET.SECR.P6,2023,305.4977257
PHL,IT.NET.SECR.P6,2024,131.5566056
SGP,IT.NET.USER.ZS,2015,79.012957
SGP,IT.NET.USER.ZS,2016,84.45226789
SGP,IT.NET.USER.ZS,2017,84.45226789
SGP,IT.NET.USER.ZS,2018,88.16563603
SGP,IT.NET.USER.ZS,2019,88.94925269
SGP,IT.NET.USER.ZS,2020,92.00434653
SGP,IT.NET.USER.ZS,2021,96.92468156
SGP,IT.NET.USER.ZS,2022,95.95386476
SGP,IT.NET.USER.ZS,2023,94.28518987
SGP,IT.NET.USER.ZS,2024,94.37757178
SGP,IT.CEL.SETS.P2,2015,149.006215
SGP,IT.CEL.SETS.P2,2016,151.6817171
SGP,IT.CEL.SETS.P2,2017,149.5678683
SGP,IT.CEL.SETS.P2,2018,152.073817
SGP,IT.CEL.SETS.P2,2019,159.3473783
SGP,IT.CEL.SETS.P2,2020,150.2593347
SGP,IT.CEL.SETS.P2,2021,157.9776752
SGP,IT.CEL.SETS.P2,2022,173.0052913
SGP,IT.CEL.SETS.P2,2023,173.199933
SGP,IT.CEL.SETS.P2,2024,170.782563
SGP,IT.NET.BBND.P2,2015,26.89789226
SGP,IT.NET.BBND.P2,2016,28.53926098
SGP,IT.NET.BBND.P2,2017,26.33260993
SGP,IT.NET.BBND.P2,2018,26.50873594
SGP,IT.NET.BBND.P2,2019,26.52761774
SGP,IT.NET.BBND.P2,2020,26.86227236
SGP,IT.NET.BBND.P2,2021,27.52109969
SGP,IT.NET.BBND.P2,2022,27.55100325
SGP,IT.NET.BBND.P2,2023,27.4343636
SGP,IT.NET.BBND.P2,2024,27.81365503
SGP,IT.NET.SECR.P6,2015,3585.18389
SGP,IT.NET.SECR.P6,2016,19060.74653
SGP,IT.NET.SECR.P6,2017,58690.33345
SGP,IT.NET.SECR.P6,2018,84713.85836
SGP,IT.NET.SECR.P6,2019,122481.3796
SGP,IT.NET.SECR.P6,2020,128377.7307
SGP,IT.NET.SECR.P6,2021,176692.0947
SGP,IT.NET.SECR.P6,2022,212649.3386
SGP,IT.NET.SECR.P6,2023,228648.4428
SGP,IT.NET.SECR.P6,2024,209665.4552
THA,IT.NET.USER.ZS,2015,39.31612674
THA,IT.NET.USER.ZS,2016,47.50496562
THA,IT.NET.USER.ZS,2017,52.89192934
THA,IT.NET.USER.ZS,2018,56.81748093
THA,IT.NET.USER.ZS,2019,66.65241946
THA,IT.NET.USER.ZS,2020,77.84374066
THA,IT.NET.USER.ZS,2021,85.26956666
THA,IT.NET.USER.ZS,2022,87.97724503
THA,IT.NET.USER.ZS,2023,89.53525238
THA,IT.NET.USER.ZS,2024,90.86718789
THA,IT.CEL.SETS.P2,2015,145.932577
THA,IT.CEL.SETS.P2,2016,168.8812708
THA,IT.CEL.SETS.P2,2017,170.7836996
THA,IT.CEL.SETS.P2,2018,175.2660019
THA,IT.CEL.SETS.P2,2019,181.2218742
THA,IT.CEL.SETS.P2,2020,162.3277374
THA,IT.CEL.SETS.P2,2021,168.4852854
THA,IT.CEL.SETS.P2,2022,176.2227925
THA,IT.CEL.SETS.P2,2023,168.6428083
THA,IT.CEL.SETS.P2,2024,160.6393123
THA,IT.NET.BBND.P2,2015,8.830351288
THA,IT.NET.BBND.P2,2016,10.1877169
THA,IT.NET.BBND.P2,2017,11.53453967
THA,IT.NET.BBND.P2,2018,12.87406107
THA,IT.NET.BBND.P2,2019,14.13380596
THA,IT.NET.BBND.P2,2020,16.02181356
THA,IT.NET.BBND.P2,2021,17.31688556
THA,IT.NET.BBND.P2,2022,17.51258156
THA,IT.NET.BBND.P2,2023,14.5089452
THA,IT.NET.BBND.P2,2024,14.88704912
THA,IT.NET.SECR.P6,2015,67.59209334
THA,IT.NET.SECR.P6,2016,142.5772321
THA,IT.NET.SECR.P6,2017,562.4352842
THA,IT.NET.SECR.P6,2018,927.8318581
THA,IT.NET.SECR.P6,2019,1366.581327
THA,IT.NET.SECR.P6,2020,1859.020676
THA,IT.NET.SECR.P6,2021,2134.318895
THA,IT.NET.SECR.P6,2022,2746.247947
THA,IT.NET.SECR.P6,2023,3002.534014
THA,IT.NET.SECR.P6,2024,3149.996726
VNM,IT.NET.USER.ZS,2015,45.0
VNM,IT.NET.USER.ZS,2016,53.0
VNM,IT.NET.USER.ZS,2017,58.14
VNM,IT.NET.USER.ZS,2018,69.84792868
VNM,IT.NET.USER.ZS,2019,68.66158021
VNM,IT.NET.USER.ZS,2020,70.30000012
VNM,IT.NET.USER.ZS,2021,74.20999985
VNM,IT.NET.USER.ZS,2022,78.58999918
VNM,IT.NET.USER.ZS,2023,78.08
VNM,IT.NET.USER.ZS,2024,84.15
VNM,IT.CEL.SETS.P2,2015,129.6270566
VNM,IT.CEL.SETS.P2,2016,128.2979627
VNM,IT.CEL.SETS.P2,2017,126.0979123
VNM,IT.CEL.SETS.P2,2018,146.1378408
VNM,IT.CEL.SETS.P2,2019,140.1925618
VNM,IT.CEL.SETS.P2,2020,141.6555587
VNM,IT.CEL.SETS.P2,2021,136.8063132
VNM,IT.CEL.SETS.P2,2022,137.8524228
VNM,IT.CEL.SETS.P2,2023,130.9914287
VNM,IT.CEL.SETS.P2,2024,127.6064717
VNM,IT.NET.BBND.P2,2015,8.249677392
VNM,IT.NET.BBND.P2,2016,9.67901774
VNM,IT.NET.BBND.P2,2017,11.84103168
VNM,IT.NET.BBND.P2,2018,13.50250728
VNM,IT.NET.BBND.P2,2019,15.23289576
VNM,IT.NET.BBND.P2,2020,17.02629154
VNM,IT.NET.BBND.P2,2021,19.53623273
VNM,IT.NET.BBND.P2,2022,21.36813808
VNM,IT.NET.BBND.P2,2023,22.6806675
VNM,IT.NET.BBND.P2,2024,23.71125921
VNM,IT.NET.SECR.P6,2015,32.67500189
VNM,IT.NET.SECR.P6,2016,277.6379523
VNM,IT.NET.SECR.P6,2017,1340.49225
VNM,IT.NET.SECR.P6,2018,1756.657415
VNM,IT.NET.SECR.P6,2019,2577.969184
VNM,IT.NET.SECR.P6,2020,3082.335783
VNM,IT.NET.SECR.P6,2021,3846.572225
VNM,IT.NET.SECR.P6,2022,4713.442142
VNM,IT.NET.SECR.P6,2023,5256.307705
VNM,IT.NET.SECR.P6,2024,5733.748568
TLS,IT.NET.USER.ZS,2015,18.60000038
TLS,IT.NET.USER.ZS,2016,21.20000076
TLS,IT.NET.USER.ZS,2017,24.20000076
TLS,IT.NET.USER.ZS,2018,27.60000038
TLS,IT.NET.USER.ZS,2019,28.00460052
TLS,IT.NET.USER.ZS,2020,32.01269913
TLS,IT.NET.USER.ZS,2021,35.04199982
TLS,IT.CEL.SETS.P2,2015,114.2339712
TLS,IT.CEL.SETS.P2,2016,121.477605
TLS,IT.CEL.SETS.P2,2017,124.3604913
TLS,IT.CEL.SETS.P2,2018,115.0893563
TLS,IT.CEL.SETS.P2,2019,109.5554385
TLS,IT.CEL.SETS.P2,2020,103.9110051
TLS,IT.CEL.SETS.P2,2021,102.6688363
TLS,IT.CEL.SETS.P2,2022,108.1583589
TLS,IT.CEL.SETS.P2,2023,112.647242
TLS,IT.CEL.SETS.P2,2024,116.3823915
TLS,IT.NET.BBND.P2,2015,0.08530193
TLS,IT.NET.BBND.P2,2017,0.267315809
TLS,IT.NET.BBND.P2,2018,0.00548607
TLS,IT.NET.BBND.P2,2019,0.006841181
TLS,IT.NET.BBND.P2,2020,0.006259177
TLS,IT.NET.BBND.P2,2021,0.010147103
TLS,IT.NET.BBND.P2,2022,0.010005149
TLS,IT.NET.BBND.P2,2023,0.005779153
TLS,IT.NET.BBND.P2,2024,0.005997267
TLS,IT.NET.SECR.P6,2015,9.127638406
TLS,IT.NET.SECR.P6,2016,11.39775562
TLS,IT.NET.SECR.P6,2017,11.98367344
TLS,IT.NET.SECR.P6,2018,28.99779695
TLS,IT.NET.SECR.P6,2019,37.66492819
TLS,IT.NET.SECR.P6,2020,89.74000285
TLS,IT.NET.SECR.P6,2021,118.5063168
TLS,IT.NET.SECR.P6,2022,211.7878178
TLS,IT.NET.SECR.P6,2023,240.5572259
TLS,IT.NET.SECR.P6,2024,264.8792907
BRN,SP.POP.TOTL.FE.IN,2015,198528.0
BRN,SP.POP.TOTL.FE.IN,2016,200827.0
BRN,SP.POP.TOTL.FE.IN,2017,203062.0
BRN,SP.POP.TOTL.FE.IN,2018,205214.0
BRN,SP.POP.TOTL.FE.IN,2019,207287.0
BRN,SP.POP.TOTL.FE.IN,2020,209300.0
BRN,SP.POP.TOTL.FE.IN,2021,211320.0
BRN,SP.POP.TOTL.FE.IN,2022,213203.0
BRN,SP.POP.TOTL.FE.IN,2023,215060.0
BRN,SP.POP.TOTL.FE.IN,2024,217022.0
BRN,SP.POP.TOTL.FE.IN,2025,218895.0
BRN,SP.POP.TOTL.FE.ZS,2015,47.0209278750959
BRN,SP.POP.TOTL.FE.ZS,2016,46.9700442506853
BRN,SP.POP.TOTL.FE.ZS,2017,46.9212425942529
BRN,SP.POP.TOTL.FE.ZS,2018,46.8729514468638
BRN,SP.POP.TOTL.FE.ZS,2019,46.8254721243336
BRN,SP.POP.TOTL.FE.ZS,2020,46.7810899792804
BRN,SP.POP.TOTL.FE.ZS,2021,46.7811918887807
BRN,SP.POP.TOTL.FE.ZS,2022,46.8198318286928
BRN,SP.POP.TOTL.FE.ZS,2023,46.8593391843956
BRN,SP.POP.TOTL.FE.ZS,2024,46.9011631173793
BRN,SP.POP.TOTL.FE.ZS,2025,46.9399352389938
BRN,SP.POP.TOTL.MA.IN,2015,223684.0
BRN,SP.POP.TOTL.MA.IN,2016,226737.0
BRN,SP.POP.TOTL.MA.IN,2017,229710.0
BRN,SP.POP.TOTL.MA.IN,2018,232596.0
BRN,SP.POP.TOTL.MA.IN,2019,235393.0
BRN,SP.POP.TOTL.MA.IN,2020,238104.0
BRN,SP.POP.TOTL.MA.IN,2021,240401.0
BRN,SP.POP.TOTL.MA.IN,2022,242167.0
BRN,SP.POP.TOTL.MA.IN,2023,243889.0
BRN,SP.POP.TOTL.MA.IN,2024,245699.0
BRN,SP.POP.TOTL.MA.IN,2025,247435.0
BRN,SP.POP.TOTL.MA.ZS,2015,52.9790721249041
BRN,SP.POP.TOTL.MA.ZS,2016,53.0299557493147
BRN,SP.POP.TOTL.MA.ZS,2017,53.0787574057471
BRN,SP.POP.TOTL.MA.ZS,2018,53.1270485531362
BRN,SP.POP.TOTL.MA.ZS,2019,53.1745278756664
BRN,SP.POP.TOTL.MA.ZS,2020,53.2189100207196
BRN,SP.POP.TOTL.MA.ZS,2021,53.2188081112193
BRN,SP.POP.TOTL.MA.ZS,2022,53.1801681713072
BRN,SP.POP.TOTL.MA.ZS,2023,53.1406608156044
BRN,SP.POP.TOTL.MA.ZS,2024,53.0988368826207
BRN,SP.POP.TOTL.MA.ZS,2025,53.0600647610062
BRN,SP.POP.TOTL,2015,422212.0
BRN,SP.POP.TOTL,2016,427564.0
BRN,SP.POP.TOTL,2017,432772.0
BRN,SP.POP.TOTL,2018,437810.0
BRN,SP.POP.TOTL,2019,442680.0
BRN,SP.POP.TOTL,2020,447404.0
BRN,SP.POP.TOTL,2021,451721.0
BRN,SP.POP.TOTL,2022,455370.0
BRN,SP.POP.TOTL,2023,458949.0
BRN,SP.POP.TOTL,2024,462721.0
BRN,SP.POP.TOTL,2025,466330.0
BRN,SP.POP.GROW,2015,1.30210359279592
BRN,SP.POP.GROW,2016,1.25964272152269
BRN,SP.POP.GROW,2017,1.2107045656128
BRN,SP.POP.GROW,2018,1.15739958778106
BRN,SP.POP.GROW,2019,1.10621350885567
BRN,SP.POP.GROW,2020,1.06148281648515
BRN,SP.POP.GROW,2021,0.96027430523198
BRN,SP.POP.GROW,2022,0.804554269312164
BRN,SP.POP.GROW,2023,0.782881746925984
BRN,SP.POP.GROW,2024,0.81851878860359
BRN,SP.POP.GROW,2025,0.776925734682091
BRN,SP.URB.TOTL.IN.ZS,2015,74.9484620568562
BRN,SP.URB.TOTL.IN.ZS,2016,74.8816070556641
BRN,SP.URB.TOTL.IN.ZS,2017,74.8476440654983
BRN,SP.URB.TOTL.IN.ZS,2018,74.8172471714305
BRN,SP.URB.TOTL.IN.ZS,2019,74.7923311783673
BRN,SP.URB.TOTL.IN.ZS,2020,74.7748108912151
BRN,SP.URB.TOTL.IN.ZS,2021,74.7667316936175
BRN,SP.URB.TOTL.IN.ZS,2022,74.7772642014221
BRN,SP.URB.TOTL.IN.ZS,2023,74.8199193881365
BRN,SP.URB.TOTL.IN.ZS,2024,74.8983133873697
BRN,SP.URB.TOTL.IN.ZS,2025,75.0109886586819
BRN,SP.DYN.TFRT.IN,2015,1.947
BRN,SP.DYN.TFRT.IN,2016,1.915
BRN,SP.DYN.TFRT.IN,2017,1.881
BRN,SP.DYN.TFRT.IN,2018,1.848
BRN,SP.DYN.TFRT.IN,2019,1.819
BRN,SP.DYN.TFRT.IN,2020,1.796
BRN,SP.DYN.TFRT.IN,2021,1.778
BRN,SP.DYN.TFRT.IN,2022,1.764
BRN,SP.DYN.TFRT.IN,2023,1.747
BRN,SP.DYN.TFRT.IN,2024,1.731
BRN,SP.POP.0014.TO.ZS,2015,23.5771645253623
BRN,SP.POP.0014.TO.ZS,2016,23.1364193430691
BRN,SP.POP.0014.TO.ZS,2017,22.7212019261875
BRN,SP.POP.0014.TO.ZS,2018,22.3246640376694
BRN,SP.POP.0014.TO.ZS,2019,21.9466657630794
BRN,SP.POP.0014.TO.ZS,2020,21.5994063524313
BRN,SP.POP.0014.TO.ZS,2021,21.3389695619304
BRN,SP.POP.0014.TO.ZS,2022,21.1818094975619
BRN,SP.POP.0014.TO.ZS,2023,21.0243633000217
BRN,SP.POP.0014.TO.ZS,2024,20.825269627627
BRN,SP.POP.0014.TO.ZS,2025,20.625929464189
BRN,SP.POP.65UP.TO.ZS,2015,4.15680292933755
BRN,SP.POP.65UP.TO.ZS,2016,4.40308351498255
BRN,SP.POP.65UP.TO.ZS,2017,4.67856053533962
BRN,SP.POP.65UP.TO.ZS,2018,4.97590847160694
BRN,SP.POP.65UP.TO.ZS,2019,5.28835727839523
BRN,SP.POP.65UP.TO.ZS,2020,5.61350101195006
BRN,SP.POP.65UP.TO.ZS,2021,5.92302098310792
BRN,SP.POP.65UP.TO.ZS,2022,6.20177679884138
BRN,SP.POP.65UP.TO.ZS,2023,6.51107912979343
BRN,SP.POP.65UP.TO.ZS,2024,6.8678459937565
BRN,SP.POP.65UP.TO.ZS,2025,7.23853575950962
BRN,SP.POP.DPND,2015,38.3778628456063
BRN,SP.POP.DPND,2016,38.0062295240708
BRN,SP.POP.DPND,2017,37.7404970830031
BRN,SP.POP.DPND,2018,37.5528221562436
BRN,SP.POP.DPND,2019,37.4287523749208
BRN,SP.POP.DPND,2020,37.387149472443
BRN,SP.POP.DPND,2021,37.4799511828422
BRN,SP.POP.DPND,2022,37.7100640209512
BRN,SP.POP.DPND,2023,37.998646921747
BRN,SP.POP.DPND,2024,38.2994748624391
BRN,SP.POP.DPND,2025,38.6277832278011
BRN,SP.POP.DPND.OL,2015,5.75223849290106
BRN,SP.POP.DPND.OL,2016,6.07652954182335
BRN,SP.POP.DPND.OL,2017,6.44412829057299
BRN,SP.POP.DPND.OL,2018,6.84449471385708
BRN,SP.POP.DPND.OL,2019,7.26787865241093
BRN,SP.POP.DPND.OL,2020,7.7122204070603
BRN,SP.POP.DPND.OL,2021,8.14309148956244
BRN,SP.POP.DPND.OL,2022,8.54046142261388
BRN,SP.POP.DPND.OL,2023,8.98534165225889
BRN,SP.POP.DPND.OL,2024,9.49820520714091
BRN,SP.POP.DPND.OL,2025,10.0344837837034
BRN,SP.POP.DPND.YG,2015,32.6256243527052
BRN,SP.POP.DPND.YG,2016,31.9296999822475
BRN,SP.POP.DPND.YG,2017,31.2963687924301
BRN,SP.POP.DPND.YG,2018,30.7083274423865
BRN,SP.POP.DPND.YG,2019,30.1608737225099
BRN,SP.POP.DPND.YG,2020,29.6749290653827
BRN,SP.POP.DPND.YG,2021,29.3368596932797
BRN,SP.POP.DPND.YG,2022,29.1696025983373
BRN,SP.POP.DPND.YG,2023,29.0133052694881
BRN,SP.POP.DPND.YG,2024,28.8012696552981
BRN,SP.POP.DPND.YG,2025,28.5932994440976
KHM,SP.POP.TOTL.FE.IN,2015,7994071.0
KHM,SP.POP.TOTL.FE.IN,2016,8108585.0
KHM,SP.POP.TOTL.FE.IN,2017,8218871.0
KHM,SP.POP.TOTL.FE.IN,2018,8320127.0
KHM,SP.POP.TOTL.FE.IN,2019,8423919.0
KHM,SP.POP.TOTL.FE.IN,2020,8544837.0
KHM,SP.POP.TOTL.FE.IN,2021,8667395.0
KHM,SP.POP.TOTL.FE.IN,2022,8779871.0
KHM,SP.POP.TOTL.FE.IN,2023,8889929.0
KHM,SP.POP.TOTL.FE.IN,2024,8995814.0
KHM,SP.POP.TOTL.FE.IN,2025,9098347.0
KHM,SP.POP.TOTL.FE.ZS,2015,51.1677819168366
KHM,SP.POP.TOTL.FE.ZS,2016,51.1492163972022
KHM,SP.POP.TOTL.FE.ZS,2017,51.133458492717
KHM,SP.POP.TOTL.FE.ZS,2018,51.123633615783
KHM,SP.POP.TOTL.FE.ZS,2019,51.1119690529342
KHM,SP.POP.TOTL.FE.ZS,2020,51.0887554570206
KHM,SP.POP.TOTL.FE.ZS,2021,51.0618578456168
KHM,SP.POP.TOTL.FE.ZS,2022,51.04064569342
KHM,SP.POP.TOTL.FE.ZS,2023,51.0215261456389
KHM,SP.POP.TOTL.FE.ZS,2024,51.0001445109563
KHM,SP.POP.TOTL.FE.ZS,2025,50.9768947548244
KHM,SP.POP.TOTL.MA.IN,2015,7629180.0
KHM,SP.POP.TOTL.MA.IN,2016,7744218.0
KHM,SP.POP.TOTL.MA.IN,2017,7854501.0
KHM,SP.POP.TOTL.MA.IN,2018,7954395.0
KHM,SP.POP.TOTL.MA.IN,2019,8057385.0
KHM,SP.POP.TOTL.MA.IN,2020,8180637.0
KHM,SP.POP.TOTL.MA.IN,2021,8306910.0
KHM,SP.POP.TOTL.MA.IN,2022,8421853.0
KHM,SP.POP.TOTL.MA.IN,2023,8533951.0
KHM,SP.POP.TOTL.MA.IN,2024,8642987.0
KHM,SP.POP.TOTL.MA.IN,2025,8749635.0
KHM,SP.POP.TOTL.MA.ZS,2015,48.8322180831634
KHM,SP.POP.TOTL.MA.ZS,2016,48.8507836027978
KHM,SP.POP.TOTL.MA.ZS,2017,48.866541507283
KHM,SP.POP.TOTL.MA.ZS,2018,48.876366384217
KHM,SP.POP.TOTL.MA.ZS,2019,48.8880309470658
KHM,SP.POP.TOTL.MA.ZS,2020,48.9112445429794
KHM,SP.POP.TOTL.MA.ZS,2021,48.9381421543832
KHM,SP.POP.TOTL.MA.ZS,2022,48.95935430658
KHM,SP.POP.TOTL.MA.ZS,2023,48.9784738543611
KHM,SP.POP.TOTL.MA.ZS,2024,48.9998554890437
KHM,SP.POP.TOTL.MA.ZS,2025,49.0231052451756
KHM,SP.POP.TOTL,2015,15623251.0
KHM,SP.POP.TOTL,2016,15852803.0
KHM,SP.POP.TOTL,2017,16073372.0
KHM,SP.POP.TOTL,2018,16274522.0
KHM,SP.POP.TOTL,2019,16481304.0
KHM,SP.POP.TOTL,2020,16725474.0
KHM,SP.POP.TOTL,2021,16974305.0
KHM,SP.POP.TOTL,2022,17201724.0
KHM,SP.POP.TOTL,2023,17423880.0
KHM,SP.POP.TOTL,2024,17638801.0
KHM,SP.POP.TOTL,2025,17847982.0
KHM,SP.POP.GROW,2015,1.46023762985186
KHM,SP.POP.GROW,2016,1.45860767566845
KHM,SP.POP.GROW,2017,1.38176596089867
KHM,SP.POP.GROW,2018,1.24368277407927
KHM,SP.POP.GROW,2019,1.26258301009769
KHM,SP.POP.GROW,2020,1.47062988552696
KHM,SP.POP.GROW,2021,1.47677836241244
KHM,SP.POP.GROW,2022,1.33088813106016
KHM,SP.POP.GROW,2023,1.28320677599476
KHM,SP.POP.GROW,2024,1.22593986324555
KHM,SP.POP.GROW,2025,1.17893708663597
KHM,SP.URB.TOTL.IN.ZS,2015,30.0669222549819
KHM,SP.URB.TOTL.IN.ZS,2016,32.4767436038024
KHM,SP.URB.TOTL.IN.ZS,2017,35.0127905056235
KHM,SP.URB.TOTL.IN.ZS,2018,37.6404336372742
KHM,SP.URB.TOTL.IN.ZS,2019,39.5830241256026
KHM,SP.URB.TOTL.IN.ZS,2020,39.832658030922
KHM,SP.URB.TOTL.IN.ZS,2021,40.1091858128847
KHM,SP.URB.TOTL.IN.ZS,2022,40.374616187368
KHM,SP.URB.TOTL.IN.ZS,2023,40.6290788072508
KHM,SP.URB.TOTL.IN.ZS,2024,40.8727033252729
KHM,SP.URB.TOTL.IN.ZS,2025,41.10561939401
KHM,SP.DYN.TFRT.IN,2015,2.729
KHM,SP.DYN.TFRT.IN,2016,2.725
KHM,SP.DYN.TFRT.IN,2017,2.719
KHM,SP.DYN.TFRT.IN,2018,2.724
KHM,SP.DYN.TFRT.IN,2019,2.725
KHM,SP.DYN.TFRT.IN,2020,2.699
KHM,SP.DYN.TFRT.IN,2021,2.664
KHM,SP.DYN.TFRT.IN,2022,2.616
KHM,SP.DYN.TFRT.IN,2023,2.579
KHM,SP.DYN.TFRT.IN,2024,2.548
KHM,SP.POP.0014.TO.ZS,2015,31.9296390978305
KHM,SP.POP.0014.TO.ZS,2016,31.8263748057678
KHM,SP.POP.0014.TO.ZS,2017,31.7040309990949
KHM,SP.POP.0014.TO.ZS,2018,31.5280544500187
KHM,SP.POP.0014.TO.ZS,2019,31.3236501189469
KHM,SP.POP.0014.TO.ZS,2020,31.0778017734446
KHM,SP.POP.0014.TO.ZS,2021,30.7812858676309
KHM,SP.POP.0014.TO.ZS,2022,30.4544163844978
KHM,SP.POP.0014.TO.ZS,2023,30.1105571746776
KHM,SP.POP.0014.TO.ZS,2024,29.7931455146284
KHM,SP.POP.0014.TO.ZS,2025,29.4972991763802
KHM,SP.POP.65UP.TO.ZS,2015,4.56873555218231
KHM,SP.POP.65UP.TO.ZS,2016,4.7354180834771
KHM,SP.POP.65UP.TO.ZS,2017,4.90883602678903
KHM,SP.POP.65UP.TO.ZS,2018,5.09207597900805
KHM,SP.POP.65UP.TO.ZS,2019,5.27307790694231
KHM,SP.POP.65UP.TO.ZS,2020,5.4387369063124
KHM,SP.POP.65UP.TO.ZS,2021,5.59471490600897
KHM,SP.POP.65UP.TO.ZS,2022,5.7669541078253
KHM,SP.POP.65UP.TO.ZS,2023,5.96118643031327
KHM,SP.POP.65UP.TO.ZS,2024,6.16370427229448
KHM,SP.POP.65UP.TO.ZS,2025,6.37709648006975
KHM,SP.POP.DPND,2015,57.4762892275772
KHM,SP.POP.DPND,2016,57.6337208481402
KHM,SP.POP.DPND,2017,57.7607192458127
KHM,SP.POP.DPND,2018,57.7788009060017
KHM,SP.POP.DPND,2019,57.7205669146422
KHM,SP.POP.DPND,2020,57.5213483632843
KHM,SP.POP.DPND,2021,57.1733909693315
KHM,SP.POP.DPND,2022,56.7923377070363
KHM,SP.POP.DPND,2023,56.4253473651475
KHM,SP.POP.DPND,2024,56.1447301469383
KHM,SP.POP.DPND,2025,55.9439537843445
KHM,SP.POP.DPND.OL,2015,7.19467498194238
KHM,SP.POP.DPND.OL,2016,7.4646202236233
KHM,SP.POP.DPND.OL,2017,7.74421035584412
KHM,SP.POP.DPND.OL,2018,8.03421617406727
KHM,SP.POP.DPND.OL,2019,8.31672836868017
KHM,SP.POP.DPND.OL,2020,8.56717564944514
KHM,SP.POP.DPND.OL,2021,8.79340339186195
KHM,SP.POP.DPND.OL,2022,9.04214592913114
KHM,SP.POP.DPND.OL,2023,9.32480684828854
KHM,SP.POP.DPND.OL,2024,9.62430301075277
KHM,SP.POP.DPND.OL,2025,9.94469610906861
KHM,SP.POP.DPND.YG,2015,50.2816142456349
KHM,SP.POP.DPND.YG,2016,50.1691006245169
KHM,SP.POP.DPND.YG,2017,50.0165088899685
KHM,SP.POP.DPND.YG,2018,49.7445847319344
KHM,SP.POP.DPND.YG,2019,49.4038385459621
KHM,SP.POP.DPND.YG,2020,48.9541727138392
KHM,SP.POP.DPND.YG,2021,48.3799875774695
KHM,SP.POP.DPND.YG,2022,47.7501917779051
KHM,SP.POP.DPND.YG,2023,47.100540516859
KHM,SP.POP.DPND.YG,2024,46.5204271361855
KHM,SP.POP.DPND.YG,2025,45.9992576752759
IDN,SP.POP.TOTL.FE.IN,2015,130285574.0
IDN,SP.POP.TOTL.FE.IN,2016,131680949.0
IDN,SP.POP.TOTL.FE.IN,2017,133024272.0
IDN,SP.POP.TOTL.FE.IN,2018,134314239.0
IDN,SP.POP.TOTL.FE.IN,2019,135572405.0
IDN,SP.POP.TOTL.FE.IN,2020,136741617.0
IDN,SP.POP.TOTL.FE.IN,2021,137726598.0
IDN,SP.POP.TOTL.FE.IN,2022,138760035.0
IDN,SP.POP.TOTL.FE.IN,2023,139934300.0
IDN,SP.POP.TOTL.FE.IN,2024,141080015.0
IDN,SP.POP.TOTL.FE.IN,2025,142193712.0
IDN,SP.POP.TOTL.FE.ZS,2015,49.7654498619284
IDN,SP.POP.TOTL.FE.ZS,2016,49.7608864550838
IDN,SP.POP.TOTL.FE.ZS,2017,49.7572226992267
IDN,SP.POP.TOTL.FE.ZS,2018,49.7548879522947
IDN,SP.POP.TOTL.FE.ZS,2019,49.7532801103908
IDN,SP.POP.TOTL.FE.ZS,2020,49.7577219858259
IDN,SP.POP.TOTL.FE.ZS,2021,49.7642603375303
IDN,SP.POP.TOTL.FE.ZS,2022,49.7650079773008
IDN,SP.POP.TOTL.FE.ZS,2023,49.7650226377485
IDN,SP.POP.TOTL.FE.ZS,2024,49.7657923222135
IDN,SP.POP.TOTL.FE.ZS,2025,49.7665885779662
IDN,SP.POP.TOTL.MA.IN,2015,131513675.0
IDN,SP.POP.TOTL.MA.IN,2016,132946469.0
IDN,SP.POP.TOTL.MA.IN,2017,134322386.0
IDN,SP.POP.TOTL.MA.IN,2018,135637607.0
IDN,SP.POP.TOTL.MA.IN,2019,136916976.0
IDN,SP.POP.TOTL.MA.IN,2020,138073249.0
IDN,SP.POP.TOTL.MA.IN,2021,139031455.0
IDN,SP.POP.TOTL.MA.IN,2022,140070494.0
IDN,SP.POP.TOTL.MA.IN,2023,141255767.0
IDN,SP.POP.TOTL.MA.IN,2024,142407916.0
IDN,SP.POP.TOTL.MA.IN,2025,143527524.0
IDN,SP.POP.TOTL.MA.ZS,2015,50.2345501380716
IDN,SP.POP.TOTL.MA.ZS,2016,50.2391135449162
IDN,SP.POP.TOTL.MA.ZS,2017,50.2427773007733
IDN,SP.POP.TOTL.MA.ZS,2018,50.2451120477053
IDN,SP.POP.TOTL.MA.ZS,2019,50.2467198896092
IDN,SP.POP.TOTL.MA.ZS,2020,50.2422780141741
IDN,SP.POP.TOTL.MA.ZS,2021,50.2357396624697
IDN,SP.POP.TOTL.MA.ZS,2022,50.2349920226992
IDN,SP.POP.TOTL.MA.ZS,2023,50.2349773622515
IDN,SP.POP.TOTL.MA.ZS,2024,50.2342076777865
IDN,SP.POP.TOTL.MA.ZS,2025,50.2334114220337
IDN,SP.POP.TOTL,2015,261799249.0
IDN,SP.POP.TOTL,2016,264627418.0
IDN,SP.POP.TOTL,2017,267346658.0
IDN,SP.POP.TOTL,2018,269951846.0
IDN,SP.POP.TOTL,2019,272489381.0
IDN,SP.POP.TOTL,2020,274814866.0
IDN,SP.POP.TOTL,2021,276758053.0
IDN,SP.POP.TOTL,2022,278830529.0
IDN,SP.POP.TOTL,2023,281190067.0
IDN,SP.POP.TOTL,2024,283487931.0
IDN,SP.POP.TOTL,2025,285721236.0
IDN,SP.POP.GROW,2015,1.12233981761262
IDN,SP.POP.GROW,2016,1.0744882002252
IDN,SP.POP.GROW,2017,1.02232939771064
IDN,SP.POP.GROW,2018,0.969743409524713
IDN,SP.POP.GROW,2019,0.935604959235128
IDN,SP.POP.GROW,2020,0.849801187379341
IDN,SP.POP.GROW,2021,0.704601321926319
IDN,SP.POP.GROW,2022,0.746050469653246
IDN,SP.POP.GROW,2023,0.842666137328498
IDN,SP.POP.GROW,2024,0.813871513351669
IDN,SP.POP.GROW,2025,0.784708535785041
IDN,SP.URB.TOTL.IN.ZS,2015,53.1720771789551
IDN,SP.URB.TOTL.IN.ZS,2016,53.812557220459
IDN,SP.URB.TOTL.IN.ZS,2017,54.4541015625
IDN,SP.URB.TOTL.IN.ZS,2018,55.0956840515137
IDN,SP.URB.TOTL.IN.ZS,2019,55.7382049560547
IDN,SP.URB.TOTL.IN.ZS,2020,56.2785287648768
IDN,SP.URB.TOTL.IN.ZS,2021,56.8761702464027
IDN,SP.URB.TOTL.IN.ZS,2022,57.4934704226599
IDN,SP.URB.TOTL.IN.ZS,2023,58.1179353397878
IDN,SP.URB.TOTL.IN.ZS,2024,58.7509635387997
IDN,SP.URB.TOTL.IN.ZS,2025,59.3929063969984
IDN,SP.DYN.TFRT.IN,2015,2.346
IDN,SP.DYN.TFRT.IN,2016,2.311
IDN,SP.DYN.TFRT.IN,2017,2.253
IDN,SP.DYN.TFRT.IN,2018,2.219
IDN,SP.DYN.TFRT.IN,2019,2.205
IDN,SP.DYN.TFRT.IN,2020,2.189
IDN,SP.DYN.TFRT.IN,2021,2.166
IDN,SP.DYN.TFRT.IN,2022,2.149
IDN,SP.DYN.TFRT.IN,2023,2.127
IDN,SP.DYN.TFRT.IN,2024,2.115
IDN,SP.POP.0014.TO.ZS,2015,26.9656629152515
IDN,SP.POP.0014.TO.ZS,2016,26.7736383990264
IDN,SP.POP.0014.TO.ZS,2017,26.5632798746263
IDN,SP.POP.0014.TO.ZS,2018,26.3349404427949
IDN,SP.POP.0014.TO.ZS,2019,26.0919538365423
IDN,SP.POP.0014.TO.ZS,2020,25.834423429325
IDN,SP.POP.0014.TO.ZS,2021,25.575153363288
IDN,SP.POP.0014.TO.ZS,2022,25.2740669678858
IDN,SP.POP.0014.TO.ZS,2023,24.9346390051087
IDN,SP.POP.0014.TO.ZS,2024,24.5977969421876
IDN,SP.POP.0014.TO.ZS,2025,24.2472504288188
IDN,SP.POP.65UP.TO.ZS,2015,6.08184727833196
IDN,SP.POP.65UP.TO.ZS,2016,6.14856356267664
IDN,SP.POP.65UP.TO.ZS,2017,6.2384335097991
IDN,SP.POP.65UP.TO.ZS,2018,6.3509593367423
IDN,SP.POP.65UP.TO.ZS,2019,6.48567879421327
IDN,SP.POP.65UP.TO.ZS,2020,6.60790527723472
IDN,SP.POP.65UP.TO.ZS,2021,6.68701065764471
IDN,SP.POP.65UP.TO.ZS,2022,6.82466625959862
IDN,SP.POP.65UP.TO.ZS,2023,7.04854077766648
IDN,SP.POP.65UP.TO.ZS,2024,7.28860130431549
IDN,SP.POP.65UP.TO.ZS,2025,7.542769252795
IDN,SP.POP.DPND,2015,49.3596437927725
IDN,SP.POP.DPND,2016,49.0806241774761
IDN,SP.POP.DPND,2017,48.813317657578
IDN,SP.POP.DPND,2018,48.5572855648717
IDN,SP.POP.DPND,2019,48.3187310528364
IDN,SP.POP.DPND,2020,48.0216798448748
IDN,SP.POP.DPND,2021,47.6279810142978
IDN,SP.POP.DPND,2022,47.2726576874372
IDN,SP.POP.DPND,2023,47.0224568841154
IDN,SP.POP.DPND,2024,46.8135550051726
IDN,SP.POP.DPND,2025,46.6061121871889
IDN,SP.POP.DPND.OL,2015,9.0838257161931
IDN,SP.POP.DPND.OL,2016,9.1663169371872
IDN,SP.POP.DPND.OL,2017,9.28361959747885
IDN,SP.POP.DPND.OL,2018,9.43481281546814
IDN,SP.POP.DPND.OL,2019,9.61947648774002
IDN,SP.POP.DPND.OL,2020,9.78113237612511
IDN,SP.POP.DPND.OL,2021,9.87189859305212
IDN,SP.POP.DPND.OL,2022,10.0508673607854
IDN,SP.POP.DPND.OL,2023,10.362938068806
IDN,SP.POP.DPND.OL,2024,10.7006546661457
IDN,SP.POP.DPND.OL,2025,11.058160951274
IDN,SP.POP.DPND.YG,2015,40.2758180765794
IDN,SP.POP.DPND.YG,2016,39.9143072402889
IDN,SP.POP.DPND.YG,2017,39.5296980600991
IDN,SP.POP.DPND.YG,2018,39.1224727494036
IDN,SP.POP.DPND.YG,2019,38.6992545650964
IDN,SP.POP.DPND.YG,2020,38.2405474687497
IDN,SP.POP.DPND.YG,2021,37.7560824212457
IDN,SP.POP.DPND.YG,2022,37.2217903266518
IDN,SP.POP.DPND.YG,2023,36.6595188153093
IDN,SP.POP.DPND.YG,2024,36.1129003390269
IDN,SP.POP.DPND.YG,2025,35.5479512359149
LAO,SP.POP.TOTL.FE.IN,2015,3379800.0
LAO,SP.POP.TOTL.FE.IN,2016,3433343.0
LAO,SP.POP.TOTL.FE.IN,2017,3488005.0
LAO,SP.POP.TOTL.FE.IN,2018,3542958.0
LAO,SP.POP.TOTL.FE.IN,2019,3597824.0
LAO,SP.POP.TOTL.FE.IN,2020,3652811.0
LAO,SP.POP.TOTL.FE.IN,2021,3706725.0
LAO,SP.POP.TOTL.FE.IN,2022,3759858.0
LAO,SP.POP.TOTL.FE.IN,2023,3813122.0
LAO,SP.POP.TOTL.FE.IN,2024,3865785.0
LAO,SP.POP.TOTL.FE.IN,2025,3917638.0
LAO,SP.POP.TOTL.FE.ZS,2015,49.6909203582369
LAO,SP.POP.TOTL.FE.ZS,2016,49.6952004124594
LAO,SP.POP.TOTL.FE.ZS,2017,49.6997996764673
LAO,SP.POP.TOTL.FE.ZS,2018,49.7044841888624
LAO,SP.POP.TOTL.FE.ZS,2019,49.7099397800525
LAO,SP.POP.TOTL.FE.ZS,2020,49.721562538411
LAO,SP.POP.TOTL.FE.ZS,2021,49.7333827260343
LAO,SP.POP.TOTL.FE.ZS,2022,49.7401047518543
LAO,SP.POP.TOTL.FE.ZS,2023,49.7472404406945
LAO,SP.POP.TOTL.FE.ZS,2024,49.7538553016672
LAO,SP.POP.TOTL.FE.ZS,2025,49.7601372785244
LAO,SP.POP.TOTL.MA.IN,2015,3421845.0
LAO,SP.POP.TOTL.MA.IN,2016,3475459.0
LAO,SP.POP.TOTL.MA.IN,2017,3530142.0
LAO,SP.POP.TOTL.MA.IN,2018,3585087.0
LAO,SP.POP.TOTL.MA.IN,2019,3639812.0
LAO,SP.POP.TOTL.MA.IN,2020,3693722.0
LAO,SP.POP.TOTL.MA.IN,2021,3746469.0
LAO,SP.POP.TOTL.MA.IN,2022,3799149.0
LAO,SP.POP.TOTL.MA.IN,2023,3851871.0
LAO,SP.POP.TOTL.MA.IN,2024,3904034.0
LAO,SP.POP.TOTL.MA.IN,2025,3955408.0
LAO,SP.POP.TOTL.MA.ZS,2015,50.3090796417631
LAO,SP.POP.TOTL.MA.ZS,2016,50.3047995875407
LAO,SP.POP.TOTL.MA.ZS,2017,50.3002003235327
LAO,SP.POP.TOTL.MA.ZS,2018,50.2955158111376
LAO,SP.POP.TOTL.MA.ZS,2019,50.2900602199475
LAO,SP.POP.TOTL.MA.ZS,2020,50.278437461589
LAO,SP.POP.TOTL.MA.ZS,2021,50.2666172739657
LAO,SP.POP.TOTL.MA.ZS,2022,50.2598952481457
LAO,SP.POP.TOTL.MA.ZS,2023,50.2527595593055
LAO,SP.POP.TOTL.MA.ZS,2024,50.2461446983328
LAO,SP.POP.TOTL.MA.ZS,2025,50.2398627214756
LAO,SP.POP.TOTL,2015,6801645.0
LAO,SP.POP.TOTL,2016,6908802.0
LAO,SP.POP.TOTL,2017,7018147.0
LAO,SP.POP.TOTL,2018,7128045.0
LAO,SP.POP.TOTL,2019,7237636.0
LAO,SP.POP.TOTL,2020,7346533.0
LAO,SP.POP.TOTL,2021,7453194.0
LAO,SP.POP.TOTL,2022,7559007.0
LAO,SP.POP.TOTL,2023,7664993.0
LAO,SP.POP.TOTL,2024,7769819.0
LAO,SP.POP.TOTL,2025,7873046.0
LAO,SP.POP.GROW,2015,1.45836474920589
LAO,SP.POP.GROW,2016,1.56317561333482
LAO,SP.POP.GROW,2017,1.57029722559747
LAO,SP.POP.GROW,2018,1.55377801997365
LAO,SP.POP.GROW,2019,1.52576304616693
LAO,SP.POP.GROW,2020,1.49338675171473
LAO,SP.POP.GROW,2021,1.44141640887407
LAO,SP.POP.GROW,2022,1.40971670105791
LAO,SP.POP.GROW,2023,1.39237667233214
LAO,SP.POP.GROW,2024,1.35832703035837
LAO,SP.POP.GROW,2025,1.31981575540414
LAO,SP.URB.TOTL.IN.ZS,2015,33.1240204432199
LAO,SP.URB.TOTL.IN.ZS,2016,33.8267455533474
LAO,SP.URB.TOTL.IN.ZS,2017,34.5115346444216
LAO,SP.URB.TOTL.IN.ZS,2018,35.2050070032013
LAO,SP.URB.TOTL.IN.ZS,2019,35.9072880879451
LAO,SP.URB.TOTL.IN.ZS,2020,36.6185033569111
LAO,SP.URB.TOTL.IN.ZS,2021,37.338778268357
LAO,SP.URB.TOTL.IN.ZS,2022,38.0682382805397
LAO,SP.URB.TOTL.IN.ZS,2023,38.8070088517156
LAO,SP.URB.TOTL.IN.ZS,2024,39.5552154401406
LAO,SP.URB.TOTL.IN.ZS,2025,40.3129835040701
LAO,SP.DYN.TFRT.IN,2015,2.796
LAO,SP.DYN.TFRT.IN,2016,2.744
LAO,SP.DYN.TFRT.IN,2017,2.691
LAO,SP.DYN.TFRT.IN,2018,2.633
LAO,SP.DYN.TFRT.IN,2019,2.589
LAO,SP.DYN.TFRT.IN,2020,2.535
LAO,SP.DYN.TFRT.IN,2021,2.494
LAO,SP.DYN.TFRT.IN,2022,2.455
LAO,SP.DYN.TFRT.IN,2023,2.421
LAO,SP.DYN.TFRT.IN,2024,2.397
LAO,SP.POP.0014.TO.ZS,2015,33.2337961453592
LAO,SP.POP.0014.TO.ZS,2016,32.8603111754895
LAO,SP.POP.0014.TO.ZS,2017,32.5273323571022
LAO,SP.POP.0014.TO.ZS,2018,32.2217452330899
LAO,SP.POP.0014.TO.ZS,2019,31.9208047987495
LAO,SP.POP.0014.TO.ZS,2020,31.6070608821236
LAO,SP.POP.0014.TO.ZS,2021,31.2704480300961
LAO,SP.POP.0014.TO.ZS,2022,30.9169093958433
LAO,SP.POP.0014.TO.ZS,2023,30.557668516962
LAO,SP.POP.0014.TO.ZS,2024,30.1984061662183
LAO,SP.POP.0014.TO.ZS,2025,29.839672589216
LAO,SP.POP.65UP.TO.ZS,2015,4.13108857261085
LAO,SP.POP.65UP.TO.ZS,2016,4.10183240872785
LAO,SP.POP.65UP.TO.ZS,2017,4.10222242423819
LAO,SP.POP.65UP.TO.ZS,2018,4.1282707951479
LAO,SP.POP.65UP.TO.ZS,2019,4.17749001037701
LAO,SP.POP.65UP.TO.ZS,2020,4.24151802227786
LAO,SP.POP.65UP.TO.ZS,2021,4.31806848970176
LAO,SP.POP.65UP.TO.ZS,2022,4.41710766922774
LAO,SP.POP.65UP.TO.ZS,2023,4.53547084357878
LAO,SP.POP.65UP.TO.ZS,2024,4.66578436383138
LAO,SP.POP.65UP.TO.ZS,2025,4.80805045518916
LAO,SP.POP.DPND,2015,59.6548580377812
LAO,SP.POP.DPND,2016,58.634824292374
LAO,SP.POP.DPND,2017,57.8022683207452
LAO,SP.POP.DPND,2018,57.1092477648772
LAO,SP.POP.DPND,2019,56.4903622140064
LAO,SP.POP.DPND,2020,55.8812027825725
LAO,SP.POP.DPND,2021,55.2518136368494
LAO,SP.POP.DPND,2022,54.6407954328323
LAO,SP.POP.DPND,2023,54.0669284232336
LAO,SP.POP.DPND,2024,53.5253966955507
LAO,SP.POP.DPND,2025,53.0168515795744
LAO,SP.POP.DPND.OL,2015,6.59548408086159
LAO,SP.POP.DPND.OL,2016,6.50692362463753
LAO,SP.POP.DPND.OL,2017,6.47340003701013
LAO,SP.POP.DPND.OL,2018,6.48589519195398
LAO,SP.POP.DPND.OL,2019,6.5373787046973
LAO,SP.POP.DPND.OL,2020,6.61173946854435
LAO,SP.POP.DPND.OL,2021,6.7038791946113
LAO,SP.POP.DPND.OL,2022,6.83064156137367
LAO,SP.POP.DPND.OL,2023,6.98767021245376
LAO,SP.POP.DPND.OL,2024,7.16316395353111
LAO,SP.POP.DPND.OL,2025,7.35712696165272
LAO,SP.POP.DPND.YG,2015,53.0593739569196
LAO,SP.POP.DPND.YG,2016,52.1279006677365
LAO,SP.POP.DPND.YG,2017,51.328868283735
LAO,SP.POP.DPND.YG,2018,50.6233525729232
LAO,SP.POP.DPND.YG,2019,49.9529835093091
LAO,SP.POP.DPND.YG,2020,49.2694633140282
LAO,SP.POP.DPND.YG,2021,48.5479344422381
LAO,SP.POP.DPND.YG,2022,47.8101538714586
LAO,SP.POP.DPND.YG,2023,47.0792582107798
LAO,SP.POP.DPND.YG,2024,46.3622327420196
LAO,SP.POP.DPND.YG,2025,45.6597246179217
MYS,SP.POP.TOTL.FE.IN,2015,14882321.0
MYS,SP.POP.TOTL.FE.IN,2016,15125577.0
MYS,SP.POP.TOTL.FE.IN,2017,15374022.0
MYS,SP.POP.TOTL.FE.IN,2018,15620144.0
MYS,SP.POP.TOTL.FE.IN,2019,15854594.0
MYS,SP.POP.TOTL.FE.IN,2020,16067734.0
MYS,SP.POP.TOTL.FE.IN,2021,16273730.0
MYS,SP.POP.TOTL.FE.IN,2022,16491015.0
MYS,SP.POP.TOTL.FE.IN,2023,16716229.0
MYS,SP.POP.TOTL.FE.IN,2024,16939879.0
MYS,SP.POP.TOTL.FE.IN,2025,17156769.0
MYS,SP.POP.TOTL.FE.ZS,2015,47.649656620582
MYS,SP.POP.TOTL.FE.ZS,2016,47.5801411684325
MYS,SP.POP.TOTL.FE.ZS,2017,47.5157333442124
MYS,SP.POP.TOTL.FE.ZS,2018,47.4618202497666
MYS,SP.POP.TOTL.FE.ZS,2019,47.4112198063461
MYS,SP.POP.TOTL.FE.ZS,2020,47.4120480588136
MYS,SP.POP.TOTL.FE.ZS,2021,47.4696373340045
MYS,SP.POP.TOTL.FE.ZS,2022,47.5307124184689
MYS,SP.POP.TOTL.FE.ZS,2023,47.5889289557357
MYS,SP.POP.TOTL.FE.ZS,2024,47.6405725425283
MYS,SP.POP.TOTL.FE.ZS,2025,47.687048343483
MYS,SP.POP.TOTL.MA.IN,2015,16350477.0
MYS,SP.POP.TOTL.MA.IN,2016,16664108.0
MYS,SP.POP.TOTL.MA.IN,2017,16981622.0
MYS,SP.POP.TOTL.MA.IN,2018,17290823.0
MYS,SP.POP.TOTL.MA.IN,2019,17586002.0
MYS,SP.POP.TOTL.MA.IN,2020,17821824.0
MYS,SP.POP.TOTL.MA.IN,2021,18008669.0
MYS,SP.POP.TOTL.MA.IN,2022,18204478.0
MYS,SP.POP.TOTL.MA.IN,2023,18410069.0
MYS,SP.POP.TOTL.MA.IN,2024,18617794.0
MYS,SP.POP.TOTL.MA.IN,2025,18821069.0
MYS,SP.POP.TOTL.MA.ZS,2015,52.350343379418
MYS,SP.POP.TOTL.MA.ZS,2016,52.4198588315675
MYS,SP.POP.TOTL.MA.ZS,2017,52.4842666557876
MYS,SP.POP.TOTL.MA.ZS,2018,52.5381797502334
MYS,SP.POP.TOTL.MA.ZS,2019,52.5887801936538
MYS,SP.POP.TOTL.MA.ZS,2020,52.5879519411864
MYS,SP.POP.TOTL.MA.ZS,2021,52.5303626659955
MYS,SP.POP.TOTL.MA.ZS,2022,52.4692875815311
MYS,SP.POP.TOTL.MA.ZS,2023,52.4110710442643
MYS,SP.POP.TOTL.MA.ZS,2024,52.3594274574717
MYS,SP.POP.TOTL.MA.ZS,2025,52.312951656517
MYS,SP.POP.TOTL,2015,31232798.0
MYS,SP.POP.TOTL,2016,31789685.0
MYS,SP.POP.TOTL,2017,32355644.0
MYS,SP.POP.TOTL,2018,32910967.0
MYS,SP.POP.TOTL,2019,33440596.0
MYS,SP.POP.TOTL,2020,33889558.0
MYS,SP.POP.TOTL,2021,34282399.0
MYS,SP.POP.TOTL,2022,34695493.0
MYS,SP.POP.TOTL,2023,35126298.0
MYS,SP.POP.TOTL,2024,35557673.0
MYS,SP.POP.TOTL,2025,35977838.0
MYS,SP.POP.GROW,2015,1.73319445645586
MYS,SP.POP.GROW,2016,1.76731054757933
MYS,SP.POP.GROW,2017,1.76466064017847
MYS,SP.POP.GROW,2018,1.70174731907235
MYS,SP.POP.GROW,2019,1.59646653343981
MYS,SP.POP.GROW,2020,1.33363323143911
MYS,SP.POP.GROW,2021,1.15251304394292
MYS,SP.POP.GROW,2022,1.1977720012836
MYS,SP.POP.GROW,2023,1.23402869169549
MYS,SP.POP.GROW,2024,1.22058891015438
MYS,SP.POP.GROW,2025,1.17471679693395
MYS,SP.URB.TOTL.IN.ZS,2015,73.4387869957006
MYS,SP.URB.TOTL.IN.ZS,2016,73.8588978909614
MYS,SP.URB.TOTL.IN.ZS,2017,74.2354806421432
MYS,SP.URB.TOTL.IN.ZS,2018,74.5634625145296
MYS,SP.URB.TOTL.IN.ZS,2019,74.8377707734042
MYS,SP.URB.TOTL.IN.ZS,2020,75.0511895575672
MYS,SP.URB.TOTL.IN.ZS,2021,75.5088628191907
MYS,SP.URB.TOTL.IN.ZS,2022,75.9741357073003
MYS,SP.URB.TOTL.IN.ZS,2023,76.4434752105739
MYS,SP.URB.TOTL.IN.ZS,2024,76.9170296648992
MYS,SP.URB.TOTL.IN.ZS,2025,77.3948812296229
MYS,SP.DYN.TFRT.IN,2015,2.008
MYS,SP.DYN.TFRT.IN,2016,1.942
MYS,SP.DYN.TFRT.IN,2017,1.893
MYS,SP.DYN.TFRT.IN,2018,1.838
MYS,SP.DYN.TFRT.IN,2019,1.777
MYS,SP.DYN.TFRT.IN,2020,1.68
MYS,SP.DYN.TFRT.IN,2021,1.555
MYS,SP.DYN.TFRT.IN,2022,1.55
MYS,SP.DYN.TFRT.IN,2023,1.55
MYS,SP.DYN.TFRT.IN,2024,1.543
MYS,SP.POP.0014.TO.ZS,2015,25.8167043794268
MYS,SP.POP.0014.TO.ZS,2016,25.5019415023782
MYS,SP.POP.0014.TO.ZS,2017,25.2040737436091
MYS,SP.POP.0014.TO.ZS,2018,24.8758172313807
MYS,SP.POP.0014.TO.ZS,2019,24.4741126096274
MYS,SP.POP.0014.TO.ZS,2020,23.9610306519632
MYS,SP.POP.0014.TO.ZS,2021,23.3932786237229
MYS,SP.POP.0014.TO.ZS,2022,22.8336703559739
MYS,SP.POP.0014.TO.ZS,2023,22.2879920337748
MYS,SP.POP.0014.TO.ZS,2024,21.7863930270916
MYS,SP.POP.0014.TO.ZS,2025,21.3091653811994
MYS,SP.POP.65UP.TO.ZS,2015,5.70847520142888
MYS,SP.POP.65UP.TO.ZS,2016,5.87993391755952
MYS,SP.POP.65UP.TO.ZS,2017,6.06511485190783
MYS,SP.POP.65UP.TO.ZS,2018,6.26670890587931
MYS,SP.POP.65UP.TO.ZS,2019,6.48232176367792
MYS,SP.POP.65UP.TO.ZS,2020,6.7249061388628
MYS,SP.POP.65UP.TO.ZS,2021,6.95860588634135
MYS,SP.POP.65UP.TO.ZS,2022,7.18563935667379
MYS,SP.POP.65UP.TO.ZS,2023,7.45117376160733
MYS,SP.POP.65UP.TO.ZS,2024,7.73785157794421
MYS,SP.POP.65UP.TO.ZS,2025,8.03318142685505
MYS,SP.POP.DPND,2015,46.0390855919982
MYS,SP.POP.DPND,2016,45.7340885358718
MYS,SP.POP.DPND,2017,45.4951518994463
MYS,SP.POP.DPND,2018,45.227518847802
MYS,SP.POP.DPND,2019,44.8360877975172
MYS,SP.POP.DPND,2020,44.2708649510882
MYS,SP.POP.DPND,2021,43.5789018280947
MYS,SP.POP.DPND,2022,42.8965624836029
MYS,SP.POP.DPND,2023,42.3268043029121
MYS,SP.POP.DPND,2024,41.8927658645277
MYS,SP.POP.DPND,2025,41.5274856756766
MYS,SP.POP.DPND.OL,2015,8.33660718986588
MYS,SP.POP.DPND.OL,2016,8.56906594388444
MYS,SP.POP.DPND.OL,2017,8.82444820302562
MYS,SP.POP.DPND.OL,2018,9.10098778725884
MYS,SP.POP.DPND.OL,2019,9.38874110057873
MYS,SP.POP.DPND.OL,2020,9.70208039682881
MYS,SP.POP.DPND.OL,2021,9.99108976843659
MYS,SP.POP.DPND.OL,2022,10.2680313372086
MYS,SP.POP.DPND.OL,2023,10.6050195238823
MYS,SP.POP.DPND.OL,2024,10.9794517768264
MYS,SP.POP.DPND.OL,2025,11.3691596931934
MYS,SP.POP.DPND.YG,2015,37.7024784021323
MYS,SP.POP.DPND.YG,2016,37.1650225919874
MYS,SP.POP.DPND.YG,2017,36.6707036964206
MYS,SP.POP.DPND.YG,2018,36.1265310605432
MYS,SP.POP.DPND.YG,2019,35.4473466969385
MYS,SP.POP.DPND.YG,2020,34.5687845542594
MYS,SP.POP.DPND.YG,2021,33.5878120596581
MYS,SP.POP.DPND.YG,2022,32.6285311463943
MYS,SP.POP.DPND.YG,2023,31.7217847790298
MYS,SP.POP.DPND.YG,2024,30.9133140877013
MYS,SP.POP.DPND.YG,2025,30.1583259824832
MMR,SP.POP.TOTL.FE.IN,2015,25589467.0
MMR,SP.POP.TOTL.FE.IN,2016,25798842.0
MMR,SP.POP.TOTL.FE.IN,2017,26004364.0
MMR,SP.POP.TOTL.FE.IN,2018,26198925.0
MMR,SP.POP.TOTL.FE.IN,2019,26389410.0
MMR,SP.POP.TOTL.FE.IN,2020,26585323.0
MMR,SP.POP.TOTL.FE.IN,2021,26780850.0
MMR,SP.POP.TOTL.FE.IN,2022,26977460.0
MMR,SP.POP.TOTL.FE.IN,2023,27177563.0
MMR,SP.POP.TOTL.FE.IN,2024,27371250.0
MMR,SP.POP.TOTL.FE.IN,2025,27557101.0
MMR,SP.POP.TOTL.FE.ZS,2015,50.0879611102613
MMR,SP.POP.TOTL.FE.ZS,2016,50.099025751589
MMR,SP.POP.TOTL.FE.ZS,2017,50.1096340091905
MMR,SP.POP.TOTL.FE.ZS,2018,50.1201431038539
MMR,SP.POP.TOTL.FE.ZS,2019,50.1311798316413
MMR,SP.POP.TOTL.FE.ZS,2020,50.1453537473724
MMR,SP.POP.TOTL.FE.ZS,2021,50.1635207694922
MMR,SP.POP.TOTL.FE.ZS,2022,50.1842874243156
MMR,SP.POP.TOTL.FE.ZS,2023,50.2044258968201
MMR,SP.POP.TOTL.FE.ZS,2024,50.2223932066462
MMR,SP.POP.TOTL.FE.ZS,2025,50.2402469338193
MMR,SP.POP.TOTL.MA.IN,2015,25499589.0
MMR,SP.POP.TOTL.MA.IN,2016,25696854.0
MMR,SP.POP.TOTL.MA.IN,2017,25890574.0
MMR,SP.POP.TOTL.MA.IN,2018,26073322.0
MMR,SP.POP.TOTL.MA.IN,2019,26251303.0
MMR,SP.POP.TOTL.MA.IN,2020,26431199.0
MMR,SP.POP.TOTL.MA.IN,2021,26606252.0
MMR,SP.POP.TOTL.MA.IN,2022,26779327.0
MMR,SP.POP.TOTL.MA.IN,2023,26956235.0
MMR,SP.POP.TOTL.MA.IN,2024,27128841.0
MMR,SP.POP.TOTL.MA.IN,2025,27293547.0
MMR,SP.POP.TOTL.MA.ZS,2015,49.9120388897387
MMR,SP.POP.TOTL.MA.ZS,2016,49.900974248411
MMR,SP.POP.TOTL.MA.ZS,2017,49.8903659908095
MMR,SP.POP.TOTL.MA.ZS,2018,49.8798568961461
MMR,SP.POP.TOTL.MA.ZS,2019,49.8688201683587
MMR,SP.POP.TOTL.MA.ZS,2020,49.8546462526276
MMR,SP.POP.TOTL.MA.ZS,2021,49.8364792305078
MMR,SP.POP.TOTL.MA.ZS,2022,49.8157125756844
MMR,SP.POP.TOTL.MA.ZS,2023,49.7955741031799
MMR,SP.POP.TOTL.MA.ZS,2024,49.7776067933538
MMR,SP.POP.TOTL.MA.ZS,2025,49.7597530661807
MMR,SP.POP.TOTL,2015,51089056.0
MMR,SP.POP.TOTL,2016,51495696.0
MMR,SP.POP.TOTL,2017,51894938.0
MMR,SP.POP.TOTL,2018,52272247.0
MMR,SP.POP.TOTL,2019,52640713.0
MMR,SP.POP.TOTL,2020,53016522.0
MMR,SP.POP.TOTL,2021,53387102.0
MMR,SP.POP.TOTL,2022,53756787.0
MMR,SP.POP.TOTL,2023,54133798.0
MMR,SP.POP.TOTL,2024,54500091.0
MMR,SP.POP.TOTL,2025,54850648.0
MMR,SP.POP.GROW,2015,0.800670952631538
MMR,SP.POP.GROW,2016,0.792792538685626
MMR,SP.POP.GROW,2017,0.772302033467657
MMR,SP.POP.GROW,2018,0.72443284342539
MMR,SP.POP.GROW,2019,0.702425162747352
MMR,SP.POP.GROW,2020,0.711376906349628
MMR,SP.POP.GROW,2021,0.696558038955431
MMR,SP.POP.GROW,2022,0.690074759264932
MMR,SP.POP.GROW,2023,0.698879396261223
MMR,SP.POP.GROW,2024,0.674364862610485
MMR,SP.POP.GROW,2025,0.641162929716532
MMR,SP.URB.TOTL.IN.ZS,2015,29.7166821191682
MMR,SP.URB.TOTL.IN.ZS,2016,29.8129165582094
MMR,SP.URB.TOTL.IN.ZS,2017,29.9051727703437
MMR,SP.URB.TOTL.IN.ZS,2018,29.993574050729
MMR,SP.URB.TOTL.IN.ZS,2019,30.0782436945232
MMR,SP.URB.TOTL.IN.ZS,2020,30.1593049968842
MMR,SP.URB.TOTL.IN.ZS,2021,30.2368812529698
MMR,SP.URB.TOTL.IN.ZS,2022,30.311095757938
MMR,SP.URB.TOTL.IN.ZS,2023,30.3820718069466
MMR,SP.URB.TOTL.IN.ZS,2024,30.4499084074136
MMR,SP.URB.TOTL.IN.ZS,2025,30.5836915476767
MMR,SP.DYN.TFRT.IN,2015,2.266
MMR,SP.DYN.TFRT.IN,2016,2.27
MMR,SP.DYN.TFRT.IN,2017,2.252
MMR,SP.DYN.TFRT.IN,2018,2.228
MMR,SP.DYN.TFRT.IN,2019,2.206
MMR,SP.DYN.TFRT.IN,2020,2.179
MMR,SP.DYN.TFRT.IN,2021,2.158
MMR,SP.DYN.TFRT.IN,2022,2.131
MMR,SP.DYN.TFRT.IN,2023,2.115
MMR,SP.DYN.TFRT.IN,2024,2.098
MMR,SP.POP.0014.TO.ZS,2015,26.5026567187174
MMR,SP.POP.0014.TO.ZS,2016,26.2057454277344
MMR,SP.POP.0014.TO.ZS,2017,25.9085442977117
MMR,SP.POP.0014.TO.ZS,2018,25.6259533440944
MMR,SP.POP.0014.TO.ZS,2019,25.3740911526027
MMR,SP.POP.0014.TO.ZS,2020,25.145748198512
MMR,SP.POP.0014.TO.ZS,2021,24.9363048400717
MMR,SP.POP.0014.TO.ZS,2022,24.7280913131202
MMR,SP.POP.0014.TO.ZS,2023,24.5157260581987
MMR,SP.POP.0014.TO.ZS,2024,24.3005300670048
MMR,SP.POP.0014.TO.ZS,2025,24.0786362268683
MMR,SP.POP.65UP.TO.ZS,2015,5.62985745547791
MMR,SP.POP.65UP.TO.ZS,2016,5.78481355024311
MMR,SP.POP.65UP.TO.ZS,2017,5.95130203257975
MMR,SP.POP.65UP.TO.ZS,2018,6.1297183774185
MMR,SP.POP.65UP.TO.ZS,2019,6.31825313612298
MMR,SP.POP.65UP.TO.ZS,2020,6.50781568157013
MMR,SP.POP.65UP.TO.ZS,2021,6.68644928507264
MMR,SP.POP.65UP.TO.ZS,2022,6.87716132590698
MMR,SP.POP.65UP.TO.ZS,2023,7.08914980516562
MMR,SP.POP.65UP.TO.ZS,2024,7.3044263357285
MMR,SP.POP.65UP.TO.ZS,2025,7.52222015681565
MMR,SP.POP.DPND,2015,47.3459615010681
MMR,SP.POP.DPND,2016,47.0384089285758
MMR,SP.POP.DPND,2017,46.756347215943
MMR,SP.POP.DPND,2018,46.5323258218492
MMR,SP.POP.DPND,2019,46.396472048483
MMR,SP.POP.DPND,2020,46.3134094770448
MMR,SP.POP.DPND,2021,46.2474842232341
MMR,SP.POP.DPND,2022,46.2100569537985
MMR,SP.POP.DPND,2023,46.2092542209052
MMR,SP.POP.DPND,2024,46.2094250408467
MMR,SP.POP.DPND,2025,46.2006615921466
MMR,SP.POP.DPND.OL,2015,8.29536751772813
MMR,SP.POP.DPND.OL,2016,8.50589780376213
MMR,SP.POP.DPND.OL,2017,8.73391472047782
MMR,SP.POP.DPND.OL,2018,8.9820200486398
MMR,SP.POP.DPND.OL,2019,9.2496984715653
MMR,SP.POP.DPND.OL,2020,9.52180829627169
MMR,SP.POP.DPND.OL,2021,9.77876504980327
MMR,SP.POP.DPND.OL,2022,10.0551015849372
MMR,SP.POP.DPND.OL,2023,10.3649929650005
MMR,SP.POP.DPND.OL,2024,10.6797597480008
MMR,SP.POP.DPND.OL,2025,10.9975367678985
MMR,SP.POP.DPND.YG,2015,39.0505939833399
MMR,SP.POP.DPND.YG,2016,38.5325111248136
MMR,SP.POP.DPND.YG,2017,38.0224324954652
MMR,SP.POP.DPND.YG,2018,37.5503057732094
MMR,SP.POP.DPND.YG,2019,37.1467735769177
MMR,SP.POP.DPND.YG,2020,36.7916011807731
MMR,SP.POP.DPND.YG,2021,36.4687191734309
MMR,SP.POP.DPND.YG,2022,36.1549553688613
MMR,SP.POP.DPND.YG,2023,35.8442612559047
MMR,SP.POP.DPND.YG,2024,35.5296652928459
MMR,SP.POP.DPND.YG,2025,35.2031248242481
PHL,SP.POP.TOTL.FE.IN,2015,52476447.0
PHL,SP.POP.TOTL.FE.IN,2016,53242092.0
PHL,SP.POP.TOTL.FE.IN,2017,53999406.0
PHL,SP.POP.TOTL.FE.IN,2018,54754964.0
PHL,SP.POP.TOTL.FE.IN,2019,55506906.0
PHL,SP.POP.TOTL.FE.IN,2020,56175775.0
PHL,SP.POP.TOTL.FE.IN,2021,56681259.0
PHL,SP.POP.TOTL.FE.IN,2022,57115091.0
PHL,SP.POP.TOTL.FE.IN,2023,57580382.0
PHL,SP.POP.TOTL.FE.IN,2024,58059563.0
PHL,SP.POP.TOTL.FE.IN,2025,58535632.0
PHL,SP.POP.TOTL.FE.ZS,2015,49.8290343892233
PHL,SP.POP.TOTL.FE.ZS,2016,49.882169715671
PHL,SP.POP.TOTL.FE.ZS,2017,49.9440985279157
PHL,SP.POP.TOTL.FE.ZS,2018,50.0203904823271
PHL,SP.POP.TOTL.FE.ZS,2019,50.09436830391
PHL,SP.POP.TOTL.FE.ZS,2020,50.1205759064245
PHL,SP.POP.TOTL.FE.ZS,2021,50.1156347493102
PHL,SP.POP.TOTL.FE.ZS,2022,50.1166351695332
PHL,SP.POP.TOTL.FE.ZS,2023,50.1173131633869
PHL,SP.POP.TOTL.FE.ZS,2024,50.1188912609554
PHL,SP.POP.TOTL.FE.ZS,2025,50.1217182102913
PHL,SP.POP.TOTL.MA.IN,2015,52836545.0
PHL,SP.POP.TOTL.MA.IN,2016,53493627.0
PHL,SP.POP.TOTL.MA.IN,2017,54120287.0
PHL,SP.POP.TOTL.MA.IN,2018,54710323.0
PHL,SP.POP.TOTL.MA.IN,2019,55297777.0
PHL,SP.POP.TOTL.MA.IN,2020,55905489.0
PHL,SP.POP.TOTL.MA.IN,2021,56419691.0
PHL,SP.POP.TOTL.MA.IN,2022,56849247.0
PHL,SP.POP.TOTL.MA.IN,2023,57310817.0
PHL,SP.POP.TOTL.MA.IN,2024,57784107.0
PHL,SP.POP.TOTL.MA.IN,2025,58251330.0
PHL,SP.POP.TOTL.MA.ZS,2015,50.1709656107767
PHL,SP.POP.TOTL.MA.ZS,2016,50.117830284329
PHL,SP.POP.TOTL.MA.ZS,2017,50.0559014720843
PHL,SP.POP.TOTL.MA.ZS,2018,49.9796095176729
PHL,SP.POP.TOTL.MA.ZS,2019,49.90563169609
PHL,SP.POP.TOTL.MA.ZS,2020,49.8794240935755
PHL,SP.POP.TOTL.MA.ZS,2021,49.8843652506898
PHL,SP.POP.TOTL.MA.ZS,2022,49.8833648304668
PHL,SP.POP.TOTL.MA.ZS,2023,49.8826868366131
PHL,SP.POP.TOTL.MA.ZS,2024,49.8811087390446
PHL,SP.POP.TOTL.MA.ZS,2025,49.8782817897087
PHL,SP.POP.TOTL,2015,105312992.0
PHL,SP.POP.TOTL,2016,106735719.0
PHL,SP.POP.TOTL,2017,108119693.0
PHL,SP.POP.TOTL,2018,109465287.0
PHL,SP.POP.TOTL,2019,110804683.0
PHL,SP.POP.TOTL,2020,112081264.0
PHL,SP.POP.TOTL,2021,113100950.0
PHL,SP.POP.TOTL,2022,113964338.0
PHL,SP.POP.TOTL,2023,114891199.0
PHL,SP.POP.TOTL,2024,115843670.0
PHL,SP.POP.TOTL,2025,116786962.0
PHL,SP.POP.GROW,2015,1.47875384302116
PHL,SP.POP.GROW,2016,1.34190709540685
PHL,SP.POP.GROW,2017,1.28830186666283
PHL,SP.POP.GROW,2018,1.23686033319068
PHL,SP.POP.GROW,2019,1.21615534645287
PHL,SP.POP.GROW,2020,1.1455140860985
PHL,SP.POP.GROW,2021,0.905660310915421
PHL,SP.POP.GROW,2022,0.760479216015364
PHL,SP.POP.GROW,2023,0.810000998681961
PHL,SP.POP.GROW,2024,0.825602488528657
PHL,SP.POP.GROW,2025,0.810982768568445
PHL,SP.URB.TOTL.IN.ZS,2015,51.1549047745227
PHL,SP.URB.TOTL.IN.ZS,2016,51.9114748151175
PHL,SP.URB.TOTL.IN.ZS,2017,52.6010482354344
PHL,SP.URB.TOTL.IN.ZS,2018,53.2088897464754
PHL,SP.URB.TOTL.IN.ZS,2019,53.7157859948017
PHL,SP.URB.TOTL.IN.ZS,2020,54.1077719895977
PHL,SP.URB.TOTL.IN.ZS,2021,54.4504102510776
PHL,SP.URB.TOTL.IN.ZS,2022,54.7902343568327
PHL,SP.URB.TOTL.IN.ZS,2023,55.1242716168851
PHL,SP.URB.TOTL.IN.ZS,2024,55.4520983215477
PHL,SP.URB.TOTL.IN.ZS,2025,55.7732907605332
PHL,SP.DYN.TFRT.IN,2015,2.829
PHL,SP.DYN.TFRT.IN,2016,2.679
PHL,SP.DYN.TFRT.IN,2017,2.525
PHL,SP.DYN.TFRT.IN,2018,2.378
PHL,SP.DYN.TFRT.IN,2019,2.215
PHL,SP.DYN.TFRT.IN,2020,2.075
PHL,SP.DYN.TFRT.IN,2021,1.95
PHL,SP.DYN.TFRT.IN,2022,1.929
PHL,SP.DYN.TFRT.IN,2023,1.916
PHL,SP.DYN.TFRT.IN,2024,1.894
PHL,SP.POP.0014.TO.ZS,2015,33.5421646435711
PHL,SP.POP.0014.TO.ZS,2016,32.9321204085392
PHL,SP.POP.0014.TO.ZS,2017,32.3359092763244
PHL,SP.POP.0014.TO.ZS,2018,31.786152133261
PHL,SP.POP.0014.TO.ZS,2019,31.2733955871098
PHL,SP.POP.0014.TO.ZS,2020,30.6822971768056
PHL,SP.POP.0014.TO.ZS,2021,30.013648868555
PHL,SP.POP.0014.TO.ZS,2022,29.3310099808108
PHL,SP.POP.0014.TO.ZS,2023,28.6075480855588
PHL,SP.POP.0014.TO.ZS,2024,27.8680674907316
PHL,SP.POP.0014.TO.ZS,2025,27.1388610693595
PHL,SP.POP.65UP.TO.ZS,2015,3.77024234469686
PHL,SP.POP.65UP.TO.ZS,2016,3.93781110895032
PHL,SP.POP.65UP.TO.ZS,2017,4.11815540339097
PHL,SP.POP.65UP.TO.ZS,2018,4.31408910623004
PHL,SP.POP.65UP.TO.ZS,2019,4.51942674426754
PHL,SP.POP.65UP.TO.ZS,2020,4.72567431073939
PHL,SP.POP.65UP.TO.ZS,2021,4.8807304447929
PHL,SP.POP.65UP.TO.ZS,2022,5.04131518299472
PHL,SP.POP.65UP.TO.ZS,2023,5.26217156111322
PHL,SP.POP.65UP.TO.ZS,2024,5.49193411039176
PHL,SP.POP.65UP.TO.ZS,2025,5.72400622201301
PHL,SP.POP.DPND,2015,59.5211985547012
PHL,SP.POP.DPND,2016,58.4031241305213
PHL,SP.POP.DPND,2017,57.3664779049531
PHL,SP.POP.DPND,2018,56.4951142171875
PHL,SP.POP.DPND,2019,55.745826525598
PHL,SP.POP.DPND,2020,54.8178657691752
PHL,SP.POP.DPND,2021,53.59656857012
PHL,SP.POP.DPND,2022,52.3747406896807
PHL,SP.POP.DPND,2023,51.2166581870048
PHL,SP.POP.DPND,2024,50.0600272907847
PHL,SP.POP.DPND,2025,48.9488685879186
PHL,SP.POP.DPND.OL,2015,6.01433574812271
PHL,SP.POP.DPND.OL,2016,6.23761581893604
PHL,SP.POP.DPND.OL,2017,6.48059614293842
PHL,SP.POP.DPND.OL,2018,6.75133864338813
PHL,SP.POP.DPND.OL,2019,7.03881786604626
PHL,SP.POP.DPND.OL,2020,7.31618742043884
PHL,SP.POP.DPND.OL,2021,7.49663380533484
PHL,SP.POP.DPND.OL,2022,7.68169037002482
PHL,SP.POP.DPND.OL,2023,7.95727998278236
PHL,SP.POP.DPND.OL,2024,8.24119778927545
PHL,SP.POP.DPND.OL,2025,8.52584254209213
PHL,SP.POP.DPND.YG,2015,53.5068628065784
PHL,SP.POP.DPND.YG,2016,52.1655083115853
PHL,SP.POP.DPND.YG,2017,50.8858817620147
PHL,SP.POP.DPND.YG,2018,49.7437755737994
PHL,SP.POP.DPND.YG,2019,48.7070086595518
PHL,SP.POP.DPND.YG,2020,47.5016783487363
PHL,SP.POP.DPND.YG,2021,46.0999347647852
PHL,SP.POP.DPND.YG,2022,44.6930503196559
PHL,SP.POP.DPND.YG,2023,43.2593782042224
PHL,SP.POP.DPND.YG,2024,41.8188295015092
PHL,SP.POP.DPND.YG,2025,40.4230260458264
SGP,SP.POP.TOTL.FE.IN,2015,2642505.0
SGP,SP.POP.TOTL.FE.IN,2016,2689295.0
SGP,SP.POP.TOTL.FE.IN,2017,2711014.0
SGP,SP.POP.TOTL.FE.IN,2018,2731845.0
SGP,SP.POP.TOTL.FE.IN,2019,2754201.0
SGP,SP.POP.TOTL.FE.IN,2020,2742212.0
SGP,SP.POP.TOTL.FE.IN,2021,2634886.0
SGP,SP.POP.TOTL.FE.IN,2022,2723972.0
SGP,SP.POP.TOTL.FE.IN,2023,2858818.0
SGP,SP.POP.TOTL.FE.IN,2024,2917785.0
SGP,SP.POP.TOTL.FE.IN,2025,2954709.0
SGP,SP.POP.TOTL.FE.ZS,2015,47.7417136321023
SGP,SP.POP.TOTL.FE.ZS,2016,47.9607488799608
SGP,SP.POP.TOTL.FE.ZS,2017,48.3052790654807
SGP,SP.POP.TOTL.FE.ZS,2018,48.4483355633967
SGP,SP.POP.TOTL.FE.ZS,2019,48.2890833032458
SGP,SP.POP.TOTL.FE.ZS,2020,48.229077830827
SGP,SP.POP.TOTL.FE.ZS,2021,48.3149276363118
SGP,SP.POP.TOTL.FE.ZS,2022,48.3228950677757
SGP,SP.POP.TOTL.FE.ZS,2023,48.3100363459605
SGP,SP.POP.TOTL.FE.ZS,2024,48.3328181068917
SGP,SP.POP.TOTL.FE.ZS,2025,48.3492739428523
SGP,SP.POP.TOTL.MA.IN,2015,2892497.0
SGP,SP.POP.TOTL.MA.IN,2016,2917988.0
SGP,SP.POP.TOTL.MA.IN,2017,2901239.0
SGP,SP.POP.TOTL.MA.IN,2018,2906831.0
SGP,SP.POP.TOTL.MA.IN,2019,2949368.0
SGP,SP.POP.TOTL.MA.IN,2020,2943595.0
SGP,SP.POP.TOTL.MA.IN,2021,2818680.0
SGP,SP.POP.TOTL.MA.IN,2022,2913050.0
SGP,SP.POP.TOTL.MA.IN,2023,3058830.0
SGP,SP.POP.TOTL.MA.IN,2024,3119075.0
SGP,SP.POP.TOTL.MA.IN,2025,3156466.0
SGP,SP.POP.TOTL.MA.ZS,2015,52.2582863678977
SGP,SP.POP.TOTL.MA.ZS,2016,52.0392511200392
SGP,SP.POP.TOTL.MA.ZS,2017,51.6947209345193
SGP,SP.POP.TOTL.MA.ZS,2018,51.5516644366033
SGP,SP.POP.TOTL.MA.ZS,2019,51.7109166967542
SGP,SP.POP.TOTL.MA.ZS,2020,51.770922169173
SGP,SP.POP.TOTL.MA.ZS,2021,51.6850723636882
SGP,SP.POP.TOTL.MA.ZS,2022,51.6771049322243
SGP,SP.POP.TOTL.MA.ZS,2023,51.6899636540395
SGP,SP.POP.TOTL.MA.ZS,2024,51.6671818931083
SGP,SP.POP.TOTL.MA.ZS,2025,51.6507260571477
SGP,SP.POP.TOTL,2015,5535002.0
SGP,SP.POP.TOTL,2016,5607283.0
SGP,SP.POP.TOTL,2017,5612253.0
SGP,SP.POP.TOTL,2018,5638676.0
SGP,SP.POP.TOTL,2019,5703569.0
SGP,SP.POP.TOTL,2020,5685807.0
SGP,SP.POP.TOTL,2021,5453566.0
SGP,SP.POP.TOTL,2022,5637022.0
SGP,SP.POP.TOTL,2023,5917648.0
SGP,SP.POP.TOTL,2024,6036860.0
SGP,SP.POP.TOTL,2025,6111175.0
SGP,SP.POP.GROW,2015,1.18637693749822
SGP,SP.POP.GROW,2016,1.29743609938602
SGP,SP.POP.GROW,2017,0.0885954699924263
SGP,SP.POP.GROW,2018,0.469704298714121
SGP,SP.POP.GROW,2019,1.14428330688929
SGP,SP.POP.GROW,2020,-0.311904961250833
SGP,SP.POP.GROW,2021,-4.17033630017526
SGP,SP.POP.GROW,2022,3.30862052439523
SGP,SP.POP.GROW,2023,4.85831607781442
SGP,SP.POP.GROW,2024,1.99449365639324
SGP,SP.POP.GROW,2025,1.22350531679895
SGP,SP.URB.TOTL.IN.ZS,2015,100.0
SGP,SP.URB.TOTL.IN.ZS,2016,100.0
SGP,SP.URB.TOTL.IN.ZS,2017,100.0
SGP,SP.URB.TOTL.IN.ZS,2018,100.0
SGP,SP.URB.TOTL.IN.ZS,2019,100.0
SGP,SP.URB.TOTL.IN.ZS,2020,100.0
SGP,SP.URB.TOTL.IN.ZS,2021,100.0
SGP,SP.URB.TOTL.IN.ZS,2022,100.0
SGP,SP.URB.TOTL.IN.ZS,2023,100.0
SGP,SP.URB.TOTL.IN.ZS,2024,100.0
SGP,SP.URB.TOTL.IN.ZS,2025,100.0
SGP,SP.DYN.TFRT.IN,2015,1.24
SGP,SP.DYN.TFRT.IN,2016,1.2
SGP,SP.DYN.TFRT.IN,2017,1.16
SGP,SP.DYN.TFRT.IN,2018,1.14
SGP,SP.DYN.TFRT.IN,2019,1.14
SGP,SP.DYN.TFRT.IN,2020,1.1
SGP,SP.DYN.TFRT.IN,2021,1.12
SGP,SP.DYN.TFRT.IN,2022,1.04
SGP,SP.DYN.TFRT.IN,2023,0.97
SGP,SP.DYN.TFRT.IN,2024,0.97
SGP,SP.POP.0014.TO.ZS,2015,12.6825690982427
SGP,SP.POP.0014.TO.ZS,2016,12.5211872971862
SGP,SP.POP.0014.TO.ZS,2017,12.4248348769561
SGP,SP.POP.0014.TO.ZS,2018,12.3293830835908
SGP,SP.POP.0014.TO.ZS,2019,12.2130675867847
SGP,SP.POP.0014.TO.ZS,2020,12.1745227285284
SGP,SP.POP.0014.TO.ZS,2021,12.1688552167305
SGP,SP.POP.0014.TO.ZS,2022,12.005289665656
SGP,SP.POP.0014.TO.ZS,2023,11.787475387969
SGP,SP.POP.0014.TO.ZS,2024,11.686158685972
SGP,SP.POP.0014.TO.ZS,2025,11.6891623727803
SGP,SP.POP.65UP.TO.ZS,2015,8.99820725948152
SGP,SP.POP.65UP.TO.ZS,2016,9.44794121187799
SGP,SP.POP.65UP.TO.ZS,2017,9.96401995439571
SGP,SP.POP.65UP.TO.ZS,2018,10.4836486140996
SGP,SP.POP.65UP.TO.ZS,2019,10.9750531897302
SGP,SP.POP.65UP.TO.ZS,2020,11.5849477696371
SGP,SP.POP.65UP.TO.ZS,2021,12.258194216314
SGP,SP.POP.65UP.TO.ZS,2022,12.6908966015146
SGP,SP.POP.65UP.TO.ZS,2023,13.0953667239036
SGP,SP.POP.65UP.TO.ZS,2024,13.6562182859265
SGP,SP.POP.65UP.TO.ZS,2025,14.2110377720053
SGP,SP.POP.DPND,2015,27.6825611982179
SGP,SP.POP.DPND,2016,28.1544000884945
SGP,SP.POP.DPND,2017,28.8474686470753
SGP,SP.POP.DPND,2018,29.5555499902006
SGP,SP.POP.DPND,2019,30.1882050728381
SGP,SP.POP.DPND,2020,31.1638429496119
SGP,SP.POP.DPND,2021,32.3224926548392
SGP,SP.POP.DPND,2022,32.7954085061744
SGP,SP.POP.DPND,2023,33.1253772353762
SGP,SP.POP.DPND,2024,33.9448002385635
SGP,SP.POP.DPND,2025,34.9531221844161
SGP,SP.POP.DPND.OL,2015,11.4891426032608
SGP,SP.POP.DPND.OL,2016,12.107956919257
SGP,SP.POP.DPND.OL,2017,12.8383872844393
SGP,SP.POP.DPND.OL,2018,13.5821491189877
SGP,SP.POP.DPND.OL,2019,14.2882283779185
SGP,SP.POP.DPND.OL,2020,15.1952679757198
SGP,SP.POP.DPND.OL,2021,16.2203521552397
SGP,SP.POP.DPND.OL,2022,16.8529336310715
SGP,SP.POP.DPND.OL,2023,17.4332629423088
SGP,SP.POP.DPND.OL,2024,18.2917992019483
SGP,SP.POP.DPND.OL,2025,19.1782337477873
SGP,SP.POP.DPND.YG,2015,16.1934185949572
SGP,SP.POP.DPND.YG,2016,16.0464431692375
SGP,SP.POP.DPND.YG,2017,16.009081362636
SGP,SP.POP.DPND.YG,2018,15.9734008712129
SGP,SP.POP.DPND.YG,2019,15.8999766949196
SGP,SP.POP.DPND.YG,2020,15.9685749738921
SGP,SP.POP.DPND.YG,2021,16.1021404995995
SGP,SP.POP.DPND.YG,2022,15.9424748751029
SGP,SP.POP.DPND.YG,2023,15.6921142930674
SGP,SP.POP.DPND.YG,2024,15.6530010366152
SGP,SP.POP.DPND.YG,2025,15.7748884366288
THA,SP.POP.TOTL.FE.IN,2015,35856230.0
THA,SP.POP.TOTL.FE.IN,2016,36051319.0
THA,SP.POP.TOTL.FE.IN,2017,36238464.0
THA,SP.POP.TOTL.FE.IN,2018,36384841.0
THA,SP.POP.TOTL.FE.IN,2019,36498738.0
THA,SP.POP.TOTL.FE.IN,2020,36601089.0
THA,SP.POP.TOTL.FE.IN,2021,36686198.0
THA,SP.POP.TOTL.FE.IN,2022,36730034.0
THA,SP.POP.TOTL.FE.IN,2023,36752428.0
THA,SP.POP.TOTL.FE.IN,2024,36772621.0
THA,SP.POP.TOTL.FE.IN,2025,36783262.0
THA,SP.POP.TOTL.FE.ZS,2015,50.8304875214406
THA,SP.POP.TOTL.FE.ZS,2016,50.8769402968319
THA,SP.POP.TOTL.FE.ZS,2017,50.9251950110811
THA,SP.POP.TOTL.FE.ZS,2018,50.9762388457376
THA,SP.POP.TOTL.FE.ZS,2019,51.0312906591011
THA,SP.POP.TOTL.FE.ZS,2020,51.0892383397479
THA,SP.POP.TOTL.FE.ZS,2021,51.1467483552853
THA,SP.POP.TOTL.FE.ZS,2022,51.2021545199855
THA,SP.POP.TOTL.FE.ZS,2023,51.2568764051475
THA,SP.POP.TOTL.FE.ZS,2024,51.3096714795113
THA,SP.POP.TOTL.FE.ZS,2025,51.3590231246323
THA,SP.POP.TOTL.MA.IN,2015,34684565.0
THA,SP.POP.TOTL.MA.IN,2016,34808522.0
THA,SP.POP.TOTL.MA.IN,2017,34921723.0
THA,SP.POP.TOTL.MA.IN,2018,34991238.0
THA,SP.POP.TOTL.MA.IN,2019,35023533.0
THA,SP.POP.TOTL.MA.IN,2020,35040395.0
THA,SP.POP.TOTL.MA.IN,2021,35041134.0
THA,SP.POP.TOTL.MA.IN,2022,35005295.0
THA,SP.POP.TOTL.MA.IN,2023,34950007.0
THA,SP.POP.TOTL.MA.IN,2024,34895390.0
THA,SP.POP.TOTL.MA.IN,2025,34836601.0
THA,SP.POP.TOTL.MA.ZS,2015,49.1695124785594
THA,SP.POP.TOTL.MA.ZS,2016,49.1230597031681
THA,SP.POP.TOTL.MA.ZS,2017,49.0748049889189
THA,SP.POP.TOTL.MA.ZS,2018,49.0237611542624
THA,SP.POP.TOTL.MA.ZS,2019,48.9687093408989
THA,SP.POP.TOTL.MA.ZS,2020,48.9107616602521
THA,SP.POP.TOTL.MA.ZS,2021,48.8532516447147
THA,SP.POP.TOTL.MA.ZS,2022,48.7978454800145
THA,SP.POP.TOTL.MA.ZS,2023,48.7431235948525
THA,SP.POP.TOTL.MA.ZS,2024,48.6903285204887
THA,SP.POP.TOTL.MA.ZS,2025,48.6409768753677
THA,SP.POP.TOTL,2015,70540795.0
THA,SP.POP.TOTL,2016,70859841.0
THA,SP.POP.TOTL,2017,71160187.0
THA,SP.POP.TOTL,2018,71376079.0
THA,SP.POP.TOTL,2019,71522271.0
THA,SP.POP.TOTL,2020,71641484.0
THA,SP.POP.TOTL,2021,71727332.0
THA,SP.POP.TOTL,2022,71735329.0
THA,SP.POP.TOTL,2023,71702435.0
THA,SP.POP.TOTL,2024,71668011.0
THA,SP.POP.TOTL,2025,71619863.0
THA,SP.POP.GROW,2015,0.460976294059414
THA,SP.POP.GROW,2016,0.451266062797186
THA,SP.POP.GROW,2017,0.422963510133952
THA,SP.POP.GROW,2018,0.302929452489855
THA,SP.POP.GROW,2019,0.204609851692418
THA,SP.POP.GROW,2020,0.166540794566251
THA,SP.POP.GROW,2021,0.119758274714782
THA,SP.POP.GROW,2022,0.0111485454856964
THA,SP.POP.GROW,2023,-0.0458651887192549
THA,SP.POP.GROW,2024,-0.0480210554154485
THA,SP.POP.GROW,2025,-0.0672045728198196
THA,SP.URB.TOTL.IN.ZS,2015,46.9521043776171
THA,SP.URB.TOTL.IN.ZS,2016,47.8801095551247
THA,SP.URB.TOTL.IN.ZS,2017,49.2311973571777
THA,SP.URB.TOTL.IN.ZS,2018,54.5843734741211
THA,SP.URB.TOTL.IN.ZS,2019,55.9266166687012
THA,SP.URB.TOTL.IN.ZS,2020,57.2358779907227
THA,SP.URB.TOTL.IN.ZS,2021,58.5087776184082
THA,SP.URB.TOTL.IN.ZS,2022,59.742374420166
THA,SP.URB.TOTL.IN.ZS,2023,60.9341926574707
THA,SP.URB.TOTL.IN.ZS,2024,61.8689338391321
THA,SP.URB.TOTL.IN.ZS,2025,62.7993377136296
THA,SP.DYN.TFRT.IN,2015,1.451
THA,SP.DYN.TFRT.IN,2016,1.4
THA,SP.DYN.TFRT.IN,2017,1.363
THA,SP.DYN.TFRT.IN,2018,1.323
THA,SP.DYN.TFRT.IN,2019,1.285
THA,SP.DYN.TFRT.IN,2020,1.259
THA,SP.DYN.TFRT.IN,2021,1.234
THA,SP.DYN.TFRT.IN,2022,1.221
THA,SP.DYN.TFRT.IN,2023,1.212
THA,SP.DYN.TFRT.IN,2024,1.204
THA,SP.POP.0014.TO.ZS,2015,18.10770407317
THA,SP.POP.0014.TO.ZS,2016,17.7345182179105
THA,SP.POP.0014.TO.ZS,2017,17.3369766439765
THA,SP.POP.0014.TO.ZS,2018,16.9415128347237
THA,SP.POP.0014.TO.ZS,2019,16.5514326299846
THA,SP.POP.0014.TO.ZS,2020,16.1671338087241
THA,SP.POP.0014.TO.ZS,2021,15.7908306139144
THA,SP.POP.0014.TO.ZS,2022,15.4329660912268
THA,SP.POP.0014.TO.ZS,2023,15.0896793114488
THA,SP.POP.0014.TO.ZS,2024,14.7494821643648
THA,SP.POP.0014.TO.ZS,2025,14.4141877233136
THA,SP.POP.65UP.TO.ZS,2015,10.3239727428364
THA,SP.POP.65UP.TO.ZS,2016,10.7814783921017
THA,SP.POP.65UP.TO.ZS,2017,11.2659962515276
THA,SP.POP.65UP.TO.ZS,2018,11.7833301811334
THA,SP.POP.65UP.TO.ZS,2019,12.3287535151114
THA,SP.POP.65UP.TO.ZS,2020,12.8979852852991
THA,SP.POP.65UP.TO.ZS,2021,13.4920297885888
THA,SP.POP.65UP.TO.ZS,2022,14.0967841661394
THA,SP.POP.65UP.TO.ZS,2023,14.7182560815403
THA,SP.POP.65UP.TO.ZS,2024,15.3627543814492
THA,SP.POP.65UP.TO.ZS,2025,16.017421033045
THA,SP.POP.DPND,2015,39.72661984392
THA,SP.POP.DPND,2016,39.8914360247636
THA,SP.POP.DPND,2017,40.0618541912691
THA,SP.POP.DPND,2018,40.3013405116213
THA,SP.POP.DPND,2019,40.607794056073
THA,SP.POP.DPND,2020,40.974368915158
THA,SP.POP.DPND,2021,41.4084358543198
THA,SP.POP.DPND,2022,41.9038541372374
THA,SP.POP.DPND,2023,42.4662473757894
THA,SP.POP.DPND,2024,43.0865648827834
THA,SP.POP.DPND,2025,43.7434423954487
THA,SP.POP.DPND.OL,2015,14.4253374635217
THA,SP.POP.DPND.OL,2016,15.0823642795828
THA,SP.POP.DPND.OL,2017,15.7793632430084
THA,SP.POP.DPND.OL,2018,16.5321700852304
THA,SP.POP.DPND.OL,2019,17.3351890927991
THA,SP.POP.DPND.OL,2020,18.1828532318187
THA,SP.POP.DPND.OL,2021,19.0788682890423
THA,SP.POP.DPND.OL,2022,20.0038807513821
THA,SP.POP.DPND.OL,2023,20.968546826091
THA,SP.POP.DPND.OL,2024,21.9820365175353
THA,SP.POP.DPND.OL,2025,23.0239920543965
THA,SP.POP.DPND.YG,2015,25.3012823803982
THA,SP.POP.DPND.YG,2016,24.8090717451808
THA,SP.POP.DPND.YG,2017,24.2824909482607
THA,SP.POP.DPND.YG,2018,23.7691704263909
THA,SP.POP.DPND.YG,2019,23.2726049632739
THA,SP.POP.DPND.YG,2020,22.7915156833393
THA,SP.POP.DPND.YG,2021,22.3295675652775
THA,SP.POP.DPND.YG,2022,21.8999733858553
THA,SP.POP.DPND.YG,2023,21.4977005496984
THA,SP.POP.DPND.YG,2024,21.104528365248
THA,SP.POP.DPND.YG,2025,20.7194503410521
VNM,SP.POP.TOTL.FE.IN,2015,47527300.0
VNM,SP.POP.TOTL.FE.IN,2016,48084841.0
VNM,SP.POP.TOTL.FE.IN,2017,48636377.0
VNM,SP.POP.TOTL.FE.IN,2018,49147626.0
VNM,SP.POP.TOTL.FE.IN,2019,49610246.0
VNM,SP.POP.TOTL.FE.IN,2020,50061601.0
VNM,SP.POP.TOTL.FE.IN,2021,50486603.0
VNM,SP.POP.TOTL.FE.IN,2022,50859448.0
VNM,SP.POP.TOTL.FE.IN,2023,51201223.0
VNM,SP.POP.TOTL.FE.IN,2024,51526287.0
VNM,SP.POP.TOTL.FE.IN,2025,51840189.0
VNM,SP.POP.TOTL.FE.ZS,2015,51.201932653643
VNM,SP.POP.TOTL.FE.ZS,2016,51.1540219801431
VNM,SP.POP.TOTL.FE.ZS,2017,51.1009894756376
VNM,SP.POP.TOTL.FE.ZS,2018,51.0691969712914
VNM,SP.POP.TOTL.FE.ZS,2019,51.0531210709886
VNM,SP.POP.TOTL.FE.ZS,2020,51.0420207279238
VNM,SP.POP.TOTL.FE.ZS,2021,51.0300227326808
VNM,SP.POP.TOTL.FE.ZS,2022,51.0223854367731
VNM,SP.POP.TOTL.FE.ZS,2023,51.0215292556838
VNM,SP.POP.TOTL.FE.ZS,2024,51.0223464274644
VNM,SP.POP.TOTL.FE.ZS,2025,51.0245478263676
VNM,SP.POP.TOTL.MA.IN,2015,45295954.0
VNM,SP.POP.TOTL.MA.IN,2016,45915276.0
VNM,SP.POP.TOTL.MA.IN,2017,46540600.0
VNM,SP.POP.TOTL.MA.IN,2018,47089693.0
VNM,SP.POP.TOTL.MA.IN,2019,47563530.0
VNM,SP.POP.TOTL.MA.IN,2020,48017590.0
VNM,SP.POP.TOTL.MA.IN,2021,48448495.0
VNM,SP.POP.TOTL.MA.IN,2022,48821207.0
VNM,SP.POP.TOTL.MA.IN,2023,49150969.0
VNM,SP.POP.TOTL.MA.IN,2024,49461399.0
VNM,SP.POP.TOTL.MA.IN,2025,49758338.0
VNM,SP.POP.TOTL.MA.ZS,2015,48.798067346357
VNM,SP.POP.TOTL.MA.ZS,2016,48.8459780198569
VNM,SP.POP.TOTL.MA.ZS,2017,48.8990105243624
VNM,SP.POP.TOTL.MA.ZS,2018,48.9308030287086
VNM,SP.POP.TOTL.MA.ZS,2019,48.9468789290115
VNM,SP.POP.TOTL.MA.ZS,2020,48.9579792720762
VNM,SP.POP.TOTL.MA.ZS,2021,48.9699772673192
VNM,SP.POP.TOTL.MA.ZS,2022,48.9776145632269
VNM,SP.POP.TOTL.MA.ZS,2023,48.9784707443162
VNM,SP.POP.TOTL.MA.ZS,2024,48.9776535725356
VNM,SP.POP.TOTL.MA.ZS,2025,48.9754521736324
VNM,SP.POP.TOTL,2015,92823254.0
VNM,SP.POP.TOTL,2016,94000117.0
VNM,SP.POP.TOTL,2017,95176977.0
VNM,SP.POP.TOTL,2018,96237319.0
VNM,SP.POP.TOTL,2019,97173776.0
VNM,SP.POP.TOTL,2020,98079191.0
VNM,SP.POP.TOTL,2021,98935098.0
VNM,SP.POP.TOTL,2022,99680655.0
VNM,SP.POP.TOTL,2023,100352192.0
VNM,SP.POP.TOTL,2024,100987686.0
VNM,SP.POP.TOTL,2025,101598527.0
VNM,SP.POP.GROW,2015,1.23975403093124
VNM,SP.POP.GROW,2016,1.25988366517733
VNM,SP.POP.GROW,2017,1.24420473643635
VNM,SP.POP.GROW,2018,1.10791395242199
VNM,SP.POP.GROW,2019,0.968366698803348
VNM,SP.POP.GROW,2020,0.927434295850725
VNM,SP.POP.GROW,2021,0.868883560805873
VNM,SP.POP.GROW,2022,0.750756665157789
VNM,SP.POP.GROW,2023,0.671429250652247
VNM,SP.POP.GROW,2024,0.631267006487247
VNM,SP.POP.GROW,2025,0.603044839155161
VNM,SP.URB.TOTL.IN.ZS,2015,32.3810945365679
VNM,SP.URB.TOTL.IN.ZS,2016,32.8476189285136
VNM,SP.URB.TOTL.IN.ZS,2017,33.3625963003742
VNM,SP.URB.TOTL.IN.ZS,2018,33.9410227821412
VNM,SP.URB.TOTL.IN.ZS,2019,34.6239134999511
VNM,SP.URB.TOTL.IN.ZS,2020,35.5706676299742
VNM,SP.URB.TOTL.IN.ZS,2021,36.6540656426603
VNM,SP.URB.TOTL.IN.ZS,2022,37.5478515625
VNM,SP.URB.TOTL.IN.ZS,2023,38.1298904418945
VNM,SP.URB.TOTL.IN.ZS,2024,38.4900703430176
VNM,SP.URB.TOTL.IN.ZS,2025,38.8299160351294
VNM,SP.DYN.TFRT.IN,2015,2.1
VNM,SP.DYN.TFRT.IN,2016,2.0
VNM,SP.DYN.TFRT.IN,2017,1.985
VNM,SP.DYN.TFRT.IN,2018,1.88
VNM,SP.DYN.TFRT.IN,2019,1.943
VNM,SP.DYN.TFRT.IN,2020,1.957
VNM,SP.DYN.TFRT.IN,2021,1.942
VNM,SP.DYN.TFRT.IN,2022,1.927
VNM,SP.DYN.TFRT.IN,2023,1.913
VNM,SP.DYN.TFRT.IN,2024,1.895
VNM,SP.POP.0014.TO.ZS,2015,23.9927664031257
VNM,SP.POP.0014.TO.ZS,2016,24.1320754107789
VNM,SP.POP.0014.TO.ZS,2017,24.4196414223158
VNM,SP.POP.0014.TO.ZS,2018,24.5830496141364
VNM,SP.POP.0014.TO.ZS,2019,24.53947310095
VNM,SP.POP.0014.TO.ZS,2020,24.3889440319711
VNM,SP.POP.0014.TO.ZS,2021,24.1976460962436
VNM,SP.POP.0014.TO.ZS,2022,23.9348788388279
VNM,SP.POP.0014.TO.ZS,2023,23.6058472126142
VNM,SP.POP.0014.TO.ZS,2024,23.2240051365074
VNM,SP.POP.0014.TO.ZS,2025,22.8560173908821
VNM,SP.POP.65UP.TO.ZS,2015,6.45078979885794
VNM,SP.POP.65UP.TO.ZS,2016,6.60876308594788
VNM,SP.POP.65UP.TO.ZS,2017,6.76773963938779
VNM,SP.POP.65UP.TO.ZS,2018,6.98161953689909
VNM,SP.POP.65UP.TO.ZS,2019,7.25022977006795
VNM,SP.POP.65UP.TO.ZS,2020,7.56724481954587
VNM,SP.POP.65UP.TO.ZS,2021,7.88570347458642
VNM,SP.POP.65UP.TO.ZS,2022,8.23004774597438
VNM,SP.POP.65UP.TO.ZS,2023,8.62116598619573
VNM,SP.POP.65UP.TO.ZS,2024,9.04718319297274
VNM,SP.POP.65UP.TO.ZS,2025,9.49453578200007
VNM,SP.POP.DPND,2015,43.7681325303024
VNM,SP.POP.DPND,2016,44.38523018963
VNM,SP.POP.DPND,2017,45.3221818606231
VNM,SP.POP.DPND,2018,46.123352133928
VNM,SP.POP.DPND,2019,46.6054316189935
VNM,SP.POP.DPND,2020,46.9641361395404
VNM,SP.POP.DPND,2021,47.2392982614886
VNM,SP.POP.DPND,2022,47.4163647594031
VNM,SP.POP.DPND,2023,47.5514131558407
VNM,SP.POP.DPND,2024,47.6476510341859
VNM,SP.POP.DPND,2025,47.8208691230641
VNM,SP.POP.DPND.OL,2015,9.27417992736107
VNM,SP.POP.DPND.OL,2016,9.54207774357747
VNM,SP.POP.DPND.OL,2017,9.8350269066046
VNM,SP.POP.DPND.OL,2018,10.201775794375
VNM,SP.POP.DPND.OL,2019,10.629230593085
VNM,SP.POP.DPND.OL,2020,11.1211352293981
VNM,SP.POP.DPND.OL,2021,11.6108537735214
VNM,SP.POP.DPND.OL,2022,12.1324364656354
VNM,SP.POP.DPND.OL,2023,12.7206521797624
VNM,SP.POP.DPND.OL,2024,13.3579535353205
VNM,SP.POP.DPND.OL,2025,14.0349059014874
VNM,SP.POP.DPND.YG,2015,34.4939526029414
VNM,SP.POP.DPND.YG,2016,34.8431524460525
VNM,SP.POP.DPND.YG,2017,35.4871549540185
VNM,SP.POP.DPND.YG,2018,35.921576339553
VNM,SP.POP.DPND.YG,2019,35.9762010259085
VNM,SP.POP.DPND.YG,2020,35.8430009101423
VNM,SP.POP.DPND.YG,2021,35.6284444879672
VNM,SP.POP.DPND.YG,2022,35.2839282937677
VNM,SP.POP.DPND.YG,2023,34.8307609760783
VNM,SP.POP.DPND.YG,2024,34.2896974988655
VNM,SP.POP.DPND.YG,2025,33.7859632215767
TLS,SP.POP.TOTL.FE.IN,2015,592449.0
TLS,SP.POP.TOTL.FE.IN,2016,604598.0
TLS,SP.POP.TOTL.FE.IN,2017,616910.0
TLS,SP.POP.TOTL.FE.IN,2018,629726.0
TLS,SP.POP.TOTL.FE.IN,2019,642976.0
TLS,SP.POP.TOTL.FE.IN,2020,656360.0
TLS,SP.POP.TOTL.FE.IN,2021,669265.0
TLS,SP.POP.TOTL.FE.IN,2022,679188.0
TLS,SP.POP.TOTL.FE.IN,2023,686512.0
TLS,SP.POP.TOTL.FE.IN,2024,694510.0
TLS,SP.POP.TOTL.FE.IN,2025,703273.0
TLS,SP.POP.TOTL.FE.ZS,2015,49.1605068988293
TLS,SP.POP.TOTL.FE.ZS,2016,49.2218990141747
TLS,SP.POP.TOTL.FE.ZS,2017,49.2856532260448
TLS,SP.POP.TOTL.FE.ZS,2018,49.3531531969287
TLS,SP.POP.TOTL.FE.ZS,2019,49.4237650323419
TLS,SP.POP.TOTL.FE.ZS,2020,49.4972301278832
TLS,SP.POP.TOTL.FE.ZS,2021,49.5700813027399
TLS,SP.POP.TOTL.FE.ZS,2022,49.6012911753859
TLS,SP.POP.TOTL.FE.ZS,2023,49.5932198982002
TLS,SP.POP.TOTL.FE.ZS,2024,49.5852604313177
TLS,SP.POP.TOTL.FE.ZS,2025,49.5780102896121
TLS,SP.POP.TOTL.MA.IN,2015,612682.0
TLS,SP.POP.TOTL.MA.IN,2016,623714.0
TLS,SP.POP.TOTL.MA.IN,2017,634793.0
TLS,SP.POP.TOTL.MA.IN,2018,646233.0
TLS,SP.POP.TOTL.MA.IN,2019,657969.0
TLS,SP.POP.TOTL.MA.IN,2020,669693.0
TLS,SP.POP.TOTL.MA.IN,2021,680874.0
TLS,SP.POP.TOTL.MA.IN,2022,690107.0
TLS,SP.POP.TOTL.MA.IN,2023,697774.0
TLS,SP.POP.TOTL.MA.IN,2024,706128.0
TLS,SP.POP.TOTL.MA.IN,2025,715244.0
TLS,SP.POP.TOTL.MA.ZS,2015,50.8394931011707
TLS,SP.POP.TOTL.MA.ZS,2016,50.7781009858252
TLS,SP.POP.TOTL.MA.ZS,2017,50.7143467739552
TLS,SP.POP.TOTL.MA.ZS,2018,50.6468468030713
TLS,SP.POP.TOTL.MA.ZS,2019,50.5762349676581
TLS,SP.POP.TOTL.MA.ZS,2020,50.5027698721168
TLS,SP.POP.TOTL.MA.ZS,2021,50.4299186972601
TLS,SP.POP.TOTL.MA.ZS,2022,50.3987088246141
TLS,SP.POP.TOTL.MA.ZS,2023,50.4067801017998
TLS,SP.POP.TOTL.MA.ZS,2024,50.4147395686823
TLS,SP.POP.TOTL.MA.ZS,2025,50.4219897103879
TLS,SP.POP.TOTL,2015,1205131.0
TLS,SP.POP.TOTL,2016,1228312.0
TLS,SP.POP.TOTL,2017,1251703.0
TLS,SP.POP.TOTL,2018,1275959.0
TLS,SP.POP.TOTL,2019,1300945.0
TLS,SP.POP.TOTL,2020,1326053.0
TLS,SP.POP.TOTL,2021,1350139.0
TLS,SP.POP.TOTL,2022,1369295.0
TLS,SP.POP.TOTL,2023,1384286.0
TLS,SP.POP.TOTL,2024,1400638.0
TLS,SP.POP.TOTL,2025,1418517.0
TLS,SP.POP.GROW,2015,1.94624234080117
TLS,SP.POP.GROW,2016,1.90525943887907
TLS,SP.POP.GROW,2017,1.88641549739516
TLS,SP.POP.GROW,2018,1.91930286555216
TLS,SP.POP.GROW,2019,1.93928707188808
TLS,SP.POP.GROW,2020,1.91159373351817
TLS,SP.POP.GROW,2021,1.80006893139932
TLS,SP.POP.GROW,2022,1.40884587356384
TLS,SP.POP.GROW,2023,1.08884743970717
TLS,SP.POP.GROW,2024,1.17433638550192
TLS,SP.POP.GROW,2025,1.26841125849065
TLS,SP.URB.TOTL.IN.ZS,2015,29.5043315008419
TLS,SP.URB.TOTL.IN.ZS,2016,29.4462907628171
TLS,SP.URB.TOTL.IN.ZS,2017,29.3600996787092
TLS,SP.URB.TOTL.IN.ZS,2018,29.248617510057
TLS,SP.URB.TOTL.IN.ZS,2019,29.1148755245217
TLS,SP.URB.TOTL.IN.ZS,2020,28.9619049897647
TLS,SP.URB.TOTL.IN.ZS,2021,28.7927371734472
TLS,SP.URB.TOTL.IN.ZS,2022,28.5857292288968
TLS,SP.URB.TOTL.IN.ZS,2023,28.595471832952
TLS,SP.URB.TOTL.IN.ZS,2024,28.6641074179574
TLS,SP.URB.TOTL.IN.ZS,2025,28.7864318960935
TLS,SP.DYN.TFRT.IN,2015,3.779
TLS,SP.DYN.TFRT.IN,2016,3.582
TLS,SP.DYN.TFRT.IN,2017,3.399
TLS,SP.DYN.TFRT.IN,2018,3.244
TLS,SP.DYN.TFRT.IN,2019,3.116
TLS,SP.DYN.TFRT.IN,2020,3.011
TLS,SP.DYN.TFRT.IN,2021,2.892
TLS,SP.DYN.TFRT.IN,2022,2.801
TLS,SP.DYN.TFRT.IN,2023,2.707
TLS,SP.DYN.TFRT.IN,2024,2.627
TLS,SP.POP.0014.TO.ZS,2015,39.1229919722454
TLS,SP.POP.0014.TO.ZS,2016,38.4458665411828
TLS,SP.POP.0014.TO.ZS,2017,37.7850816048216
TLS,SP.POP.0014.TO.ZS,2018,37.1670249592659
TLS,SP.POP.0014.TO.ZS,2019,36.5772713593854
TLS,SP.POP.0014.TO.ZS,2020,36.0057493909559
TLS,SP.POP.0014.TO.ZS,2021,35.4378087877651
TLS,SP.POP.0014.TO.ZS,2022,34.8343363430319
TLS,SP.POP.0014.TO.ZS,2023,34.2297762167645
TLS,SP.POP.0014.TO.ZS,2024,33.6584470791168
TLS,SP.POP.0014.TO.ZS,2025,33.1150655525928
TLS,SP.POP.65UP.TO.ZS,2015,5.26079519123017
TLS,SP.POP.65UP.TO.ZS,2016,5.38991941376434
TLS,SP.POP.65UP.TO.ZS,2017,5.49459416490973
TLS,SP.POP.65UP.TO.ZS,2018,5.54947298463352
TLS,SP.POP.65UP.TO.ZS,2019,5.56015264294518
TLS,SP.POP.65UP.TO.ZS,2020,5.53563638269497
TLS,SP.POP.65UP.TO.ZS,2021,5.48117841243695
TLS,SP.POP.65UP.TO.ZS,2022,5.40526131868541
TLS,SP.POP.65UP.TO.ZS,2023,5.33415782576722
TLS,SP.POP.65UP.TO.ZS,2024,5.2777020186515
TLS,SP.POP.65UP.TO.ZS,2025,5.22929748839898
TLS,SP.POP.DPND,2015,79.8035950871916
TLS,SP.POP.DPND,2016,78.0492613122434
TLS,SP.POP.DPND,2017,76.3036466329563
TLS,SP.POP.DPND,2018,74.5703324878166
TLS,SP.POP.DPND,2019,72.8233434295127
TLS,SP.POP.DPND,2020,71.0611048617633
TLS,SP.POP.DPND,2021,69.2591979701031
TLS,SP.POP.DPND,2022,67.3349252593194
TLS,SP.POP.DPND,2023,65.4641122246022
TLS,SP.POP.DPND,2024,63.7629138391458
TLS,SP.POP.DPND,2025,62.1911145260212
TLS,SP.POP.DPND.OL,2015,9.45903605829484
TLS,SP.POP.DPND.OL,2016,9.59670779506923
TLS,SP.POP.DPND.OL,2017,9.68716988041748
TLS,SP.POP.DPND.OL,2018,9.68773344059629
TLS,SP.POP.DPND.OL,2019,9.6093044263776
TLS,SP.POP.DPND.OL,2020,9.46926696869937
TLS,SP.POP.DPND.OL,2021,9.27745099514089
TLS,SP.POP.DPND.OL,2022,9.04489329044747
TLS,SP.POP.DPND.OL,2023,8.82611689106487
TLS,SP.POP.DPND.OL,2024,8.64286014937728
TLS,SP.POP.DPND.OL,2025,8.48140169861285
TLS,SP.POP.DPND.YG,2015,70.3445590288968
TLS,SP.POP.DPND.YG,2016,68.4525535171742
TLS,SP.POP.DPND.YG,2017,66.6164767525388
TLS,SP.POP.DPND.YG,2018,64.8825990472203
TLS,SP.POP.DPND.YG,2019,63.2140390031351
TLS,SP.POP.DPND.YG,2020,61.5918378930639
TLS,SP.POP.DPND.YG,2021,59.9817469749623
TLS,SP.POP.DPND.YG,2022,58.2900319688719
TLS,SP.POP.DPND.YG,2023,56.6379953335373
TLS,SP.POP.DPND.YG,2024,55.1200536897685
TLS,SP.POP.DPND.YG,2025,53.7097128274083
BRN,ST.INT.ARVL.TOTL,2016,117525.0
BRN,ST.INT.ARVL.TOTL,2017,131351.0
BRN,ST.INT.ARVL.TOTL,2018,134596.0
BRN,ST.INT.ARVL.TOTL,2019,168705.0
BRN,ST.INT.ARVL.TOTL,2020,32571.0
BRN,ST.INT.ARVL.TOTL,2021,1344.0
BRN,ST.INT.ARVL.TOTL,2022,21439.0
BRN,ST.INT.ARVL.TOTL,2023,73894.0
BRN,ST.INT.ARVL.TOTL,2024,149048.0
BRN,ST.INT.ARVL.TOTL,2025,156545.0
KHM,ST.INT.ARVL.TOTL,2016,2121220.0
KHM,ST.INT.ARVL.TOTL,2017,2161254.0
KHM,ST.INT.ARVL.TOTL,2018,2067504.0
KHM,ST.INT.ARVL.TOTL,2019,2228185.0
KHM,ST.INT.ARVL.TOTL,2020,496486.0
KHM,ST.INT.ARVL.TOTL,2021,118572.0
KHM,ST.INT.ARVL.TOTL,2022,1603004.0
KHM,ST.INT.ARVL.TOTL,2023,3549025.0
KHM,ST.INT.ARVL.TOTL,2024,4235631.0
KHM,ST.INT.ARVL.TOTL,2025,2773060.0
IDN,ST.INT.ARVL.TOTL,2016,3609773.0
IDN,ST.INT.ARVL.TOTL,2017,5242841.0
IDN,ST.INT.ARVL.TOTL,2018,6510948.0
IDN,ST.INT.ARVL.TOTL,2019,6670926.0
IDN,ST.INT.ARVL.TOTL,2020,2364874.0
IDN,ST.INT.ARVL.TOTL,2021,1337762.0
IDN,ST.INT.ARVL.TOTL,2022,2894264.0
IDN,ST.INT.ARVL.TOTL,2023,4557843.0
IDN,ST.INT.ARVL.TOTL,2024,5005981.0
IDN,ST.INT.ARVL.TOTL,2025,5724925.0
LAO,ST.INT.ARVL.TOTL,2016,3083383.0
LAO,ST.INT.ARVL.TOTL,2017,2747096.0
LAO,ST.INT.ARVL.TOTL,2018,2886844.0
LAO,ST.INT.ARVL.TOTL,2019,3198829.0
LAO,ST.INT.ARVL.TOTL,2020,555519.0
LAO,ST.INT.ARVL.TOTL,2022,1124376.0
LAO,ST.INT.ARVL.TOTL,2023,2231593.0
LAO,ST.INT.ARVL.TOTL,2024,2366200.0
LAO,ST.INT.ARVL.TOTL,2025,2724281.0
MYS,ST.INT.ARVL.TOTL,2016,20271144.0
MYS,ST.INT.ARVL.TOTL,2017,19478575.0
MYS,ST.INT.ARVL.TOTL,2018,18114446.0
MYS,ST.INT.ARVL.TOTL,2019,17880151.0
MYS,ST.INT.ARVL.TOTL,2020,2949363.0
MYS,ST.INT.ARVL.TOTL,2021,91665.0
MYS,ST.INT.ARVL.TOTL,2022,8138818.0
MYS,ST.INT.ARVL.TOTL,2023,14638859.0
MYS,ST.INT.ARVL.TOTL,2024,28193293.0
MYS,ST.INT.ARVL.TOTL,2025,30728331.0
MMR,ST.INT.ARVL.TOTL,2017,1730534.0
MMR,ST.INT.ARVL.TOTL,2018,1918357.0
MMR,ST.INT.ARVL.TOTL,2019,2123405.0
MMR,ST.INT.ARVL.TOTL,2020,493581.0
MMR,ST.INT.ARVL.TOTL,2021,109082.0
MMR,ST.INT.ARVL.TOTL,2022,168495.0
MMR,ST.INT.ARVL.TOTL,2023,987267.0
MMR,ST.INT.ARVL.TOTL,2024,798312.0
MMR,ST.INT.ARVL.TOTL,2025,574353.0
MMR,ST.INT.ARVL.TOTL,2016,402862.0
PHL,ST.INT.ARVL.TOTL,2016,461698.0
PHL,ST.INT.ARVL.TOTL,2017,488346.0
PHL,ST.INT.ARVL.TOTL,2018,530309.0
PHL,ST.INT.ARVL.TOTL,2019,526832.0
PHL,ST.INT.ARVL.TOTL,2020,83344.0
PHL,ST.INT.ARVL.TOTL,2021,7773.0
PHL,ST.INT.ARVL.TOTL,2022,188205.0
PHL,ST.INT.ARVL.TOTL,2023,427689.0
PHL,ST.INT.ARVL.TOTL,2024,484465.0
PHL,ST.INT.ARVL.TOTL,2025,445161.0
SGP,ST.INT.ARVL.TOTL,2016,5936364.0
SGP,ST.INT.ARVL.TOTL,2017,6225114.0
SGP,ST.INT.ARVL.TOTL,2018,6520966.0
SGP,ST.INT.ARVL.TOTL,2019,6509386.0
SGP,ST.INT.ARVL.TOTL,2020,881538.0
SGP,ST.INT.ARVL.TOTL,2021,89150.0
SGP,ST.INT.ARVL.TOTL,2022,2790184.0
SGP,ST.INT.ARVL.TOTL,2023,5177575.0
SGP,ST.INT.ARVL.TOTL,2024,5454850.0
SGP,ST.INT.ARVL.TOTL,2025,5494606.0
THA,ST.INT.ARVL.TOTL,2016,8897291.0
THA,ST.INT.ARVL.TOTL,2017,9322508.0
THA,ST.INT.ARVL.TOTL,2018,10191391.0
THA,ST.INT.ARVL.TOTL,2019,10751957.0
THA,ST.INT.ARVL.TOTL,2020,1652593.0
THA,ST.INT.ARVL.TOTL,2021,32820.0
THA,ST.INT.ARVL.TOTL,2022,4526645.0
THA,ST.INT.ARVL.TOTL,2023,9822280.0
THA,ST.INT.ARVL.TOTL,2024,10661535.0
THA,ST.INT.ARVL.TOTL,2025,9466401.0
TLS,ST.INT.ARVL.TOTL,2018,21657.0
TLS,ST.INT.ARVL.TOTL,2019,13889.0
TLS,ST.INT.ARVL.TOTL,2020,4001.0
TLS,ST.INT.ARVL.TOTL,2021,495.0
TLS,ST.INT.ARVL.TOTL,2022,391.0
TLS,ST.INT.ARVL.TOTL,2023,12738.0
TLS,ST.INT.ARVL.TOTL,2024,15924.0
TLS,ST.INT.ARVL.TOTL,2025,7204.0
VNM,ST.INT.ARVL.TOTL,2017,1683524.0
VNM,ST.INT.ARVL.TOTL,2018,1781327.0
VNM,ST.INT.ARVL.TOTL,2016,1461172.0
VNM,ST.INT.ARVL.TOTL,2019,2037257.0
VNM,ST.INT.ARVL.TOTL,2020,509327.0
VNM,ST.INT.ARVL.TOTL,2022,915719.0
VNM,ST.INT.ARVL.TOTL,2023,2068606.0
VNM,ST.INT.ARVL.TOTL,2024,2334207.0
VNM,ST.INT.ARVL.TOTL,2025,2988752.0
BRN,BX.KLT.DINV.CD.WD,2015,171289167.8
BRN,BX.KLT.DINV.CD.WD,2016,-150550827.3
BRN,BX.KLT.DINV.CD.WD,2017,467927550.3
BRN,BX.KLT.DINV.CD.WD,2018,516202620.6
BRN,BX.KLT.DINV.CD.WD,2019,373256767.2
BRN,BX.KLT.DINV.CD.WD,2020,565542275.4
BRN,BX.KLT.DINV.CD.WD,2021,206462739.4
BRN,BX.KLT.DINV.CD.WD,2022,-290169984.9
BRN,BX.KLT.DINV.CD.WD,2023,-55927970.38
BRN,BX.KLT.DINV.CD.WD,2024,29063018.65
BRN,BX.KLT.DINV.CD.WD,2025,61805866.39
BRN,BM.KLT.DINV.CD.WD,2025,-95424021.33
BRN,BX.KLT.DINV.WD.GD.ZS,2015,1.324711795
BRN,BX.KLT.DINV.WD.GD.ZS,2016,-1.320590473
BRN,BX.KLT.DINV.WD.GD.ZS,2017,3.858188216
BRN,BX.KLT.DINV.WD.GD.ZS,2018,3.804865528
BRN,BX.KLT.DINV.WD.GD.ZS,2019,2.771180079
BRN,BX.KLT.DINV.WD.GD.ZS,2020,4.710575653
BRN,BX.KLT.DINV.WD.GD.ZS,2021,1.474049829
BRN,BX.KLT.DINV.WD.GD.ZS,2022,-1.739467977
BRN,BX.KLT.DINV.WD.GD.ZS,2023,-0.370504516
BRN,BX.KLT.DINV.WD.GD.ZS,2024,0.189449066
BRN,BX.KLT.DINV.WD.GD.ZS,2025,0.411162484
KHM,BX.KLT.DINV.CD.WD,2015,1822804151.0
KHM,BX.KLT.DINV.CD.WD,2016,2475915854.0
KHM,BX.KLT.DINV.CD.WD,2017,2788084322.0
KHM,BX.KLT.DINV.CD.WD,2018,3212633447.0
KHM,BX.KLT.DINV.CD.WD,2019,3663032999.0
KHM,BX.KLT.DINV.CD.WD,2020,3624644990.0
KHM,BX.KLT.DINV.CD.WD,2021,3483461606.0
KHM,BX.KLT.DINV.CD.WD,2022,3578831296.0
KHM,BX.KLT.DINV.CD.WD,2023,3958792379.0
KHM,BX.KLT.DINV.CD.WD,2024,4394647334.0
KHM,BX.KLT.DINV.CD.WD,2025,5099072042.0
KHM,BM.KLT.DINV.CD.WD,2015,87761038.01
KHM,BM.KLT.DINV.CD.WD,2016,79074478.55
KHM,BM.KLT.DINV.CD.WD,2017,114858066.2
KHM,BM.KLT.DINV.CD.WD,2018,123963610.3
KHM,BM.KLT.DINV.CD.WD,2019,101837547.9
KHM,BM.KLT.DINV.CD.WD,2020,127012891.2
KHM,BM.KLT.DINV.CD.WD,2021,92417625.05
KHM,BM.KLT.DINV.CD.WD,2022,150486280.4
KHM,BM.KLT.DINV.CD.WD,2023,151410511.2
KHM,BM.KLT.DINV.CD.WD,2024,171829024.4
KHM,BM.KLT.DINV.CD.WD,2025,138508720.8
KHM,BX.KLT.DINV.WD.GD.ZS,2015,7.54029662
KHM,BX.KLT.DINV.WD.GD.ZS,2016,9.323185073
KHM,BX.KLT.DINV.WD.GD.ZS,2017,9.497602031
KHM,BX.KLT.DINV.WD.GD.ZS,2018,9.692403
KHM,BX.KLT.DINV.WD.GD.ZS,2019,9.985000442
KHM,BX.KLT.DINV.WD.GD.ZS,2020,10.41023981
KHM,BX.KLT.DINV.WD.GD.ZS,2021,9.468459111
KHM,BX.KLT.DINV.WD.GD.ZS,2022,8.948301258
KHM,BX.KLT.DINV.WD.GD.ZS,2023,9.35096702
KHM,BX.KLT.DINV.WD.GD.ZS,2024,9.48089832
KHM,BX.KLT.DINV.WD.GD.ZS,2025,9.946096891
IDN,BX.KLT.DINV.CD.WD,2015,19779127977.0
IDN,BX.KLT.DINV.CD.WD,2016,4541713739.0
IDN,BX.KLT.DINV.CD.WD,2017,20510310832.0
IDN,BX.KLT.DINV.CD.WD,2018,18909826044.0
IDN,BX.KLT.DINV.CD.WD,2019,24993551748.0
IDN,BX.KLT.DINV.CD.WD,2020,19175077748.0
IDN,BX.KLT.DINV.CD.WD,2021,21213080330.0
IDN,BX.KLT.DINV.CD.WD,2022,24702029705.0
IDN,BX.KLT.DINV.CD.WD,2023,21543358781.0
IDN,BX.KLT.DINV.CD.WD,2024,24275445280.0
IDN,BX.KLT.DINV.CD.WD,2025,22283231892.0
IDN,BM.KLT.DINV.CD.WD,2015,9074649660.0
IDN,BM.KLT.DINV.CD.WD,2016,-11594202279.0
IDN,BM.KLT.DINV.CD.WD,2017,2008271972.0
IDN,BM.KLT.DINV.CD.WD,2018,6399215529.0
IDN,BM.KLT.DINV.CD.WD,2019,4462481182.0
IDN,BM.KLT.DINV.CD.WD,2020,5032603790.0
IDN,BM.KLT.DINV.CD.WD,2021,3926726202.0
IDN,BM.KLT.DINV.CD.WD,2022,6634821734.0
IDN,BM.KLT.DINV.CD.WD,2023,7125947951.0
IDN,BM.KLT.DINV.CD.WD,2024,8393557388.0
IDN,BM.KLT.DINV.CD.WD,2025,7929649552.0
IDN,BX.KLT.DINV.WD.GD.ZS,2015,2.297616394
IDN,BX.KLT.DINV.WD.GD.ZS,2016,0.487372471
IDN,BX.KLT.DINV.WD.GD.ZS,2017,2.019489198
IDN,BX.KLT.DINV.WD.GD.ZS,2018,1.814289793
IDN,BX.KLT.DINV.WD.GD.ZS,2019,2.233362043
IDN,BX.KLT.DINV.WD.GD.ZS,2020,1.81058402
IDN,BX.KLT.DINV.WD.GD.ZS,2021,1.787855631
IDN,BX.KLT.DINV.WD.GD.ZS,2022,1.872641009
IDN,BX.KLT.DINV.WD.GD.ZS,2023,1.571169664
IDN,BX.KLT.DINV.WD.GD.ZS,2024,1.738552903
IDN,BX.KLT.DINV.WD.GD.ZS,2025,1.541406717
LAO,BX.KLT.DINV.CD.WD,2015,1077759915.0
LAO,BX.KLT.DINV.CD.WD,2016,935296172.8
LAO,BX.KLT.DINV.CD.WD,2017,1686287305.0
LAO,BX.KLT.DINV.CD.WD,2018,1358019506.0
LAO,BX.KLT.DINV.CD.WD,2019,755524124.2
LAO,BX.KLT.DINV.CD.WD,2020,967706086.2
LAO,BX.KLT.DINV.CD.WD,2021,1071913716.0
LAO,BX.KLT.DINV.CD.WD,2022,726273736.5
LAO,BX.KLT.DINV.CD.WD,2023,1781176779.0
LAO,BX.KLT.DINV.CD.WD,2024,988457806.8
LAO,BM.KLT.DINV.CD.WD,2015,39696967.66
LAO,BM.KLT.DINV.CD.WD,2016,15184319.07
LAO,BM.KLT.DINV.CD.WD,2017,9700838.352
LAO,BM.KLT.DINV.CD.WD,2018,10.0
LAO,BM.KLT.DINV.CD.WD,2019,10.0
LAO,BM.KLT.DINV.CD.WD,2022,6670.0
LAO,BX.KLT.DINV.WD.GD.ZS,2015,7.470757773
LAO,BX.KLT.DINV.WD.GD.ZS,2016,5.877744362
LAO,BX.KLT.DINV.WD.GD.ZS,2017,9.877991605
LAO,BX.KLT.DINV.WD.GD.ZS,2018,7.485648622
LAO,BX.KLT.DINV.WD.GD.ZS,2019,4.031491392
LAO,BX.KLT.DINV.WD.GD.ZS,2020,5.098071935
LAO,BX.KLT.DINV.WD.GD.ZS,2021,5.69344696
LAO,BX.KLT.DINV.WD.GD.ZS,2022,4.695092258
LAO,BX.KLT.DINV.WD.GD.ZS,2023,11.2425631
LAO,BX.KLT.DINV.WD.GD.ZS,2024,5.989588636
MYS,BX.KLT.DINV.CD.WD,2015,9857162112.0
MYS,BX.KLT.DINV.CD.WD,2016,13470089921.0
MYS,BX.KLT.DINV.CD.WD,2017,9368469823.0
MYS,BX.KLT.DINV.CD.WD,2018,8304480742.0
MYS,BX.KLT.DINV.CD.WD,2019,9154921685.0
MYS,BX.KLT.DINV.CD.WD,2020,4058769679.0
MYS,BX.KLT.DINV.CD.WD,2021,20245157327.0
MYS,BX.KLT.DINV.CD.WD,2022,15027992711.0
MYS,BX.KLT.DINV.CD.WD,2023,7918601050.0
MYS,BX.KLT.DINV.CD.WD,2024,15593246087.0
MYS,BM.KLT.DINV.CD.WD,2015,10541970865.0
MYS,BM.KLT.DINV.CD.WD,2016,10097317797.0
MYS,BM.KLT.DINV.CD.WD,2017,5608381193.0
MYS,BM.KLT.DINV.CD.WD,2018,5765334992.0
MYS,BM.KLT.DINV.CD.WD,2019,7527950990.0
MYS,BM.KLT.DINV.CD.WD,2020,3295991631.0
MYS,BM.KLT.DINV.CD.WD,2021,12784976093.0
MYS,BM.KLT.DINV.CD.WD,2022,11811334092.0
MYS,BM.KLT.DINV.CD.WD,2023,7965462488.0
MYS,BM.KLT.DINV.CD.WD,2024,13038524470.0
MYS,BX.KLT.DINV.WD.GD.ZS,2015,3.270944029
MYS,BX.KLT.DINV.WD.GD.ZS,2016,4.471309586
MYS,BX.KLT.DINV.WD.GD.ZS,2017,2.935820381
MYS,BX.KLT.DINV.WD.GD.ZS,2018,2.314587212
MYS,BX.KLT.DINV.WD.GD.ZS,2019,2.506977057
MYS,BX.KLT.DINV.WD.GD.ZS,2020,1.202754643
MYS,BX.KLT.DINV.WD.GD.ZS,2021,5.416263771
MYS,BX.KLT.DINV.WD.GD.ZS,2022,3.684862155
MYS,BX.KLT.DINV.WD.GD.ZS,2023,1.979900627
MYS,BX.KLT.DINV.WD.GD.ZS,2024,3.693095393
MMR,BX.KLT.DINV.CD.WD,2015,4083839112.0
MMR,BX.KLT.DINV.CD.WD,2016,3278096410.0
MMR,BX.KLT.DINV.CD.WD,2017,4804272487.0
MMR,BX.KLT.DINV.CD.WD,2018,1768195523.0
MMR,BX.KLT.DINV.CD.WD,2019,1735589413.0
MMR,BX.KLT.DINV.CD.WD,2020,1907154040.0
MMR,BX.KLT.DINV.CD.WD,2021,2066606470.0
MMR,BX.KLT.DINV.CD.WD,2022,1238500000.0
MMR,BX.KLT.DINV.CD.WD,2023,1520172000.0
MMR,BX.KLT.DINV.CD.WD,2024,1095317000.0
MMR,BX.KLT.DINV.WD.GD.ZS,2015,6.851240987
MMR,BX.KLT.DINV.WD.GD.ZS,2016,5.178801325
MMR,BX.KLT.DINV.WD.GD.ZS,2017,7.273355552
MMR,BX.KLT.DINV.WD.GD.ZS,2018,2.605632299
MMR,BX.KLT.DINV.WD.GD.ZS,2019,2.312112112
MMR,BX.KLT.DINV.WD.GD.ZS,2020,2.413932229
MMR,BX.KLT.DINV.WD.GD.ZS,2021,3.114925617
MMR,BX.KLT.DINV.WD.GD.ZS,2022,1.989460761
MMR,BX.KLT.DINV.WD.GD.ZS,2023,2.277151317
MMR,BX.KLT.DINV.WD.GD.ZS,2024,1.478792233
PHL,BX.KLT.DINV.CD.WD,2015,5639155962.0
PHL,BX.KLT.DINV.CD.WD,2016,8279548275.0
PHL,BX.KLT.DINV.CD.WD,2017,10256442399.0
PHL,BX.KLT.DINV.CD.WD,2018,9948598824.0
PHL,BX.KLT.DINV.CD.WD,2019,8671365874.0
PHL,BX.KLT.DINV.CD.WD,2020,6822133291.0
PHL,BX.KLT.DINV.CD.WD,2021,11983363327.0
PHL,BX.KLT.DINV.CD.WD,2022,9492234668.0
PHL,BX.KLT.DINV.CD.WD,2023,8925128472.0
PHL,BX.KLT.DINV.CD.WD,2024,9398326660.0
PHL,BX.KLT.DINV.CD.WD,2025,7791345009.0
PHL,BM.KLT.DINV.CD.WD,2015,5539505401.0
PHL,BM.KLT.DINV.CD.WD,2016,2396734618.0
PHL,BM.KLT.DINV.CD.WD,2017,3304731499.0
PHL,BM.KLT.DINV.CD.WD,2018,4115698240.0
PHL,BM.KLT.DINV.CD.WD,2019,3350936705.0
PHL,BM.KLT.DINV.CD.WD,2020,3562031274.0
PHL,BM.KLT.DINV.CD.WD,2021,2251120589.0
PHL,BM.KLT.DINV.CD.WD,2022,3861284251.0
PHL,BM.KLT.DINV.CD.WD,2023,3525109747.0
PHL,BM.KLT.DINV.CD.WD,2024,2698575806.0
PHL,BM.KLT.DINV.CD.WD,2025,1602154773.0
PHL,BX.KLT.DINV.WD.GD.ZS,2015,1.840180107
PHL,BX.KLT.DINV.WD.GD.ZS,2016,2.598508035
PHL,BX.KLT.DINV.WD.GD.ZS,2017,3.122387784
PHL,BX.KLT.DINV.WD.GD.ZS,2018,2.868338261
PHL,BX.KLT.DINV.WD.GD.ZS,2019,2.301174986
PHL,BX.KLT.DINV.WD.GD.ZS,2020,1.885863632
PHL,BX.KLT.DINV.WD.GD.ZS,2021,3.040788553
PHL,BX.KLT.DINV.WD.GD.ZS,2022,2.347509723
PHL,BX.KLT.DINV.WD.GD.ZS,2023,2.042103548
PHL,BX.KLT.DINV.WD.GD.ZS,2024,2.035718823
PHL,BX.KLT.DINV.WD.GD.ZS,2025,1.599582626
SGP,BX.KLT.DINV.CD.WD,2015,69774553125.0
SGP,BX.KLT.DINV.CD.WD,2016,65133174223.0
SGP,BX.KLT.DINV.CD.WD,2017,101970000000.0
SGP,BX.KLT.DINV.CD.WD,2018,86126491249.0
SGP,BX.KLT.DINV.CD.WD,2019,106174000000.0
SGP,BX.KLT.DINV.CD.WD,2020,79322385229.0
SGP,BX.KLT.DINV.CD.WD,2021,142313000000.0
SGP,BX.KLT.DINV.CD.WD,2022,144148000000.0
SGP,BX.KLT.DINV.CD.WD,2023,125787000000.0
SGP,BX.KLT.DINV.CD.WD,2024,135077000000.0
SGP,BX.KLT.DINV.CD.WD,2025,159088000000.0
SGP,BM.KLT.DINV.CD.WD,2015,45223210227.0
SGP,BM.KLT.DINV.CD.WD,2016,39878140503.0
SGP,BM.KLT.DINV.CD.WD,2017,65001647446.0
SGP,BM.KLT.DINV.CD.WD,2018,23250690407.0
SGP,BM.KLT.DINV.CD.WD,2019,69216012315.0
SGP,BM.KLT.DINV.CD.WD,2020,42748582162.0
SGP,BM.KLT.DINV.CD.WD,2021,75945341091.0
SGP,BM.KLT.DINV.CD.WD,2022,65053288201.0
SGP,BM.KLT.DINV.CD.WD,2023,51164734503.0
SGP,BM.KLT.DINV.CD.WD,2024,63609923417.0
SGP,BM.KLT.DINV.CD.WD,2025,94202455161.0
SGP,BX.KLT.DINV.WD.GD.ZS,2015,22.65418269
SGP,BX.KLT.DINV.WD.GD.ZS,2016,20.30594063
SGP,BX.KLT.DINV.WD.GD.ZS,2017,29.57410086
SGP,BX.KLT.DINV.WD.GD.ZS,2018,22.78621061
SGP,BX.KLT.DINV.WD.GD.ZS,2019,28.1758142
SGP,BX.KLT.DINV.WD.GD.ZS,2020,22.58439429
SGP,BX.KLT.DINV.WD.GD.ZS,2021,32.26248514
SGP,BX.KLT.DINV.WD.GD.ZS,2022,28.03055194
SGP,BX.KLT.DINV.WD.GD.ZS,2023,24.60705625
SGP,BX.KLT.DINV.WD.GD.ZS,2024,23.5787256
SGP,BX.KLT.DINV.WD.GD.ZS,2025,26.34472544
THA,BX.KLT.DINV.CD.WD,2015,8927579182.0
THA,BX.KLT.DINV.CD.WD,2016,3486184390.0
THA,BX.KLT.DINV.CD.WD,2017,8285169820.0
THA,BX.KLT.DINV.CD.WD,2018,13747219811.0
THA,BX.KLT.DINV.CD.WD,2019,5534140215.0
THA,BX.KLT.DINV.CD.WD,2020,-4293910677.0
THA,BX.KLT.DINV.CD.WD,2021,15389597696.0
THA,BX.KLT.DINV.CD.WD,2022,11854822038.0
THA,BX.KLT.DINV.CD.WD,2023,10327587426.0
THA,BX.KLT.DINV.CD.WD,2024,14302158846.0
THA,BX.KLT.DINV.CD.WD,2025,18840812804.0
THA,BM.KLT.DINV.CD.WD,2015,4991050838.0
THA,BM.KLT.DINV.CD.WD,2016,13392638955.0
THA,BM.KLT.DINV.CD.WD,2017,14182025151.0
THA,BM.KLT.DINV.CD.WD,2018,17127311772.0
THA,BM.KLT.DINV.CD.WD,2019,10163544234.0
THA,BM.KLT.DINV.CD.WD,2020,18451975454.0
THA,BM.KLT.DINV.CD.WD,2021,19322307661.0
THA,BM.KLT.DINV.CD.WD,2022,7640306903.0
THA,BM.KLT.DINV.CD.WD,2023,13682922127.0
THA,BM.KLT.DINV.CD.WD,2024,7355191895.0
THA,BM.KLT.DINV.CD.WD,2025,9334130353.0
THA,BX.KLT.DINV.WD.GD.ZS,2015,2.22468549
THA,BX.KLT.DINV.WD.GD.ZS,2016,0.843364341
THA,BX.KLT.DINV.WD.GD.ZS,2017,1.815502601
THA,BX.KLT.DINV.WD.GD.ZS,2018,2.712798351
THA,BX.KLT.DINV.WD.GD.ZS,2019,1.017348776
THA,BX.KLT.DINV.WD.GD.ZS,2020,-0.858310189
THA,BX.KLT.DINV.WD.GD.ZS,2021,3.041123263
THA,BX.KLT.DINV.WD.GD.ZS,2022,2.391570961
THA,BX.KLT.DINV.WD.GD.ZS,2023,1.997547459
THA,BX.KLT.DINV.WD.GD.ZS,2024,2.701652818
THA,BX.KLT.DINV.WD.GD.ZS,2025,3.265249029
VNM,BX.KLT.DINV.CD.WD,2015,11800000000.0
VNM,BX.KLT.DINV.CD.WD,2016,12600000000.0
VNM,BX.KLT.DINV.CD.WD,2017,14100000000.0
VNM,BX.KLT.DINV.CD.WD,2018,15500000000.0
VNM,BX.KLT.DINV.CD.WD,2019,16120000000.0
VNM,BX.KLT.DINV.CD.WD,2020,15800000000.0
VNM,BX.KLT.DINV.CD.WD,2021,15660000000.0
VNM,BX.KLT.DINV.CD.WD,2022,17900000000.0
VNM,BX.KLT.DINV.CD.WD,2023,18500000000.0
VNM,BX.KLT.DINV.CD.WD,2024,20170000000.0
VNM,BM.KLT.DINV.CD.WD,2015,1100000000.0
VNM,BM.KLT.DINV.CD.WD,2016,1000000000.0
VNM,BM.KLT.DINV.CD.WD,2017,480000000.0
VNM,BM.KLT.DINV.CD.WD,2018,598000000.0
VNM,BM.KLT.DINV.CD.WD,2019,485000000.0
VNM,BM.KLT.DINV.CD.WD,2020,380000000.0
VNM,BM.KLT.DINV.CD.WD,2021,319000000.0
VNM,BM.KLT.DINV.CD.WD,2022,2674000000.0
VNM,BM.KLT.DINV.CD.WD,2023,-1550000000.0
VNM,BM.KLT.DINV.CD.WD,2024,600000000.0
VNM,BX.KLT.DINV.WD.GD.ZS,2015,4.931907733
VNM,BX.KLT.DINV.WD.GD.ZS,2016,4.900893029
VNM,BX.KLT.DINV.WD.GD.ZS,2017,5.011487217
VNM,BX.KLT.DINV.WD.GD.ZS,2018,4.998283196
VNM,BX.KLT.DINV.WD.GD.ZS,2019,4.821074861
VNM,BX.KLT.DINV.WD.GD.ZS,2020,4.558361968
VNM,BX.KLT.DINV.WD.GD.ZS,2021,4.273145662
VNM,BX.KLT.DINV.WD.GD.ZS,2022,4.329473089
VNM,BX.KLT.DINV.WD.GD.ZS,2023,4.264588565
VNM,BX.KLT.DINV.WD.GD.ZS,2024,4.234507551
TLS,BX.KLT.DINV.CD.WD,2015,42995500.0
TLS,BX.KLT.DINV.CD.WD,2016,5478700.0
TLS,BX.KLT.DINV.CD.WD,2017,6715937.467
TLS,BX.KLT.DINV.CD.WD,2018,47925664.57
TLS,BX.KLT.DINV.CD.WD,2019,-158426602.4
TLS,BX.KLT.DINV.CD.WD,2020,-350458946.4
TLS,BX.KLT.DINV.CD.WD,2021,-239021184.5
TLS,BX.KLT.DINV.CD.WD,2022,53663376.02
TLS,BX.KLT.DINV.CD.WD,2023,122186169.2
TLS,BX.KLT.DINV.CD.WD,2024,225465667.7
TLS,BX.KLT.DINV.CD.WD,2025,253238202.1
TLS,BM.KLT.DINV.CD.WD,2015,12666800.0
TLS,BM.KLT.DINV.CD.WD,2016,12666800.0
TLS,BM.KLT.DINV.CD.WD,2018,-30.0
TLS,BM.KLT.DINV.CD.WD,2019,-3166666.667
TLS,BM.KLT.DINV.CD.WD,2020,-25500000.0
TLS,BM.KLT.DINV.CD.WD,2021,-8500000.0
TLS,BM.KLT.DINV.CD.WD,2022,17000000.0
TLS,BM.KLT.DINV.CD.WD,2023,-68000000.0
TLS,BM.KLT.DINV.CD.WD,2024,4500000.0
TLS,BX.KLT.DINV.WD.GD.ZS,2015,2.703639303
TLS,BX.KLT.DINV.WD.GD.ZS,2016,0.333972461
TLS,BX.KLT.DINV.WD.GD.ZS,2017,0.423750962
TLS,BX.KLT.DINV.WD.GD.ZS,2018,3.08007813
TLS,BX.KLT.DINV.WD.GD.ZS,2019,-7.794473503
TLS,BX.KLT.DINV.WD.GD.ZS,2020,-16.20530079
TLS,BX.KLT.DINV.WD.GD.ZS,2021,-6.593643649
TLS,BX.KLT.DINV.WD.GD.ZS,2022,1.672485747
TLS,BX.KLT.DINV.WD.GD.ZS,2023,5.874992607
TLS,BX.KLT.DINV.WD.GD.ZS,2024,12.0853687
TLS,BX.KLT.DINV.WD.GD.ZS,2025,13.31304965
BRN,SE.PRM.ENRR,2015,104.185794604632
BRN,SE.PRM.ENRR,2016,105.726377387079
BRN,SE.PRM.ENRR,2017,104.567053854277
BRN,SE.PRM.ENRR,2018,104.179996298549
BRN,SE.PRM.ENRR,2019,103.033008586959
BRN,SE.PRM.ENRR,2020,102.709633966272
BRN,SE.PRM.ENRR,2021,101.387926832397
BRN,SE.PRM.ENRR,2022,99.134912983916
BRN,SE.PRM.ENRR,2023,96.9292188716198
BRN,SE.PRM.ENRR,2024,94.8207871800668
BRN,SE.PRM.ENRR.FE,2015,105.549867988577
BRN,SE.PRM.ENRR.FE,2016,107.254623044097
BRN,SE.PRM.ENRR.FE,2017,105.840786132273
BRN,SE.PRM.ENRR.FE,2018,105.536255858836
BRN,SE.PRM.ENRR.FE,2019,104.468201754386
BRN,SE.PRM.ENRR.FE,2020,103.881500702779
BRN,SE.PRM.ENRR.FE,2021,102.340118608751
BRN,SE.PRM.ENRR.FE,2022,100.290344718366
BRN,SE.PRM.ENRR.FE,2023,97.6206662134602
BRN,SE.PRM.ENRR.FE,2024,95.0290408665167
BRN,SE.PRM.ENRR.MA,2015,102.933465248578
BRN,SE.PRM.ENRR.MA,2016,104.329783510824
BRN,SE.PRM.ENRR.MA,2017,103.399777395528
BRN,SE.PRM.ENRR.MA,2018,102.930719219829
BRN,SE.PRM.ENRR.MA,2019,101.713623305277
BRN,SE.PRM.ENRR.MA,2020,101.631434966426
BRN,SE.PRM.ENRR.MA,2021,100.508340736354
BRN,SE.PRM.ENRR.MA,2022,98.0659340659341
BRN,SE.PRM.ENRR.MA,2023,96.29057187017
BRN,SE.PRM.ENRR.MA,2024,94.6285383054777
BRN,SE.SEC.ENRR,2015,92.8161697387695
BRN,SE.SEC.ENRR,2016,90.0986175537109
BRN,SE.SEC.ENRR,2017,88.6814727783203
BRN,SE.SEC.ENRR,2018,89.1818084716797
BRN,SE.SEC.ENRR,2019,88.2910308837891
BRN,SE.SEC.ENRR,2020,86.6857810342997
BRN,SE.SEC.ENRR,2023,91.8381544399811
BRN,SE.SEC.ENRR.FE,2015,95.8460998535156
BRN,SE.SEC.ENRR.FE,2016,93.33837890625
BRN,SE.SEC.ENRR.FE,2017,91.7844619750977
BRN,SE.SEC.ENRR.FE,2018,92.0042572021484
BRN,SE.SEC.ENRR.FE,2019,91.2721405029297
BRN,SE.SEC.ENRR.FE,2020,89.4443214522913
BRN,SE.SEC.ENRR.FE,2023,93.2725572697522
BRN,SE.SEC.ENRR.MA,2015,90.1488571166992
BRN,SE.SEC.ENRR.MA,2016,87.226432800293
BRN,SE.SEC.ENRR.MA,2017,85.900146484375
BRN,SE.SEC.ENRR.MA,2018,86.6286468505859
BRN,SE.SEC.ENRR.MA,2019,85.5654983520508
BRN,SE.SEC.ENRR.MA,2020,84.1428571428571
BRN,SE.SEC.ENRR.MA,2023,90.5140045746839
BRN,SE.TER.ENRR,2015,28.6641292572021
BRN,SE.TER.ENRR,2016,28.6644096374512
BRN,SE.TER.ENRR,2017,31.2433910195239
BRN,SE.TER.ENRR,2018,27.9285989469629
BRN,SE.TER.ENRR,2019,27.7715019255456
BRN,SE.TER.ENRR,2020,27.4692556634304
BRN,SE.TER.ENRR,2021,27.4258937503291
BRN,SE.TER.ENRR,2022,31.1925368707703
BRN,SE.TER.ENRR,2023,36.4182725443167
BRN,SE.TER.ENRR.FE,2015,37.9300498962402
BRN,SE.TER.ENRR.FE,2016,37.6065483093262
BRN,SE.TER.ENRR.FE,2017,40.9387222946545
BRN,SE.TER.ENRR.FE,2018,36.2713402529635
BRN,SE.TER.ENRR.FE,2019,36.2713402529635
BRN,SE.TER.ENRR.FE,2020,35.5832763727501
BRN,SE.TER.ENRR.FE,2021,35.2920922759096
BRN,SE.TER.ENRR.FE,2022,39.8634180218763
BRN,SE.TER.ENRR.FE,2023,44.5215869311552
BRN,SE.TER.ENRR.MA,2015,20.744649887085
BRN,SE.TER.ENRR.MA,2016,21.1032104492188
BRN,SE.TER.ENRR.MA,2017,23.149725534734
BRN,SE.TER.ENRR.MA,2018,21.024220803605
BRN,SE.TER.ENRR.MA,2019,20.7420610722829
BRN,SE.TER.ENRR.MA,2020,20.7081494138307
BRN,SE.TER.ENRR.MA,2021,20.7587548638132
BRN,SE.TER.ENRR.MA,2022,23.6294800605755
BRN,SE.TER.ENRR.MA,2023,29.1590445826582
BRN,SE.XPD.TOTL.GD.ZS,2016,4.42539978027344
KHM,SE.ADT.LITR.ZS,2015,80.5299987792969
KHM,SE.ADT.LITR.ZS,2019,87.6600036621094
KHM,SE.ADT.LITR.ZS,2020,82.5510430822563
KHM,SE.ADT.LITR.ZS,2021,71.9300003051758
KHM,SE.PRM.ENRR,2015,103.759672683505
KHM,SE.PRM.ENRR,2016,101.734266788056
KHM,SE.PRM.ENRR,2017,100.69503505776
KHM,SE.PRM.ENRR,2018,99.6739108443274
KHM,SE.PRM.ENRR,2019,100.480819545412
KHM,SE.PRM.ENRR,2020,107.021018981934
KHM,SE.PRM.ENRR,2021,105.282475574163
KHM,SE.PRM.ENRR,2022,106.331544381276
KHM,SE.PRM.ENRR,2023,107.039014463223
KHM,SE.PRM.ENRR,2024,108.971332849667
KHM,SE.PRM.ENRR.FE,2015,102.195360749337
KHM,SE.PRM.ENRR.FE,2016,100.390272737799
KHM,SE.PRM.ENRR.FE,2017,99.0886822280737
KHM,SE.PRM.ENRR.FE,2018,98.0772877016142
KHM,SE.PRM.ENRR.FE,2019,98.6792042848618
KHM,SE.PRM.ENRR.FE,2020,105.079322814941
KHM,SE.PRM.ENRR.FE,2021,104.104167820216
KHM,SE.PRM.ENRR.FE,2022,106.427598526169
KHM,SE.PRM.ENRR.FE,2023,104.901075458282
KHM,SE.PRM.ENRR.FE,2024,106.706506214922
KHM,SE.PRM.ENRR.MA,2015,105.262329438823
KHM,SE.PRM.ENRR.MA,2016,103.024508500353
KHM,SE.PRM.ENRR.MA,2017,102.235996747116
KHM,SE.PRM.ENRR.MA,2018,101.200026768493
KHM,SE.PRM.ENRR.MA,2019,102.201439604311
KHM,SE.PRM.ENRR.MA,2020,108.880889892578
KHM,SE.PRM.ENRR.MA,2021,106.413669721355
KHM,SE.PRM.ENRR.MA,2022,106.239215266906
KHM,SE.PRM.ENRR.MA,2023,109.094020284775
KHM,SE.PRM.ENRR.MA,2024,111.146219714642
KHM,SE.SEC.ENRR,2017,48.9424458707368
KHM,SE.SEC.ENRR,2018,50.199099715459
KHM,SE.SEC.ENRR,2019,49.7344518908574
KHM,SE.SEC.ENRR,2020,51.8196983337402
KHM,SE.SEC.ENRR,2021,54.2809323078227
KHM,SE.SEC.ENRR,2022,55.1346812645406
KHM,SE.SEC.ENRR,2023,56.7864734981041
KHM,SE.SEC.ENRR,2024,58.7893230437643
KHM,SE.SEC.ENRR.FE,2017,51.2054747282757
KHM,SE.SEC.ENRR.FE,2018,53.0927446861047
KHM,SE.SEC.ENRR.FE,2019,53.3177080845995
KHM,SE.SEC.ENRR.FE,2020,54.5285415649414
KHM,SE.SEC.ENRR.FE,2021,59.1888520896695
KHM,SE.SEC.ENRR.FE,2022,59.850293235261
KHM,SE.SEC.ENRR.FE,2023,60.3343523907692
KHM,SE.SEC.ENRR.FE,2024,63.098667348683
KHM,SE.SEC.ENRR.MA,2017,46.7396418517422
KHM,SE.SEC.ENRR.MA,2018,47.3937876265308
KHM,SE.SEC.ENRR.MA,2019,46.291027727212
KHM,SE.SEC.ENRR.MA,2020,49.2192115783691
KHM,SE.SEC.ENRR.MA,2021,49.5855454730085
KHM,SE.SEC.ENRR.MA,2022,50.6193227367582
KHM,SE.SEC.ENRR.MA,2023,53.3831989895347
KHM,SE.SEC.ENRR.MA,2024,54.6451764707084
KHM,SE.TER.ENRR,2015,13.615484963166
KHM,SE.TER.ENRR,2017,12.5181529981862
KHM,SE.TER.ENRR,2018,13.2671737077763
KHM,SE.TER.ENRR,2019,12.9409846754696
KHM,SE.TER.ENRR,2020,13.8767573747135
KHM,SE.TER.ENRR,2021,13.5005634857238
KHM,SE.TER.ENRR,2022,14.6069513022825
KHM,SE.TER.ENRR,2023,17.4362364390629
KHM,SE.TER.ENRR,2024,21.4437426836662
KHM,SE.TER.ENRR.FE,2015,12.0145785041136
KHM,SE.TER.ENRR.FE,2017,12.1344359974038
KHM,SE.TER.ENRR.FE,2018,13.1598079499194
KHM,SE.TER.ENRR.FE,2019,14.5145863362757
KHM,SE.TER.ENRR.FE,2020,14.7938127420907
KHM,SE.TER.ENRR.FE,2021,13.6561596079933
KHM,SE.TER.ENRR.FE,2022,13.7625064842526
KHM,SE.TER.ENRR.FE,2023,18.7855793507951
KHM,SE.TER.ENRR.FE,2024,22.6925861944058
KHM,SE.TER.ENRR.MA,2015,15.1867156107376
KHM,SE.TER.ENRR.MA,2017,12.8981590226799
KHM,SE.TER.ENRR.MA,2018,13.3747621730465
KHM,SE.TER.ENRR.MA,2019,11.3454330995231
KHM,SE.TER.ENRR.MA,2020,12.9473038915107
KHM,SE.TER.ENRR.MA,2021,13.3444704361961
KHM,SE.TER.ENRR.MA,2022,15.4474004503566
KHM,SE.TER.ENRR.MA,2023,16.1011763576224
KHM,SE.TER.ENRR.MA,2024,20.2136211480019
KHM,SE.XPD.TOTL.GD.ZS,2018,1.60336995124817
KHM,SE.XPD.TOTL.GD.ZS,2019,2.13345387893978
KHM,SE.XPD.TOTL.GD.ZS,2020,2.2476462495972
KHM,SE.XPD.TOTL.GD.ZS,2021,1.96232691812756
KHM,SE.XPD.TOTL.GD.ZS,2022,1.95793279576416
KHM,SE.XPD.TOTL.GD.ZS,2023,2.1809128340295
IDN,SE.ADT.LITR.ZS,2015,95.2200012207031
IDN,SE.ADT.LITR.ZS,2016,95.379997253418
IDN,SE.ADT.LITR.ZS,2018,95.6600036621094
IDN,SE.ADT.LITR.ZS,2020,96.0
IDN,SE.PRM.ENRR,2015,107.983525766989
IDN,SE.PRM.ENRR,2016,105.922391949136
IDN,SE.PRM.ENRR,2017,104.382521256166
IDN,SE.PRM.ENRR,2018,103.299542869882
IDN,SE.PRM.ENRR,2019,101.264685825869
IDN,SE.PRM.ENRR,2020,100.951933675872
IDN,SE.PRM.ENRR,2021,100.309665446849
IDN,SE.PRM.ENRR,2022,98.7008730463611
IDN,SE.PRM.ENRR,2023,98.1566275726904
IDN,SE.PRM.ENRR,2024,100.036318150714
IDN,SE.PRM.ENRR,2025,100.371428697375
IDN,SE.PRM.ENRR.FE,2015,106.071836024553
IDN,SE.PRM.ENRR.FE,2016,103.913111850824
IDN,SE.PRM.ENRR.FE,2017,102.395366620706
IDN,SE.PRM.ENRR.FE,2018,101.347509721216
IDN,SE.PRM.ENRR.FE,2019,99.5440095250085
IDN,SE.PRM.ENRR.FE,2020,99.1283586687451
IDN,SE.PRM.ENRR.FE,2021,98.4981107931614
IDN,SE.PRM.ENRR.FE,2022,96.8813148085376
IDN,SE.PRM.ENRR.FE,2023,96.6062541740073
IDN,SE.PRM.ENRR.FE,2024,98.5643951898382
IDN,SE.PRM.ENRR.FE,2025,99.0626948866048
IDN,SE.PRM.ENRR.MA,2015,109.797355099176
IDN,SE.PRM.ENRR.MA,2016,107.829361985985
IDN,SE.PRM.ENRR.MA,2017,106.269076854439
IDN,SE.PRM.ENRR.MA,2018,105.153162865339
IDN,SE.PRM.ENRR.MA,2019,102.898656364759
IDN,SE.PRM.ENRR.MA,2020,102.683583606447
IDN,SE.PRM.ENRR.MA,2021,102.029842697636
IDN,SE.PRM.ENRR.MA,2022,100.428546184023
IDN,SE.PRM.ENRR.MA,2023,99.628643930748
IDN,SE.PRM.ENRR.MA,2024,101.43373630578
IDN,SE.PRM.ENRR.MA,2025,101.61380480346
IDN,SE.SEC.ENRR,2015,87.8423207929976
IDN,SE.SEC.ENRR,2016,87.8191791728036
IDN,SE.SEC.ENRR,2017,90.9455391241064
IDN,SE.SEC.ENRR,2018,92.8120739600443
IDN,SE.SEC.ENRR,2019,94.9467044891028
IDN,SE.SEC.ENRR,2020,96.9345779132931
IDN,SE.SEC.ENRR,2021,97.8441479813619
IDN,SE.SEC.ENRR,2022,97.8167602714893
IDN,SE.SEC.ENRR,2023,96.0002120295081
IDN,SE.SEC.ENRR,2024,98.836444459078
IDN,SE.SEC.ENRR,2025,97.1701841816
IDN,SE.SEC.ENRR.FE,2015,88.012649448813
IDN,SE.SEC.ENRR.FE,2016,89.0999579586062
IDN,SE.SEC.ENRR.FE,2017,91.8476348896733
IDN,SE.SEC.ENRR.FE,2018,93.7541308046929
IDN,SE.SEC.ENRR.FE,2019,95.9420767172654
IDN,SE.SEC.ENRR.FE,2020,97.2526258977195
IDN,SE.SEC.ENRR.FE,2021,98.3041172391285
IDN,SE.SEC.ENRR.FE,2022,98.185474262024
IDN,SE.SEC.ENRR.FE,2023,97.4046705284819
IDN,SE.SEC.ENRR.FE,2024,98.6691707526139
IDN,SE.SEC.ENRR.FE,2025,95.4767374950021
IDN,SE.SEC.ENRR.MA,2015,87.6805844058321
IDN,SE.SEC.ENRR.MA,2016,86.6033723579406
IDN,SE.SEC.ENRR.MA,2017,90.0894692368084
IDN,SE.SEC.ENRR.MA,2018,91.9182546061094
IDN,SE.SEC.ENRR.MA,2019,94.002289337213
IDN,SE.SEC.ENRR.MA,2020,96.6327959191812
IDN,SE.SEC.ENRR.MA,2021,97.4076240173433
IDN,SE.SEC.ENRR.MA,2022,97.4667372645608
IDN,SE.SEC.ENRR.MA,2023,94.6665490281411
IDN,SE.SEC.ENRR.MA,2024,98.9953210778041
IDN,SE.SEC.ENRR.MA,2025,98.7786268028824
IDN,SE.TER.ENRR,2015,32.4590200433758
IDN,SE.TER.ENRR,2016,34.8307173410877
IDN,SE.TER.ENRR,2017,35.967012362631
IDN,SE.TER.ENRR,2018,36.1494878042588
IDN,SE.TER.ENRR,2019,37.3230862728703
IDN,SE.TER.ENRR,2020,38.1650601406923
IDN,SE.TER.ENRR,2021,40.6293239880732
IDN,SE.TER.ENRR,2022,42.3260385456152
IDN,SE.TER.ENRR,2023,44.8813034886441
IDN,SE.TER.ENRR.FE,2015,34.5220912776747
IDN,SE.TER.ENRR.FE,2016,37.2604595362436
IDN,SE.TER.ENRR.FE,2017,38.5952407318475
IDN,SE.TER.ENRR.FE,2018,38.8659567828988
IDN,SE.TER.ENRR.FE,2019,39.5239845592779
IDN,SE.TER.ENRR.FE,2020,40.8939254732285
IDN,SE.TER.ENRR.FE,2021,44.0458339836419
IDN,SE.TER.ENRR.FE,2022,46.6107282434441
IDN,SE.TER.ENRR.FE,2023,49.8897505872353
IDN,SE.TER.ENRR.MA,2015,30.4981659300184
IDN,SE.TER.ENRR.MA,2016,32.5202001733187
IDN,SE.TER.ENRR.MA,2017,33.4663266882317
IDN,SE.TER.ENRR.MA,2018,33.5640873664656
IDN,SE.TER.ENRR.MA,2019,35.2283379088062
IDN,SE.TER.ENRR.MA,2020,35.5680901166469
IDN,SE.TER.ENRR.MA,2021,37.3788928461553
IDN,SE.TER.ENRR.MA,2022,38.2511438594208
IDN,SE.TER.ENRR.MA,2023,40.1195230358183
IDN,SE.XPD.TOTL.GD.ZS,2015,3.58361005783081
IDN,SE.XPD.TOTL.GD.ZS,2016,1.21023452496964
IDN,SE.XPD.TOTL.GD.ZS,2017,1.05324382490056
IDN,SE.XPD.TOTL.GD.ZS,2018,0.994436460846179
IDN,SE.XPD.TOTL.GD.ZS,2019,0.964399077622927
IDN,SE.XPD.TOTL.GD.ZS,2020,1.01593221347809
IDN,SE.XPD.TOTL.GD.ZS,2021,1.03221750658374
IDN,SE.XPD.TOTL.GD.ZS,2022,0.863943349575907
IDN,SE.XPD.TOTL.GD.ZS,2023,1.27517088245674
LAO,SE.ADT.LITR.ZS,2015,84.6600036621094
LAO,SE.ADT.LITR.ZS,2017,73.7200012207031
LAO,SE.ADT.LITR.ZS,2023,75.6399993896484
LAO,SE.PRM.ENRR,2015,114.302879123065
LAO,SE.PRM.ENRR,2016,110.502812681423
LAO,SE.PRM.ENRR,2017,107.444972491228
LAO,SE.PRM.ENRR,2018,104.275413158198
LAO,SE.PRM.ENRR,2019,101.978544594664
LAO,SE.PRM.ENRR,2020,100.27766790602
LAO,SE.PRM.ENRR,2021,99.1101994809825
LAO,SE.PRM.ENRR,2022,95.6988495024876
LAO,SE.PRM.ENRR,2023,95.0382534939216
LAO,SE.PRM.ENRR,2024,93.8514019047136
LAO,SE.PRM.ENRR,2025,93.1435250140429
LAO,SE.PRM.ENRR.FE,2015,111.54155100435
LAO,SE.PRM.ENRR.FE,2016,107.841115942933
LAO,SE.PRM.ENRR.FE,2017,105.157874834562
LAO,SE.PRM.ENRR.FE,2018,102.032570759679
LAO,SE.PRM.ENRR.FE,2019,100.015078651322
LAO,SE.PRM.ENRR.FE,2020,98.5599033492181
LAO,SE.PRM.ENRR.FE,2021,97.7110569939332
LAO,SE.PRM.ENRR.FE,2022,94.666811018632
LAO,SE.PRM.ENRR.FE,2023,94.1378932139742
LAO,SE.PRM.ENRR.FE,2024,93.0919887138028
LAO,SE.PRM.ENRR.FE,2025,92.6368956782226
LAO,SE.PRM.ENRR.MA,2015,116.976335712283
LAO,SE.PRM.ENRR.MA,2016,113.080301788454
LAO,SE.PRM.ENRR.MA,2017,109.65905673846
LAO,SE.PRM.ENRR.MA,2018,106.445190699471
LAO,SE.PRM.ENRR.MA,2019,103.875926634246
LAO,SE.PRM.ENRR.MA,2020,101.935308366905
LAO,SE.PRM.ENRR.MA,2021,100.458963560919
LAO,SE.PRM.ENRR.MA,2022,96.6930019128241
LAO,SE.PRM.ENRR.MA,2023,95.9050125823636
LAO,SE.PRM.ENRR.MA,2024,94.5820260112515
LAO,SE.PRM.ENRR.MA,2025,93.6307306130113
LAO,SE.SEC.ENRR,2015,62.2967936554274
LAO,SE.SEC.ENRR,2016,64.7630026961054
LAO,SE.SEC.ENRR,2017,66.0411073482017
LAO,SE.SEC.ENRR,2018,66.1528570578416
LAO,SE.SEC.ENRR,2019,64.986385458831
LAO,SE.SEC.ENRR,2020,62.4493058083911
LAO,SE.SEC.ENRR,2021,59.8530595325837
LAO,SE.SEC.ENRR,2022,56.8782044614964
LAO,SE.SEC.ENRR,2023,54.4330611689851
LAO,SE.SEC.ENRR,2024,51.8523602531839
LAO,SE.SEC.ENRR,2025,50.5430058959811
LAO,SE.SEC.ENRR.FE,2015,59.772232688381
LAO,SE.SEC.ENRR.FE,2016,62.2666985609989
LAO,SE.SEC.ENRR.FE,2017,63.5469120681911
LAO,SE.SEC.ENRR.FE,2018,63.8298251272908
LAO,SE.SEC.ENRR.FE,2019,62.7755100424821
LAO,SE.SEC.ENRR.FE,2020,60.6465219892194
LAO,SE.SEC.ENRR.FE,2021,58.3834691492585
LAO,SE.SEC.ENRR.FE,2022,55.9171927545616
LAO,SE.SEC.ENRR.FE,2023,53.2568302183413
LAO,SE.SEC.ENRR.FE,2024,50.9977217073246
LAO,SE.SEC.ENRR.FE,2025,50.0541759937577
LAO,SE.SEC.ENRR.MA,2015,64.7493745875347
LAO,SE.SEC.ENRR.MA,2016,67.1857252494244
LAO,SE.SEC.ENRR.MA,2017,68.4634290227306
LAO,SE.SEC.ENRR.MA,2018,68.41176561141
LAO,SE.SEC.ENRR.MA,2019,67.134747707525
LAO,SE.SEC.ENRR.MA,2020,64.1987528077172
LAO,SE.SEC.ENRR.MA,2021,61.2779237030297
LAO,SE.SEC.ENRR.MA,2022,57.8099246443223
LAO,SE.SEC.ENRR.MA,2023,55.5731571165626
LAO,SE.SEC.ENRR.MA,2024,52.6802336055729
LAO,SE.SEC.ENRR.MA,2025,51.016086161714
LAO,SE.TER.ENRR,2015,18.1574846273063
LAO,SE.TER.ENRR,2016,17.0880719461771
LAO,SE.TER.ENRR,2017,15.4112577339384
LAO,SE.TER.ENRR,2018,14.4969749098337
LAO,SE.TER.ENRR,2019,13.7404020217342
LAO,SE.TER.ENRR,2020,12.561911777868
LAO,SE.TER.ENRR,2021,12.4396649191011
LAO,SE.TER.ENRR,2022,13.677811550152
LAO,SE.TER.ENRR,2023,14.8841695785522
LAO,SE.TER.ENRR.FE,2015,17.8083221104104
LAO,SE.TER.ENRR.FE,2016,17.1474893352804
LAO,SE.TER.ENRR.FE,2017,15.8843137478738
LAO,SE.TER.ENRR.FE,2018,15.1543085945674
LAO,SE.TER.ENRR.FE,2019,14.6763594753094
LAO,SE.TER.ENRR.FE,2020,13.5463160686123
LAO,SE.TER.ENRR.FE,2021,13.3323283839577
LAO,SE.TER.ENRR.FE,2022,13.8471889323409
LAO,SE.TER.ENRR.FE,2023,12.6891498565674
LAO,SE.TER.ENRR.MA,2015,18.5012162681195
LAO,SE.TER.ENRR.MA,2016,17.0296794752275
LAO,SE.TER.ENRR.MA,2017,14.9480502786115
LAO,SE.TER.ENRR.MA,2018,13.8557656502131
LAO,SE.TER.ENRR.MA,2019,12.8285905545158
LAO,SE.TER.ENRR.MA,2020,11.6035761841354
LAO,SE.TER.ENRR.MA,2021,11.5705332050467
LAO,SE.TER.ENRR.MA,2022,13.5127752678245
LAO,SE.TER.ENRR.MA,2023,17.0260696411133
LAO,SE.XPD.TOTL.GD.ZS,2015,2.73689787884215
LAO,SE.XPD.TOTL.GD.ZS,2016,2.77442976110388
LAO,SE.XPD.TOTL.GD.ZS,2017,2.49797261414021
LAO,SE.XPD.TOTL.GD.ZS,2018,2.33501229018316
LAO,SE.XPD.TOTL.GD.ZS,2019,2.12201393748998
LAO,SE.XPD.TOTL.GD.ZS,2020,1.91597273223857
LAO,SE.XPD.TOTL.GD.ZS,2021,1.85949176876536
LAO,SE.XPD.TOTL.GD.ZS,2022,1.46083440434069
LAO,SE.XPD.TOTL.GD.ZS,2023,1.23375160355741
MYS,SE.ADT.LITR.ZS,2016,94.879997253418
MYS,SE.ADT.LITR.ZS,2017,95.0800018310547
MYS,SE.ADT.LITR.ZS,2018,94.8499984741211
MYS,SE.ADT.LITR.ZS,2019,94.9700012207031
MYS,SE.ADT.LITR.ZS,2022,95.7699966430664
MYS,SE.PRM.ENRR,2015,95.6311535513474
MYS,SE.PRM.ENRR,2016,96.2219697129545
MYS,SE.PRM.ENRR,2017,96.2574604579347
MYS,SE.PRM.ENRR,2018,95.7761544783431
MYS,SE.PRM.ENRR,2019,94.3275054202176
MYS,SE.PRM.ENRR,2020,93.1800129351047
MYS,SE.PRM.ENRR,2021,92.5769881927004
MYS,SE.PRM.ENRR,2022,89.7872630978958
MYS,SE.PRM.ENRR,2023,91.5021106685076
MYS,SE.PRM.ENRR,2024,90.3595586965317
MYS,SE.PRM.ENRR.FE,2015,96.9819919750609
MYS,SE.PRM.ENRR.FE,2016,97.8841023454709
MYS,SE.PRM.ENRR.FE,2017,97.9267564303985
MYS,SE.PRM.ENRR.FE,2018,97.5449902186705
MYS,SE.PRM.ENRR.FE,2019,95.9157723835808
MYS,SE.PRM.ENRR.FE,2020,95.0778875200045
MYS,SE.PRM.ENRR.FE,2021,94.330409095258
MYS,SE.PRM.ENRR.FE,2022,90.3477318263677
MYS,SE.PRM.ENRR.FE,2023,92.6516208160676
MYS,SE.PRM.ENRR.FE,2024,90.3936077644114
MYS,SE.PRM.ENRR.MA,2015,94.3846722277015
MYS,SE.PRM.ENRR.MA,2016,94.685473112976
MYS,SE.PRM.ENRR.MA,2017,94.7124241837928
MYS,SE.PRM.ENRR.MA,2018,94.1395773678786
MYS,SE.PRM.ENRR.MA,2019,92.8629373672584
MYS,SE.PRM.ENRR.MA,2020,91.4354968246305
MYS,SE.PRM.ENRR.MA,2021,90.9620714201793
MYS,SE.PRM.ENRR.MA,2022,89.2691588293836
MYS,SE.PRM.ENRR.MA,2023,90.4333699733052
MYS,SE.PRM.ENRR.MA,2024,90.3276653777399
MYS,SE.SEC.ENRR,2015,81.5115814208984
MYS,SE.SEC.ENRR,2016,79.8283920288086
MYS,SE.SEC.ENRR,2017,78.8863677978516
MYS,SE.SEC.ENRR,2018,74.4872817993164
MYS,SE.SEC.ENRR,2019,75.3229827880859
MYS,SE.SEC.ENRR,2020,73.2459411621094
MYS,SE.SEC.ENRR,2021,74.9618181140898
MYS,SE.SEC.ENRR,2022,78.8341986282999
MYS,SE.SEC.ENRR,2023,79.4472788704033
MYS,SE.SEC.ENRR,2024,80.2757406864183
MYS,SE.SEC.ENRR.FE,2015,87.3510665893555
MYS,SE.SEC.ENRR.FE,2016,84.7308502197266
MYS,SE.SEC.ENRR.FE,2017,83.2714004516602
MYS,SE.SEC.ENRR.FE,2018,79.4510116577148
MYS,SE.SEC.ENRR.FE,2019,79.9411773681641
MYS,SE.SEC.ENRR.FE,2020,77.4047622680664
MYS,SE.SEC.ENRR.FE,2021,78.5013407999187
MYS,SE.SEC.ENRR.FE,2022,82.2986504789168
MYS,SE.SEC.ENRR.FE,2023,82.6422941806466
MYS,SE.SEC.ENRR.FE,2024,81.5357622372136
MYS,SE.SEC.ENRR.MA,2015,76.2811889648438
MYS,SE.SEC.ENRR.MA,2016,75.4396133422852
MYS,SE.SEC.ENRR.MA,2017,74.9579086303711
MYS,SE.SEC.ENRR.MA,2018,70.0273895263672
MYS,SE.SEC.ENRR.MA,2019,71.1548614501953
MYS,SE.SEC.ENRR.MA,2020,69.4781494140625
MYS,SE.SEC.ENRR.MA,2021,71.7330778080225
MYS,SE.SEC.ENRR.MA,2022,75.6526502809747
MYS,SE.SEC.ENRR.MA,2023,76.4987815682604
MYS,SE.SEC.ENRR.MA,2024,79.1106347401942
MYS,SE.TER.ENRR,2015,44.289909239243
MYS,SE.TER.ENRR,2016,45.4034659569972
MYS,SE.TER.ENRR,2017,42.293211695146
MYS,SE.TER.ENRR,2018,43.3100279300797
MYS,SE.TER.ENRR,2019,40.8082966813944
MYS,SE.TER.ENRR,2020,39.7445667367633
MYS,SE.TER.ENRR,2021,38.1899993008367
MYS,SE.TER.ENRR,2022,36.9853099297291
MYS,SE.TER.ENRR,2023,37.2745812491757
MYS,SE.TER.ENRR,2024,38.5013945445142
MYS,SE.TER.ENRR.FE,2015,52.4177910183718
MYS,SE.TER.ENRR.FE,2016,51.5270260861918
MYS,SE.TER.ENRR.FE,2017,47.9160265205655
MYS,SE.TER.ENRR.FE,2018,50.3532516763836
MYS,SE.TER.ENRR.FE,2019,48.4906218464001
MYS,SE.TER.ENRR.FE,2020,47.2760564169745
MYS,SE.TER.ENRR.FE,2021,45.2424409799554
MYS,SE.TER.ENRR.FE,2022,43.6954292890075
MYS,SE.TER.ENRR.FE,2023,44.304019878896
MYS,SE.TER.ENRR.FE,2024,45.8486961220143
MYS,SE.TER.ENRR.MA,2015,37.1951864333357
MYS,SE.TER.ENRR.MA,2016,40.1123858047382
MYS,SE.TER.ENRR.MA,2017,37.4691314138237
MYS,SE.TER.ENRR.MA,2018,37.2784823195711
MYS,SE.TER.ENRR.MA,2019,34.209677479616
MYS,SE.TER.ENRR.MA,2020,33.2329934825694
MYS,SE.TER.ENRR.MA,2021,32.0071354262667
MYS,SE.TER.ENRR.MA,2022,31.0331221435143
MYS,SE.TER.ENRR.MA,2023,30.9802092564091
MYS,SE.TER.ENRR.MA,2024,31.8631997038357
MYS,SE.XPD.TOTL.GD.ZS,2015,4.89487981796265
MYS,SE.XPD.TOTL.GD.ZS,2016,4.75191020965576
MYS,SE.XPD.TOTL.GD.ZS,2017,4.6753101348877
MYS,SE.XPD.TOTL.GD.ZS,2018,4.47865009307861
MYS,SE.XPD.TOTL.GD.ZS,2019,4.15775012969971
MYS,SE.XPD.TOTL.GD.ZS,2020,3.91176009178162
MYS,SE.XPD.TOTL.GD.ZS,2021,4.26109393398867
MYS,SE.XPD.TOTL.GD.ZS,2022,3.49933781956284
MYS,SE.XPD.TOTL.GD.ZS,2023,3.51481008529663
MMR,SE.ADT.LITR.ZS,2016,84.7799987792969
MMR,SE.ADT.LITR.ZS,2018,95.8142859113662
MMR,SE.ADT.LITR.ZS,2019,89.0699996948242
MMR,SE.ADT.LITR.ZS,2020,93.527395549521
MMR,SE.PRM.ENRR,2016,119.916152954102
MMR,SE.PRM.ENRR,2017,121.799392700195
MMR,SE.PRM.ENRR,2018,120.214569091797
MMR,SE.PRM.ENRR.FE,2016,120.374160766602
MMR,SE.PRM.ENRR.FE,2017,120.820251464844
MMR,SE.PRM.ENRR.FE,2018,119.843170166016
MMR,SE.PRM.ENRR.MA,2016,119.48104095459
MMR,SE.PRM.ENRR.MA,2017,122.729553222656
MMR,SE.PRM.ENRR.MA,2018,120.567283630371
MMR,SE.SEC.ENRR,2016,67.7588500976562
MMR,SE.SEC.ENRR,2017,72.3457412719727
MMR,SE.SEC.ENRR,2018,77.0191497802734
MMR,SE.SEC.ENRR.FE,2016,72.2770767211914
MMR,SE.SEC.ENRR.FE,2017,77.0976104736328
MMR,SE.SEC.ENRR.FE,2018,81.8814926147461
MMR,SE.SEC.ENRR.MA,2016,63.4468193054199
MMR,SE.SEC.ENRR.MA,2017,67.8118896484375
MMR,SE.SEC.ENRR.MA,2018,72.3807601928711
MMR,SE.TER.ENRR,2018,20.3723297119141
MMR,SE.TER.ENRR.FE,2018,24.3676490783691
MMR,SE.TER.ENRR.MA,2018,16.5399894714356
MMR,SE.XPD.TOTL.GD.ZS,2017,2.16652989387512
MMR,SE.XPD.TOTL.GD.ZS,2018,1.99249005317688
MMR,SE.XPD.TOTL.GD.ZS,2019,1.99976003170013
PHL,SE.ADT.LITR.ZS,2015,98.1800003051758
PHL,SE.ADT.LITR.ZS,2019,96.2799987792969
PHL,SE.ADT.LITR.ZS,2020,98.4700012207031
PHL,SE.PRM.ENRR,2015,103.408354699272
PHL,SE.PRM.ENRR,2016,101.721937186986
PHL,SE.PRM.ENRR,2017,99.3666730080757
PHL,SE.PRM.ENRR,2018,94.5541345217085
PHL,SE.PRM.ENRR,2019,93.0076871274695
PHL,SE.PRM.ENRR,2020,93.2822386485839
PHL,SE.PRM.ENRR,2021,88.8345145801337
PHL,SE.PRM.ENRR,2022,90.6131438325611
PHL,SE.PRM.ENRR,2023,92.4462107015215
PHL,SE.PRM.ENRR,2024,94.0330906383194
PHL,SE.PRM.ENRR.FE,2015,102.412706991717
PHL,SE.PRM.ENRR.FE,2016,100.373420176464
PHL,SE.PRM.ENRR.FE,2017,97.8018230026456
PHL,SE.PRM.ENRR.FE,2018,92.7170550438659
PHL,SE.PRM.ENRR.FE,2019,91.2141505731944
PHL,SE.PRM.ENRR.FE,2020,91.4407644850532
PHL,SE.PRM.ENRR.FE,2021,87.0400495286934
PHL,SE.PRM.ENRR.FE,2022,88.6871185960354
PHL,SE.PRM.ENRR.FE,2023,90.2603080599647
PHL,SE.PRM.ENRR.FE,2024,92.1194459029965
PHL,SE.PRM.ENRR.MA,2015,104.336245717918
PHL,SE.PRM.ENRR.MA,2016,102.990561732699
PHL,SE.PRM.ENRR.MA,2017,100.849889755582
PHL,SE.PRM.ENRR.MA,2018,96.309438477643
PHL,SE.PRM.ENRR.MA,2019,94.7359315316223
PHL,SE.PRM.ENRR.MA,2020,95.0669168751738
PHL,SE.PRM.ENRR.MA,2021,90.5724105444966
PHL,SE.PRM.ENRR.MA,2022,92.477469014773
PHL,SE.PRM.ENRR.MA,2023,94.564628678218
PHL,SE.PRM.ENRR.MA,2024,95.8880950966532
PHL,SE.SEC.ENRR,2015,82.0085254812081
PHL,SE.SEC.ENRR,2016,82.7837574272484
PHL,SE.SEC.ENRR,2017,80.9227600097656
PHL,SE.SEC.ENRR,2018,79.3622469757001
PHL,SE.SEC.ENRR,2019,85.3821865979599
PHL,SE.SEC.ENRR,2020,87.9419879481158
PHL,SE.SEC.ENRR,2021,85.8666475631511
PHL,SE.SEC.ENRR,2022,92.291271176651
PHL,SE.SEC.ENRR,2023,91.5493424610693
PHL,SE.SEC.ENRR,2024,85.2945085684493
PHL,SE.SEC.ENRR.FE,2015,85.5248692113886
PHL,SE.SEC.ENRR.FE,2016,86.0883666592253
PHL,SE.SEC.ENRR.FE,2017,84.2528228759766
PHL,SE.SEC.ENRR.FE,2018,82.4822175600847
PHL,SE.SEC.ENRR.FE,2019,87.6308727761127
PHL,SE.SEC.ENRR.FE,2020,89.6099009594054
PHL,SE.SEC.ENRR.FE,2021,87.9361520075232
PHL,SE.SEC.ENRR.FE,2022,93.8565182415521
PHL,SE.SEC.ENRR.FE,2023,92.2052107888903
PHL,SE.SEC.ENRR.FE,2024,86.1154588164975
PHL,SE.SEC.ENRR.MA,2015,78.7252974574586
PHL,SE.SEC.ENRR.MA,2016,79.6621327386656
PHL,SE.SEC.ENRR.MA,2017,77.7463302612305
PHL,SE.SEC.ENRR.MA,2018,76.3576913399141
PHL,SE.SEC.ENRR.MA,2019,83.1943648121134
PHL,SE.SEC.ENRR.MA,2020,86.3085595704775
PHL,SE.SEC.ENRR.MA,2021,83.846098770924
PHL,SE.SEC.ENRR.MA,2022,90.7663228572526
PHL,SE.SEC.ENRR.MA,2023,90.9115557265909
PHL,SE.SEC.ENRR.MA,2024,84.4967272459257
PHL,SE.TER.ENRR,2015,35.8745887819664
PHL,SE.TER.ENRR,2016,38.3447414525513
PHL,SE.TER.ENRR,2017,33.6841018682349
PHL,SE.TER.ENRR,2018,28.1166228592308
PHL,SE.TER.ENRR,2019,30.0548680110365
PHL,SE.TER.ENRR,2020,31.6317598507085
PHL,SE.TER.ENRR,2021,33.6166173848126
PHL,SE.TER.ENRR,2022,38.4011392706768
PHL,SE.TER.ENRR,2023,44.2394203278519
PHL,SE.TER.ENRR,2024,47.4134996154186
PHL,SE.TER.ENRR.FE,2015,41.0613047431901
PHL,SE.TER.ENRR.FE,2016,43.5571209645523
PHL,SE.TER.ENRR.FE,2017,38.286150336618
PHL,SE.TER.ENRR.FE,2018,31.8172905767181
PHL,SE.TER.ENRR.FE,2019,33.6724362657156
PHL,SE.TER.ENRR.FE,2020,34.9776942092469
PHL,SE.TER.ENRR.FE,2021,38.0290931957121
PHL,SE.TER.ENRR.FE,2022,44.8304989112463
PHL,SE.TER.ENRR.FE,2023,50.9499907329313
PHL,SE.TER.ENRR.FE,2024,53.2985582335097
PHL,SE.TER.ENRR.MA,2015,31.0182503926315
PHL,SE.TER.ENRR.MA,2016,33.4151070319383
PHL,SE.TER.ENRR.MA,2017,29.2897323063218
PHL,SE.TER.ENRR.MA,2018,24.5466556895257
PHL,SE.TER.ENRR.MA,2019,26.5245528357297
PHL,SE.TER.ENRR.MA,2020,28.3358038010199
PHL,SE.TER.ENRR.MA,2021,29.2642161028574
PHL,SE.TER.ENRR.MA,2022,32.0541368625707
PHL,SE.TER.ENRR.MA,2023,37.6196734791632
PHL,SE.TER.ENRR.MA,2024,41.6207344841957
PHL,SE.XPD.TOTL.GD.ZS,2015,2.83052303785203
PHL,SE.XPD.TOTL.GD.ZS,2016,3.30128109042443
PHL,SE.XPD.TOTL.GD.ZS,2017,3.96384087403915
PHL,SE.XPD.TOTL.GD.ZS,2018,3.85502760745456
PHL,SE.XPD.TOTL.GD.ZS,2019,3.40748649142134
PHL,SE.XPD.TOTL.GD.ZS,2020,3.85829051308063
PHL,SE.XPD.TOTL.GD.ZS,2021,3.87249754784633
PHL,SE.XPD.TOTL.GD.ZS,2022,3.57960089528426
PHL,SE.XPD.TOTL.GD.ZS,2023,3.6236863467978
PHL,SE.XPD.TOTL.GD.ZS,2024,3.92501087473821
PHL,SE.XPD.TOTL.GD.ZS,2025,3.96922646675346
SGP,SE.ADT.LITR.ZS,2015,96.8300018310547
SGP,SE.ADT.LITR.ZS,2016,97.0500030517578
SGP,SE.ADT.LITR.ZS,2017,97.1999969482422
SGP,SE.ADT.LITR.ZS,2018,97.3399963378906
SGP,SE.ADT.LITR.ZS,2019,97.4800033569336
SGP,SE.ADT.LITR.ZS,2020,97.129997253418
SGP,SE.ADT.LITR.ZS,2021,97.6500015258789
SGP,SE.PRM.ENRR,2016,100.773205741627
SGP,SE.PRM.ENRR,2017,100.626953870432
SGP,SE.PRM.ENRR,2018,100.261866636903
SGP,SE.PRM.ENRR,2019,100.692578354355
SGP,SE.PRM.ENRR,2020,100.53590938338
SGP,SE.PRM.ENRR,2021,99.8746450408043
SGP,SE.PRM.ENRR,2022,99.5780376637324
SGP,SE.PRM.ENRR,2023,100.245139192048
SGP,SE.PRM.ENRR.FE,2016,100.692864709049
SGP,SE.PRM.ENRR.FE,2017,100.571724204453
SGP,SE.PRM.ENRR.FE,2018,100.224944203293
SGP,SE.PRM.ENRR.FE,2019,100.684973610952
SGP,SE.PRM.ENRR.FE,2020,100.51294317759
SGP,SE.PRM.ENRR.FE,2021,99.6871449794634
SGP,SE.PRM.ENRR.FE,2022,99.5866584461484
SGP,SE.PRM.ENRR.FE,2023,100.092255694849
SGP,SE.PRM.ENRR.MA,2016,100.850347225117
SGP,SE.PRM.ENRR.MA,2017,100.679815358791
SGP,SE.PRM.ENRR.MA,2018,100.297136909608
SGP,SE.PRM.ENRR.MA,2019,100.699827554454
SGP,SE.PRM.ENRR.MA,2020,100.557750798291
SGP,SE.PRM.ENRR.MA,2021,100.053287151136
SGP,SE.PRM.ENRR.MA,2022,99.5698570310247
SGP,SE.PRM.ENRR.MA,2023,100.39018404908
SGP,SE.SEC.ENRR,2016,107.745868589242
SGP,SE.SEC.ENRR,2017,107.472873863465
SGP,SE.SEC.ENRR,2018,105.745250914262
SGP,SE.SEC.ENRR,2019,104.621987875083
SGP,SE.SEC.ENRR,2020,103.115839213946
SGP,SE.SEC.ENRR,2021,102.951274385922
SGP,SE.SEC.ENRR,2022,103.009804103267
SGP,SE.SEC.ENRR,2023,103.082801906213
SGP,SE.SEC.ENRR.FE,2016,107.364959262144
SGP,SE.SEC.ENRR.FE,2017,106.88839463636
SGP,SE.SEC.ENRR.FE,2018,105.214493204689
SGP,SE.SEC.ENRR.FE,2019,104.181057515607
SGP,SE.SEC.ENRR.FE,2020,102.619251241336
SGP,SE.SEC.ENRR.FE,2021,102.820483763331
SGP,SE.SEC.ENRR.FE,2022,102.73547410258
SGP,SE.SEC.ENRR.FE,2023,102.676070813741
SGP,SE.SEC.ENRR.MA,2016,108.107125687417
SGP,SE.SEC.ENRR.MA,2017,108.030881396291
SGP,SE.SEC.ENRR.MA,2018,106.254353667032
SGP,SE.SEC.ENRR.MA,2019,105.043272523504
SGP,SE.SEC.ENRR.MA,2020,103.592337652794
SGP,SE.SEC.ENRR.MA,2021,103.07670015456
SGP,SE.SEC.ENRR.MA,2022,103.27297375811
SGP,SE.SEC.ENRR.MA,2023,103.473602350298
SGP,SE.TER.ENRR,2016,83.9409778236648
SGP,SE.TER.ENRR,2017,84.7929138455372
SGP,SE.TER.ENRR,2018,88.8864453410769
SGP,SE.TER.ENRR,2019,91.0889904414776
SGP,SE.TER.ENRR,2020,93.134767179468
SGP,SE.TER.ENRR,2021,97.0989103061521
SGP,SE.TER.ENRR,2022,98.02222650098
SGP,SE.TER.ENRR,2023,97.2886546863037
SGP,SE.TER.ENRR.FE,2016,90.5745224304781
SGP,SE.TER.ENRR.FE,2017,91.1969710792811
SGP,SE.TER.ENRR.FE,2018,95.417817614672
SGP,SE.TER.ENRR.FE,2019,97.0900106709222
SGP,SE.TER.ENRR.FE,2020,98.270054517134
SGP,SE.TER.ENRR.FE,2021,102.329468912554
SGP,SE.TER.ENRR.FE,2022,103.249422302202
SGP,SE.TER.ENRR.FE,2023,102.127991350812
SGP,SE.TER.ENRR.MA,2016,77.8587744398723
SGP,SE.TER.ENRR.MA,2017,78.9388531207259
SGP,SE.TER.ENRR.MA,2018,82.9129967776584
SGP,SE.TER.ENRR.MA,2019,85.5780775478494
SGP,SE.TER.ENRR.MA,2020,88.3773156081459
SGP,SE.TER.ENRR.MA,2021,92.1900666285229
SGP,SE.TER.ENRR.MA,2022,93.1417006367603
SGP,SE.TER.ENRR.MA,2023,92.7966960331169
SGP,SE.XPD.TOTL.GD.ZS,2015,2.99161870509909
SGP,SE.XPD.TOTL.GD.ZS,2016,2.94466258946576
SGP,SE.XPD.TOTL.GD.ZS,2017,2.87916382421742
SGP,SE.XPD.TOTL.GD.ZS,2018,2.85314011573792
SGP,SE.XPD.TOTL.GD.ZS,2019,2.72783994674683
SGP,SE.XPD.TOTL.GD.ZS,2020,2.69227004051208
SGP,SE.XPD.TOTL.GD.ZS,2021,2.82732009887695
SGP,SE.XPD.TOTL.GD.ZS,2022,2.47478008270264
SGP,SE.XPD.TOTL.GD.ZS,2023,2.1037700176239
SGP,SE.XPD.TOTL.GD.ZS,2024,2.19099857819757
THA,SE.ADT.LITR.ZS,2015,92.870002746582
THA,SE.ADT.LITR.ZS,2016,91.9800033569336
THA,SE.ADT.LITR.ZS,2018,93.7699966430664
THA,SE.ADT.LITR.ZS,2019,91.2699966430664
THA,SE.ADT.LITR.ZS,2022,91.0999984741211
THA,SE.PRM.ENRR,2015,103.333457946777
THA,SE.PRM.ENRR,2016,104.941299438477
THA,SE.PRM.ENRR,2017,101.863590810489
THA,SE.PRM.ENRR,2018,102.013545184574
THA,SE.PRM.ENRR,2019,103.012241063391
THA,SE.PRM.ENRR,2020,103.859900460568
THA,SE.PRM.ENRR,2021,103.619796585158
THA,SE.PRM.ENRR,2022,104.833004394528
THA,SE.PRM.ENRR,2023,102.574975655738
THA,SE.PRM.ENRR,2024,101.004223573604
THA,SE.PRM.ENRR,2025,100.728168483387
THA,SE.PRM.ENRR.FE,2015,100.97029876709
THA,SE.PRM.ENRR.FE,2016,106.012710571289
THA,SE.PRM.ENRR.FE,2017,97.5062060002166
THA,SE.PRM.ENRR.FE,2018,101.054880104514
THA,SE.PRM.ENRR.FE,2019,102.066604911573
THA,SE.PRM.ENRR.FE,2020,102.946478890921
THA,SE.PRM.ENRR.FE,2021,102.629857722714
THA,SE.PRM.ENRR.FE,2022,103.826141593298
THA,SE.PRM.ENRR.FE,2023,100.309523007892
THA,SE.PRM.ENRR.FE,2024,100.034294056615
THA,SE.PRM.ENRR.FE,2025,99.9599469853848
THA,SE.PRM.ENRR.MA,2015,105.535026550293
THA,SE.PRM.ENRR.MA,2016,103.94580078125
THA,SE.PRM.ENRR.MA,2017,106.017204283313
THA,SE.PRM.ENRR.MA,2018,102.92746824133
THA,SE.PRM.ENRR.MA,2019,103.914053775467
THA,SE.PRM.ENRR.MA,2020,104.731486959918
THA,SE.PRM.ENRR.MA,2021,104.565103930779
THA,SE.PRM.ENRR.MA,2022,105.795286659855
THA,SE.PRM.ENRR.MA,2023,104.741717681421
THA,SE.PRM.ENRR.MA,2024,101.93168533762
THA,SE.PRM.ENRR.MA,2025,101.462596580922
THA,SE.SEC.ENRR,2015,124.330596923828
THA,SE.SEC.ENRR,2016,122.563217163086
THA,SE.SEC.ENRR,2017,79.5062371844027
THA,SE.SEC.ENRR,2018,80.6045305135668
THA,SE.SEC.ENRR,2019,81.7206425877734
THA,SE.SEC.ENRR,2020,82.3668560969625
THA,SE.SEC.ENRR,2021,84.6644528199547
THA,SE.SEC.ENRR,2022,88.0661686868399
THA,SE.SEC.ENRR,2023,93.3356315272258
THA,SE.SEC.ENRR,2024,92.507325535959
THA,SE.SEC.ENRR,2025,92.0872315506486
THA,SE.SEC.ENRR.FE,2015,121.944808959961
THA,SE.SEC.ENRR.FE,2016,122.222442626953
THA,SE.SEC.ENRR.FE,2017,86.0704322494438
THA,SE.SEC.ENRR.FE,2018,87.3145736498592
THA,SE.SEC.ENRR.FE,2019,85.5828342157346
THA,SE.SEC.ENRR.FE,2020,86.5028787913307
THA,SE.SEC.ENRR.FE,2021,88.4176900305973
THA,SE.SEC.ENRR.FE,2022,94.929673800743
THA,SE.SEC.ENRR.FE,2023,96.6361035696829
THA,SE.SEC.ENRR.FE,2024,94.0628144371624
THA,SE.SEC.ENRR.FE,2025,95.1639658088824
THA,SE.SEC.ENRR.MA,2015,126.597579956055
THA,SE.SEC.ENRR.MA,2016,122.887626647949
THA,SE.SEC.ENRR.MA,2017,73.1750375307641
THA,SE.SEC.ENRR.MA,2018,74.1410133525236
THA,SE.SEC.ENRR.MA,2019,78.0052710470125
THA,SE.SEC.ENRR.MA,2020,78.3935637808293
THA,SE.SEC.ENRR.MA,2021,81.0639358195783
THA,SE.SEC.ENRR.MA,2022,81.4907422932092
THA,SE.SEC.ENRR.MA,2023,90.1769888485506
THA,SE.SEC.ENRR.MA,2024,91.0185505146134
THA,SE.SEC.ENRR.MA,2025,89.1414973023905
THA,SE.TER.ENRR,2015,45.713134717198
THA,SE.TER.ENRR,2016,49.3227291503798
THA,SE.TER.ENRR,2017,47.427491541895
THA,SE.TER.ENRR,2018,46.1667791174286
THA,SE.TER.ENRR,2019,44.9880040072053
THA,SE.TER.ENRR,2020,42.5900878816865
THA,SE.TER.ENRR,2021,43.4690405127808
THA,SE.TER.ENRR,2022,43.29484965617
THA,SE.TER.ENRR,2023,45.4407811172674
THA,SE.TER.ENRR,2024,44.9845744019321
THA,SE.TER.ENRR,2025,49.0776442074561
THA,SE.TER.ENRR.FE,2015,53.7092451288539
THA,SE.TER.ENRR.FE,2016,57.4214006652236
THA,SE.TER.ENRR.FE,2017,55.0749782401459
THA,SE.TER.ENRR.FE,2018,53.9808588108715
THA,SE.TER.ENRR.FE,2019,52.1112881079867
THA,SE.TER.ENRR.FE,2020,49.2478167092024
THA,SE.TER.ENRR.FE,2021,49.9275516782207
THA,SE.TER.ENRR.FE,2022,49.6871101465991
THA,SE.TER.ENRR.FE,2023,52.2406320377059
THA,SE.TER.ENRR.FE,2024,51.5777288105997
THA,SE.TER.ENRR.FE,2025,56.4104050978021
THA,SE.TER.ENRR.MA,2015,37.8268590418986
THA,SE.TER.ENRR.MA,2016,41.3514140037504
THA,SE.TER.ENRR.MA,2017,39.9166488235337
THA,SE.TER.ENRR.MA,2018,38.5089070976094
THA,SE.TER.ENRR.MA,2019,38.0210252010671
THA,SE.TER.ENRR.MA,2020,36.0897893869241
THA,SE.TER.ENRR.MA,2021,37.1726929390098
THA,SE.TER.ENRR.MA,2022,37.0712790825077
THA,SE.TER.ENRR.MA,2023,38.8285696857321
THA,SE.TER.ENRR.MA,2024,38.5814272979733
THA,SE.TER.ENRR.MA,2025,41.9656224305874
THA,SE.XPD.TOTL.GD.ZS,2015,3.86397622727286
THA,SE.XPD.TOTL.GD.ZS,2016,3.76761756770937
THA,SE.XPD.TOTL.GD.ZS,2017,3.46532147640365
THA,SE.XPD.TOTL.GD.ZS,2018,3.19769395901619
THA,SE.XPD.TOTL.GD.ZS,2019,3.02221411183282
THA,SE.XPD.TOTL.GD.ZS,2020,3.15314171737183
THA,SE.XPD.TOTL.GD.ZS,2021,2.98212428478268
THA,SE.XPD.TOTL.GD.ZS,2022,2.61187022798634
THA,SE.XPD.TOTL.GD.ZS,2023,2.52122219628772
VNM,SE.ADT.LITR.ZS,2019,95.75
VNM,SE.ADT.LITR.ZS,2022,96.129997253418
VNM,SE.PRM.ENRR,2015,103.278372065069
VNM,SE.PRM.ENRR,2016,105.947597481197
VNM,SE.PRM.ENRR,2017,104.437659436385
VNM,SE.PRM.ENRR,2018,104.190504718464
VNM,SE.PRM.ENRR,2019,103.337272102979
VNM,SE.PRM.ENRR,2020,102.847744602601
VNM,SE.PRM.ENRR,2021,103.391282723881
VNM,SE.PRM.ENRR,2022,104.129392785949
VNM,SE.PRM.ENRR,2023,105.170807361038
VNM,SE.PRM.ENRR,2024,106.332886485835
VNM,SE.PRM.ENRR.FE,2015,102.378273925626
VNM,SE.PRM.ENRR.FE,2016,105.638184866421
VNM,SE.PRM.ENRR.FE,2017,103.268548231168
VNM,SE.PRM.ENRR.FE,2018,102.28789247134
VNM,SE.PRM.ENRR.FE,2019,100.67166222154
VNM,SE.PRM.ENRR.FE,2020,100.299045610896
VNM,SE.PRM.ENRR.FE,2021,100.789646993236
VNM,SE.PRM.ENRR.FE,2022,101.74202938403
VNM,SE.PRM.ENRR.FE,2023,102.876683127032
VNM,SE.PRM.ENRR.FE,2024,104.136144338916
VNM,SE.PRM.ENRR.MA,2015,104.118975564681
VNM,SE.PRM.ENRR.MA,2016,106.234234290882
VNM,SE.PRM.ENRR.MA,2017,105.534074852116
VNM,SE.PRM.ENRR.MA,2018,105.999116996454
VNM,SE.PRM.ENRR.MA,2019,105.901651925785
VNM,SE.PRM.ENRR.MA,2020,105.296309137678
VNM,SE.PRM.ENRR.MA,2021,105.883577929896
VNM,SE.PRM.ENRR.MA,2022,106.413202784023
VNM,SE.PRM.ENRR.MA,2023,107.360767855338
VNM,SE.PRM.ENRR.MA,2024,108.424458564383
VNM,SE.SEC.ENRR,2015,89.4548341262217
VNM,SE.SEC.ENRR,2016,90.1583347107672
VNM,SE.SEC.ENRR,2017,91.0725198149335
VNM,SE.SEC.ENRR,2018,92.8377710790826
VNM,SE.SEC.ENRR,2019,94.654621676317
VNM,SE.SEC.ENRR,2020,93.1921389514105
VNM,SE.SEC.ENRR,2021,92.7690209240401
VNM,SE.SEC.ENRR,2022,93.4123434096522
VNM,SE.SEC.ENRR.FE,2015,83.8337492903167
VNM,SE.SEC.ENRR.FE,2016,86.3064277183873
VNM,SE.SEC.ENRR.FE,2017,87.6304773371075
VNM,SE.SEC.ENRR.FE,2018,88.6447461101443
VNM,SE.SEC.ENRR.FE,2019,89.7093994425268
VNM,SE.SEC.ENRR.FE,2020,89.4501554566878
VNM,SE.SEC.ENRR.FE,2021,90.3080638471257
VNM,SE.SEC.ENRR.FE,2022,90.5445572317873
VNM,SE.SEC.ENRR.MA,2015,94.8760643019166
VNM,SE.SEC.ENRR.MA,2016,93.8726930986627
VNM,SE.SEC.ENRR.MA,2017,94.4078377851191
VNM,SE.SEC.ENRR.MA,2018,96.929171698508
VNM,SE.SEC.ENRR.MA,2019,99.5151106974771
VNM,SE.SEC.ENRR.MA,2020,96.8611404229179
VNM,SE.SEC.ENRR.MA,2021,95.1768509933672
VNM,SE.SEC.ENRR.MA,2022,96.2090753212709
VNM,SE.TER.ENRR,2015,29.7250797402999
VNM,SE.TER.ENRR,2016,29.0811980839409
VNM,SE.TER.ENRR,2017,25.9526307046456
VNM,SE.TER.ENRR,2019,30.2241191864014
VNM,SE.TER.ENRR,2021,41.9554971195048
VNM,SE.TER.ENRR,2022,44.7536854027422
VNM,SE.TER.ENRR,2023,32.8415128147815
VNM,SE.TER.ENRR,2024,37.5923642016718
VNM,SE.TER.ENRR.FE,2015,29.4365366202641
VNM,SE.TER.ENRR.FE,2016,31.9215031225633
VNM,SE.TER.ENRR.FE,2017,27.4448664101479
VNM,SE.TER.ENRR.FE,2021,41.0590994828712
VNM,SE.TER.ENRR.FE,2022,45.3703223280821
VNM,SE.TER.ENRR.FE,2023,36.0774676873689
VNM,SE.TER.ENRR.FE,2024,40.8617680104156
VNM,SE.TER.ENRR.MA,2015,30.0066478469738
VNM,SE.TER.ENRR.MA,2016,26.3157973289288
VNM,SE.TER.ENRR.MA,2017,24.4948645754524
VNM,SE.TER.ENRR.MA,2021,42.8379016583449
VNM,SE.TER.ENRR.MA,2022,44.145253554546
VNM,SE.TER.ENRR.MA,2023,29.6371360595075
VNM,SE.TER.ENRR.MA,2024,34.348050984579
VNM,SE.XPD.TOTL.GD.ZS,2015,3.41660449674943
VNM,SE.XPD.TOTL.GD.ZS,2016,3.46906995773315
VNM,SE.XPD.TOTL.GD.ZS,2017,3.41865686539527
VNM,SE.XPD.TOTL.GD.ZS,2018,3.29537010192871
VNM,SE.XPD.TOTL.GD.ZS,2019,3.08499832693462
VNM,SE.XPD.TOTL.GD.ZS,2020,3.21652900152514
VNM,SE.XPD.TOTL.GD.ZS,2021,2.94517488804327
VNM,SE.XPD.TOTL.GD.ZS,2022,2.88738689372749
TLS,SE.ADT.LITR.ZS,2015,64.4499969482422
TLS,SE.ADT.LITR.ZS,2016,65.7799987792969
TLS,SE.ADT.LITR.ZS,2022,69.4000015258789
TLS,SE.PRM.ENRR,2015,126.646454350675
TLS,SE.PRM.ENRR,2016,123.315981015137
TLS,SE.PRM.ENRR,2017,117.545590260011
TLS,SE.PRM.ENRR,2018,113.613823069409
TLS,SE.PRM.ENRR,2019,111.537505941321
TLS,SE.PRM.ENRR,2020,110.606703667428
TLS,SE.PRM.ENRR,2021,123.584941487948
TLS,SE.PRM.ENRR,2022,119.036719326581
TLS,SE.PRM.ENRR,2023,119.652693100113
TLS,SE.PRM.ENRR.FE,2015,127.332451641345
TLS,SE.PRM.ENRR.FE,2016,123.303783970099
TLS,SE.PRM.ENRR.FE,2017,116.662871764846
TLS,SE.PRM.ENRR.FE,2018,112.376513833733
TLS,SE.PRM.ENRR.FE,2019,110.834815461264
TLS,SE.PRM.ENRR.FE,2020,109.882441832041
TLS,SE.PRM.ENRR.FE,2021,123.526744237491
TLS,SE.PRM.ENRR.FE,2022,119.331890222014
TLS,SE.PRM.ENRR.FE,2023,120.588958104051
TLS,SE.PRM.ENRR.MA,2015,126.003887641128
TLS,SE.PRM.ENRR.MA,2016,123.327455868345
TLS,SE.PRM.ENRR.MA,2017,118.381960139716
TLS,SE.PRM.ENRR.MA,2018,114.792769878664
TLS,SE.PRM.ENRR.MA,2019,112.209763160398
TLS,SE.PRM.ENRR.MA,2020,111.301742338615
TLS,SE.PRM.ENRR.MA,2021,123.640971578869
TLS,SE.PRM.ENRR.MA,2022,118.751249276734
TLS,SE.PRM.ENRR.MA,2023,118.746314972847
TLS,SE.SEC.ENRR,2015,72.9840325557506
TLS,SE.SEC.ENRR,2016,77.3856943732818
TLS,SE.SEC.ENRR,2017,81.1665700933061
TLS,SE.SEC.ENRR,2018,83.0952419040915
TLS,SE.SEC.ENRR,2019,85.1248242560832
TLS,SE.SEC.ENRR,2020,84.7410404382553
TLS,SE.SEC.ENRR.FE,2015,75.7349709712488
TLS,SE.SEC.ENRR.FE,2016,80.4793824903514
TLS,SE.SEC.ENRR.FE,2017,84.7672794199171
TLS,SE.SEC.ENRR.FE,2018,87.2436736474694
TLS,SE.SEC.ENRR.FE,2019,89.6775720031834
TLS,SE.SEC.ENRR.FE,2020,89.3942621030436
TLS,SE.SEC.ENRR.MA,2015,70.361714090423
TLS,SE.SEC.ENRR.MA,2016,74.4345766725873
TLS,SE.SEC.ENRR.MA,2017,77.7287306678523
TLS,SE.SEC.ENRR.MA,2018,79.1274138524616
TLS,SE.SEC.ENRR.MA,2019,80.7572865617746
TLS,SE.SEC.ENRR.MA,2020,80.2550255641568
TLS,SE.TER.ENRR,2023,30.9611108169641
TLS,SE.TER.ENRR.FE,2023,31.5507306442772
TLS,SE.TER.ENRR.MA,2023,30.3830980746799
TLS,SE.XPD.TOTL.GD.ZS,2015,8.46706962585449
TLS,SE.XPD.TOTL.GD.ZS,2016,8.12837982177734
TLS,SE.XPD.TOTL.GD.ZS,2017,7.17093992233276
TLS,SE.XPD.TOTL.GD.ZS,2018,6.848060131073
TLS,SE.XPD.TOTL.GD.ZS,2019,4.17968913742937
TLS,SE.XPD.TOTL.GD.ZS,2020,3.65287360437751
TLS,SE.XPD.TOTL.GD.ZS,2021,2.97389404101318
TLS,SE.XPD.TOTL.GD.ZS,2023,5.24052834781801
BRN,NY.GDP.MKTP.CD,2015,12930296870.1247
BRN,NY.GDP.MKTP.CD,2016,11400266044.6651
BRN,NY.GDP.MKTP.CD,2017,12128168045.1245
BRN,NY.GDP.MKTP.CD,2018,13566908391.0895
BRN,NY.GDP.MKTP.CD,2019,13469235364.7032
BRN,NY.GDP.MKTP.CD,2020,12005799653.9835
BRN,NY.GDP.MKTP.CD,2021,14006496617.4458
BRN,NY.GDP.MKTP.CD,2022,16681536466.7183
BRN,NY.GDP.MKTP.CD,2023,15095084656.1634
BRN,NY.GDP.MKTP.CD,2024,15340808592.48
BRN,NY.GDP.MKTP.CD,2025,15031980994.1121
BRN,NY.GDP.MKTP.KD.ZG,2015,-0.392383749502031
BRN,NY.GDP.MKTP.KD.ZG,2016,-2.47791771833224
BRN,NY.GDP.MKTP.KD.ZG,2017,1.32872661057823
BRN,NY.GDP.MKTP.KD.ZG,2018,0.0523710418528935
BRN,NY.GDP.MKTP.KD.ZG,2019,3.86884436177075
BRN,NY.GDP.MKTP.KD.ZG,2020,1.1335733495246
BRN,NY.GDP.MKTP.KD.ZG,2021,-1.59076260099606
BRN,NY.GDP.MKTP.KD.ZG,2022,-1.62833154515108
BRN,NY.GDP.MKTP.KD.ZG,2023,1.12764418162719
BRN,NY.GDP.MKTP.KD.ZG,2024,4.05251709306727
BRN,NY.GDP.MKTP.KD.ZG,2025,0.66956214816436
BRN,NY.GDP.PCAP.CD,2015,30625.1287744656
BRN,NY.GDP.PCAP.CD,2016,26663.2972950602
BRN,NY.GDP.PCAP.CD,2017,28024.3824580252
BRN,NY.GDP.PCAP.CD,2018,30988.1190267227
BRN,NY.GDP.PCAP.CD,2019,30426.5730656528
BRN,NY.GDP.PCAP.CD,2020,26834.3592233943
BRN,NY.GDP.PCAP.CD,2021,31006.9636289785
BRN,NY.GDP.PCAP.CD,2022,36632.9280952155
BRN,NY.GDP.PCAP.CD,2023,32890.5491812019
BRN,NY.GDP.PCAP.CD,2024,33153.4738913513
BRN,NY.GDP.PCAP.CD,2025,32234.6428368582
BRN,FP.CPI.TOTL.ZG,2015,-0.488347420743522
BRN,FP.CPI.TOTL.ZG,2016,-0.278693265753083
BRN,FP.CPI.TOTL.ZG,2017,-1.2605056462896
BRN,FP.CPI.TOTL.ZG,2018,1.02505179290212
BRN,FP.CPI.TOTL.ZG,2019,-0.390522069165529
BRN,FP.CPI.TOTL.ZG,2020,1.94031996607184
BRN,FP.CPI.TOTL.ZG,2021,1.73341388450593
BRN,FP.CPI.TOTL.ZG,2022,3.68225030604216
BRN,FP.CPI.TOTL.ZG,2023,0.35706431153689
BRN,FP.CPI.TOTL.ZG,2024,-0.388674165036461
BRN,FP.CPI.TOTL.ZG,2025,-0.302994414446762
BRN,NE.GDI.TOTL.ZS,2015,35.2473258617273
BRN,NE.GDI.TOTL.ZS,2016,34.6202628541232
BRN,NE.GDI.TOTL.ZS,2017,34.804760189414
BRN,NE.GDI.TOTL.ZS,2018,41.0665959296934
BRN,NE.GDI.TOTL.ZS,2019,38.6777534991209
BRN,NE.GDI.TOTL.ZS,2020,40.5878302733583
BRN,NE.GDI.TOTL.ZS,2021,31.2725676396553
BRN,NE.GDI.TOTL.ZS,2022,25.8510429426901
BRN,NE.GDI.TOTL.ZS,2023,29.6282073672206
BRN,NE.GDI.TOTL.ZS,2024,27.8989646632704
BRN,NE.GDI.TOTL.ZS,2025,27.1271902797812
BRN,NY.GNS.ICTR.ZS,2015,57.1182687749519
BRN,NY.GNS.ICTR.ZS,2016,56.4115794432201
BRN,NY.GNS.ICTR.ZS,2017,55.3364205017207
BRN,NY.GNS.ICTR.ZS,2018,53.2133009127659
BRN,NY.GNS.ICTR.ZS,2019,53.5317208322741
BRN,NY.GNS.ICTR.ZS,2020,50.8859947205967
BRN,NY.GNS.ICTR.ZS,2021,49.7343409455499
BRN,NY.GNS.ICTR.ZS,2022,50.3806352832592
BRN,NY.GNS.ICTR.ZS,2023,45.871344690754
BRN,NY.GNS.ICTR.ZS,2024,47.6532634913652
BRN,NY.GNS.ICTR.ZS,2025,45.3344398925132
KHM,NY.GDP.MKTP.CD,2015,24174170369.0738
KHM,NY.GDP.MKTP.CD,2016,26556545153.3573
KHM,NY.GDP.MKTP.CD,2017,29355665909.7905
KHM,NY.GDP.MKTP.CD,2018,33145892168.8958
KHM,NY.GDP.MKTP.CD,2019,36685356407.7206
KHM,NY.GDP.MKTP.CD,2020,34818073901.4851
KHM,NY.GDP.MKTP.CD,2021,36790163687.4421
KHM,NY.GDP.MKTP.CD,2022,39994532959.6074
KHM,NY.GDP.MKTP.CD,2023,42335646895.7984
KHM,NY.GDP.MKTP.CD,2024,46352647037.2406
KHM,NY.GDP.MKTP.CD,2025,51267065842.9641
KHM,NY.GDP.MKTP.KD.ZG,2015,7.20703472529512
KHM,NY.GDP.MKTP.KD.ZG,2016,7.90550116130704
KHM,NY.GDP.MKTP.KD.ZG,2017,8.07503915535979
KHM,NY.GDP.MKTP.KD.ZG,2018,8.77622376224463
KHM,NY.GDP.MKTP.KD.ZG,2019,7.93695013588524
KHM,NY.GDP.MKTP.KD.ZG,2020,-3.55572193406549
KHM,NY.GDP.MKTP.KD.ZG,2021,3.08984284148661
KHM,NY.GDP.MKTP.KD.ZG,2022,5.12990110773977
KHM,NY.GDP.MKTP.KD.ZG,2023,5.00733043811898
KHM,NY.GDP.MKTP.KD.ZG,2024,6.0158145735202
KHM,NY.GDP.MKTP.KD.ZG,2025,5.34932084572877
KHM,NY.GDP.PCAP.CD,2015,1547.32010444393
KHM,NY.GDP.PCAP.CD,2016,1675.19555711109
KHM,NY.GDP.PCAP.CD,2017,1826.35391688754
KHM,NY.GDP.PCAP.CD,2018,2036.67377566578
KHM,NY.GDP.PCAP.CD,2019,2225.87705485686
KHM,NY.GDP.PCAP.CD,2020,2081.73914242939
KHM,NY.GDP.PCAP.CD,2021,2167.40324198499
KHM,NY.GDP.PCAP.CD,2022,2325.03050040841
KHM,NY.GDP.PCAP.CD,2023,2429.74853452838
KHM,NY.GDP.PCAP.CD,2024,2627.87969756224
KHM,NY.GDP.PCAP.CD,2025,2872.42926639909
KHM,FP.CPI.TOTL.ZG,2015,1.22393195511119
KHM,FP.CPI.TOTL.ZG,2016,3.01913975139128
KHM,FP.CPI.TOTL.ZG,2017,2.91263557371478
KHM,FP.CPI.TOTL.ZG,2018,2.45908515380146
KHM,FP.CPI.TOTL.ZG,2019,1.94257500833107
KHM,FP.CPI.TOTL.ZG,2020,2.9402951426397
KHM,FP.CPI.TOTL.ZG,2021,2.92073477592949
KHM,FP.CPI.TOTL.ZG,2022,5.34370264895437
KHM,FP.CPI.TOTL.ZG,2023,2.12746796594194
KHM,FP.CPI.TOTL.ZG,2024,0.808042016536654
KHM,FP.CPI.TOTL.ZG,2025,2.35127105896507
KHM,GC.DOD.TOTL.GD.ZS,2021,28.0325110484223
KHM,GC.DOD.TOTL.GD.ZS,2022,27.4923946808839
KHM,GC.DOD.TOTL.GD.ZS,2023,50.3420177209934
KHM,NE.GDI.TOTL.ZS,2015,29.8714938168298
KHM,NE.GDI.TOTL.ZS,2016,30.3850325759008
KHM,NE.GDI.TOTL.ZS,2017,30.6334526919382
KHM,NE.GDI.TOTL.ZS,2018,30.7394192448512
KHM,NE.GDI.TOTL.ZS,2019,31.3945541935104
KHM,NE.GDI.TOTL.ZS,2020,31.351227539335
KHM,NE.GDI.TOTL.ZS,2021,30.3788112661952
KHM,NE.GDI.TOTL.ZS,2022,34.5945264318735
KHM,NE.GDI.TOTL.ZS,2023,33.2944796211269
KHM,NE.GDI.TOTL.ZS,2024,32.1861316004857
KHM,NE.GDI.TOTL.ZS,2025,31.5241909112165
KHM,NY.GNS.ICTR.ZS,2015,22.9390336317077
KHM,NY.GNS.ICTR.ZS,2016,22.8048280679151
KHM,NY.GNS.ICTR.ZS,2017,25.0783729355021
KHM,NY.GNS.ICTR.ZS,2018,25.9519348819568
KHM,NY.GNS.ICTR.ZS,2019,32.5781256977153
KHM,NY.GNS.ICTR.ZS,2020,35.7612701114381
KHM,NY.GNS.ICTR.ZS,2021,35.3659726759286
KHM,NY.GNS.ICTR.ZS,2022,38.2844445109766
KHM,NY.GNS.ICTR.ZS,2023,38.8430928092707
KHM,NY.GNS.ICTR.ZS,2024,40.5312466046579
KHM,NY.GNS.ICTR.ZS,2025,39.1621590422221
IDN,NY.GDP.MKTP.CD,2015,860854232686.214
IDN,NY.GDP.MKTP.CD,2016,931877364037.698
IDN,NY.GDP.MKTP.CD,2017,1015618744159.73
IDN,NY.GDP.MKTP.CD,2018,1042271532988.63
IDN,NY.GDP.MKTP.CD,2019,1119099871350.2
IDN,NY.GDP.MKTP.CD,2020,1059054842698.48
IDN,NY.GDP.MKTP.CD,2021,1186509691086.73
IDN,NY.GDP.MKTP.CD,2022,1319101183380.15
IDN,NY.GDP.MKTP.CD,2023,1371166925749.88
IDN,NY.GDP.MKTP.CD,2024,1396301788461.69
IDN,NY.GDP.MKTP.CD,2025,1445642584163.81
IDN,NY.GDP.MKTP.KD.ZG,2015,4.87632230022123
IDN,NY.GDP.MKTP.KD.ZG,2016,5.03306918280177
IDN,NY.GDP.MKTP.KD.ZG,2017,5.06978590134916
IDN,NY.GDP.MKTP.KD.ZG,2018,5.17429153955024
IDN,NY.GDP.MKTP.KD.ZG,2019,5.01928768046282
IDN,NY.GDP.MKTP.KD.ZG,2020,-2.06551182934165
IDN,NY.GDP.MKTP.KD.ZG,2021,3.70288562827751
IDN,NY.GDP.MKTP.KD.ZG,2022,5.30719722664799
IDN,NY.GDP.MKTP.KD.ZG,2023,5.04883117855516
IDN,NY.GDP.MKTP.KD.ZG,2024,5.03257477088519
IDN,NY.GDP.MKTP.KD.ZG,2025,5.10808904438025
IDN,NY.GDP.PCAP.CD,2015,3288.22269725538
IDN,NY.GDP.PCAP.CD,2016,3521.46943457574
IDN,NY.GDP.PCAP.CD,2017,3798.88326174526
IDN,NY.GDP.PCAP.CD,2018,3860.95353090726
IDN,NY.GDP.PCAP.CD,2019,4106.94856160358
IDN,NY.GDP.PCAP.CD,2020,3853.70288774146
IDN,NY.GDP.PCAP.CD,2021,4287.17313995098
IDN,NY.GDP.PCAP.CD,2022,4730.83484836107
IDN,NY.GDP.PCAP.CD,2023,4876.2992959843
IDN,NY.GDP.PCAP.CD,2024,4925.43644992666
IDN,NY.GDP.PCAP.CD,2025,5059.62596411213
IDN,FP.CPI.TOTL.ZG,2015,6.36312061196646
IDN,FP.CPI.TOTL.ZG,2016,3.52580452815451
IDN,FP.CPI.TOTL.ZG,2017,3.80879857691949
IDN,FP.CPI.TOTL.ZG,2018,3.19834755924996
IDN,FP.CPI.TOTL.ZG,2019,3.03058460941661
IDN,FP.CPI.TOTL.ZG,2020,1.91983527270793
IDN,FP.CPI.TOTL.ZG,2021,1.56007882983334
IDN,FP.CPI.TOTL.ZG,2022,4.20946463714784
IDN,FP.CPI.TOTL.ZG,2023,3.66938654859761
IDN,FP.CPI.TOTL.ZG,2024,2.18151273615189
IDN,FP.CPI.TOTL.ZG,2025,1.9133344329508
IDN,NE.GDI.TOTL.ZS,2015,34.0627921803386
IDN,NE.GDI.TOTL.ZS,2016,33.8587393039462
IDN,NE.GDI.TOTL.ZS,2017,33.7105947957751
IDN,NE.GDI.TOTL.ZS,2018,34.5705858319707
IDN,NE.GDI.TOTL.ZS,2019,33.7801423773995
IDN,NE.GDI.TOTL.ZS,2020,32.3434120537481
IDN,NE.GDI.TOTL.ZS,2021,31.4488724858485
IDN,NE.GDI.TOTL.ZS,2022,29.7453138212259
IDN,NE.GDI.TOTL.ZS,2023,30.3426390629498
IDN,NE.GDI.TOTL.ZS,2024,31.396316156558
IDN,NE.GDI.TOTL.ZS,2025,30.6186915015727
IDN,NY.GNS.ICTR.ZS,2015,30.1233564897489
IDN,NY.GNS.ICTR.ZS,2016,29.9227683259243
IDN,NY.GNS.ICTR.ZS,2017,30.8783634343379
IDN,NY.GNS.ICTR.ZS,2018,31.6805227940956
IDN,NY.GNS.ICTR.ZS,2019,30.9027135119119
IDN,NY.GNS.ICTR.ZS,2020,29.2246087288697
IDN,NY.GNS.ICTR.ZS,2021,32.9372955843682
IDN,NY.GNS.ICTR.ZS,2022,37.0041185901717
IDN,NY.GNS.ICTR.ZS,2023,35.8619339722029
IDN,NY.GNS.ICTR.ZS,2024,34.6828714970206
IDN,NY.GNS.ICTR.ZS,2025,35.043148493834
LAO,NY.GDP.MKTP.CD,2015,14426380125.6488
LAO,NY.GDP.MKTP.CD,2016,15912501722.6143
LAO,NY.GDP.MKTP.CD,2017,17071155481.4994
LAO,NY.GDP.MKTP.CD,2018,18141641089.7963
LAO,NY.GDP.MKTP.CD,2019,18740561512.5555
LAO,NY.GDP.MKTP.CD,2020,18981805250.2424
LAO,NY.GDP.MKTP.CD,2021,18827148530.9347
LAO,NY.GDP.MKTP.CD,2022,15468785203.7532
LAO,NY.GDP.MKTP.CD,2023,15843155731.2552
LAO,NY.GDP.MKTP.CD,2024,16502933121.3379
LAO,NY.GDP.MKTP.CD,2025,18302970218.5902
LAO,NY.GDP.MKTP.KD.ZG,2015,7.27006584373785
LAO,NY.GDP.MKTP.KD.ZG,2016,7.02283625501138
LAO,NY.GDP.MKTP.KD.ZG,2017,6.8925308726989
LAO,NY.GDP.MKTP.KD.ZG,2018,6.24796000755872
LAO,NY.GDP.MKTP.KD.ZG,2019,5.4577350924848
LAO,NY.GDP.MKTP.KD.ZG,2020,0.503031829018681
LAO,NY.GDP.MKTP.KD.ZG,2021,2.52835100486102
LAO,NY.GDP.MKTP.KD.ZG,2022,2.70742652643155
LAO,NY.GDP.MKTP.KD.ZG,2023,3.74568140158232
LAO,NY.GDP.MKTP.KD.ZG,2024,4.13019264438475
LAO,NY.GDP.MKTP.KD.ZG,2025,4.53760564766725
LAO,NY.GDP.PCAP.CD,2015,2121.01339097363
LAO,NY.GDP.PCAP.CD,2016,2303.22156035363
LAO,NY.GDP.PCAP.CD,2017,2432.43059478511
LAO,NY.GDP.PCAP.CD,2018,2545.1075420815
LAO,NY.GDP.PCAP.CD,2019,2589.32081035237
LAO,NY.GDP.PCAP.CD,2020,2583.77730696131
LAO,NY.GDP.PCAP.CD,2021,2526.05105018529
LAO,NY.GDP.PCAP.CD,2022,2046.40440255621
LAO,NY.GDP.PCAP.CD,2023,2066.94979776957
LAO,NY.GDP.PCAP.CD,2024,2123.97909415109
LAO,NY.GDP.PCAP.CD,2025,2324.76353098791
LAO,FP.CPI.TOTL.ZG,2015,1.27735427102992
LAO,FP.CPI.TOTL.ZG,2016,1.59691227583204
LAO,FP.CPI.TOTL.ZG,2017,0.825478607568026
LAO,FP.CPI.TOTL.ZG,2018,2.04039266890201
LAO,FP.CPI.TOTL.ZG,2019,3.32255881256925
LAO,FP.CPI.TOTL.ZG,2020,5.10407262959919
LAO,FP.CPI.TOTL.ZG,2021,3.75562036658877
LAO,FP.CPI.TOTL.ZG,2022,22.9562225132056
LAO,FP.CPI.TOTL.ZG,2023,31.2301341732646
LAO,FP.CPI.TOTL.ZG,2024,23.1305695942588
LAO,FP.CPI.TOTL.ZG,2025,7.74226936553695
LAO,NE.GDI.TOTL.ZS,2015,31.556651604237
LAO,NE.GDI.TOTL.ZS,2016,29.0076540961796
LAO,NY.GNS.ICTR.ZS,2015,10.7473654724725
LAO,NY.GNS.ICTR.ZS,2016,17.6387955255376
MYS,NY.GDP.MKTP.CD,2015,301355266964.947
MYS,NY.GDP.MKTP.CD,2016,301256033870.334
MYS,NY.GDP.MKTP.CD,2017,319109094160.343
MYS,NY.GDP.MKTP.CD,2018,358788845712.53
MYS,NY.GDP.MKTP.CD,2019,365177721021.516
MYS,NY.GDP.MKTP.CD,2020,337456163961.211
MYS,NY.GDP.MKTP.CD,2021,373784553029.978
MYS,NY.GDP.MKTP.CD,2022,407830525989.553
MYS,NY.GDP.MKTP.CD,2023,399949418752.657
MYS,NY.GDP.MKTP.CD,2024,422227005428.688
MYS,NY.GDP.MKTP.CD,2025,472193128644.597
MYS,NY.GDP.MKTP.KD.ZG,2015,5.09153242155011
MYS,NY.GDP.MKTP.KD.ZG,2016,4.44978139761541
MYS,NY.GDP.MKTP.KD.ZG,2017,5.81272240983328
MYS,NY.GDP.MKTP.KD.ZG,2018,4.84308697634881
MYS,NY.GDP.MKTP.KD.ZG,2019,4.41318742129586
MYS,NY.GDP.MKTP.KD.ZG,2020,-5.45684658426701
MYS,NY.GDP.MKTP.KD.ZG,2021,3.31534954399166
MYS,NY.GDP.MKTP.KD.ZG,2022,9.03173723044451
MYS,NY.GDP.MKTP.KD.ZG,2023,3.5370638041057
MYS,NY.GDP.MKTP.KD.ZG,2024,5.10545921024041
MYS,NY.GDP.MKTP.KD.ZG,2025,5.17127082911057
MYS,NY.GDP.PCAP.CD,2015,9648.6797937523
MYS,NY.GDP.PCAP.CD,2016,9476.53409809923
MYS,NY.GDP.PCAP.CD,2017,9862.54806612235
MYS,NY.GDP.PCAP.CD,2018,10901.8019954421
MYS,NY.GDP.PCAP.CD,2019,10920.191763972
MYS,NY.GDP.PCAP.CD,2020,9957.52626697613
MYS,NY.GDP.PCAP.CD,2021,10903.1037480772
MYS,NY.GDP.PCAP.CD,2022,11754.5678336248
MYS,NY.GDP.PCAP.CD,2023,11386.0395636528
MYS,NY.GDP.PCAP.CD,2024,11874.4273684245
MYS,NY.GDP.PCAP.CD,2025,13124.5554178269
MYS,FP.CPI.TOTL.ZG,2015,2.10438980238359
MYS,FP.CPI.TOTL.ZG,2016,2.09056659525742
MYS,FP.CPI.TOTL.ZG,2017,3.87120115774237
MYS,FP.CPI.TOTL.ZG,2018,0.884709160571235
MYS,FP.CPI.TOTL.ZG,2019,0.662891865764326
MYS,FP.CPI.TOTL.ZG,2020,-1.1387021539305
MYS,FP.CPI.TOTL.ZG,2021,2.47710241465447
MYS,FP.CPI.TOTL.ZG,2022,3.37869862549928
MYS,FP.CPI.TOTL.ZG,2023,2.48886560125754
MYS,FP.CPI.TOTL.ZG,2024,1.834100204499
MYS,FP.CPI.TOTL.ZG,2025,1.38060872293692
MYS,GC.DOD.TOTL.GD.ZS,2015,53.5744697326154
MYS,GC.DOD.TOTL.GD.ZS,2016,51.8905275342534
MYS,GC.DOD.TOTL.GD.ZS,2017,50.0496777374929
MYS,GC.DOD.TOTL.GD.ZS,2018,51.1859148831795
MYS,GC.DOD.TOTL.GD.ZS,2019,52.4213502119727
MYS,GC.DOD.TOTL.GD.ZS,2020,62.0067215086738
MYS,GC.DOD.TOTL.GD.ZS,2021,63.2668366732951
MYS,GC.DOD.TOTL.GD.ZS,2022,60.1479261322487
MYS,GC.DOD.TOTL.GD.ZS,2023,64.2816241956596
MYS,GC.DOD.TOTL.GD.ZS,2024,64.566529006102
MYS,NE.GDI.TOTL.ZS,2015,25.424263277142
MYS,NE.GDI.TOTL.ZS,2016,25.9955119994004
MYS,NE.GDI.TOTL.ZS,2017,25.5473434515187
MYS,NE.GDI.TOTL.ZS,2018,23.8974199608763
MYS,NE.GDI.TOTL.ZS,2019,21.0482403944815
MYS,NE.GDI.TOTL.ZS,2020,19.6580082281542
MYS,NE.GDI.TOTL.ZS,2021,22.1257083996672
MYS,NE.GDI.TOTL.ZS,2022,23.5862921622175
MYS,NE.GDI.TOTL.ZS,2023,22.8017590224926
MYS,NE.GDI.TOTL.ZS,2024,21.9538831069426
MYS,NE.GDI.TOTL.ZS,2025,20.4609568977283
MYS,NY.GNS.ICTR.ZS,2015,28.3991476426936
MYS,NY.GNS.ICTR.ZS,2016,28.3850019206649
MYS,NY.GNS.ICTR.ZS,2017,28.3359876066459
MYS,NY.GNS.ICTR.ZS,2018,26.1283247399226
MYS,NY.GNS.ICTR.ZS,2019,24.546150625052
MYS,NY.GNS.ICTR.ZS,2020,23.8210614819294
MYS,NY.GNS.ICTR.ZS,2021,26.0099609240741
MYS,NY.GNS.ICTR.ZS,2022,26.7807789507514
MYS,NY.GNS.ICTR.ZS,2023,23.8583516969162
MYS,NY.GNS.ICTR.ZS,2024,23.3780820262118
MMR,NY.GDP.MKTP.CD,2015,59607290407.6191
MMR,NY.GDP.MKTP.CD,2016,63298361996.2153
MMR,NY.GDP.MKTP.CD,2017,66053040483.0016
MMR,NY.GDP.MKTP.CD,2018,67860515989.517
MMR,NY.GDP.MKTP.CD,2019,75065106227.6892
MMR,NY.GDP.MKTP.CD,2020,79006113643.1906
MMR,NY.GDP.MKTP.CD,2021,66345291160.1683
MMR,NY.GDP.MKTP.CD,2022,62253049891.6449
MMR,NY.GDP.MKTP.CD,2023,66757619000.0
MMR,NY.GDP.MKTP.CD,2024,74068349523.8095
MMR,NY.GDP.MKTP.CD,2025,81665773809.5238
MMR,NY.GDP.MKTP.KD.ZG,2015,6.99284029026121
MMR,NY.GDP.MKTP.KD.ZG,2016,5.86247291518572
MMR,NY.GDP.MKTP.KD.ZG,2017,6.13610824360305
MMR,NY.GDP.MKTP.KD.ZG,2018,6.26886221471075
MMR,NY.GDP.MKTP.KD.ZG,2019,6.57911006765414
MMR,NY.GDP.MKTP.KD.ZG,2020,-9.04834717984643
MMR,NY.GDP.MKTP.KD.ZG,2021,-12.0163724829177
MMR,NY.GDP.MKTP.KD.ZG,2022,4.0374934360085
MMR,NY.GDP.MKTP.KD.ZG,2023,0.958446625126115
MMR,NY.GDP.MKTP.KD.ZG,2024,-0.97204641363362
MMR,NY.GDP.MKTP.KD.ZG,2025,-2.01184475795665
MMR,NY.GDP.PCAP.CD,2015,1166.73305546337
MMR,NY.GDP.PCAP.CD,2016,1229.19713515893
MMR,NY.GDP.PCAP.CD,2017,1272.82241830603
MMR,NY.GDP.PCAP.CD,2018,1298.21310320785
MMR,NY.GDP.PCAP.CD,2019,1425.98954211903
MMR,NY.GDP.PCAP.CD,2020,1490.21683548367
MMR,NY.GDP.PCAP.CD,2021,1242.72134419599
MMR,NY.GDP.PCAP.CD,2022,1158.05005034332
MMR,NY.GDP.PCAP.CD,2023,1233.19666209269
MMR,NY.GDP.PCAP.CD,2024,1359.05001560107
MMR,NY.GDP.PCAP.CD,2025,1488.87527836542
MMR,FP.CPI.TOTL.ZG,2015,9.45417189526018
MMR,FP.CPI.TOTL.ZG,2016,6.92882525816076
MMR,FP.CPI.TOTL.ZG,2017,4.5725365531752
MMR,FP.CPI.TOTL.ZG,2018,6.87232865662935
MMR,FP.CPI.TOTL.ZG,2019,8.82506696804558
PHL,NY.GDP.MKTP.CD,2015,306445871242.322
PHL,NY.GDP.MKTP.CD,2016,318627003016.731
PHL,NY.GDP.MKTP.CD,2017,328480736802.76
PHL,NY.GDP.MKTP.CD,2018,346841896587.313
PHL,NY.GDP.MKTP.CD,2019,376823402239.136
PHL,NY.GDP.MKTP.CD,2020,361751145451.597
PHL,NY.GDP.MKTP.CD,2021,394087359848.11
PHL,NY.GDP.MKTP.CD,2022,404353369604.631
PHL,NY.GDP.MKTP.CD,2023,437055627245.138
PHL,NY.GDP.MKTP.CD,2024,461671157904.74
PHL,NY.GDP.MKTP.CD,2025,487086123720.417
PHL,NY.GDP.MKTP.KD.ZG,2015,6.34830971672761
PHL,NY.GDP.MKTP.KD.ZG,2016,7.14945675000752
PHL,NY.GDP.MKTP.KD.ZG,2017,6.9309883258402
PHL,NY.GDP.MKTP.KD.ZG,2018,6.34148557153473
PHL,NY.GDP.MKTP.KD.ZG,2019,6.11852566221303
PHL,NY.GDP.MKTP.KD.ZG,2020,-9.51829474045297
PHL,NY.GDP.MKTP.KD.ZG,2021,5.71473313185116
PHL,NY.GDP.MKTP.KD.ZG,2022,7.58098212785563
PHL,NY.GDP.MKTP.KD.ZG,2023,5.51894967856043
PHL,NY.GDP.MKTP.KD.ZG,2024,5.71474526128652
PHL,NY.GDP.MKTP.KD.ZG,2025,4.40240158710621
PHL,NY.GDP.PCAP.CD,2015,2909.85818010301
PHL,NY.GDP.PCAP.CD,2016,2985.19564024046
PHL,NY.GDP.PCAP.CD,2017,3038.12124959289
PHL,NY.GDP.PCAP.CD,2018,3168.51036609727
PHL,NY.GDP.PCAP.CD,2019,3400.78949767074
PHL,NY.GDP.PCAP.CD,2020,3227.57910235199
PHL,NY.GDP.PCAP.CD,2021,3484.38593882819
PHL,NY.GDP.PCAP.CD,2022,3548.06930572116
PHL,NY.GDP.PCAP.CD,2023,3804.08274131718
PHL,NY.GDP.PCAP.CD,2024,3985.29464669706
PHL,NY.GDP.PCAP.CD,2025,4170.72347271451
PHL,FP.CPI.TOTL.ZG,2015,0.674192536845408
PHL,FP.CPI.TOTL.ZG,2016,1.25369880080982
PHL,FP.CPI.TOTL.ZG,2017,2.85318772590947
PHL,FP.CPI.TOTL.ZG,2018,5.30934661627707
PHL,FP.CPI.TOTL.ZG,2019,2.39206534422404
PHL,FP.CPI.TOTL.ZG,2020,2.3931623931624
PHL,FP.CPI.TOTL.ZG,2021,3.92718022100332
PHL,FP.CPI.TOTL.ZG,2022,5.82115811213955
PHL,FP.CPI.TOTL.ZG,2023,5.97802515541409
PHL,FP.CPI.TOTL.ZG,2024,3.21260487006347
PHL,FP.CPI.TOTL.ZG,2025,1.6587364525509
PHL,NE.GDI.TOTL.ZS,2015,21.3409478711064
PHL,NE.GDI.TOTL.ZS,2016,24.618503101685
PHL,NE.GDI.TOTL.ZS,2017,25.5587738639602
PHL,NE.GDI.TOTL.ZS,2018,27.1505820415621
PHL,NE.GDI.TOTL.ZS,2019,26.4018084647284
PHL,NE.GDI.TOTL.ZS,2020,17.4333790282876
PHL,NE.GDI.TOTL.ZS,2021,21.1407371483135
PHL,NE.GDI.TOTL.ZS,2022,24.6858616763102
PHL,NE.GDI.TOTL.ZS,2023,23.4061516161597
PHL,NE.GDI.TOTL.ZS,2024,23.6782004674363
PHL,NE.GDI.TOTL.ZS,2025,22.1409469966766
PHL,NY.GNS.ICTR.ZS,2015,35.6348333700962
PHL,NY.GNS.ICTR.ZS,2016,35.0547724231085
PHL,NY.GNS.ICTR.ZS,2017,35.4886316753905
PHL,NY.GNS.ICTR.ZS,2018,33.8070507208738
PHL,NY.GNS.ICTR.ZS,2019,31.7551872075089
PHL,NY.GNS.ICTR.ZS,2020,24.8181733606399
PHL,NY.GNS.ICTR.ZS,2021,20.2029188331693
PHL,NY.GNS.ICTR.ZS,2022,22.4737175447068
PHL,NY.GNS.ICTR.ZS,2023,27.3405418997346
PHL,NY.GNS.ICTR.ZS,2024,29.1320470859788
PHL,NY.GNS.ICTR.ZS,2025,30.1126617213724
SGP,NY.GDP.MKTP.CD,2015,307998545269.398
SGP,NY.GDP.MKTP.CD,2016,320759207438.623
SGP,NY.GDP.MKTP.CD,2017,344795119213.571
SGP,NY.GDP.MKTP.CD,2018,377976367877.038
SGP,NY.GDP.MKTP.CD,2019,376827390962.044
SGP,NY.GDP.MKTP.CD,2020,351226533656.292
SGP,NY.GDP.MKTP.CD,2021,441110903524.645
SGP,NY.GDP.MKTP.CD,2022,514252535238.749
SGP,NY.GDP.MKTP.CD,2023,511181761243.76
SGP,NY.GDP.MKTP.CD,2024,572877260178.427
SGP,NY.GDP.MKTP.CD,2025,603869516998.738
SGP,NY.GDP.MKTP.KD.ZG,2015,2.97679931634806
SGP,NY.GDP.MKTP.KD.ZG,2016,3.91095306322606
SGP,NY.GDP.MKTP.KD.ZG,2017,4.32679370770501
SGP,NY.GDP.MKTP.KD.ZG,2018,3.18660848474074
SGP,NY.GDP.MKTP.KD.ZG,2019,1.15877947300108
SGP,NY.GDP.MKTP.KD.ZG,2020,-3.61084281729929
SGP,NY.GDP.MKTP.KD.ZG,2021,10.1410845197192
SGP,NY.GDP.MKTP.KD.ZG,2022,4.01027884472296
SGP,NY.GDP.MKTP.KD.ZG,2023,1.45026775889565
SGP,NY.GDP.MKTP.KD.ZG,2024,5.3435120192366
SGP,NY.GDP.MKTP.KD.ZG,2025,5.02588199508003
SGP,NY.GDP.PCAP.CD,2015,55645.6068614606
SGP,NY.GDP.PCAP.CD,2016,57204.0340105222
SGP,NY.GDP.PCAP.CD,2017,61436.1325502558
SGP,NY.GDP.PCAP.CD,2018,67032.8225769734
SGP,NY.GDP.PCAP.CD,2019,66068.7003106378
SGP,NY.GDP.PCAP.CD,2020,61772.5036492256
SGP,NY.GDP.PCAP.CD,2021,80884.8565369236
SGP,NY.GDP.PCAP.CD,2022,91227.6970426492
SGP,NY.GDP.PCAP.CD,2023,86382.5900499252
SGP,NY.GDP.PCAP.CD,2024,94896.5621495988
SGP,NY.GDP.PCAP.CD,2025,98813.9788172877
SGP,FP.CPI.TOTL.ZG,2015,-0.521975611895763
SGP,FP.CPI.TOTL.ZG,2016,-0.529809760375464
SGP,FP.CPI.TOTL.ZG,2017,0.576763191179996
SGP,FP.CPI.TOTL.ZG,2018,0.438784215129623
SGP,FP.CPI.TOTL.ZG,2019,0.567829988405447
SGP,FP.CPI.TOTL.ZG,2020,-0.172111865925382
SGP,FP.CPI.TOTL.ZG,2021,2.31610315765146
SGP,FP.CPI.TOTL.ZG,2022,6.13095418919732
SGP,FP.CPI.TOTL.ZG,2023,4.83372362825798
SGP,FP.CPI.TOTL.ZG,2024,2.38951123595017
SGP,FP.CPI.TOTL.ZG,2025,0.902998495002676
SGP,GC.DOD.TOTL.GD.ZS,2015,103.320839751929
SGP,GC.DOD.TOTL.GD.ZS,2016,108.476641908311
SGP,GC.DOD.TOTL.GD.ZS,2017,108.841755783324
SGP,GC.DOD.TOTL.GD.ZS,2018,110.440057046779
SGP,GC.DOD.TOTL.GD.ZS,2019,127.851935478091
SGP,GC.DOD.TOTL.GD.ZS,2020,150.816252807492
SGP,GC.DOD.TOTL.GD.ZS,2021,147.759530258993
SGP,GC.DOD.TOTL.GD.ZS,2022,152.534986779861
SGP,GC.DOD.TOTL.GD.ZS,2023,173.624161872218
SGP,GC.DOD.TOTL.GD.ZS,2024,167.799832036767
SGP,NE.GDI.TOTL.ZS,2015,25.353193018866
SGP,NE.GDI.TOTL.ZS,2016,26.3428829842065
SGP,NE.GDI.TOTL.ZS,2017,27.1803110118491
SGP,NE.GDI.TOTL.ZS,2018,24.6650062452141
SGP,NE.GDI.TOTL.ZS,2019,24.3414821182522
SGP,NE.GDI.TOTL.ZS,2020,22.930549192946
SGP,NE.GDI.TOTL.ZS,2021,24.1177810588483
SGP,NE.GDI.TOTL.ZS,2022,21.8791987960219
SGP,NE.GDI.TOTL.ZS,2023,21.1305685622627
SGP,NE.GDI.TOTL.ZS,2024,21.8490850721263
SGP,NE.GDI.TOTL.ZS,2025,22.4864260878508
SGP,NY.GNS.ICTR.ZS,2015,44.0462153091754
SGP,NY.GNS.ICTR.ZS,2016,45.2357210400528
SGP,NY.GNS.ICTR.ZS,2017,46.6182575489954
SGP,NY.GNS.ICTR.ZS,2018,41.4218332441414
SGP,NY.GNS.ICTR.ZS,2019,39.9868811642176
SGP,NY.GNS.ICTR.ZS,2020,42.0805317790255
SGP,NY.GNS.ICTR.ZS,2021,44.1544994049441
SGP,NY.GNS.ICTR.ZS,2022,41.9202431450759
SGP,NY.GNS.ICTR.ZS,2023,37.8776158568895
SGP,NY.GNS.ICTR.ZS,2024,40.4512885852667
SGP,NY.GNS.ICTR.ZS,2025,39.9756209143373
THA,NY.GDP.MKTP.CD,2015,401296238228.084
THA,NY.GDP.MKTP.CD,2016,413366349747.508
THA,NY.GDP.MKTP.CD,2017,456356813536.764
THA,NY.GDP.MKTP.CD,2018,506754208404.485
THA,NY.GDP.MKTP.CD,2019,543976691793.886
THA,NY.GDP.MKTP.CD,2020,500274927778.532
THA,NY.GDP.MKTP.CD,2021,506049783824.94
THA,NY.GDP.MKTP.CD,2022,495691837308.033
THA,NY.GDP.MKTP.CD,2023,517013369475.121
THA,NY.GDP.MKTP.CD,2024,529385520941.539
THA,NY.GDP.MKTP.CD,2025,577009981112.015
THA,NY.GDP.MKTP.KD.ZG,2015,3.13404724911635
THA,NY.GDP.MKTP.KD.ZG,2016,3.43515771692182
THA,NY.GDP.MKTP.KD.ZG,2017,4.1776810321001
THA,NY.GDP.MKTP.KD.ZG,2018,4.22287028746071
THA,NY.GDP.MKTP.KD.ZG,2019,2.11455779628278
THA,NY.GDP.MKTP.KD.ZG,2020,-6.09306312966953
THA,NY.GDP.MKTP.KD.ZG,2021,1.55858232076893
THA,NY.GDP.MKTP.KD.ZG,2022,2.63784213566305
THA,NY.GDP.MKTP.KD.ZG,2023,2.24883437970568
THA,NY.GDP.MKTP.KD.ZG,2024,2.94859986593323
THA,NY.GDP.MKTP.KD.ZG,2025,2.44247444990198
THA,NY.GDP.PCAP.CD,2015,5688.85335397884
THA,NY.GDP.PCAP.CD,2016,5833.57715617098
THA,NY.GDP.PCAP.CD,2017,6413.09182530343
THA,NY.GDP.PCAP.CD,2018,7099.77650081458
THA,NY.GDP.PCAP.CD,2019,7605.69657797759
THA,NY.GDP.PCAP.CD,2020,6983.03412836245
THA,NY.GDP.PCAP.CD,2021,7055.18760721422
THA,NY.GDP.PCAP.CD,2022,6910.00995211206
THA,NY.GDP.PCAP.CD,2023,7210.54130832685
THA,NY.GDP.PCAP.CD,2024,7386.63615126055
THA,NY.GDP.PCAP.CD,2025,8056.56359761558
THA,FP.CPI.TOTL.ZG,2015,-0.898143410569433
THA,FP.CPI.TOTL.ZG,2016,0.186235191075453
THA,FP.CPI.TOTL.ZG,2017,0.664415139830893
THA,FP.CPI.TOTL.ZG,2018,1.06683487370758
THA,FP.CPI.TOTL.ZG,2019,0.705524801910317
THA,FP.CPI.TOTL.ZG,2020,-0.846087518861799
THA,FP.CPI.TOTL.ZG,2021,1.23104516549814
THA,FP.CPI.TOTL.ZG,2022,6.07589952842433
THA,FP.CPI.TOTL.ZG,2023,1.22908986612448
THA,FP.CPI.TOTL.ZG,2024,0.398333333333422
THA,FP.CPI.TOTL.ZG,2025,-0.133634356480207
THA,GC.DOD.TOTL.GD.ZS,2015,36.6705695355179
THA,GC.DOD.TOTL.GD.ZS,2016,37.3065204045664
THA,GC.DOD.TOTL.GD.ZS,2018,37.9104188436045
THA,GC.DOD.TOTL.GD.ZS,2019,38.6277055941279
THA,GC.DOD.TOTL.GD.ZS,2020,50.3415889301099
THA,GC.DOD.TOTL.GD.ZS,2021,58.5282063695337
THA,GC.DOD.TOTL.GD.ZS,2022,60.3442670368319
THA,GC.DOD.TOTL.GD.ZS,2023,60.993475200655
THA,GC.DOD.TOTL.GD.ZS,2024,61.861415782411
THA,NE.GDI.TOTL.ZS,2015,22.3556406383245
THA,NE.GDI.TOTL.ZS,2016,21.1054892015174
THA,NE.GDI.TOTL.ZS,2017,22.9342956887695
THA,NE.GDI.TOTL.ZS,2018,25.2195901594439
THA,NE.GDI.TOTL.ZS,2019,23.8147525746375
THA,NE.GDI.TOTL.ZS,2020,23.7642761877022
THA,NE.GDI.TOTL.ZS,2021,28.6772507306111
THA,NE.GDI.TOTL.ZS,2022,27.8232930802592
THA,NE.GDI.TOTL.ZS,2023,22.3940359236883
THA,NE.GDI.TOTL.ZS,2024,21.4528153883175
THA,NE.GDI.TOTL.ZS,2025,22.0706663098923
THA,NY.GNS.ICTR.ZS,2015,28.043823657924
THA,NY.GNS.ICTR.ZS,2016,30.0765044478694
THA,NY.GNS.ICTR.ZS,2017,31.9424672317789
THA,NY.GNS.ICTR.ZS,2018,31.6865849444729
THA,NY.GNS.ICTR.ZS,2019,31.7166115590555
THA,NY.GNS.ICTR.ZS,2020,28.2586166665329
THA,NY.GNS.ICTR.ZS,2021,27.6338609938632
THA,NY.GNS.ICTR.ZS,2022,26.4000592714881
THA,NY.GNS.ICTR.ZS,2023,25.6220712409329
THA,NY.GNS.ICTR.ZS,2024,24.0895812398268
THA,NY.GNS.ICTR.ZS,2025,23.9345935096814
VNM,NY.GDP.MKTP.CD,2015,239258328381.741
VNM,NY.GDP.MKTP.CD,2016,257096001177.982
VNM,NY.GDP.MKTP.CD,2017,281353605986.903
VNM,NY.GDP.MKTP.CD,2018,310106478394.659
VNM,NY.GDP.MKTP.CD,2019,334365270496.667
VNM,NY.GDP.MKTP.CD,2020,346615738537.796
VNM,NY.GDP.MKTP.CD,2021,366474752771.009
VNM,NY.GDP.MKTP.CD,2022,413445230668.578
VNM,NY.GDP.MKTP.CD,2023,433805036898.465
VNM,NY.GDP.MKTP.CD,2024,476324572783.807
VNM,NY.GDP.MKTP.CD,2025,514697215165.065
VNM,NY.GDP.MKTP.KD.ZG,2015,6.98715430598611
VNM,NY.GDP.MKTP.KD.ZG,2016,6.69000892660424
VNM,NY.GDP.MKTP.KD.ZG,2017,6.94019037359206
VNM,NY.GDP.MKTP.KD.ZG,2018,7.46500685572751
VNM,NY.GDP.MKTP.KD.ZG,2019,7.35926270105006
VNM,NY.GDP.MKTP.KD.ZG,2020,2.86541320912272
VNM,NY.GDP.MKTP.KD.ZG,2021,2.55372852648131
VNM,NY.GDP.MKTP.KD.ZG,2022,8.53750041218142
VNM,NY.GDP.MKTP.KD.ZG,2023,4.97865959483225
VNM,NY.GDP.MKTP.KD.ZG,2024,7.03955197123018
VNM,NY.GDP.MKTP.KD.ZG,2025,8.01882998978245
VNM,NY.GDP.PCAP.CD,2015,2577.56885340113
VNM,NY.GDP.PCAP.CD,2016,2735.0604380416
VNM,NY.GDP.PCAP.CD,2017,2956.10992127753
VNM,NY.GDP.PCAP.CD,2018,3222.31003125366
VNM,NY.GDP.PCAP.CD,2019,3440.90025375434
VNM,NY.GDP.PCAP.CD,2020,3534.03953482647
VNM,NY.GDP.PCAP.CD,2021,3704.1935590038
VNM,NY.GDP.PCAP.CD,2022,4147.69777213621
VNM,NY.GDP.PCAP.CD,2023,4322.82572261566
VNM,NY.GDP.PCAP.CD,2024,4716.6599379632
VNM,NY.GDP.PCAP.CD,2025,5065.99091899299
VNM,FP.CPI.TOTL.ZG,2015,0.631200905175685
VNM,FP.CPI.TOTL.ZG,2016,2.66824816969082
VNM,FP.CPI.TOTL.ZG,2017,3.52025688811618
VNM,FP.CPI.TOTL.ZG,2018,3.53962805942641
VNM,FP.CPI.TOTL.ZG,2019,2.79582367452244
VNM,FP.CPI.TOTL.ZG,2020,3.22093436652515
VNM,FP.CPI.TOTL.ZG,2021,1.83471554810462
VNM,FP.CPI.TOTL.ZG,2022,3.15650749963112
VNM,FP.CPI.TOTL.ZG,2023,3.25289282667662
VNM,FP.CPI.TOTL.ZG,2024,3.62109273885844
VNM,FP.CPI.TOTL.ZG,2025,3.3099931421974
VNM,NE.GDI.TOTL.ZS,2015,32.1089158178217
VNM,NE.GDI.TOTL.ZS,2016,31.7245390951042
VNM,NE.GDI.TOTL.ZS,2017,32.305300920099
VNM,NE.GDI.TOTL.ZS,2018,32.019502902433
VNM,NE.GDI.TOTL.ZS,2019,31.9799606565797
VNM,NE.GDI.TOTL.ZS,2020,31.915688393806
VNM,NE.GDI.TOTL.ZS,2021,32.8956023366901
VNM,NE.GDI.TOTL.ZS,2022,32.3404994444961
VNM,NE.GDI.TOTL.ZS,2023,31.6683495522758
VNM,NE.GDI.TOTL.ZS,2024,30.5847264337631
VNM,NE.GDI.TOTL.ZS,2025,30.7951346149846
VNM,NY.GNS.ICTR.ZS,2015,28.0729400269014
VNM,NY.GNS.ICTR.ZS,2016,28.4694474915156
VNM,NY.GNS.ICTR.ZS,2017,28.8568707708552
VNM,NY.GNS.ICTR.ZS,2018,30.9316977896393
VNM,NY.GNS.ICTR.ZS,2019,31.3330314964469
VNM,NY.GNS.ICTR.ZS,2020,33.0073258956685
VNM,NY.GNS.ICTR.ZS,2021,32.5963636488186
VNM,NY.GNS.ICTR.ZS,2022,33.0480243558189
VNM,NY.GNS.ICTR.ZS,2023,35.0029432211294
VNM,NY.GNS.ICTR.ZS,2024,37.0411480009622
TLS,NY.GDP.MKTP.CD,2015,1590282400.0
TLS,NY.GDP.MKTP.CD,2016,1640464600.0
TLS,NY.GDP.MKTP.CD,2017,1584878400.0
TLS,NY.GDP.MKTP.CD,2018,1555988600.0
TLS,NY.GDP.MKTP.CD,2019,2032550400.0
TLS,NY.GDP.MKTP.CD,2020,2162619200.0
TLS,NY.GDP.MKTP.CD,2021,3625024300.0
TLS,NY.GDP.MKTP.CD,2022,3208599900.0
TLS,NY.GDP.MKTP.CD,2023,2079767200.0
TLS,NY.GDP.MKTP.CD,2024,1865608515.41321
TLS,NY.GDP.MKTP.CD,2025,1902180257.82737
TLS,NY.GDP.MKTP.KD.ZG,2015,2.48004040218397
TLS,NY.GDP.MKTP.KD.ZG,2016,3.00993062553351
TLS,NY.GDP.MKTP.KD.ZG,2017,-3.18241522489195
TLS,NY.GDP.MKTP.KD.ZG,2018,-0.466502170658785
TLS,NY.GDP.MKTP.KD.ZG,2019,24.2128840085001
TLS,NY.GDP.MKTP.KD.ZG,2020,31.7257416721413
TLS,NY.GDP.MKTP.KD.ZG,2021,5.36980119392668
TLS,NY.GDP.MKTP.KD.ZG,2022,-20.5224802314812
TLS,NY.GDP.MKTP.KD.ZG,2023,-18.1359049134472
TLS,NY.GDP.MKTP.KD.ZG,2024,-9.10069289810397
TLS,NY.GDP.MKTP.KD.ZG,2025,6.97538939119629
TLS,NY.GDP.PCAP.CD,2015,1319.59297370991
TLS,NY.GDP.PCAP.CD,2016,1335.54390089814
TLS,NY.GDP.PCAP.CD,2017,1266.17767952941
TLS,NY.GDP.PCAP.CD,2018,1219.46598597604
TLS,NY.GDP.PCAP.CD,2019,1562.36458881813
TLS,NY.GDP.PCAP.CD,2020,1630.86935439232
TLS,NY.GDP.PCAP.CD,2021,2684.92673717299
TLS,NY.GDP.PCAP.CD,2022,2343.24955542816
TLS,NY.GDP.PCAP.CD,2023,1502.4114958903
TLS,NY.GDP.PCAP.CD,2024,1331.9705130185
TLS,NY.GDP.PCAP.CD,2025,1340.9640193437
TLS,FP.CPI.TOTL.ZG,2015,0.552796026277853
TLS,FP.CPI.TOTL.ZG,2016,-1.33853876185163
TLS,FP.CPI.TOTL.ZG,2017,0.557215537430361
TLS,FP.CPI.TOTL.ZG,2018,2.63647201015892
TLS,FP.CPI.TOTL.ZG,2019,0.958812739703141
TLS,FP.CPI.TOTL.ZG,2020,0.495499215459571
TLS,FP.CPI.TOTL.ZG,2021,3.69792094666786
TLS,FP.CPI.TOTL.ZG,2022,7.00530945399787
TLS,FP.CPI.TOTL.ZG,2023,8.42035103310377
TLS,FP.CPI.TOTL.ZG,2024,2.06284153005468
TLS,FP.CPI.TOTL.ZG,2025,0.428322848346937
TLS,NE.GDI.TOTL.ZS,2015,36.9492802033148
TLS,NE.GDI.TOTL.ZS,2016,39.8487599183792
TLS,NE.GDI.TOTL.ZS,2017,35.6344562459808
TLS,NE.GDI.TOTL.ZS,2018,35.9232516227947
TLS,NE.GDI.TOTL.ZS,2019,26.7767825093046
TLS,NE.GDI.TOTL.ZS,2020,16.4657004802325
TLS,NE.GDI.TOTL.ZS,2021,14.3998179543238
TLS,NE.GDI.TOTL.ZS,2022,10.6054855889013
TLS,NE.GDI.TOTL.ZS,2023,20.4884517844113
TLS,NE.GDI.TOTL.ZS,2024,30.1076509546051
TLS,NY.GNS.ICTR.ZS,2015,68.6109402810298
TLS,NY.GNS.ICTR.ZS,2016,21.1428823273602
TLS,NY.GNS.ICTR.ZS,2017,20.4337512293177
TLS,NY.GNS.ICTR.ZS,2018,14.4901244077851
TLS,NY.GNS.ICTR.ZS,2019,44.6946463757586
TLS,NY.GNS.ICTR.ZS,2020,20.5826723013537
TLS,NY.GNS.ICTR.ZS,2021,42.7152440918723
TLS,NY.GNS.ICTR.ZS,2022,23.6155937761289
TLS,NY.GNS.ICTR.ZS,2023,-8.48497997093208
TLS,NY.GNS.ICTR.ZS,2024,-21.1282017661134
BRN,EG.USE.PCAP.KG.OE,2015,6437.00247398227
BRN,EG.USE.PCAP.KG.OE,2016,7008.28171997556
BRN,EG.USE.PCAP.KG.OE,2017,8385.25858976533
BRN,EG.USE.PCAP.KG.OE,2018,8304.04242825767
BRN,EG.USE.PCAP.KG.OE,2019,9219.80339333238
BRN,EG.USE.PCAP.KG.OE,2020,9175.89257228992
BRN,EG.USE.PCAP.KG.OE,2021,8962.62325631033
BRN,EG.USE.PCAP.KG.OE,2022,9894.81949906257
BRN,EG.USE.PCAP.KG.OE,2023,8658.00697644634
BRN,EG.ELC.ACCS.ZS,2015,100.0
BRN,EG.ELC.ACCS.ZS,2016,100.0
BRN,EG.ELC.ACCS.ZS,2017,100.0
BRN,EG.ELC.ACCS.ZS,2018,100.0
BRN,EG.ELC.ACCS.ZS,2019,100.0
BRN,EG.ELC.ACCS.ZS,2020,100.0
BRN,EG.ELC.ACCS.ZS,2021,100.0
BRN,EG.ELC.ACCS.ZS,2022,100.0
BRN,EG.ELC.ACCS.ZS,2023,100.0
BRN,EG.ELC.ACCS.ZS,2024,100.0
BRN,EG.FEC.RNEW.ZS,2015,0.0
BRN,EG.FEC.RNEW.ZS,2016,0.0
BRN,EG.FEC.RNEW.ZS,2017,0.0
BRN,EG.FEC.RNEW.ZS,2018,0.0
BRN,EG.FEC.RNEW.ZS,2019,0.0
BRN,EG.FEC.RNEW.ZS,2020,0.0
BRN,EG.FEC.RNEW.ZS,2021,0.0
BRN,AG.LND.FRST.ZS,2015,72.1062618595825
BRN,AG.LND.FRST.ZS,2016,72.1062618595825
BRN,AG.LND.FRST.ZS,2017,72.1062618595825
BRN,AG.LND.FRST.ZS,2018,72.1062618595825
BRN,AG.LND.FRST.ZS,2019,72.1062618595825
BRN,AG.LND.FRST.ZS,2020,72.1062618595825
BRN,AG.LND.FRST.ZS,2021,72.1062618595825
BRN,AG.LND.FRST.ZS,2022,72.1062618595825
BRN,AG.LND.FRST.ZS,2023,72.1062618595825
BRN,NY.ADJ.DCO2.GN.ZS,2015,1.63865875885401
BRN,NY.ADJ.DCO2.GN.ZS,2016,2.04563919116333
BRN,NY.ADJ.DCO2.GN.ZS,2017,2.12297287144859
BRN,NY.ADJ.DCO2.GN.ZS,2018,2.16396946562203
BRN,NY.ADJ.DCO2.GN.ZS,2019,2.06098379941825
BRN,NY.ADJ.DCO2.GN.ZS,2020,2.4205545218468
BRN,NY.ADJ.DCO2.GN.ZS,2021,2.23863108759235
KHM,EG.USE.PCAP.KG.OE,2015,379.754746691075
KHM,EG.USE.PCAP.KG.OE,2016,412.761212260506
KHM,EG.USE.PCAP.KG.OE,2017,418.968475987658
KHM,EG.USE.PCAP.KG.OE,2018,440.512279217912
KHM,EG.USE.PCAP.KG.OE,2019,487.938920711549
KHM,EG.USE.PCAP.KG.OE,2020,513.179246292562
KHM,EG.USE.PCAP.KG.OE,2021,497.04212828098
KHM,EG.USE.PCAP.KG.OE,2022,498.311736725693
KHM,EG.USE.PCAP.KG.OE,2023,554.905182911585
KHM,EG.ELC.ACCS.ZS,2015,62.7
KHM,EG.ELC.ACCS.ZS,2016,68.8
KHM,EG.ELC.ACCS.ZS,2017,89.1
KHM,EG.ELC.ACCS.ZS,2018,80.7
KHM,EG.ELC.ACCS.ZS,2019,84.0
KHM,EG.ELC.ACCS.ZS,2020,86.4
KHM,EG.ELC.ACCS.ZS,2021,82.5
KHM,EG.ELC.ACCS.ZS,2022,92.3
KHM,EG.ELC.ACCS.ZS,2023,95.0
KHM,EG.ELC.ACCS.ZS,2024,99.2
KHM,EG.FEC.RNEW.ZS,2015,60.6
KHM,EG.FEC.RNEW.ZS,2016,58.0
KHM,EG.FEC.RNEW.ZS,2017,56.3
KHM,EG.FEC.RNEW.ZS,2018,58.1
KHM,EG.FEC.RNEW.ZS,2019,53.0
KHM,EG.FEC.RNEW.ZS,2020,51.4
KHM,EG.FEC.RNEW.ZS,2021,52.4
KHM,AG.LND.FRST.ZS,2015,50.117946974847
KHM,AG.LND.FRST.ZS,2016,49.2359506004985
KHM,AG.LND.FRST.ZS,2017,48.35395422615
KHM,AG.LND.FRST.ZS,2018,47.4719578518015
KHM,AG.LND.FRST.ZS,2019,46.589961477453
KHM,AG.LND.FRST.ZS,2020,45.7079651031045
KHM,AG.LND.FRST.ZS,2021,44.825968728756
KHM,AG.LND.FRST.ZS,2022,43.9439723544074
KHM,AG.LND.FRST.ZS,2023,43.0619759800589
KHM,NY.ADJ.DCO2.GN.ZS,2015,1.7188873359968
KHM,NY.ADJ.DCO2.GN.ZS,2016,2.09587146647814
KHM,NY.ADJ.DCO2.GN.ZS,2017,2.25708042372495
KHM,NY.ADJ.DCO2.GN.ZS,2018,2.45730631005513
KHM,NY.ADJ.DCO2.GN.ZS,2019,2.58487191874473
KHM,NY.ADJ.DCO2.GN.ZS,2020,2.87155248989672
KHM,NY.ADJ.DCO2.GN.ZS,2021,3.3049290630666
IDN,EG.USE.PCAP.KG.OE,2015,704.248178401597
IDN,EG.USE.PCAP.KG.OE,2016,724.416482652765
IDN,EG.USE.PCAP.KG.OE,2017,761.410391560642
IDN,EG.USE.PCAP.KG.OE,2018,832.361861659109
IDN,EG.USE.PCAP.KG.OE,2019,850.737725717128
IDN,EG.USE.PCAP.KG.OE,2020,856.09619536168
IDN,EG.USE.PCAP.KG.OE,2021,902.233603991512
IDN,EG.USE.PCAP.KG.OE,2022,958.649355730549
IDN,EG.USE.PCAP.KG.OE,2023,982.414925134717
IDN,EG.ELC.ACCS.ZS,2015,97.5
IDN,EG.ELC.ACCS.ZS,2016,97.6
IDN,EG.ELC.ACCS.ZS,2017,98.1
IDN,EG.ELC.ACCS.ZS,2018,98.5
IDN,EG.ELC.ACCS.ZS,2019,98.8
IDN,EG.ELC.ACCS.ZS,2020,97.0
IDN,EG.ELC.ACCS.ZS,2021,99.2
IDN,EG.ELC.ACCS.ZS,2022,100.0
IDN,EG.ELC.ACCS.ZS,2023,99.4
IDN,EG.ELC.ACCS.ZS,2024,99.9
IDN,EG.FEC.RNEW.ZS,2015,26.6
IDN,EG.FEC.RNEW.ZS,2016,27.8
IDN,EG.FEC.RNEW.ZS,2017,25.2
IDN,EG.FEC.RNEW.ZS,2018,22.0
IDN,EG.FEC.RNEW.ZS,2019,19.8
IDN,EG.FEC.RNEW.ZS,2020,21.9
IDN,EG.FEC.RNEW.ZS,2021,20.2
IDN,AG.LND.FRST.ZS,2015,50.6135490506354
IDN,AG.LND.FRST.ZS,2016,50.7434545269582
IDN,AG.LND.FRST.ZS,2017,50.0393338229866
IDN,AG.LND.FRST.ZS,2018,49.7168177792076
IDN,AG.LND.FRST.ZS,2019,49.3942964092507
IDN,AG.LND.FRST.ZS,2020,49.0717803654717
IDN,AG.LND.FRST.ZS,2021,48.3619448681206
IDN,AG.LND.FRST.ZS,2022,48.0419900717626
IDN,AG.LND.FRST.ZS,2023,47.7220336902463
IDN,NY.ADJ.DCO2.GN.ZS,2015,2.04112503105104
IDN,NY.ADJ.DCO2.GN.ZS,2016,1.92093255123821
IDN,NY.ADJ.DCO2.GN.ZS,2017,1.96825947590475
IDN,NY.ADJ.DCO2.GN.ZS,2018,2.23550848860364
IDN,NY.ADJ.DCO2.GN.ZS,2019,2.32945394463306
IDN,NY.ADJ.DCO2.GN.ZS,2020,2.44526535210387
IDN,NY.ADJ.DCO2.GN.ZS,2021,2.37594364421979
LAO,EG.USE.PCAP.KG.OE,2015,602.367641501306
LAO,EG.USE.PCAP.KG.OE,2016,754.157912843683
LAO,EG.USE.PCAP.KG.OE,2017,811.939924879019
LAO,EG.USE.PCAP.KG.OE,2018,820.796381816976
LAO,EG.USE.PCAP.KG.OE,2019,809.255743180214
LAO,EG.USE.PCAP.KG.OE,2020,727.903699441957
LAO,EG.USE.PCAP.KG.OE,2021,753.830328331407
LAO,EG.USE.PCAP.KG.OE,2022,847.107470128767
LAO,EG.USE.PCAP.KG.OE,2023,880.598982763996
LAO,EG.ELC.ACCS.ZS,2015,89.7
LAO,EG.ELC.ACCS.ZS,2016,89.0
LAO,EG.ELC.ACCS.ZS,2017,93.6
LAO,EG.ELC.ACCS.ZS,2018,92.9
LAO,EG.ELC.ACCS.ZS,2019,98.4
LAO,EG.ELC.ACCS.ZS,2020,99.3
LAO,EG.ELC.ACCS.ZS,2021,100.0
LAO,EG.ELC.ACCS.ZS,2022,100.0
LAO,EG.ELC.ACCS.ZS,2023,96.5
LAO,EG.ELC.ACCS.ZS,2024,96.5
LAO,EG.FEC.RNEW.ZS,2015,53.3
LAO,EG.FEC.RNEW.ZS,2016,51.7
LAO,EG.FEC.RNEW.ZS,2017,50.6
LAO,EG.FEC.RNEW.ZS,2018,50.2
LAO,EG.FEC.RNEW.ZS,2019,50.5
LAO,EG.FEC.RNEW.ZS,2020,50.6
LAO,EG.FEC.RNEW.ZS,2021,51.5
LAO,EG.FEC.RNEW.ZS,2022,49.2
LAO,AG.LND.FRST.ZS,2015,72.6516464471404
LAO,AG.LND.FRST.ZS,2016,72.5021663778163
LAO,AG.LND.FRST.ZS,2017,72.3526863084922
LAO,AG.LND.FRST.ZS,2018,72.2032062391681
LAO,AG.LND.FRST.ZS,2019,72.053726169844
LAO,AG.LND.FRST.ZS,2020,71.9042461005199
LAO,AG.LND.FRST.ZS,2021,71.7547660311958
LAO,AG.LND.FRST.ZS,2022,71.6052859618717
LAO,AG.LND.FRST.ZS,2023,71.4558058925477
LAO,NY.ADJ.DCO2.GN.ZS,2015,2.24001838654664
LAO,NY.ADJ.DCO2.GN.ZS,2016,3.70236724936182
LAO,NY.ADJ.DCO2.GN.ZS,2017,4.40808436079478
LAO,NY.ADJ.DCO2.GN.ZS,2018,4.37026950569892
LAO,NY.ADJ.DCO2.GN.ZS,2019,4.32130061294626
LAO,NY.ADJ.DCO2.GN.ZS,2020,5.3935259368106
LAO,NY.ADJ.DCO2.GN.ZS,2021,7.2291138711234
MYS,EG.USE.PCAP.KG.OE,2015,2708.66289491905
MYS,EG.USE.PCAP.KG.OE,2016,2760.83197397162
MYS,EG.USE.PCAP.KG.OE,2017,2619.44252695383
MYS,EG.USE.PCAP.KG.OE,2018,2841.11800656893
MYS,EG.USE.PCAP.KG.OE,2019,2879.89449600209
MYS,EG.USE.PCAP.KG.OE,2020,2719.43378264705
MYS,EG.USE.PCAP.KG.OE,2021,2781.735038205
MYS,EG.USE.PCAP.KG.OE,2022,3035.37257619634
MYS,EG.USE.PCAP.KG.OE,2023,3008.82419919301
MYS,EG.ELC.ACCS.ZS,2015,99.9
MYS,EG.ELC.ACCS.ZS,2016,99.9
MYS,EG.ELC.ACCS.ZS,2017,100.0
MYS,EG.ELC.ACCS.ZS,2018,100.0
MYS,EG.ELC.ACCS.ZS,2019,100.0
MYS,EG.ELC.ACCS.ZS,2020,100.0
MYS,EG.ELC.ACCS.ZS,2021,100.0
MYS,EG.ELC.ACCS.ZS,2022,100.0
MYS,EG.ELC.ACCS.ZS,2023,100.0
MYS,EG.ELC.ACCS.ZS,2024,100.0
MYS,EG.FEC.RNEW.ZS,2015,3.4
MYS,EG.FEC.RNEW.ZS,2016,4.4
MYS,EG.FEC.RNEW.ZS,2017,5.2
MYS,EG.FEC.RNEW.ZS,2018,5.3
MYS,EG.FEC.RNEW.ZS,2019,5.7
MYS,EG.FEC.RNEW.ZS,2020,7.0
MYS,EG.FEC.RNEW.ZS,2021,7.5
MYS,AG.LND.FRST.ZS,2015,59.2427940952671
MYS,AG.LND.FRST.ZS,2016,58.7875209252777
MYS,AG.LND.FRST.ZS,2017,58.6348805356871
MYS,AG.LND.FRST.ZS,2018,58.4822401460965
MYS,AG.LND.FRST.ZS,2019,58.3295997565059
MYS,AG.LND.FRST.ZS,2020,58.1769593669152
MYS,AG.LND.FRST.ZS,2021,58.0243189773246
MYS,AG.LND.FRST.ZS,2022,57.871678587734
MYS,AG.LND.FRST.ZS,2023,57.7190381981434
MYS,NY.ADJ.DCO2.GN.ZS,2015,2.80595304349673
MYS,NY.ADJ.DCO2.GN.ZS,2016,2.89286941186105
MYS,NY.ADJ.DCO2.GN.ZS,2017,2.74629335998571
MYS,NY.ADJ.DCO2.GN.ZS,2018,2.75464724356021
MYS,NY.ADJ.DCO2.GN.ZS,2019,2.90407555526083
MYS,NY.ADJ.DCO2.GN.ZS,2020,2.98031495290312
MYS,NY.ADJ.DCO2.GN.ZS,2021,2.91437617862166
MMR,EG.USE.PCAP.KG.OE,2015,369.662579760019
MMR,EG.USE.PCAP.KG.OE,2016,396.465842761547
MMR,EG.USE.PCAP.KG.OE,2017,445.126530456612
MMR,EG.USE.PCAP.KG.OE,2018,439.293521533038
MMR,EG.USE.PCAP.KG.OE,2019,417.772748536392
MMR,EG.USE.PCAP.KG.OE,2020,424.430691877608
MMR,EG.USE.PCAP.KG.OE,2021,391.964305331604
MMR,EG.USE.PCAP.KG.OE,2022,398.28467505943
MMR,EG.USE.PCAP.KG.OE,2023,410.864214508252
MMR,EG.ELC.ACCS.ZS,2015,60.5
MMR,EG.ELC.ACCS.ZS,2016,55.6
MMR,EG.ELC.ACCS.ZS,2017,69.8
MMR,EG.ELC.ACCS.ZS,2018,66.1
MMR,EG.ELC.ACCS.ZS,2019,68.3
MMR,EG.ELC.ACCS.ZS,2020,70.4
MMR,EG.ELC.ACCS.ZS,2021,72.5
MMR,EG.ELC.ACCS.ZS,2022,73.7
MMR,EG.ELC.ACCS.ZS,2023,76.8
MMR,EG.ELC.ACCS.ZS,2024,80.4
MMR,EG.FEC.RNEW.ZS,2015,70.0
MMR,EG.FEC.RNEW.ZS,2016,68.8
MMR,EG.FEC.RNEW.ZS,2017,59.5
MMR,EG.FEC.RNEW.ZS,2018,59.4
MMR,EG.FEC.RNEW.ZS,2019,58.5
MMR,EG.FEC.RNEW.ZS,2020,59.2
MMR,EG.FEC.RNEW.ZS,2021,62.9
MMR,AG.LND.FRST.ZS,2015,45.9246034176517
MMR,AG.LND.FRST.ZS,2016,45.5018995680015
MMR,AG.LND.FRST.ZS,2017,45.0601608579088
MMR,AG.LND.FRST.ZS,2018,44.6197487360196
MMR,AG.LND.FRST.ZS,2019,44.1758847862724
MMR,AG.LND.FRST.ZS,2020,43.7340309804342
MMR,AG.LND.FRST.ZS,2021,43.2901466284646
MMR,AG.LND.FRST.ZS,2022,42.846262276495
MMR,AG.LND.FRST.ZS,2023,42.4023779245254
MMR,NY.ADJ.DCO2.GN.ZS,2015,1.09349103584203
MMR,NY.ADJ.DCO2.GN.ZS,2016,1.34473828063088
MMR,NY.ADJ.DCO2.GN.ZS,2017,2.03434662879444
MMR,NY.ADJ.DCO2.GN.ZS,2018,1.9809477846587
MMR,NY.ADJ.DCO2.GN.ZS,2019,2.25550436955916
MMR,NY.ADJ.DCO2.GN.ZS,2020,2.34048555016466
MMR,NY.ADJ.DCO2.GN.ZS,2021,2.76605220486749
PHL,EG.USE.PCAP.KG.OE,2015,499.072363832856
PHL,EG.USE.PCAP.KG.OE,2016,520.982417182237
PHL,EG.USE.PCAP.KG.OE,2017,544.477187986696
PHL,EG.USE.PCAP.KG.OE,2018,554.501992818921
PHL,EG.USE.PCAP.KG.OE,2019,551.879483141713
PHL,EG.USE.PCAP.KG.OE,2020,518.170627326086
PHL,EG.USE.PCAP.KG.OE,2021,531.045421495391
PHL,EG.USE.PCAP.KG.OE,2022,551.042784448026
PHL,EG.USE.PCAP.KG.OE,2023,580.1360554135
PHL,EG.ELC.ACCS.ZS,2015,89.1
PHL,EG.ELC.ACCS.ZS,2016,92.0
PHL,EG.ELC.ACCS.ZS,2017,93.0
PHL,EG.ELC.ACCS.ZS,2018,94.2
PHL,EG.ELC.ACCS.ZS,2019,95.3
PHL,EG.ELC.ACCS.ZS,2020,96.4
PHL,EG.ELC.ACCS.ZS,2021,97.5
PHL,EG.ELC.ACCS.ZS,2022,94.8
PHL,EG.ELC.ACCS.ZS,2023,98.0
PHL,EG.ELC.ACCS.ZS,2024,94.8
PHL,EG.FEC.RNEW.ZS,2015,30.8
PHL,EG.FEC.RNEW.ZS,2016,28.6
PHL,EG.FEC.RNEW.ZS,2017,27.8
PHL,EG.FEC.RNEW.ZS,2018,27.6
PHL,EG.FEC.RNEW.ZS,2019,26.9
PHL,EG.FEC.RNEW.ZS,2020,29.1
PHL,EG.FEC.RNEW.ZS,2021,28.0
PHL,AG.LND.FRST.ZS,2015,23.5239963779052
PHL,AG.LND.FRST.ZS,2016,23.6410101619881
PHL,AG.LND.FRST.ZS,2017,23.758023946071
PHL,AG.LND.FRST.ZS,2018,23.8750041922393
PHL,AG.LND.FRST.ZS,2019,23.9920179763222
PHL,AG.LND.FRST.ZS,2020,24.1090317604051
PHL,AG.LND.FRST.ZS,2021,24.226045544488
PHL,AG.LND.FRST.ZS,2022,24.3430593285709
PHL,AG.LND.FRST.ZS,2023,24.4600731126539
PHL,NY.ADJ.DCO2.GN.ZS,2015,1.13045456280186
PHL,NY.ADJ.DCO2.GN.ZS,2016,1.23718068087587
PHL,NY.ADJ.DCO2.GN.ZS,2017,1.36959797882588
PHL,NY.ADJ.DCO2.GN.ZS,2018,1.41447534301083
PHL,NY.ADJ.DCO2.GN.ZS,2019,1.43047637226533
PHL,NY.ADJ.DCO2.GN.ZS,2020,1.44045236723713
PHL,NY.ADJ.DCO2.GN.ZS,2021,1.56439012751708
SGP,EG.USE.PCAP.KG.OE,2015,5242.6504334371
SGP,EG.USE.PCAP.KG.OE,2016,5449.41985010808
SGP,EG.USE.PCAP.KG.OE,2017,5799.39529471808
SGP,EG.USE.PCAP.KG.OE,2018,5692.66564748734
SGP,EG.USE.PCAP.KG.OE,2019,5565.91519291042
SGP,EG.USE.PCAP.KG.OE,2020,5538.12371561154
SGP,EG.USE.PCAP.KG.OE,2021,5966.32763521289
SGP,EG.USE.PCAP.KG.OE,2022,5785.04367341681
SGP,EG.USE.PCAP.KG.OE,2023,5282.7637359991
SGP,EG.ELC.ACCS.ZS,2015,100.0
SGP,EG.ELC.ACCS.ZS,2016,100.0
SGP,EG.ELC.ACCS.ZS,2017,100.0
SGP,EG.ELC.ACCS.ZS,2018,100.0
SGP,EG.ELC.ACCS.ZS,2019,100.0
SGP,EG.ELC.ACCS.ZS,2020,100.0
SGP,EG.ELC.ACCS.ZS,2021,100.0
SGP,EG.ELC.ACCS.ZS,2022,100.0
SGP,EG.ELC.ACCS.ZS,2023,100.0
SGP,EG.ELC.ACCS.ZS,2024,100.0
SGP,EG.FEC.RNEW.ZS,2015,0.7
SGP,EG.FEC.RNEW.ZS,2016,0.7
SGP,EG.FEC.RNEW.ZS,2017,0.7
SGP,EG.FEC.RNEW.ZS,2018,0.8
SGP,EG.FEC.RNEW.ZS,2019,0.9
SGP,EG.FEC.RNEW.ZS,2020,0.9
SGP,EG.FEC.RNEW.ZS,2021,1.1
SGP,AG.LND.FRST.ZS,2015,23.2318758815233
SGP,AG.LND.FRST.ZS,2016,22.9696755994358
SGP,AG.LND.FRST.ZS,2017,22.626404494382
SGP,AG.LND.FRST.ZS,2018,22.3109243697479
SGP,AG.LND.FRST.ZS,2019,21.9972067039106
SGP,AG.LND.FRST.ZS,2020,21.6852367688022
SGP,AG.LND.FRST.ZS,2021,21.4345403899721
SGP,AG.LND.FRST.ZS,2022,21.1838440111421
SGP,AG.LND.FRST.ZS,2023,20.933147632312
SGP,NY.ADJ.DCO2.GN.ZS,2015,0.550451023914168
SGP,NY.ADJ.DCO2.GN.ZS,2016,0.55314776005561
SGP,NY.ADJ.DCO2.GN.ZS,2017,0.579556327101381
SGP,NY.ADJ.DCO2.GN.ZS,2018,0.560751574814909
SGP,NY.ADJ.DCO2.GN.ZS,2019,0.588103875521153
SGP,NY.ADJ.DCO2.GN.ZS,2020,0.625349269657215
SGP,NY.ADJ.DCO2.GN.ZS,2021,0.600388861861141
THA,EG.USE.PCAP.KG.OE,2015,1932.67390968815
THA,EG.USE.PCAP.KG.OE,2016,1985.00530928348
THA,EG.USE.PCAP.KG.OE,2017,1988.13781529099
THA,EG.USE.PCAP.KG.OE,2018,1951.8556356188
THA,EG.USE.PCAP.KG.OE,2019,1989.81234226863
THA,EG.USE.PCAP.KG.OE,2020,1884.35073727402
THA,EG.USE.PCAP.KG.OE,2021,1848.06336093307
THA,EG.USE.PCAP.KG.OE,2022,1867.46968312053
THA,EG.USE.PCAP.KG.OE,2023,1851.27231424167
THA,EG.ELC.ACCS.ZS,2015,99.6
THA,EG.ELC.ACCS.ZS,2016,99.9
THA,EG.ELC.ACCS.ZS,2017,99.9
THA,EG.ELC.ACCS.ZS,2018,99.8
THA,EG.ELC.ACCS.ZS,2019,99.9
THA,EG.ELC.ACCS.ZS,2020,100.0
THA,EG.ELC.ACCS.ZS,2021,100.0
THA,EG.ELC.ACCS.ZS,2022,99.9
THA,EG.ELC.ACCS.ZS,2023,100.0
THA,EG.ELC.ACCS.ZS,2024,100.0
THA,EG.FEC.RNEW.ZS,2015,22.6
THA,EG.FEC.RNEW.ZS,2016,22.4
THA,EG.FEC.RNEW.ZS,2017,22.2
THA,EG.FEC.RNEW.ZS,2018,23.7
THA,EG.FEC.RNEW.ZS,2019,23.9
THA,EG.FEC.RNEW.ZS,2020,20.9
THA,EG.FEC.RNEW.ZS,2021,19.0
THA,AG.LND.FRST.ZS,2015,39.2667697547417
THA,AG.LND.FRST.ZS,2016,39.1806455401358
THA,AG.LND.FRST.ZS,2017,39.1101802736401
THA,AG.LND.FRST.ZS,2018,39.0397150071444
THA,AG.LND.FRST.ZS,2019,38.9692497406487
THA,AG.LND.FRST.ZS,2020,38.8987844741529
THA,AG.LND.FRST.ZS,2021,38.8283192076572
THA,AG.LND.FRST.ZS,2022,38.7578539411615
THA,AG.LND.FRST.ZS,2023,38.6873886746658
THA,NY.ADJ.DCO2.GN.ZS,2015,2.41201845933118
THA,NY.ADJ.DCO2.GN.ZS,2016,2.38469155942211
THA,NY.ADJ.DCO2.GN.ZS,2017,2.22160930115794
THA,NY.ADJ.DCO2.GN.ZS,2018,2.08849599049716
THA,NY.ADJ.DCO2.GN.ZS,2019,2.07907406244265
THA,NY.ADJ.DCO2.GN.ZS,2020,2.12561126405665
THA,NY.ADJ.DCO2.GN.ZS,2021,2.25954495086022
VNM,EG.USE.PCAP.KG.OE,2015,679.445923972947
VNM,EG.USE.PCAP.KG.OE,2016,738.879533385899
VNM,EG.USE.PCAP.KG.OE,2017,757.479979941312
VNM,EG.USE.PCAP.KG.OE,2018,885.646841787765
VNM,EG.USE.PCAP.KG.OE,2019,987.27147244039
VNM,EG.USE.PCAP.KG.OE,2020,991.281232485165
VNM,EG.USE.PCAP.KG.OE,2021,962.199524881189
VNM,EG.USE.PCAP.KG.OE,2022,1023.0571362687
VNM,EG.USE.PCAP.KG.OE,2023,1018.06940422163
VNM,EG.ELC.ACCS.ZS,2015,99.3
VNM,EG.ELC.ACCS.ZS,2016,99.2
VNM,EG.ELC.ACCS.ZS,2017,100.0
VNM,EG.ELC.ACCS.ZS,2018,100.0
VNM,EG.ELC.ACCS.ZS,2019,99.4
VNM,EG.ELC.ACCS.ZS,2020,99.8
VNM,EG.ELC.ACCS.ZS,2021,100.0
VNM,EG.ELC.ACCS.ZS,2022,100.0
VNM,EG.ELC.ACCS.ZS,2023,99.8
VNM,EG.ELC.ACCS.ZS,2024,100.0
VNM,EG.FEC.RNEW.ZS,2015,27.8
VNM,EG.FEC.RNEW.ZS,2016,26.8
VNM,EG.FEC.RNEW.ZS,2017,28.3
VNM,EG.FEC.RNEW.ZS,2018,24.3
VNM,EG.FEC.RNEW.ZS,2019,20.4
VNM,EG.FEC.RNEW.ZS,2020,18.9
VNM,EG.FEC.RNEW.ZS,2021,24.2
VNM,AG.LND.FRST.ZS,2015,44.8711640388917
VNM,AG.LND.FRST.ZS,2016,45.8783548775157
VNM,AG.LND.FRST.ZS,2017,45.9963369846492
VNM,AG.LND.FRST.ZS,2018,46.2346815387217
VNM,AG.LND.FRST.ZS,2019,46.4768416451573
VNM,AG.LND.FRST.ZS,2020,46.7190017515929
VNM,AG.LND.FRST.ZS,2021,46.9611618580284
VNM,AG.LND.FRST.ZS,2022,47.203321964464
VNM,AG.LND.FRST.ZS,2023,47.4454820708996
VNM,NY.ADJ.DCO2.GN.ZS,2015,3.37827052897392
VNM,NY.ADJ.DCO2.GN.ZS,2016,3.30686564425845
VNM,NY.ADJ.DCO2.GN.ZS,2017,3.26180055310313
VNM,NY.ADJ.DCO2.GN.ZS,2018,3.80223605283394
VNM,NY.ADJ.DCO2.GN.ZS,2019,4.32087749801185
VNM,NY.ADJ.DCO2.GN.ZS,2020,4.51533212792581
VNM,NY.ADJ.DCO2.GN.ZS,2021,4.84256733809625
TLS,EG.ELC.ACCS.ZS,2015,67.3
TLS,EG.ELC.ACCS.ZS,2016,76.5
TLS,EG.ELC.ACCS.ZS,2017,79.5
TLS,EG.ELC.ACCS.ZS,2018,85.2
TLS,EG.ELC.ACCS.ZS,2019,90.6
TLS,EG.ELC.ACCS.ZS,2020,96.0
TLS,EG.ELC.ACCS.ZS,2021,100.0
TLS,EG.ELC.ACCS.ZS,2022,99.7
TLS,EG.ELC.ACCS.ZS,2023,100.0
TLS,EG.ELC.ACCS.ZS,2024,94.3
TLS,EG.FEC.RNEW.ZS,2015,18.0
TLS,EG.FEC.RNEW.ZS,2016,12.7
TLS,EG.FEC.RNEW.ZS,2017,13.2
TLS,EG.FEC.RNEW.ZS,2018,12.7
TLS,EG.FEC.RNEW.ZS,2019,11.7
TLS,EG.FEC.RNEW.ZS,2020,11.4
TLS,EG.FEC.RNEW.ZS,2021,12.1
TLS,EG.FEC.RNEW.ZS,2022,11.4
TLS,AG.LND.FRST.ZS,2015,62.4142568930733
TLS,AG.LND.FRST.ZS,2016,62.320107599193
TLS,AG.LND.FRST.ZS,2017,62.2461331540013
TLS,AG.LND.FRST.ZS,2018,62.1318090114324
TLS,AG.LND.FRST.ZS,2019,62.0376597175521
TLS,AG.LND.FRST.ZS,2020,61.9435104236718
TLS,AG.LND.FRST.ZS,2021,61.8493611297915
TLS,AG.LND.FRST.ZS,2022,61.7552118359112
TLS,AG.LND.FRST.ZS,2023,61.6610625420309
TLS,NY.ADJ.DCO2.GN.ZS,2015,0.647486417440483
TLS,NY.ADJ.DCO2.GN.ZS,2016,0.965964865724953
TLS,NY.ADJ.DCO2.GN.ZS,2017,1.00615071016756
TLS,NY.ADJ.DCO2.GN.ZS,2018,1.06517699363386
TLS,NY.ADJ.DCO2.GN.ZS,2019,0.927043027044837
TLS,NY.ADJ.DCO2.GN.ZS,2020,1.57108615776739
TLS,NY.ADJ.DCO2.GN.ZS,2021,2.42491044106928
BRN,NE.EXP.GNFS.CD,2015,6751297356.70163
BRN,NE.EXP.GNFS.CD,2016,5651998520.28491
BRN,NE.EXP.GNFS.CD,2017,6012333920.6353
BRN,NE.EXP.GNFS.CD,2018,7045735066.37537
BRN,NE.EXP.GNFS.CD,2019,7804888584.60408
BRN,NE.EXP.GNFS.CD,2020,6886059825.91906
BRN,NE.EXP.GNFS.CD,2021,11228855780.6292
BRN,NE.EXP.GNFS.CD,2022,14411072071.9153
BRN,NE.EXP.GNFS.CD,2023,11578413348.423
BRN,NE.EXP.GNFS.CD,2024,11393732340.4437
BRN,NE.EXP.GNFS.CD,2025,10758583397.0485
BRN,NE.IMP.GNFS.CD,2015,4872546659.38377
BRN,NE.IMP.GNFS.CD,2016,4302691141.32799
BRN,NE.IMP.GNFS.CD,2017,4318058847.51222
BRN,NE.IMP.GNFS.CD,2018,5693328954.5184
BRN,NE.IMP.GNFS.CD,2019,6810532693.06468
BRN,NE.IMP.GNFS.CD,2020,6355257109.6823
BRN,NE.IMP.GNFS.CD,2021,9377937977.70067
BRN,NE.IMP.GNFS.CD,2022,10106443642.8719
BRN,NE.IMP.GNFS.CD,2023,9081237975.39983
BRN,NE.IMP.GNFS.CD,2024,8946252974.29031
BRN,NE.IMP.GNFS.CD,2025,7822316769.65819
BRN,TX.VAL.MRCH.CD.WT,2015,6353000000.0
BRN,TX.VAL.MRCH.CD.WT,2016,4875000000.0
BRN,TX.VAL.MRCH.CD.WT,2017,5571000000.0
BRN,TX.VAL.MRCH.CD.WT,2018,6574000000.0
BRN,TX.VAL.MRCH.CD.WT,2019,7039000000.0
BRN,TX.VAL.MRCH.CD.WT,2020,6608000000.0
BRN,TX.VAL.MRCH.CD.WT,2021,11058000000.0
BRN,TX.VAL.MRCH.CD.WT,2022,14230000000.0
BRN,TX.VAL.MRCH.CD.WT,2023,11241000000.0
BRN,TX.VAL.MRCH.CD.WT,2024,11258000000.0
BRN,TX.VAL.MRCH.CD.WT,2025,10498000000.0
BRN,TM.VAL.MRCH.CD.WT,2015,3229000000.0
BRN,TM.VAL.MRCH.CD.WT,2016,2679000000.0
BRN,TM.VAL.MRCH.CD.WT,2017,3085000000.0
BRN,TM.VAL.MRCH.CD.WT,2018,4164000000.0
BRN,TM.VAL.MRCH.CD.WT,2019,5103000000.0
BRN,TM.VAL.MRCH.CD.WT,2020,5343000000.0
BRN,TM.VAL.MRCH.CD.WT,2021,8575000000.0
BRN,TM.VAL.MRCH.CD.WT,2022,9184000000.0
BRN,TM.VAL.MRCH.CD.WT,2023,7484000000.0
BRN,TM.VAL.MRCH.CD.WT,2024,7295000000.0
BRN,TM.VAL.MRCH.CD.WT,2025,6036000000.0
BRN,TG.VAL.TOTL.GD.ZS,2015,74.1050271021937
BRN,TG.VAL.TOTL.GD.ZS,2016,66.2616115308554
BRN,TG.VAL.TOTL.GD.ZS,2017,71.3710427477108
BRN,TG.VAL.TOTL.GD.ZS,2018,79.1484669200874
BRN,TG.VAL.TOTL.GD.ZS,2019,90.1461714138483
BRN,TG.VAL.TOTL.GD.ZS,2020,99.5435568178474
BRN,TG.VAL.TOTL.GD.ZS,2021,140.170668913353
BRN,TG.VAL.TOTL.GD.ZS,2022,140.358773586077
BRN,TG.VAL.TOTL.GD.ZS,2023,124.047002229659
BRN,TG.VAL.TOTL.GD.ZS,2024,120.938866345641
BRN,TG.VAL.TOTL.GD.ZS,2025,109.992156100226
BRN,NE.TRD.GNFS.ZS,2015,89.8961882533585
BRN,NE.TRD.GNFS.ZS,2016,87.319801332806
BRN,NE.TRD.GNFS.ZS,2017,85.1768604269985
BRN,NE.TRD.GNFS.ZS,2018,93.8980617666778
BRN,NE.TRD.GNFS.ZS,2019,108.509658357959
BRN,NE.TRD.GNFS.ZS,2020,110.291003658452
BRN,NE.TRD.GNFS.ZS,2021,147.123112375318
BRN,NE.TRD.GNFS.ZS,2022,146.973965879597
BRN,NE.TRD.GNFS.ZS,2023,136.86343465048
BRN,NE.TRD.GNFS.ZS,2024,132.58743952196
BRN,NE.TRD.GNFS.ZS,2025,123.609124931602
KHM,NE.EXP.GNFS.CD,2015,13532995573.0072
KHM,NE.EXP.GNFS.CD,2016,14986346465.4653
KHM,NE.EXP.GNFS.CD,2017,16527255663.0116
KHM,NE.EXP.GNFS.CD,2018,18386489552.4053
KHM,NE.EXP.GNFS.CD,2019,20340881132.781
KHM,NE.EXP.GNFS.CD,2020,20863615890.1823
KHM,NE.EXP.GNFS.CD,2021,26621743091.289
KHM,NE.EXP.GNFS.CD,2022,28878876682.0659
KHM,NE.EXP.GNFS.CD,2023,28319442900.3223
KHM,NE.EXP.GNFS.CD,2024,33078910281.3995
KHM,NE.EXP.GNFS.CD,2025,35193057307.4029
KHM,NE.IMP.GNFS.CD,2015,15985986398.1316
KHM,NE.IMP.GNFS.CD,2016,17599744248.3834
KHM,NE.IMP.GNFS.CD,2017,19038733851.7304
KHM,NE.IMP.GNFS.CD,2018,20870727998.1726
KHM,NE.IMP.GNFS.CD,2019,22117532079.4063
KHM,NE.IMP.GNFS.CD,2020,21651131247.4671
KHM,NE.IMP.GNFS.CD,2021,27158061717.6869
KHM,NE.IMP.GNFS.CD,2022,29462601452.0712
KHM,NE.IMP.GNFS.CD,2023,28497892006.4196
KHM,NE.IMP.GNFS.CD,2024,33412575811.7134
KHM,NE.IMP.GNFS.CD,2025,34576163750.5046
KHM,TX.VAL.MRCH.CD.WT,2015,8542000000.0
KHM,TX.VAL.MRCH.CD.WT,2016,10069000000.0
KHM,TX.VAL.MRCH.CD.WT,2017,11278000000.0
KHM,TX.VAL.MRCH.CD.WT,2018,12700000000.0
KHM,TX.VAL.MRCH.CD.WT,2019,14825000000.0
KHM,TX.VAL.MRCH.CD.WT,2020,17716000000.0
KHM,TX.VAL.MRCH.CD.WT,2021,19307000000.0
KHM,TX.VAL.MRCH.CD.WT,2022,22472000000.0
KHM,TX.VAL.MRCH.CD.WT,2023,23186000000.0
KHM,TX.VAL.MRCH.CD.WT,2024,26661000000.0
KHM,TX.VAL.MRCH.CD.WT,2025,31274000000.0
KHM,TM.VAL.MRCH.CD.WT,2015,13261000000.0
KHM,TM.VAL.MRCH.CD.WT,2016,12371000000.0
KHM,TM.VAL.MRCH.CD.WT,2017,14283000000.0
KHM,TM.VAL.MRCH.CD.WT,2018,17489000000.0
KHM,TM.VAL.MRCH.CD.WT,2019,20279000000.0
KHM,TM.VAL.MRCH.CD.WT,2020,19114000000.0
KHM,TM.VAL.MRCH.CD.WT,2021,28583000000.0
KHM,TM.VAL.MRCH.CD.WT,2022,29805000000.0
KHM,TM.VAL.MRCH.CD.WT,2023,24381000000.0
KHM,TM.VAL.MRCH.CD.WT,2024,28699000000.0
KHM,TM.VAL.MRCH.CD.WT,2025,33885000000.0
KHM,TG.VAL.TOTL.GD.ZS,2015,90.1913061218958
KHM,TG.VAL.TOTL.GD.ZS,2016,84.4989431811055
KHM,TG.VAL.TOTL.GD.ZS,2017,87.0734803923322
KHM,TG.VAL.TOTL.GD.ZS,2018,91.0791595114444
KHM,TG.VAL.TOTL.GD.ZS,2019,95.6894069935005
KHM,TG.VAL.TOTL.GD.ZS,2020,105.778395738396
KHM,TG.VAL.TOTL.GD.ZS,2021,130.170663025201
KHM,TG.VAL.TOTL.GD.ZS,2022,130.710364971126
KHM,TG.VAL.TOTL.GD.ZS,2023,112.356851702485
KHM,TG.VAL.TOTL.GD.ZS,2024,119.432229955547
KHM,TG.VAL.TOTL.GD.ZS,2025,127.097189840332
KHM,NE.TRD.GNFS.ZS,2015,122.109596815379
KHM,NE.TRD.GNFS.ZS,2016,122.704555602667
KHM,NE.TRD.GNFS.ZS,2017,121.155451298689
KHM,NE.TRD.GNFS.ZS,2018,118.43765541305
KHM,NE.TRD.GNFS.ZS,2019,115.736679072448
KHM,NE.TRD.GNFS.ZS,2020,122.105396346568
KHM,NE.TRD.GNFS.ZS,2021,146.179846509715
KHM,NE.TRD.GNFS.ZS,2022,145.873632761406
KHM,NE.TRD.GNFS.ZS,2023,134.206842395931
KHM,NE.TRD.GNFS.ZS,2024,143.447009703011
KHM,NE.TRD.GNFS.ZS,2025,136.089748673383
IDN,NE.EXP.GNFS.CD,2015,182158298802.029
IDN,NE.EXP.GNFS.CD,2016,177886012744.865
IDN,NE.EXP.GNFS.CD,2017,204924485909.157
IDN,NE.EXP.GNFS.CD,2018,218905647886.556
IDN,NE.EXP.GNFS.CD,2019,208057763659.252
IDN,NE.EXP.GNFS.CD,2020,183546577017.375
IDN,NE.EXP.GNFS.CD,2021,254109508154.492
IDN,NE.EXP.GNFS.CD,2022,323218198016.355
IDN,NE.EXP.GNFS.CD,2023,299031805850.549
IDN,NE.EXP.GNFS.CD,2024,311510024778.671
IDN,NE.EXP.GNFS.CD,2025,330279431218.799
IDN,NE.IMP.GNFS.CD,2015,178863652305.893
IDN,NE.IMP.GNFS.CD,2016,170835000830.242
IDN,NE.IMP.GNFS.CD,2017,194777319195.676
IDN,NE.IMP.GNFS.CD,2018,230045612385.068
IDN,NE.IMP.GNFS.CD,2019,213034646334.827
IDN,NE.IMP.GNFS.CD,2020,165646843301.933
IDN,NE.IMP.GNFS.CD,2021,222923845055.988
IDN,NE.IMP.GNFS.CD,2022,276506804558.242
IDN,NE.IMP.GNFS.CD,2023,269460535788.982
IDN,NE.IMP.GNFS.CD,2024,286245903350.957
IDN,NE.IMP.GNFS.CD,2025,297002335694.886
IDN,TX.VAL.MRCH.CD.WT,2015,150366000000.0
IDN,TX.VAL.MRCH.CD.WT,2016,144490000000.0
IDN,TX.VAL.MRCH.CD.WT,2017,168811000000.0
IDN,TX.VAL.MRCH.CD.WT,2018,180124000000.0
IDN,TX.VAL.MRCH.CD.WT,2019,167683000000.0
IDN,TX.VAL.MRCH.CD.WT,2020,163306000000.0
IDN,TX.VAL.MRCH.CD.WT,2021,231506000000.0
IDN,TX.VAL.MRCH.CD.WT,2022,291979000000.0
IDN,TX.VAL.MRCH.CD.WT,2023,258857000000.0
IDN,TX.VAL.MRCH.CD.WT,2024,264706000000.0
IDN,TX.VAL.MRCH.CD.WT,2025,282909000000.0
IDN,TM.VAL.MRCH.CD.WT,2015,142695000000.0
IDN,TM.VAL.MRCH.CD.WT,2016,135653000000.0
IDN,TM.VAL.MRCH.CD.WT,2017,156925000000.0
IDN,TM.VAL.MRCH.CD.WT,2018,188708000000.0
IDN,TM.VAL.MRCH.CD.WT,2019,171276000000.0
IDN,TM.VAL.MRCH.CD.WT,2020,141622000000.0
IDN,TM.VAL.MRCH.CD.WT,2021,196190000000.0
IDN,TM.VAL.MRCH.CD.WT,2022,237447000000.0
IDN,TM.VAL.MRCH.CD.WT,2023,221886000000.0
IDN,TM.VAL.MRCH.CD.WT,2024,233659000000.0
IDN,TM.VAL.MRCH.CD.WT,2025,241857000000.0
IDN,TG.VAL.TOTL.GD.ZS,2015,34.0430457181503
IDN,TG.VAL.TOTL.GD.ZS,2016,30.0622174988969
IDN,TG.VAL.TOTL.GD.ZS,2017,32.0726652469865
IDN,TG.VAL.TOTL.GD.ZS,2018,35.3873235837501
IDN,TG.VAL.TOTL.GD.ZS,2019,30.2885389121745
IDN,TG.VAL.TOTL.GD.ZS,2020,28.7924654801673
IDN,TG.VAL.TOTL.GD.ZS,2021,36.0465660932167
IDN,TG.VAL.TOTL.GD.ZS,2022,40.1353593394075
IDN,TG.VAL.TOTL.GD.ZS,2023,35.0608661113297
IDN,TG.VAL.TOTL.GD.ZS,2024,35.6917826875413
IDN,TG.VAL.TOTL.GD.ZS,2025,36.2998438029229
IDN,NE.TRD.GNFS.ZS,2015,41.9376402415294
IDN,NE.TRD.GNFS.ZS,2016,37.4213418023318
IDN,NE.TRD.GNFS.ZS,2017,39.3554970704606
IDN,NE.TRD.GNFS.ZS,2018,43.0743089552002
IDN,NE.TRD.GNFS.ZS,2019,37.6277775357108
IDN,NE.TRD.GNFS.ZS,2020,32.9721754002427
IDN,NE.TRD.GNFS.ZS,2021,40.2047582749671
IDN,NE.TRD.GNFS.ZS,2022,45.4646701959453
IDN,NE.TRD.GNFS.ZS,2023,41.4604765447233
IDN,NE.TRD.GNFS.ZS,2024,42.809937870822
IDN,NE.TRD.GNFS.ZS,2025,43.3912070511204
LAO,NE.EXP.GNFS.CD,2015,4898081700.51801
LAO,NE.EXP.GNFS.CD,2016,5284450716.02575
LAO,NE.IMP.GNFS.CD,2015,7479510329.88207
LAO,NE.IMP.GNFS.CD,2016,6664547720.2285
LAO,TX.VAL.MRCH.CD.WT,2015,3653000000.0
LAO,TX.VAL.MRCH.CD.WT,2016,4245000000.0
LAO,TX.VAL.MRCH.CD.WT,2017,4873000000.0
LAO,TX.VAL.MRCH.CD.WT,2018,5408000000.0
LAO,TX.VAL.MRCH.CD.WT,2019,5806000000.0
LAO,TX.VAL.MRCH.CD.WT,2020,6115000000.0
LAO,TX.VAL.MRCH.CD.WT,2021,7695000000.0
LAO,TX.VAL.MRCH.CD.WT,2022,8198000000.0
LAO,TX.VAL.MRCH.CD.WT,2023,8370000000.0
LAO,TX.VAL.MRCH.CD.WT,2024,9386000000.0
LAO,TX.VAL.MRCH.CD.WT,2025,12377000000.0
LAO,TM.VAL.MRCH.CD.WT,2015,5675000000.0
LAO,TM.VAL.MRCH.CD.WT,2016,5372000000.0
LAO,TM.VAL.MRCH.CD.WT,2017,5667000000.0
LAO,TM.VAL.MRCH.CD.WT,2018,6315000000.0
LAO,TM.VAL.MRCH.CD.WT,2019,6272000000.0
LAO,TM.VAL.MRCH.CD.WT,2020,5370000000.0
LAO,TM.VAL.MRCH.CD.WT,2021,6275000000.0
LAO,TM.VAL.MRCH.CD.WT,2022,7244000000.0
LAO,TM.VAL.MRCH.CD.WT,2023,7649000000.0
LAO,TM.VAL.MRCH.CD.WT,2024,8663000000.0
LAO,TM.VAL.MRCH.CD.WT,2025,10342000000.0
LAO,TG.VAL.TOTL.GD.ZS,2015,64.6593249225122
LAO,TG.VAL.TOTL.GD.ZS,2016,60.4367570080616
LAO,TG.VAL.TOTL.GD.ZS,2017,61.7415734478113
LAO,TG.VAL.TOTL.GD.ZS,2018,64.6192918379007
LAO,TG.VAL.TOTL.GD.ZS,2019,64.4484424434571
LAO,TG.VAL.TOTL.GD.ZS,2020,60.505309419152
LAO,TG.VAL.TOTL.GD.ZS,2021,74.201358623405
LAO,TG.VAL.TOTL.GD.ZS,2022,99.8268435213214
LAO,TG.VAL.TOTL.GD.ZS,2023,101.10990683755
LAO,TG.VAL.TOTL.GD.ZS,2024,109.368436915393
LAO,TG.VAL.TOTL.GD.ZS,2025,124.127394235305
LAO,NE.TRD.GNFS.ZS,2015,85.798321703681
LAO,NE.TRD.GNFS.ZS,2016,75.0918909204124
MYS,NE.EXP.GNFS.CD,2015,209287287856.543
MYS,NE.EXP.GNFS.CD,2016,201165058574.724
MYS,NE.EXP.GNFS.CD,2017,223413837325.056
MYS,NE.EXP.GNFS.CD,2018,245967590635.246
MYS,NE.EXP.GNFS.CD,2019,238379861290.486
MYS,NE.EXP.GNFS.CD,2020,207798540352.974
MYS,NE.EXP.GNFS.CD,2021,264015450976.493
MYS,NE.EXP.GNFS.CD,2022,313245644474.215
MYS,NE.EXP.GNFS.CD,2023,274681075589.892
MYS,NE.EXP.GNFS.CD,2024,301221326764.018
MYS,NE.EXP.GNFS.CD,2025,335105024619.412
MYS,NE.IMP.GNFS.CD,2015,186603344672.915
MYS,NE.IMP.GNFS.CD,2016,181125866049.416
MYS,NE.IMP.GNFS.CD,2017,201496430249.828
MYS,NE.IMP.GNFS.CD,2018,221902484182.666
MYS,NE.IMP.GNFS.CD,2019,210893037728.698
MYS,NE.IMP.GNFS.CD,2020,186310380061.102
MYS,NE.IMP.GNFS.CD,2021,236990392677.524
MYS,NE.IMP.GNFS.CD,2022,283918591271.771
MYS,NE.IMP.GNFS.CD,2023,255625703549.712
MYS,NE.IMP.GNFS.CD,2024,278760544031.284
MYS,NE.IMP.GNFS.CD,2025,308949499862.759
MYS,TX.VAL.MRCH.CD.WT,2015,199952000000.0
MYS,TX.VAL.MRCH.CD.WT,2016,189743000000.0
MYS,TX.VAL.MRCH.CD.WT,2017,218130000000.0
MYS,TX.VAL.MRCH.CD.WT,2018,247455000000.0
MYS,TX.VAL.MRCH.CD.WT,2019,238195000000.0
MYS,TX.VAL.MRCH.CD.WT,2020,234766000000.0
MYS,TX.VAL.MRCH.CD.WT,2021,299425000000.0
MYS,TX.VAL.MRCH.CD.WT,2022,352094000000.0
MYS,TX.VAL.MRCH.CD.WT,2023,312965000000.0
MYS,TX.VAL.MRCH.CD.WT,2024,330761000000.0
MYS,TX.VAL.MRCH.CD.WT,2025,376041000000.0
MYS,TM.VAL.MRCH.CD.WT,2015,175971000000.0
MYS,TM.VAL.MRCH.CD.WT,2016,168684000000.0
MYS,TM.VAL.MRCH.CD.WT,2017,195417000000.0
MYS,TM.VAL.MRCH.CD.WT,2018,217602000000.0
MYS,TM.VAL.MRCH.CD.WT,2019,204998000000.0
MYS,TM.VAL.MRCH.CD.WT,2020,190860000000.0
MYS,TM.VAL.MRCH.CD.WT,2021,238240000000.0
MYS,TM.VAL.MRCH.CD.WT,2022,293797000000.0
MYS,TM.VAL.MRCH.CD.WT,2023,265667000000.0
MYS,TM.VAL.MRCH.CD.WT,2024,300216000000.0
MYS,TM.VAL.MRCH.CD.WT,2025,340436000000.0
MYS,TG.VAL.TOTL.GD.ZS,2015,124.744128014104
MYS,TG.VAL.TOTL.GD.ZS,2016,118.977533958465
MYS,TG.VAL.TOTL.GD.ZS,2017,129.59423832409
MYS,TG.VAL.TOTL.GD.ZS,2018,129.618578045934
MYS,TG.VAL.TOTL.GD.ZS,2019,121.363646927926
MYS,TG.VAL.TOTL.GD.ZS,2020,126.127789459766
MYS,TG.VAL.TOTL.GD.ZS,2021,143.843557910987
MYS,TG.VAL.TOTL.GD.ZS,2022,158.372401975752
MYS,TG.VAL.TOTL.GD.ZS,2023,144.676294768626
MYS,TG.VAL.TOTL.GD.ZS,2024,149.440228097056
MYS,TG.VAL.TOTL.GD.ZS,2025,151.733889490642
MYS,NE.TRD.GNFS.ZS,2015,131.37007244526
MYS,NE.TRD.GNFS.ZS,2016,126.8990100257
MYS,NE.TRD.GNFS.ZS,2017,133.155173371956
MYS,NE.TRD.GNFS.ZS,2018,130.402625502126
MYS,NE.TRD.GNFS.ZS,2019,123.028562027943
MYS,NE.TRD.GNFS.ZS,2020,116.788182437638
MYS,NE.TRD.GNFS.ZS,2021,134.035994690727
MYS,NE.TRD.GNFS.ZS,2022,146.424604753908
MYS,NE.TRD.GNFS.ZS,2023,132.593461641599
MYS,NE.TRD.GNFS.ZS,2024,137.362571161559
MYS,NE.TRD.GNFS.ZS,2025,136.39642032295
MMR,TX.VAL.MRCH.CD.WT,2015,11429000000.0
MMR,TX.VAL.MRCH.CD.WT,2016,11831000000.0
MMR,TX.VAL.MRCH.CD.WT,2017,13879000000.0
MMR,TX.VAL.MRCH.CD.WT,2018,16614000000.0
MMR,TX.VAL.MRCH.CD.WT,2019,17997000000.0
MMR,TX.VAL.MRCH.CD.WT,2020,16692000000.0
MMR,TX.VAL.MRCH.CD.WT,2021,15154000000.0
MMR,TX.VAL.MRCH.CD.WT,2022,17085000000.0
MMR,TX.VAL.MRCH.CD.WT,2023,14753000000.0
MMR,TX.VAL.MRCH.CD.WT,2024,14924000000.0
MMR,TX.VAL.MRCH.CD.WT,2025,15298000000.0
MMR,TM.VAL.MRCH.CD.WT,2015,16885000000.0
MMR,TM.VAL.MRCH.CD.WT,2016,15705000000.0
MMR,TM.VAL.MRCH.CD.WT,2017,19253000000.0
MMR,TM.VAL.MRCH.CD.WT,2018,19334000000.0
MMR,TM.VAL.MRCH.CD.WT,2019,18588000000.0
MMR,TM.VAL.MRCH.CD.WT,2020,17947000000.0
MMR,TM.VAL.MRCH.CD.WT,2021,14327000000.0
MMR,TM.VAL.MRCH.CD.WT,2022,17403000000.0
MMR,TM.VAL.MRCH.CD.WT,2023,16440000000.0
MMR,TM.VAL.MRCH.CD.WT,2024,12452000000.0
MMR,TM.VAL.MRCH.CD.WT,2025,14331000000.0
MMR,TG.VAL.TOTL.GD.ZS,2015,47.500900991099
MMR,TG.VAL.TOTL.GD.ZS,2016,43.501915581396
MMR,TG.VAL.TOTL.GD.ZS,2017,50.1596894824642
MMR,TG.VAL.TOTL.GD.ZS,2018,52.9733667300042
MMR,TG.VAL.TOTL.GD.ZS,2019,48.7376916366834
MMR,TG.VAL.TOTL.GD.ZS,2020,43.8434424915995
MMR,TG.VAL.TOTL.GD.ZS,2021,44.4357082235544
MMR,TG.VAL.TOTL.GD.ZS,2022,55.3996953724008
MMR,TG.VAL.TOTL.GD.ZS,2023,46.7257527564007
MMR,TG.VAL.TOTL.GD.ZS,2024,36.9604563568679
MMR,TG.VAL.TOTL.GD.ZS,2025,36.2808048192947
PHL,NE.EXP.GNFS.CD,2015,83377968054.3017
PHL,NE.EXP.GNFS.CD,2016,84987391167.9967
PHL,NE.EXP.GNFS.CD,2017,97073582741.5119
PHL,NE.EXP.GNFS.CD,2018,104793441904.255
PHL,NE.EXP.GNFS.CD,2019,106953484846.44
PHL,NE.EXP.GNFS.CD,2020,91171559890.9852
PHL,NE.EXP.GNFS.CD,2021,101485514507.701
PHL,NE.EXP.GNFS.CD,2022,114785414693.615
PHL,NE.EXP.GNFS.CD,2023,116417848992.129
PHL,NE.EXP.GNFS.CD,2024,118820216615.131
PHL,NE.EXP.GNFS.CD,2025,129323001566.143
PHL,NE.IMP.GNFS.CD,2015,97858999139.3944
PHL,NE.IMP.GNFS.CD,2016,111847835761.901
PHL,NE.IMP.GNFS.CD,2017,126846380455.649
PHL,NE.IMP.GNFS.CD,2018,145499457397.948
PHL,NE.IMP.GNFS.CD,2019,152458687320.163
PHL,NE.IMP.GNFS.CD,2020,119257490806.482
PHL,NE.IMP.GNFS.CD,2021,148699308216.869
PHL,NE.IMP.GNFS.CD,2022,178086451580.466
PHL,NE.IMP.GNFS.CD,2023,178244920795.467
PHL,NE.IMP.GNFS.CD,2024,185253897876.947
PHL,NE.IMP.GNFS.CD,2025,196019381535.854
PHL,TX.VAL.MRCH.CD.WT,2015,58827000000.0
PHL,TX.VAL.MRCH.CD.WT,2016,56313000000.0
PHL,TX.VAL.MRCH.CD.WT,2017,68713000000.0
PHL,TX.VAL.MRCH.CD.WT,2018,67488000000.0
PHL,TX.VAL.MRCH.CD.WT,2019,70334000000.0
PHL,TX.VAL.MRCH.CD.WT,2020,63879000000.0
PHL,TX.VAL.MRCH.CD.WT,2021,74618000000.0
PHL,TX.VAL.MRCH.CD.WT,2022,78930000000.0
PHL,TX.VAL.MRCH.CD.WT,2023,73527000000.0
PHL,TX.VAL.MRCH.CD.WT,2024,72984000000.0
PHL,TX.VAL.MRCH.CD.WT,2025,83723000000.0
PHL,TM.VAL.MRCH.CD.WT,2015,74750000000.0
PHL,TM.VAL.MRCH.CD.WT,2016,85935000000.0
PHL,TM.VAL.MRCH.CD.WT,2017,101902000000.0
PHL,TM.VAL.MRCH.CD.WT,2018,115119000000.0
PHL,TM.VAL.MRCH.CD.WT,2019,112909000000.0
PHL,TM.VAL.MRCH.CD.WT,2020,90751000000.0
PHL,TM.VAL.MRCH.CD.WT,2021,124367000000.0
PHL,TM.VAL.MRCH.CD.WT,2022,145867000000.0
PHL,TM.VAL.MRCH.CD.WT,2023,133806000000.0
PHL,TM.VAL.MRCH.CD.WT,2024,134882000000.0
PHL,TM.VAL.MRCH.CD.WT,2025,141196000000.0
PHL,TG.VAL.TOTL.GD.ZS,2015,43.5891008935715
PHL,TG.VAL.TOTL.GD.ZS,2016,44.6440504581247
PHL,TG.VAL.TOTL.GD.ZS,2017,51.9406409217987
PHL,TG.VAL.TOTL.GD.ZS,2018,52.6484838760047
PHL,TG.VAL.TOTL.GD.ZS,2019,48.6283492243701
PHL,TG.VAL.TOTL.GD.ZS,2020,42.7448542856625
PHL,TG.VAL.TOTL.GD.ZS,2021,50.4926116069019
PHL,TG.VAL.TOTL.GD.ZS,2022,55.5941948053511
PHL,TG.VAL.TOTL.GD.ZS,2023,47.438583803821
PHL,TG.VAL.TOTL.GD.ZS,2024,45.0246883395064
PHL,TG.VAL.TOTL.GD.ZS,2025,46.1764334984631
PHL,NE.TRD.GNFS.ZS,2015,59.1415921053094
PHL,NE.TRD.GNFS.ZS,2016,61.7760657653871
PHL,NE.TRD.GNFS.ZS,2017,68.1683697426727
PHL,NE.TRD.GNFS.ZS,2018,72.1633982990273
PHL,NE.TRD.GNFS.ZS,2019,68.8418422595678
PHL,NE.TRD.GNFS.ZS,2020,58.1695603022281
PHL,NE.TRD.GNFS.ZS,2021,63.4846098136712
PHL,NE.TRD.GNFS.ZS,2022,72.4296836107599
PHL,NE.TRD.GNFS.ZS,2023,67.4199693171606
PHL,NE.TRD.GNFS.ZS,2024,65.8637883882752
PHL,NE.TRD.GNFS.ZS,2025,66.7936053314343
SGP,NE.EXP.GNFS.CD,2015,549421999163.53
SGP,NE.EXP.GNFS.CD,2016,525391771247.573
SGP,NE.EXP.GNFS.CD,2017,589508336803.23
SGP,NE.EXP.GNFS.CD,2018,671713291845.894
SGP,NE.EXP.GNFS.CD,2019,666302583718.308
SGP,NE.EXP.GNFS.CD,2020,636352158591.969
SGP,NE.EXP.GNFS.CD,2021,799113423839.379
SGP,NE.EXP.GNFS.CD,2022,951421989501.453
SGP,NE.EXP.GNFS.CD,2023,922325317795.269
SGP,NE.EXP.GNFS.CD,2024,1000563674149.64
SGP,NE.EXP.GNFS.CD,2025,1073990898313.51
SGP,NE.IMP.GNFS.CD,2015,465345116651.21
SGP,NE.IMP.GNFS.CD,2016,441180387768.485
SGP,NE.IMP.GNFS.CD,2017,497980411680.576
SGP,NE.IMP.GNFS.CD,2018,559453294010.714
SGP,NE.IMP.GNFS.CD,2019,555635930735.296
SGP,NE.IMP.GNFS.CD,2020,526490604765.239
SGP,NE.IMP.GNFS.CD,2021,641260365780.587
SGP,NE.IMP.GNFS.CD,2022,746881154042.274
SGP,NE.IMP.GNFS.CD,2023,732376279726.863
SGP,NE.IMP.GNFS.CD,2024,794257214123.585
SGP,NE.IMP.GNFS.CD,2025,860239550269.609
SGP,TX.VAL.MRCH.CD.WT,2015,351587000000.0
SGP,TX.VAL.MRCH.CD.WT,2016,330481000000.0
SGP,TX.VAL.MRCH.CD.WT,2017,373446000000.0
SGP,TX.VAL.MRCH.CD.WT,2018,412955000000.0
SGP,TX.VAL.MRCH.CD.WT,2019,390763000000.0
SGP,TX.VAL.MRCH.CD.WT,2020,362534000000.0
SGP,TX.VAL.MRCH.CD.WT,2021,457357000000.0
SGP,TX.VAL.MRCH.CD.WT,2022,515802000000.0
SGP,TX.VAL.MRCH.CD.WT,2023,476252000000.0
SGP,TX.VAL.MRCH.CD.WT,2024,505658000000.0
SGP,TX.VAL.MRCH.CD.WT,2025,566872000000.0
SGP,TM.VAL.MRCH.CD.WT,2015,297087000000.0
SGP,TM.VAL.MRCH.CD.WT,2016,283339000000.0
SGP,TM.VAL.MRCH.CD.WT,2017,327923000000.0
SGP,TM.VAL.MRCH.CD.WT,2018,370881000000.0
SGP,TM.VAL.MRCH.CD.WT,2019,359266000000.0
SGP,TM.VAL.MRCH.CD.WT,2020,329830000000.0
SGP,TM.VAL.MRCH.CD.WT,2021,406226000000.0
SGP,TM.VAL.MRCH.CD.WT,2022,475578000000.0
SGP,TM.VAL.MRCH.CD.WT,2023,423448000000.0
SGP,TM.VAL.MRCH.CD.WT,2024,458686000000.0
SGP,TM.VAL.MRCH.CD.WT,2025,505838000000.0
SGP,TG.VAL.TOTL.GD.ZS,2015,210.609436298676
SGP,TG.VAL.TOTL.GD.ZS,2016,191.364732723208
SGP,TG.VAL.TOTL.GD.ZS,2017,203.416162502452
SGP,TG.VAL.TOTL.GD.ZS,2018,207.376986133428
SGP,TG.VAL.TOTL.GD.ZS,2019,199.037813595548
SGP,TG.VAL.TOTL.GD.ZS,2020,197.12747576114
SGP,TG.VAL.TOTL.GD.ZS,2021,195.774575758532
SGP,TG.VAL.TOTL.GD.ZS,2022,192.7807705488
SGP,TG.VAL.TOTL.GD.ZS,2023,176.003932106446
SGP,TG.VAL.TOTL.GD.ZS,2024,168.333440168257
SGP,TG.VAL.TOTL.GD.ZS,2025,177.639369069567
SGP,NE.TRD.GNFS.ZS,2015,329.471398940262
SGP,NE.TRD.GNFS.ZS,2016,301.338866227561
SGP,NE.TRD.GNFS.ZS,2017,315.401433455385
SGP,NE.TRD.GNFS.ZS,2018,325.725809994853
SGP,NE.TRD.GNFS.ZS,2019,324.270088576625
SGP,NE.TRD.GNFS.ZS,2020,331.080556828077
SGP,NE.TRD.GNFS.ZS,2021,326.53325458764
SGP,NE.TRD.GNFS.ZS,2022,330.246917062891
SGP,NE.TRD.GNFS.ZS,2023,323.7012199919
SGP,NE.TRD.GNFS.ZS,2024,313.299377202408
SGP,NE.TRD.GNFS.ZS,2025,320.306025413626
THA,NE.EXP.GNFS.CD,2015,271423493717.844
THA,NE.EXP.GNFS.CD,2016,277248464807.286
THA,NE.EXP.GNFS.CD,2017,304266013738.262
THA,NE.EXP.GNFS.CD,2018,328569784686.743
THA,NE.EXP.GNFS.CD,2019,323768892197.357
THA,NE.EXP.GNFS.CD,2020,256835239506.721
THA,NE.EXP.GNFS.CD,2021,295639913234.139
THA,NE.EXP.GNFS.CD,2022,323854472232.244
THA,NE.EXP.GNFS.CD,2023,338714010202.059
THA,NE.EXP.GNFS.CD,2024,368836810863.224
THA,NE.EXP.GNFS.CD,2025,410531624594.48
THA,NE.IMP.GNFS.CD,2015,229553374316.892
THA,NE.IMP.GNFS.CD,2016,221168950937.551
THA,NE.IMP.GNFS.CD,2017,247430252336.997
THA,NE.IMP.GNFS.CD,2018,283801450351.972
THA,NE.IMP.GNFS.CD,2019,272916501194.971
THA,NE.IMP.GNFS.CD,2020,231745471360.936
THA,NE.IMP.GNFS.CD,2021,297103648539.909
THA,NE.IMP.GNFS.CD,2022,334490999348.285
THA,NE.IMP.GNFS.CD,2023,327159708258.581
THA,NE.IMP.GNFS.CD,2024,349671347769.102
THA,NE.IMP.GNFS.CD,2025,388129158917.05
THA,TX.VAL.MRCH.CD.WT,2015,214310000000.0
THA,TX.VAL.MRCH.CD.WT,2016,215388000000.0
THA,TX.VAL.MRCH.CD.WT,2017,236635000000.0
THA,TX.VAL.MRCH.CD.WT,2018,252957000000.0
THA,TX.VAL.MRCH.CD.WT,2019,246269000000.0
THA,TX.VAL.MRCH.CD.WT,2020,231634000000.0
THA,TX.VAL.MRCH.CD.WT,2021,272006000000.0
THA,TX.VAL.MRCH.CD.WT,2022,287425000000.0
THA,TX.VAL.MRCH.CD.WT,2023,285074000000.0
THA,TX.VAL.MRCH.CD.WT,2024,300740000000.0
THA,TX.VAL.MRCH.CD.WT,2025,339635000000.0
THA,TM.VAL.MRCH.CD.WT,2015,202653000000.0
THA,TM.VAL.MRCH.CD.WT,2016,194198000000.0
THA,TM.VAL.MRCH.CD.WT,2017,221519000000.0
THA,TM.VAL.MRCH.CD.WT,2018,248201000000.0
THA,TM.VAL.MRCH.CD.WT,2019,236260000000.0
THA,TM.VAL.MRCH.CD.WT,2020,206156000000.0
THA,TM.VAL.MRCH.CD.WT,2021,267343000000.0
THA,TM.VAL.MRCH.CD.WT,2022,301030000000.0
THA,TM.VAL.MRCH.CD.WT,2023,288509000000.0
THA,TM.VAL.MRCH.CD.WT,2024,305523000000.0
THA,TM.VAL.MRCH.CD.WT,2025,344943000000.0
THA,TG.VAL.TOTL.GD.ZS,2015,103.904039031388
THA,TG.VAL.TOTL.GD.ZS,2016,99.0854723056637
THA,TG.VAL.TOTL.GD.ZS,2017,100.393811686366
THA,TG.VAL.TOTL.GD.ZS,2018,98.8956759881473
THA,TG.VAL.TOTL.GD.ZS,2019,88.7039844315299
THA,TG.VAL.TOTL.GD.ZS,2020,87.5098822049716
THA,TG.VAL.TOTL.GD.ZS,2021,106.5802253532
THA,TG.VAL.TOTL.GD.ZS,2022,118.713877395226
THA,TG.VAL.TOTL.GD.ZS,2023,110.941618508301
THA,TG.VAL.TOTL.GD.ZS,2024,114.522021479116
THA,TG.VAL.TOTL.GD.ZS,2025,118.642315108775
THA,NE.TRD.GNFS.ZS,2015,124.839662152526
THA,NE.TRD.GNFS.ZS,2016,120.57522728913
THA,NE.TRD.GNFS.ZS,2017,120.891427433638
THA,NE.TRD.GNFS.ZS,2018,120.841864730984
THA,NE.TRD.GNFS.ZS,2019,109.689514715166
THA,NE.TRD.GNFS.ZS,2020,97.6624419371158
THA,NE.TRD.GNFS.ZS,2021,117.131472183199
THA,NE.TRD.GNFS.ZS,2022,132.813458288082
THA,NE.TRD.GNFS.ZS,2023,128.792359690165
THA,NE.TRD.GNFS.ZS,2024,135.724935837766
THA,NE.TRD.GNFS.ZS,2025,138.413686011523
VNM,NE.EXP.GNFS.CD,2015,174473996313.379
VNM,NE.EXP.GNFS.CD,2016,190526869544.715
VNM,NE.EXP.GNFS.CD,2017,230041803530.193
VNM,NE.EXP.GNFS.CD,2018,261802606599.096
VNM,NE.EXP.GNFS.CD,2019,284737397482.992
VNM,NE.EXP.GNFS.CD,2020,292479899128.741
VNM,NE.EXP.GNFS.CD,2021,343937314545.796
VNM,NE.EXP.GNFS.CD,2022,386241068014.827
VNM,NE.EXP.GNFS.CD,2023,376268017649.38
VNM,NE.EXP.GNFS.CD,2024,429484097216.943
VNM,NE.EXP.GNFS.CD,2025,505661231330.217
VNM,NE.IMP.GNFS.CD,2015,172245363653.847
VNM,NE.IMP.GNFS.CD,2016,183315160786.75
VNM,NE.IMP.GNFS.CD,2017,222881466764.771
VNM,NE.IMP.GNFS.CD,2018,248830928922.633
VNM,NE.IMP.GNFS.CD,2019,265976296626.188
VNM,NE.IMP.GNFS.CD,2020,273355953899.644
VNM,NE.IMP.GNFS.CD,2021,340182482326.141
VNM,NE.IMP.GNFS.CD,2022,370998835148.792
VNM,NE.IMP.GNFS.CD,2023,339491142718.319
VNM,NE.IMP.GNFS.CD,2024,398774125641.271
VNM,NE.IMP.GNFS.CD,2025,473997023086.435
VNM,TX.VAL.MRCH.CD.WT,2015,162065000000.0
VNM,TX.VAL.MRCH.CD.WT,2016,176581000000.0
VNM,TX.VAL.MRCH.CD.WT,2017,215014000000.0
VNM,TX.VAL.MRCH.CD.WT,2018,243699000000.0
VNM,TX.VAL.MRCH.CD.WT,2019,264268000000.0
VNM,TX.VAL.MRCH.CD.WT,2020,282629000000.0
VNM,TX.VAL.MRCH.CD.WT,2021,335978000000.0
VNM,TX.VAL.MRCH.CD.WT,2022,371288000000.0
VNM,TX.VAL.MRCH.CD.WT,2023,353782000000.0
VNM,TX.VAL.MRCH.CD.WT,2024,404824000000.0
VNM,TX.VAL.MRCH.CD.WT,2025,472929000000.0
VNM,TM.VAL.MRCH.CD.WT,2015,165610000000.0
VNM,TM.VAL.MRCH.CD.WT,2016,174804000000.0
VNM,TM.VAL.MRCH.CD.WT,2017,212919000000.0
VNM,TM.VAL.MRCH.CD.WT,2018,236862000000.0
VNM,TM.VAL.MRCH.CD.WT,2019,253393000000.0
VNM,TM.VAL.MRCH.CD.WT,2020,262701000000.0
VNM,TM.VAL.MRCH.CD.WT,2021,332455000000.0
VNM,TM.VAL.MRCH.CD.WT,2022,359148000000.0
VNM,TM.VAL.MRCH.CD.WT,2023,325776000000.0
VNM,TM.VAL.MRCH.CD.WT,2024,380515000000.0
VNM,TM.VAL.MRCH.CD.WT,2025,453778000000.0
VNM,TG.VAL.TOTL.GD.ZS,2015,136.954480212362
VNM,TG.VAL.TOTL.GD.ZS,2016,136.674626750318
VNM,TG.VAL.TOTL.GD.ZS,2017,152.097926201777
VNM,TG.VAL.TOTL.GD.ZS,2018,154.966449745823
VNM,TG.VAL.TOTL.GD.ZS,2019,154.819009531422
VNM,TG.VAL.TOTL.GD.ZS,2020,157.329843791999
VNM,TG.VAL.TOTL.GD.ZS,2021,182.395375109965
VNM,TG.VAL.TOTL.GD.ZS,2022,176.670558956218
VNM,TG.VAL.TOTL.GD.ZS,2023,156.650555479616
VNM,TG.VAL.TOTL.GD.ZS,2024,164.874760798126
VNM,TG.VAL.TOTL.GD.ZS,2025,180.048963292487
VNM,NE.TRD.GNFS.ZS,2015,144.914228195237
VNM,NE.TRD.GNFS.ZS,2016,145.409507973118
VNM,NE.TRD.GNFS.ZS,2017,160.98008365887
VNM,NE.TRD.GNFS.ZS,2018,164.663936775893
VNM,NE.TRD.GNFS.ZS,2019,164.704215031408
VNM,NE.TRD.GNFS.ZS,2020,163.245862814935
VNM,NE.TRD.GNFS.ZS,2021,186.675832836814
VNM,NE.TRD.GNFS.ZS,2022,183.153619147836
VNM,NE.TRD.GNFS.ZS,2023,164.995585455876
VNM,NE.TRD.GNFS.ZS,2024,173.885260216071
VNM,NE.TRD.GNFS.ZS,2025,190.336808817292
TLS,NE.EXP.GNFS.CD,2015,48508500.0
TLS,NE.EXP.GNFS.CD,2016,51780000.0
TLS,NE.EXP.GNFS.CD,2017,38179900.0
TLS,NE.EXP.GNFS.CD,2018,45614300.0
TLS,NE.EXP.GNFS.CD,2019,431191700.0
TLS,NE.EXP.GNFS.CD,2020,792950600.0
TLS,NE.EXP.GNFS.CD,2021,2302354000.0
TLS,NE.EXP.GNFS.CD,2022,1784364500.0
TLS,NE.EXP.GNFS.CD,2023,476747000.0
TLS,NE.EXP.GNFS.CD,2024,196962600.0
TLS,NE.IMP.GNFS.CD,2015,906884200.0
TLS,NE.IMP.GNFS.CD,2016,937594400.0
TLS,NE.IMP.GNFS.CD,2017,891109600.0
TLS,NE.IMP.GNFS.CD,2018,962964800.0
TLS,NE.IMP.GNFS.CD,2019,1004078400.0
TLS,NE.IMP.GNFS.CD,2020,1039875900.0
TLS,NE.IMP.GNFS.CD,2021,1317595300.0
TLS,NE.IMP.GNFS.CD,2022,1347906300.0
TLS,NE.IMP.GNFS.CD,2023,1380581800.0
TLS,NE.IMP.GNFS.CD,2024,1583732800.0
TLS,TX.VAL.MRCH.CD.WT,2015,18000000.0
TLS,TX.VAL.MRCH.CD.WT,2016,20000000.0
TLS,TX.VAL.MRCH.CD.WT,2017,23000000.0
TLS,TX.VAL.MRCH.CD.WT,2018,45000000.0
TLS,TX.VAL.MRCH.CD.WT,2019,154000000.0
TLS,TX.VAL.MRCH.CD.WT,2020,264000000.0
TLS,TX.VAL.MRCH.CD.WT,2021,615000000.0
TLS,TX.VAL.MRCH.CD.WT,2022,472000000.0
TLS,TX.VAL.MRCH.CD.WT,2023,164000000.0
TLS,TX.VAL.MRCH.CD.WT,2024,86000000.0
TLS,TX.VAL.MRCH.CD.WT,2025,103000000.0
TLS,TM.VAL.MRCH.CD.WT,2015,578000000.0
TLS,TM.VAL.MRCH.CD.WT,2016,547000000.0
TLS,TM.VAL.MRCH.CD.WT,2017,554000000.0
TLS,TM.VAL.MRCH.CD.WT,2018,520000000.0
TLS,TM.VAL.MRCH.CD.WT,2019,591000000.0
TLS,TM.VAL.MRCH.CD.WT,2020,625000000.0
TLS,TM.VAL.MRCH.CD.WT,2021,873000000.0
TLS,TM.VAL.MRCH.CD.WT,2022,933000000.0
TLS,TM.VAL.MRCH.CD.WT,2023,904000000.0
TLS,TM.VAL.MRCH.CD.WT,2024,978000000.0
TLS,TM.VAL.MRCH.CD.WT,2025,979000000.0
TLS,TG.VAL.TOTL.GD.ZS,2015,37.4776203270564
TLS,TG.VAL.TOTL.GD.ZS,2016,34.5633791792886
TLS,TG.VAL.TOTL.GD.ZS,2017,36.4065785741039
TLS,TG.VAL.TOTL.GD.ZS,2018,36.3113200186685
TLS,TG.VAL.TOTL.GD.ZS,2019,36.6534576461179
TLS,TG.VAL.TOTL.GD.ZS,2020,41.1075606838227
TLS,TG.VAL.TOTL.GD.ZS,2021,41.0480006989195
TLS,TG.VAL.TOTL.GD.ZS,2022,43.788569587626
TLS,TG.VAL.TOTL.GD.ZS,2023,51.3519013089542
TLS,TG.VAL.TOTL.GD.ZS,2024,57.0323297309959
TLS,TG.VAL.TOTL.GD.ZS,2025,56.8820959815784
TLS,NE.TRD.GNFS.ZS,2015,60.0769209292639
TLS,NE.TRD.GNFS.ZS,2016,60.310621759226
TLS,NE.TRD.GNFS.ZS,2017,58.6347507796182
TLS,NE.TRD.GNFS.ZS,2018,64.8191831225499
TLS,NE.TRD.GNFS.ZS,2019,70.6142440551536
TLS,NE.TRD.GNFS.ZS,2020,84.7503111042388
TLS,NE.TRD.GNFS.ZS,2021,99.8600009384765
TLS,NE.TRD.GNFS.ZS,2022,97.621108820704
TLS,NE.TRD.GNFS.ZS,2023,89.3046490972644
TLS,NE.TRD.GNFS.ZS,2024,95.4485030105899
BRN,SL.TLF.CACT.ZS,2015,65.682
BRN,SL.TLF.CACT.ZS,2016,65.421
BRN,SL.TLF.CACT.ZS,2017,65.191
BRN,SL.TLF.CACT.ZS,2018,66.433
BRN,SL.TLF.CACT.ZS,2019,64.793
BRN,SL.TLF.CACT.ZS,2020,63.954
BRN,SL.TLF.CACT.ZS,2021,63.895
BRN,SL.TLF.CACT.ZS,2022,64.083
BRN,SL.TLF.CACT.ZS,2023,64.733
BRN,SL.TLF.CACT.ZS,2024,64.509
BRN,SL.TLF.CACT.ZS,2025,64.235
BRN,SL.UEM.TOTL.ZS,2015,7.703
BRN,SL.UEM.TOTL.ZS,2016,8.537
BRN,SL.UEM.TOTL.ZS,2017,9.316
BRN,SL.UEM.TOTL.ZS,2018,8.7
BRN,SL.UEM.TOTL.ZS,2019,6.6
BRN,SL.UEM.TOTL.ZS,2020,7.409
BRN,SL.UEM.TOTL.ZS,2021,4.905
BRN,SL.UEM.TOTL.ZS,2022,5.191
BRN,SL.UEM.TOTL.ZS,2023,5.296
BRN,SL.UEM.TOTL.ZS,2024,5.18
BRN,SL.UEM.TOTL.ZS,2025,5.277
BRN,SL.UEM.1524.ZS,2015,25.886
BRN,SL.UEM.1524.ZS,2016,27.629
BRN,SL.UEM.1524.ZS,2017,29.255
BRN,SL.UEM.1524.ZS,2018,30.809
BRN,SL.UEM.1524.ZS,2019,20.141
BRN,SL.UEM.1524.ZS,2020,26.852
BRN,SL.UEM.1524.ZS,2021,16.238
BRN,SL.UEM.1524.ZS,2022,18.299
BRN,SL.UEM.1524.ZS,2023,17.955
BRN,SL.UEM.1524.ZS,2024,17.872
BRN,SL.UEM.1524.ZS,2025,18.23
BRN,SL.AGR.EMPL.ZS,2015,1.40279843974459
BRN,SL.AGR.EMPL.ZS,2016,1.38015205064965
BRN,SL.AGR.EMPL.ZS,2017,1.35853484596359
BRN,SL.AGR.EMPL.ZS,2018,1.06078162346131
BRN,SL.AGR.EMPL.ZS,2019,1.95358268413174
BRN,SL.AGR.EMPL.ZS,2020,1.3364980477307
BRN,SL.AGR.EMPL.ZS,2021,1.40573688866656
BRN,SL.AGR.EMPL.ZS,2022,1.51653421258994
BRN,SL.AGR.EMPL.ZS,2023,1.27134852951104
BRN,SL.AGR.EMPL.ZS,2024,1.23655122249443
BRN,SL.AGR.EMPL.ZS,2025,1.20105852995764
BRN,SL.IND.EMPL.ZS,2015,17.2558522358378
BRN,SL.IND.EMPL.ZS,2016,16.5826743624298
BRN,SL.IND.EMPL.ZS,2017,16.1274170135499
BRN,SL.IND.EMPL.ZS,2018,19.4043526953453
BRN,SL.IND.EMPL.ZS,2019,20.7629732715456
BRN,SL.IND.EMPL.ZS,2020,23.7151371884433
BRN,SL.IND.EMPL.ZS,2021,23.566819977675
BRN,SL.IND.EMPL.ZS,2022,21.4708593388149
BRN,SL.IND.EMPL.ZS,2023,20.450034877703
BRN,SL.IND.EMPL.ZS,2024,20.4466042812964
BRN,SL.IND.EMPL.ZS,2025,20.3855819694696
BRN,SL.SRV.EMPL.ZS,2015,81.3408381004964
BRN,SL.SRV.EMPL.ZS,2016,82.0371735869206
BRN,SL.SRV.EMPL.ZS,2017,82.5140481404865
BRN,SL.SRV.EMPL.ZS,2018,79.5353504991201
BRN,SL.SRV.EMPL.ZS,2019,77.2834440443227
BRN,SL.SRV.EMPL.ZS,2020,74.948364763826
BRN,SL.SRV.EMPL.ZS,2021,75.0269799584069
BRN,SL.SRV.EMPL.ZS,2022,77.0126064485951
BRN,SL.SRV.EMPL.ZS,2023,78.2786165927859
BRN,SL.SRV.EMPL.ZS,2024,78.3168444962091
BRN,SL.SRV.EMPL.ZS,2025,78.4133595005728
KHM,SL.TLF.CACT.ZS,2015,79.603
KHM,SL.TLF.CACT.ZS,2016,81.735
KHM,SL.TLF.CACT.ZS,2017,81.409
KHM,SL.TLF.CACT.ZS,2018,81.911
KHM,SL.TLF.CACT.ZS,2019,82.422
KHM,SL.TLF.CACT.ZS,2020,82.238
KHM,SL.TLF.CACT.ZS,2021,79.51
KHM,SL.TLF.CACT.ZS,2022,82.338
KHM,SL.TLF.CACT.ZS,2023,82.348
KHM,SL.TLF.CACT.ZS,2024,82.373
KHM,SL.TLF.CACT.ZS,2025,82.392
KHM,SL.UEM.TOTL.ZS,2015,0.393
KHM,SL.UEM.TOTL.ZS,2016,0.716
KHM,SL.UEM.TOTL.ZS,2017,0.141
KHM,SL.UEM.TOTL.ZS,2018,0.129
KHM,SL.UEM.TOTL.ZS,2019,0.119
KHM,SL.UEM.TOTL.ZS,2020,0.172
KHM,SL.UEM.TOTL.ZS,2021,0.396
KHM,SL.UEM.TOTL.ZS,2022,0.245
KHM,SL.UEM.TOTL.ZS,2023,0.256
KHM,SL.UEM.TOTL.ZS,2024,0.254
KHM,SL.UEM.TOTL.ZS,2025,0.263
KHM,SL.UEM.1524.ZS,2015,0.744
KHM,SL.UEM.1524.ZS,2016,1.137
KHM,SL.UEM.1524.ZS,2017,0.382
KHM,SL.UEM.1524.ZS,2018,0.38
KHM,SL.UEM.1524.ZS,2019,0.378
KHM,SL.UEM.1524.ZS,2020,0.474
KHM,SL.UEM.1524.ZS,2021,0.83
KHM,SL.UEM.1524.ZS,2022,0.687
KHM,SL.UEM.1524.ZS,2023,0.703
KHM,SL.UEM.1524.ZS,2024,0.704
KHM,SL.UEM.1524.ZS,2025,0.711
KHM,SL.AGR.EMPL.ZS,2015,42.4684239936853
KHM,SL.AGR.EMPL.ZS,2016,37.5402628887708
KHM,SL.AGR.EMPL.ZS,2017,38.206389128721
KHM,SL.AGR.EMPL.ZS,2018,38.999256028288
KHM,SL.AGR.EMPL.ZS,2019,39.8680962570644
KHM,SL.AGR.EMPL.ZS,2020,36.8999777254893
KHM,SL.AGR.EMPL.ZS,2021,37.1315873016896
KHM,SL.AGR.EMPL.ZS,2022,36.1906415430912
KHM,SL.AGR.EMPL.ZS,2023,35.304617697339
KHM,SL.AGR.EMPL.ZS,2024,34.1649557689114
KHM,SL.AGR.EMPL.ZS,2025,33.4047460215625
KHM,SL.IND.EMPL.ZS,2015,24.9213861091188
KHM,SL.IND.EMPL.ZS,2016,25.7634256473618
KHM,SL.IND.EMPL.ZS,2017,25.4909057699602
KHM,SL.IND.EMPL.ZS,2018,25.0168550948899
KHM,SL.IND.EMPL.ZS,2019,24.4731410912226
KHM,SL.IND.EMPL.ZS,2020,25.1450484861575
KHM,SL.IND.EMPL.ZS,2021,26.4143976143543
KHM,SL.IND.EMPL.ZS,2022,27.0439382363786
KHM,SL.IND.EMPL.ZS,2023,27.5630254285235
KHM,SL.IND.EMPL.ZS,2024,28.4335285509441
KHM,SL.IND.EMPL.ZS,2025,28.8737555324444
KHM,SL.SRV.EMPL.ZS,2015,32.6102017562834
KHM,SL.SRV.EMPL.ZS,2016,36.696322866151
KHM,SL.SRV.EMPL.ZS,2017,36.3027275126302
KHM,SL.SRV.EMPL.ZS,2018,35.9839108164185
KHM,SL.SRV.EMPL.ZS,2019,35.658762651713
KHM,SL.SRV.EMPL.ZS,2020,37.9549737883533
KHM,SL.SRV.EMPL.ZS,2021,36.4540258308825
KHM,SL.SRV.EMPL.ZS,2022,36.765430397567
KHM,SL.SRV.EMPL.ZS,2023,37.1323568741375
KHM,SL.SRV.EMPL.ZS,2024,37.4015058521057
KHM,SL.SRV.EMPL.ZS,2025,37.7214984459931
IDN,SL.TLF.CACT.ZS,2015,66.578
IDN,SL.TLF.CACT.ZS,2016,66.314
IDN,SL.TLF.CACT.ZS,2017,66.694
IDN,SL.TLF.CACT.ZS,2018,67.652
IDN,SL.TLF.CACT.ZS,2019,68.238
IDN,SL.TLF.CACT.ZS,2020,67.401
IDN,SL.TLF.CACT.ZS,2021,65.868
IDN,SL.TLF.CACT.ZS,2022,67.018
IDN,SL.TLF.CACT.ZS,2023,67.899
IDN,SL.TLF.CACT.ZS,2024,67.927
IDN,SL.TLF.CACT.ZS,2025,67.965
IDN,SL.UEM.TOTL.ZS,2015,4.514
IDN,SL.UEM.TOTL.ZS,2016,4.301
IDN,SL.UEM.TOTL.ZS,2017,3.783
IDN,SL.UEM.TOTL.ZS,2018,4.387
IDN,SL.UEM.TOTL.ZS,2019,3.59
IDN,SL.UEM.TOTL.ZS,2020,4.255
IDN,SL.UEM.TOTL.ZS,2021,3.827
IDN,SL.UEM.TOTL.ZS,2022,3.462
IDN,SL.UEM.TOTL.ZS,2023,3.308
IDN,SL.UEM.TOTL.ZS,2024,3.301
IDN,SL.UEM.TOTL.ZS,2025,3.237
IDN,SL.UEM.1524.ZS,2015,17.224
IDN,SL.UEM.1524.ZS,2016,15.997
IDN,SL.UEM.1524.ZS,2017,14.553
IDN,SL.UEM.1524.ZS,2018,16.369
IDN,SL.UEM.1524.ZS,2019,13.577
IDN,SL.UEM.1524.ZS,2020,14.773
IDN,SL.UEM.1524.ZS,2021,13.8
IDN,SL.UEM.1524.ZS,2022,14.054
IDN,SL.UEM.1524.ZS,2023,13.015
IDN,SL.UEM.1524.ZS,2024,13.075
IDN,SL.UEM.1524.ZS,2025,12.977
IDN,SL.AGR.EMPL.ZS,2015,32.7770295687741
IDN,SL.AGR.EMPL.ZS,2016,31.5553329221477
IDN,SL.AGR.EMPL.ZS,2017,30.5222024429742
IDN,SL.AGR.EMPL.ZS,2018,29.4464900769988
IDN,SL.AGR.EMPL.ZS,2019,28.4631336137713
IDN,SL.AGR.EMPL.ZS,2020,29.3087481652973
IDN,SL.AGR.EMPL.ZS,2021,28.9871998196831
IDN,SL.AGR.EMPL.ZS,2022,29.2848629874109
IDN,SL.AGR.EMPL.ZS,2023,28.7792280576249
IDN,SL.AGR.EMPL.ZS,2024,27.9600749776458
IDN,SL.AGR.EMPL.ZS,2025,27.2969124578361
IDN,SL.IND.EMPL.ZS,2015,22.1218830739339
IDN,SL.IND.EMPL.ZS,2016,21.8107246597619
IDN,SL.IND.EMPL.ZS,2017,22.1220312359547
IDN,SL.IND.EMPL.ZS,2018,22.3847562001086
IDN,SL.IND.EMPL.ZS,2019,22.4012342408394
IDN,SL.IND.EMPL.ZS,2020,21.6344047291476
IDN,SL.IND.EMPL.ZS,2021,21.7614308372694
IDN,SL.IND.EMPL.ZS,2022,21.8679677163131
IDN,SL.IND.EMPL.ZS,2023,21.951549784263
IDN,SL.IND.EMPL.ZS,2024,22.2861723546005
IDN,SL.IND.EMPL.ZS,2025,22.5332080518796
IDN,SL.SRV.EMPL.ZS,2015,45.1010964067699
IDN,SL.SRV.EMPL.ZS,2016,46.6339424180905
IDN,SL.SRV.EMPL.ZS,2017,47.3557647336161
IDN,SL.SRV.EMPL.ZS,2018,48.1687622744529
IDN,SL.SRV.EMPL.ZS,2019,49.1356329001475
IDN,SL.SRV.EMPL.ZS,2020,49.0568463452771
IDN,SL.SRV.EMPL.ZS,2021,49.2513693430476
IDN,SL.SRV.EMPL.ZS,2022,48.8471685544592
IDN,SL.SRV.EMPL.ZS,2023,49.2692149419358
IDN,SL.SRV.EMPL.ZS,2024,49.7537526677536
IDN,SL.SRV.EMPL.ZS,2025,50.1698745725842
LAO,SL.TLF.CACT.ZS,2015,60.016
LAO,SL.TLF.CACT.ZS,2016,59.898
LAO,SL.TLF.CACT.ZS,2017,59.782
LAO,SL.TLF.CACT.ZS,2018,60.989
LAO,SL.TLF.CACT.ZS,2019,62.207
LAO,SL.TLF.CACT.ZS,2020,62.912
LAO,SL.TLF.CACT.ZS,2021,64.618
LAO,SL.TLF.CACT.ZS,2022,66.001
LAO,SL.TLF.CACT.ZS,2023,65.99
LAO,SL.TLF.CACT.ZS,2024,65.989
LAO,SL.TLF.CACT.ZS,2025,66.087
LAO,SL.UEM.TOTL.ZS,2015,2.006
LAO,SL.UEM.TOTL.ZS,2016,2.634
LAO,SL.UEM.TOTL.ZS,2017,3.268
LAO,SL.UEM.TOTL.ZS,2018,2.897
LAO,SL.UEM.TOTL.ZS,2019,2.531
LAO,SL.UEM.TOTL.ZS,2020,2.349
LAO,SL.UEM.TOTL.ZS,2021,2.08
LAO,SL.UEM.TOTL.ZS,2022,1.209
LAO,SL.UEM.TOTL.ZS,2023,1.186
LAO,SL.UEM.TOTL.ZS,2024,1.174
LAO,SL.UEM.TOTL.ZS,2025,1.187
LAO,SL.UEM.1524.ZS,2015,3.899
LAO,SL.UEM.1524.ZS,2016,4.836
LAO,SL.UEM.1524.ZS,2017,5.779
LAO,SL.UEM.1524.ZS,2018,5.128
LAO,SL.UEM.1524.ZS,2019,4.472
LAO,SL.UEM.1524.ZS,2020,4.237
LAO,SL.UEM.1524.ZS,2021,3.326
LAO,SL.UEM.1524.ZS,2022,2.184
LAO,SL.UEM.1524.ZS,2023,2.176
LAO,SL.UEM.1524.ZS,2024,2.178
LAO,SL.UEM.1524.ZS,2025,2.384
LAO,SL.AGR.EMPL.ZS,2015,72.9649532307863
LAO,SL.AGR.EMPL.ZS,2016,71.8509145672025
LAO,SL.AGR.EMPL.ZS,2017,70.5291019202622
LAO,SL.AGR.EMPL.ZS,2018,69.8638841171341
LAO,SL.AGR.EMPL.ZS,2019,69.3587576077181
LAO,SL.AGR.EMPL.ZS,2020,69.9552282806947
LAO,SL.AGR.EMPL.ZS,2021,69.8577324066029
LAO,SL.AGR.EMPL.ZS,2022,69.5659733337719
LAO,SL.AGR.EMPL.ZS,2023,69.3876980673051
LAO,SL.AGR.EMPL.ZS,2024,68.9120737008234
LAO,SL.AGR.EMPL.ZS,2025,68.5969890231444
LAO,SL.IND.EMPL.ZS,2015,6.27582116644838
LAO,SL.IND.EMPL.ZS,2016,6.37590963228787
LAO,SL.IND.EMPL.ZS,2017,6.51502934586047
LAO,SL.IND.EMPL.ZS,2018,6.79373611797991
LAO,SL.IND.EMPL.ZS,2019,7.00855639208981
LAO,SL.IND.EMPL.ZS,2020,6.9752200520285
LAO,SL.IND.EMPL.ZS,2021,7.09983537042888
LAO,SL.IND.EMPL.ZS,2022,7.17840668729181
LAO,SL.IND.EMPL.ZS,2023,7.24890970605785
LAO,SL.IND.EMPL.ZS,2024,7.39985422237704
LAO,SL.IND.EMPL.ZS,2025,7.41491516120134
LAO,SL.SRV.EMPL.ZS,2015,20.7592256027653
LAO,SL.SRV.EMPL.ZS,2016,21.7731758005097
LAO,SL.SRV.EMPL.ZS,2017,22.9559052518719
LAO,SL.SRV.EMPL.ZS,2018,23.342344814088
LAO,SL.SRV.EMPL.ZS,2019,23.6326860001921
LAO,SL.SRV.EMPL.ZS,2020,23.0695516672768
LAO,SL.SRV.EMPL.ZS,2021,23.0424322229682
LAO,SL.SRV.EMPL.ZS,2022,23.2556199789363
LAO,SL.SRV.EMPL.ZS,2023,23.3633634152757
LAO,SL.SRV.EMPL.ZS,2024,23.6880438034049
LAO,SL.SRV.EMPL.ZS,2025,23.9881235384869
MYS,SL.TLF.CACT.ZS,2015,65.185
MYS,SL.TLF.CACT.ZS,2016,65.09
MYS,SL.TLF.CACT.ZS,2017,65.202
MYS,SL.TLF.CACT.ZS,2018,65.574
MYS,SL.TLF.CACT.ZS,2019,65.871
MYS,SL.TLF.CACT.ZS,2020,65.473
MYS,SL.TLF.CACT.ZS,2021,65.619
MYS,SL.TLF.CACT.ZS,2022,66.223
MYS,SL.TLF.CACT.ZS,2023,66.178
MYS,SL.TLF.CACT.ZS,2024,66.107
MYS,SL.TLF.CACT.ZS,2025,66.12
MYS,SL.UEM.TOTL.ZS,2015,3.1
MYS,SL.UEM.TOTL.ZS,2016,3.44
MYS,SL.UEM.TOTL.ZS,2017,3.41
MYS,SL.UEM.TOTL.ZS,2018,3.3
MYS,SL.UEM.TOTL.ZS,2019,3.33
MYS,SL.UEM.TOTL.ZS,2020,4.54
MYS,SL.UEM.TOTL.ZS,2021,4.64
MYS,SL.UEM.TOTL.ZS,2022,3.93
MYS,SL.UEM.TOTL.ZS,2023,3.858
MYS,SL.UEM.TOTL.ZS,2024,3.846
MYS,SL.UEM.TOTL.ZS,2025,3.764
MYS,SL.UEM.1524.ZS,2015,10.979
MYS,SL.UEM.1524.ZS,2016,10.836
MYS,SL.UEM.1524.ZS,2017,11.277
MYS,SL.UEM.1524.ZS,2018,11.395
MYS,SL.UEM.1524.ZS,2019,11.211
MYS,SL.UEM.1524.ZS,2020,12.365
MYS,SL.UEM.1524.ZS,2021,11.579
MYS,SL.UEM.1524.ZS,2022,12.159
MYS,SL.UEM.1524.ZS,2023,12.146
MYS,SL.UEM.1524.ZS,2024,12.25
MYS,SL.UEM.1524.ZS,2025,11.953
MYS,SL.AGR.EMPL.ZS,2015,12.4690778902687
MYS,SL.AGR.EMPL.ZS,2016,11.3671005610583
MYS,SL.AGR.EMPL.ZS,2017,11.2939340883286
MYS,SL.AGR.EMPL.ZS,2018,10.6274389987205
MYS,SL.AGR.EMPL.ZS,2019,10.2240384296119
MYS,SL.AGR.EMPL.ZS,2020,10.470225235867
MYS,SL.AGR.EMPL.ZS,2021,10.2892948363062
MYS,SL.AGR.EMPL.ZS,2022,10.0105928565176
MYS,SL.AGR.EMPL.ZS,2023,9.74966658350567
MYS,SL.AGR.EMPL.ZS,2024,9.43694338106628
MYS,SL.AGR.EMPL.ZS,2025,9.18230248992663
MYS,SL.IND.EMPL.ZS,2015,27.5188412788598
MYS,SL.IND.EMPL.ZS,2016,27.4867972058341
MYS,SL.IND.EMPL.ZS,2017,27.7174531720201
MYS,SL.IND.EMPL.ZS,2018,27.1110391043493
MYS,SL.IND.EMPL.ZS,2019,27.9242134883929
MYS,SL.IND.EMPL.ZS,2020,26.1668675751684
MYS,SL.IND.EMPL.ZS,2021,25.9296867517211
MYS,SL.IND.EMPL.ZS,2022,26.0718420292351
MYS,SL.IND.EMPL.ZS,2023,25.9966868796068
MYS,SL.IND.EMPL.ZS,2024,26.0022237887699
MYS,SL.IND.EMPL.ZS,2025,25.9558514796811
MYS,SL.SRV.EMPL.ZS,2015,60.0120876639206
MYS,SL.SRV.EMPL.ZS,2016,61.1460887965168
MYS,SL.SRV.EMPL.ZS,2017,60.9886193008338
MYS,SL.SRV.EMPL.ZS,2018,62.2615155183785
MYS,SL.SRV.EMPL.ZS,2019,61.8517542998961
MYS,SL.SRV.EMPL.ZS,2020,63.3629009801003
MYS,SL.SRV.EMPL.ZS,2021,63.7810123268587
MYS,SL.SRV.EMPL.ZS,2022,63.9175651142473
MYS,SL.SRV.EMPL.ZS,2023,64.2536465368875
MYS,SL.SRV.EMPL.ZS,2024,64.5608215166271
MYS,SL.SRV.EMPL.ZS,2025,64.8618460303923
MMR,SL.TLF.CACT.ZS,2015,64.711
MMR,SL.TLF.CACT.ZS,2016,63.378
MMR,SL.TLF.CACT.ZS,2017,62.023
MMR,SL.TLF.CACT.ZS,2018,62.361
MMR,SL.TLF.CACT.ZS,2019,60.502
MMR,SL.TLF.CACT.ZS,2020,60.151
MMR,SL.TLF.CACT.ZS,2021,55.191
MMR,SL.TLF.CACT.ZS,2022,55.218
MMR,SL.TLF.CACT.ZS,2023,55.192
MMR,SL.TLF.CACT.ZS,2024,55.129
MMR,SL.TLF.CACT.ZS,2025,55.088
MMR,SL.UEM.TOTL.ZS,2015,0.766
MMR,SL.UEM.TOTL.ZS,2016,1.058
MMR,SL.UEM.TOTL.ZS,2017,1.356
MMR,SL.UEM.TOTL.ZS,2018,0.767
MMR,SL.UEM.TOTL.ZS,2019,0.407
MMR,SL.UEM.TOTL.ZS,2020,1.476
MMR,SL.UEM.TOTL.ZS,2021,4.34
MMR,SL.UEM.TOTL.ZS,2022,3.063
MMR,SL.UEM.TOTL.ZS,2023,2.977
MMR,SL.UEM.TOTL.ZS,2024,2.887
MMR,SL.UEM.TOTL.ZS,2025,3.047
MMR,SL.UEM.1524.ZS,2015,1.588
MMR,SL.UEM.1524.ZS,2016,2.551
MMR,SL.UEM.1524.ZS,2017,3.586
MMR,SL.UEM.1524.ZS,2018,1.843
MMR,SL.UEM.1524.ZS,2019,1.313
MMR,SL.UEM.1524.ZS,2020,4.955
MMR,SL.UEM.1524.ZS,2021,12.818
MMR,SL.UEM.1524.ZS,2022,10.148
MMR,SL.UEM.1524.ZS,2023,10.069
MMR,SL.UEM.1524.ZS,2024,9.967
MMR,SL.UEM.1524.ZS,2025,9.806
MMR,SL.AGR.EMPL.ZS,2015,51.6899994587835
MMR,SL.AGR.EMPL.ZS,2016,51.5439005791487
MMR,SL.AGR.EMPL.ZS,2017,51.3367756648574
MMR,SL.AGR.EMPL.ZS,2018,48.9375237522185
MMR,SL.AGR.EMPL.ZS,2019,49.7566078402761
MMR,SL.AGR.EMPL.ZS,2020,46.4675606772375
MMR,SL.AGR.EMPL.ZS,2021,46.5899395765067
MMR,SL.AGR.EMPL.ZS,2022,45.8193782127211
MMR,SL.AGR.EMPL.ZS,2023,45.2453969645892
MMR,SL.AGR.EMPL.ZS,2024,45.3568178680874
MMR,SL.AGR.EMPL.ZS,2025,44.9546145963458
MMR,SL.IND.EMPL.ZS,2015,16.7657106764191
MMR,SL.IND.EMPL.ZS,2016,16.2117313875149
MMR,SL.IND.EMPL.ZS,2017,15.7039131256502
MMR,SL.IND.EMPL.ZS,2018,17.0167741424896
MMR,SL.IND.EMPL.ZS,2019,16.6405595636955
MMR,SL.IND.EMPL.ZS,2020,18.5772975274998
MMR,SL.IND.EMPL.ZS,2021,18.4501769325382
MMR,SL.IND.EMPL.ZS,2022,18.9517852035284
MMR,SL.IND.EMPL.ZS,2023,18.7442239550243
MMR,SL.IND.EMPL.ZS,2024,18.1296238420573
MMR,SL.IND.EMPL.ZS,2025,18.1597725910001
MMR,SL.SRV.EMPL.ZS,2015,31.5442898647975
MMR,SL.SRV.EMPL.ZS,2016,32.2443680333365
MMR,SL.SRV.EMPL.ZS,2017,32.9593197113155
MMR,SL.SRV.EMPL.ZS,2018,34.0457021052919
MMR,SL.SRV.EMPL.ZS,2019,33.6028325960284
MMR,SL.SRV.EMPL.ZS,2020,34.955133291378
MMR,SL.SRV.EMPL.ZS,2021,34.9598787644986
MMR,SL.SRV.EMPL.ZS,2022,35.2288458177807
MMR,SL.SRV.EMPL.ZS,2023,36.0103699401709
MMR,SL.SRV.EMPL.ZS,2024,36.5135582898552
MMR,SL.SRV.EMPL.ZS,2025,36.8856128126541
PHL,SL.TLF.CACT.ZS,2015,61.405
PHL,SL.TLF.CACT.ZS,2016,61.59
PHL,SL.TLF.CACT.ZS,2017,59.141
PHL,SL.TLF.CACT.ZS,2018,58.981
PHL,SL.TLF.CACT.ZS,2019,59.444
PHL,SL.TLF.CACT.ZS,2020,54.746
PHL,SL.TLF.CACT.ZS,2021,56.471
PHL,SL.TLF.CACT.ZS,2022,61.439
PHL,SL.TLF.CACT.ZS,2023,61.42
PHL,SL.TLF.CACT.ZS,2024,61.402
PHL,SL.TLF.CACT.ZS,2025,61.35
PHL,SL.UEM.TOTL.ZS,2015,3.068
PHL,SL.UEM.TOTL.ZS,2016,2.695
PHL,SL.UEM.TOTL.ZS,2017,2.552
PHL,SL.UEM.TOTL.ZS,2018,2.338
PHL,SL.UEM.TOTL.ZS,2019,2.237
PHL,SL.UEM.TOTL.ZS,2020,2.522
PHL,SL.UEM.TOTL.ZS,2021,3.398
PHL,SL.UEM.TOTL.ZS,2022,2.598
PHL,SL.UEM.TOTL.ZS,2023,2.2
PHL,SL.UEM.TOTL.ZS,2024,2.202
PHL,SL.UEM.TOTL.ZS,2025,2.235
PHL,SL.UEM.1524.ZS,2015,8.509
PHL,SL.UEM.1524.ZS,2016,7.634
PHL,SL.UEM.1524.ZS,2017,7.379
PHL,SL.UEM.1524.ZS,2018,6.605
PHL,SL.UEM.1524.ZS,2019,6.696
PHL,SL.UEM.1524.ZS,2020,6.987
PHL,SL.UEM.1524.ZS,2021,8.434
PHL,SL.UEM.1524.ZS,2022,6.813
PHL,SL.UEM.1524.ZS,2023,6.912
PHL,SL.UEM.1524.ZS,2024,6.964
PHL,SL.UEM.1524.ZS,2025,7.041
PHL,SL.AGR.EMPL.ZS,2015,27.851386470164
PHL,SL.AGR.EMPL.ZS,2016,26.7234128847963
PHL,SL.AGR.EMPL.ZS,2017,25.1806891263771
PHL,SL.AGR.EMPL.ZS,2018,24.0341655328165
PHL,SL.AGR.EMPL.ZS,2019,22.6054798824319
PHL,SL.AGR.EMPL.ZS,2020,24.5081370532987
PHL,SL.AGR.EMPL.ZS,2021,24.325505789458
PHL,SL.AGR.EMPL.ZS,2022,22.8363518329959
PHL,SL.AGR.EMPL.ZS,2023,22.0370920130941
PHL,SL.AGR.EMPL.ZS,2024,21.1858721910537
PHL,SL.AGR.EMPL.ZS,2025,20.4878884895503
PHL,SL.IND.EMPL.ZS,2015,17.0786139842483
PHL,SL.IND.EMPL.ZS,2016,17.8383742084965
PHL,SL.IND.EMPL.ZS,2017,18.6636563552646
PHL,SL.IND.EMPL.ZS,2018,19.4736780800466
PHL,SL.IND.EMPL.ZS,2019,19.5373267098625
PHL,SL.IND.EMPL.ZS,2020,18.7126188899983
PHL,SL.IND.EMPL.ZS,2021,18.8641776384679
PHL,SL.IND.EMPL.ZS,2022,18.4442054471222
PHL,SL.IND.EMPL.ZS,2023,18.9439273601805
PHL,SL.IND.EMPL.ZS,2024,19.4979246002047
PHL,SL.IND.EMPL.ZS,2025,19.9641083102109
PHL,SL.SRV.EMPL.ZS,2015,55.0699923441241
PHL,SL.SRV.EMPL.ZS,2016,55.4382082448058
PHL,SL.SRV.EMPL.ZS,2017,56.1556474029791
PHL,SL.SRV.EMPL.ZS,2018,56.4921563871369
PHL,SL.SRV.EMPL.ZS,2019,57.8572001865167
PHL,SL.SRV.EMPL.ZS,2020,56.779244056703
PHL,SL.SRV.EMPL.ZS,2021,56.8103235196599
PHL,SL.SRV.EMPL.ZS,2022,58.7194427198819
PHL,SL.SRV.EMPL.ZS,2023,59.0189887451559
PHL,SL.SRV.EMPL.ZS,2024,59.3162032087416
PHL,SL.SRV.EMPL.ZS,2025,59.5480051595847
SGP,SL.TLF.CACT.ZS,2015,69.53
SGP,SL.TLF.CACT.ZS,2016,69.244
SGP,SL.TLF.CACT.ZS,2017,68.943
SGP,SL.TLF.CACT.ZS,2018,68.581
SGP,SL.TLF.CACT.ZS,2019,68.986
SGP,SL.TLF.CACT.ZS,2020,68.712
SGP,SL.TLF.CACT.ZS,2021,70.686
SGP,SL.TLF.CACT.ZS,2022,69.734
SGP,SL.TLF.CACT.ZS,2023,69.394
SGP,SL.TLF.CACT.ZS,2024,69.202
SGP,SL.TLF.CACT.ZS,2025,69.673
SGP,SL.UEM.TOTL.ZS,2015,3.79
SGP,SL.UEM.TOTL.ZS,2016,4.08
SGP,SL.UEM.TOTL.ZS,2017,4.2
SGP,SL.UEM.TOTL.ZS,2018,3.613
SGP,SL.UEM.TOTL.ZS,2019,3.1
SGP,SL.UEM.TOTL.ZS,2020,4.1
SGP,SL.UEM.TOTL.ZS,2021,4.64
SGP,SL.UEM.TOTL.ZS,2022,3.591
SGP,SL.UEM.TOTL.ZS,2023,3.444
SGP,SL.UEM.TOTL.ZS,2024,2.737
SGP,SL.UEM.TOTL.ZS,2025,2.818
SGP,SL.UEM.1524.ZS,2015,8.894
SGP,SL.UEM.1524.ZS,2016,8.723
SGP,SL.UEM.1524.ZS,2017,9.338
SGP,SL.UEM.1524.ZS,2018,8.437
SGP,SL.UEM.1524.ZS,2019,7.629
SGP,SL.UEM.1524.ZS,2020,10.558
SGP,SL.UEM.1524.ZS,2021,9.499
SGP,SL.UEM.1524.ZS,2022,7.924
SGP,SL.UEM.1524.ZS,2023,8.515
SGP,SL.UEM.1524.ZS,2024,6.329
SGP,SL.UEM.1524.ZS,2025,6.781
SGP,SL.AGR.EMPL.ZS,2015,0.121459660055481
SGP,SL.AGR.EMPL.ZS,2016,0.118979259162807
SGP,SL.AGR.EMPL.ZS,2017,0.117077595142899
SGP,SL.AGR.EMPL.ZS,2018,0.115089283007242
SGP,SL.AGR.EMPL.ZS,2019,0.113041897035994
SGP,SL.AGR.EMPL.ZS,2020,0.108162685533748
SGP,SL.AGR.EMPL.ZS,2021,0.107777556138585
SGP,SL.AGR.EMPL.ZS,2022,0.0909524456334748
SGP,SL.AGR.EMPL.ZS,2023,0.0795801860241645
SGP,SL.AGR.EMPL.ZS,2024,0.0979837330273541
SGP,SL.AGR.EMPL.ZS,2025,0.0954026681981231
SGP,SL.IND.EMPL.ZS,2015,17.2904642702552
SGP,SL.IND.EMPL.ZS,2016,16.1568033087095
SGP,SL.IND.EMPL.ZS,2017,15.8830026161212
SGP,SL.IND.EMPL.ZS,2018,16.0388461549063
SGP,SL.IND.EMPL.ZS,2019,14.9655328914049
SGP,SL.IND.EMPL.ZS,2020,14.8295407728436
SGP,SL.IND.EMPL.ZS,2021,14.4449638584304
SGP,SL.IND.EMPL.ZS,2022,14.5645681583865
SGP,SL.IND.EMPL.ZS,2023,13.8432992197459
SGP,SL.IND.EMPL.ZS,2024,14.1625578109794
SGP,SL.IND.EMPL.ZS,2025,13.9978418315489
SGP,SL.SRV.EMPL.ZS,2015,82.5880760696893
SGP,SL.SRV.EMPL.ZS,2016,83.7242174321277
SGP,SL.SRV.EMPL.ZS,2017,83.9999197887359
SGP,SL.SRV.EMPL.ZS,2018,83.8460645620865
SGP,SL.SRV.EMPL.ZS,2019,84.9214552678997
SGP,SL.SRV.EMPL.ZS,2020,85.0622965416227
SGP,SL.SRV.EMPL.ZS,2021,85.447258585431
SGP,SL.SRV.EMPL.ZS,2022,85.3444494774124
SGP,SL.SRV.EMPL.ZS,2023,86.0771205942299
SGP,SL.SRV.EMPL.ZS,2024,85.7394584559933
SGP,SL.SRV.EMPL.ZS,2025,85.906755500253
THA,SL.TLF.CACT.ZS,2015,69.269
THA,SL.TLF.CACT.ZS,2016,68.315
THA,SL.TLF.CACT.ZS,2017,67.525
THA,SL.TLF.CACT.ZS,2018,67.798
THA,SL.TLF.CACT.ZS,2019,66.94
THA,SL.TLF.CACT.ZS,2020,67.021
THA,SL.TLF.CACT.ZS,2021,66.952
THA,SL.TLF.CACT.ZS,2022,67.18
THA,SL.TLF.CACT.ZS,2023,67.814
THA,SL.TLF.CACT.ZS,2024,67.129
THA,SL.TLF.CACT.ZS,2025,66.678
THA,SL.UEM.TOTL.ZS,2015,0.597
THA,SL.UEM.TOTL.ZS,2016,0.688
THA,SL.UEM.TOTL.ZS,2017,0.83
THA,SL.UEM.TOTL.ZS,2018,0.765
THA,SL.UEM.TOTL.ZS,2019,0.716
THA,SL.UEM.TOTL.ZS,2020,1.099
THA,SL.UEM.TOTL.ZS,2021,1.215
THA,SL.UEM.TOTL.ZS,2022,0.94
THA,SL.UEM.TOTL.ZS,2023,0.733
THA,SL.UEM.TOTL.ZS,2024,0.781
THA,SL.UEM.TOTL.ZS,2025,0.781
THA,SL.UEM.1524.ZS,2015,3.094
THA,SL.UEM.1524.ZS,2016,3.714
THA,SL.UEM.1524.ZS,2017,4.373
THA,SL.UEM.1524.ZS,2018,4.011
THA,SL.UEM.1524.ZS,2019,4.19
THA,SL.UEM.1524.ZS,2020,5.199
THA,SL.UEM.1524.ZS,2021,5.858
THA,SL.UEM.1524.ZS,2022,5.208
THA,SL.UEM.1524.ZS,2023,4.491
THA,SL.UEM.1524.ZS,2024,4.66
THA,SL.UEM.1524.ZS,2025,4.531
THA,SL.AGR.EMPL.ZS,2015,32.3345065204086
THA,SL.AGR.EMPL.ZS,2016,31.2290600430982
THA,SL.AGR.EMPL.ZS,2017,31.5296819916623
THA,SL.AGR.EMPL.ZS,2018,32.1983100446982
THA,SL.AGR.EMPL.ZS,2019,31.4905856675213
THA,SL.AGR.EMPL.ZS,2020,31.3894710294934
THA,SL.AGR.EMPL.ZS,2021,31.8973264305607
THA,SL.AGR.EMPL.ZS,2022,30.4232397167292
THA,SL.AGR.EMPL.ZS,2023,30.2203833465474
THA,SL.AGR.EMPL.ZS,2024,28.9863358878798
THA,SL.AGR.EMPL.ZS,2025,28.5567111694664
THA,SL.IND.EMPL.ZS,2015,23.7199822557498
THA,SL.IND.EMPL.ZS,2016,23.7258928161447
THA,SL.IND.EMPL.ZS,2017,22.9001965786271
THA,SL.IND.EMPL.ZS,2018,22.8486643164464
THA,SL.IND.EMPL.ZS,2019,22.8893483662012
THA,SL.IND.EMPL.ZS,2020,22.6027550384991
THA,SL.IND.EMPL.ZS,2021,22.2725385292104
THA,SL.IND.EMPL.ZS,2022,22.2352690912822
THA,SL.IND.EMPL.ZS,2023,21.9241712091058
THA,SL.IND.EMPL.ZS,2024,22.2543475044884
THA,SL.IND.EMPL.ZS,2025,22.2373264328915
THA,SL.SRV.EMPL.ZS,2015,43.94552128009
THA,SL.SRV.EMPL.ZS,2016,45.0450446122349
THA,SL.SRV.EMPL.ZS,2017,45.5701188910502
THA,SL.SRV.EMPL.ZS,2018,44.9530256388553
THA,SL.SRV.EMPL.ZS,2019,45.6200634452476
THA,SL.SRV.EMPL.ZS,2020,46.0077764439411
THA,SL.SRV.EMPL.ZS,2021,45.8301350402289
THA,SL.SRV.EMPL.ZS,2022,47.3414812840193
THA,SL.SRV.EMPL.ZS,2023,47.8554430043835
THA,SL.SRV.EMPL.ZS,2024,48.7593092354398
THA,SL.SRV.EMPL.ZS,2025,49.2059648636357
VNM,SL.TLF.CACT.ZS,2015,77.43
VNM,SL.TLF.CACT.ZS,2016,76.965
VNM,SL.TLF.CACT.ZS,2017,77.2
VNM,SL.TLF.CACT.ZS,2018,77.482
VNM,SL.TLF.CACT.ZS,2019,76.615
VNM,SL.TLF.CACT.ZS,2020,74.367
VNM,SL.TLF.CACT.ZS,2021,73.738
VNM,SL.TLF.CACT.ZS,2022,74.484
VNM,SL.TLF.CACT.ZS,2023,73.545
VNM,SL.TLF.CACT.ZS,2024,73.134
VNM,SL.TLF.CACT.ZS,2025,72.778
VNM,SL.UEM.TOTL.ZS,2015,1.848
VNM,SL.UEM.TOTL.ZS,2016,1.848
VNM,SL.UEM.TOTL.ZS,2017,1.874
VNM,SL.UEM.TOTL.ZS,2018,1.161
VNM,SL.UEM.TOTL.ZS,2019,1.681
VNM,SL.UEM.TOTL.ZS,2020,2.103
VNM,SL.UEM.TOTL.ZS,2021,2.383
VNM,SL.UEM.TOTL.ZS,2022,1.57
VNM,SL.UEM.TOTL.ZS,2023,1.645
VNM,SL.UEM.TOTL.ZS,2024,1.602
VNM,SL.UEM.TOTL.ZS,2025,1.523
VNM,SL.UEM.1524.ZS,2015,6.267
VNM,SL.UEM.1524.ZS,2016,6.763
VNM,SL.UEM.1524.ZS,2017,7.124
VNM,SL.UEM.1524.ZS,2018,4.648
VNM,SL.UEM.1524.ZS,2019,5.624
VNM,SL.UEM.1524.ZS,2020,6.546
VNM,SL.UEM.1524.ZS,2021,6.903
VNM,SL.UEM.1524.ZS,2022,6.097
VNM,SL.UEM.1524.ZS,2023,6.441
VNM,SL.UEM.1524.ZS,2024,6.338
VNM,SL.UEM.1524.ZS,2025,6.165
VNM,SL.AGR.EMPL.ZS,2015,44.0184515218041
VNM,SL.AGR.EMPL.ZS,2016,41.8649072066788
VNM,SL.AGR.EMPL.ZS,2017,40.1554391261382
VNM,SL.AGR.EMPL.ZS,2018,37.7241139171479
VNM,SL.AGR.EMPL.ZS,2019,34.5351601063592
VNM,SL.AGR.EMPL.ZS,2020,32.6123879661738
VNM,SL.AGR.EMPL.ZS,2021,29.0283266030004
VNM,SL.AGR.EMPL.ZS,2022,33.4623722339218
VNM,SL.AGR.EMPL.ZS,2023,26.9827056291982
VNM,SL.AGR.EMPL.ZS,2024,25.8741334316538
VNM,SL.AGR.EMPL.ZS,2025,25.0433926775449
VNM,SL.IND.EMPL.ZS,2015,22.7436707500954
VNM,SL.IND.EMPL.ZS,2016,24.7622070388361
VNM,SL.IND.EMPL.ZS,2017,25.7768318231697
VNM,SL.IND.EMPL.ZS,2018,26.7047230561435
VNM,SL.IND.EMPL.ZS,2019,29.5891842687317
VNM,SL.IND.EMPL.ZS,2020,31.0698896075906
VNM,SL.IND.EMPL.ZS,2021,33.1255735800284
VNM,SL.IND.EMPL.ZS,2022,30.6825928896503
VNM,SL.IND.EMPL.ZS,2023,33.467876483268
VNM,SL.IND.EMPL.ZS,2024,34.3195198506067
VNM,SL.IND.EMPL.ZS,2025,34.8260889132074
VNM,SL.SRV.EMPL.ZS,2015,33.2378777281005
VNM,SL.SRV.EMPL.ZS,2016,33.37288761068
VNM,SL.SRV.EMPL.ZS,2017,34.0677198752187
VNM,SL.SRV.EMPL.ZS,2018,35.5711648258268
VNM,SL.SRV.EMPL.ZS,2019,35.8756556249091
VNM,SL.SRV.EMPL.ZS,2020,36.3177224262355
VNM,SL.SRV.EMPL.ZS,2021,37.8460942595862
VNM,SL.SRV.EMPL.ZS,2022,35.8550348764279
VNM,SL.SRV.EMPL.ZS,2023,39.5494160842561
VNM,SL.SRV.EMPL.ZS,2024,39.8063485099891
VNM,SL.SRV.EMPL.ZS,2025,40.1305077279733
TLS,SL.TLF.CACT.ZS,2015,66.882
TLS,SL.TLF.CACT.ZS,2016,66.823
TLS,SL.TLF.CACT.ZS,2017,67.058
TLS,SL.TLF.CACT.ZS,2018,67.204
TLS,SL.TLF.CACT.ZS,2019,66.51
TLS,SL.TLF.CACT.ZS,2020,65.922
TLS,SL.TLF.CACT.ZS,2021,66.473
TLS,SL.TLF.CACT.ZS,2022,66.56
TLS,SL.TLF.CACT.ZS,2023,66.577
TLS,SL.TLF.CACT.ZS,2024,66.763
TLS,SL.TLF.CACT.ZS,2025,66.98
TLS,SL.UEM.TOTL.ZS,2015,3.678
TLS,SL.UEM.TOTL.ZS,2016,4.657
TLS,SL.UEM.TOTL.ZS,2017,4.254
TLS,SL.UEM.TOTL.ZS,2018,3.765
TLS,SL.UEM.TOTL.ZS,2019,3.148
TLS,SL.UEM.TOTL.ZS,2020,2.808
TLS,SL.UEM.TOTL.ZS,2021,2.344
TLS,SL.UEM.TOTL.ZS,2022,1.537
TLS,SL.UEM.TOTL.ZS,2023,1.525
TLS,SL.UEM.TOTL.ZS,2024,1.523
TLS,SL.UEM.TOTL.ZS,2025,1.592
TLS,SL.UEM.1524.ZS,2015,8.568
TLS,SL.UEM.1524.ZS,2016,13.065
TLS,SL.UEM.1524.ZS,2017,11.493
TLS,SL.UEM.1524.ZS,2018,9.775
TLS,SL.UEM.1524.ZS,2019,7.968
TLS,SL.UEM.1524.ZS,2020,6.786
TLS,SL.UEM.1524.ZS,2021,4.791
TLS,SL.UEM.1524.ZS,2022,3.212
TLS,SL.UEM.1524.ZS,2023,3.198
TLS,SL.UEM.1524.ZS,2024,3.22
TLS,SL.UEM.1524.ZS,2025,3.717
TLS,SL.AGR.EMPL.ZS,2015,45.3768177576915
TLS,SL.AGR.EMPL.ZS,2016,44.1140202281899
TLS,SL.AGR.EMPL.ZS,2017,43.7562375623756
TLS,SL.AGR.EMPL.ZS,2018,43.0663156575154
TLS,SL.AGR.EMPL.ZS,2019,39.7972872541586
TLS,SL.AGR.EMPL.ZS,2020,39.3611170886833
TLS,SL.AGR.EMPL.ZS,2021,37.8435790720074
TLS,SL.AGR.EMPL.ZS,2022,48.2720351851599
TLS,SL.AGR.EMPL.ZS,2023,48.3871832415824
TLS,SL.AGR.EMPL.ZS,2024,46.3461425138644
TLS,SL.AGR.EMPL.ZS,2025,46.0185778910624
TLS,SL.IND.EMPL.ZS,2015,12.4198895962795
TLS,SL.IND.EMPL.ZS,2016,13.1373208443359
TLS,SL.IND.EMPL.ZS,2017,11.7713177131771
TLS,SL.IND.EMPL.ZS,2018,10.8961340777813
TLS,SL.IND.EMPL.ZS,2019,12.8214776920023
TLS,SL.IND.EMPL.ZS,2020,11.8515943564362
TLS,SL.IND.EMPL.ZS,2021,11.52188320123
TLS,SL.IND.EMPL.ZS,2022,4.14181452550651
TLS,SL.IND.EMPL.ZS,2023,3.10149336746489
TLS,SL.IND.EMPL.ZS,2024,3.82114726083455
TLS,SL.IND.EMPL.ZS,2025,3.80416619361111
TLS,SL.SRV.EMPL.ZS,2015,42.2032926460289
TLS,SL.SRV.EMPL.ZS,2016,42.7484513311079
TLS,SL.SRV.EMPL.ZS,2017,44.4724447244472
TLS,SL.SRV.EMPL.ZS,2018,46.0375502647033
TLS,SL.SRV.EMPL.ZS,2019,47.3812350538391
TLS,SL.SRV.EMPL.ZS,2020,48.7874724801775
TLS,SL.SRV.EMPL.ZS,2021,50.6345377267626
TLS,SL.SRV.EMPL.ZS,2022,47.5863212903049
TLS,SL.SRV.EMPL.ZS,2023,48.5113233909527
TLS,SL.SRV.EMPL.ZS,2024,49.832710225301
TLS,SL.SRV.EMPL.ZS,2025,50.1772559153265
BRN,SP.DYN.LE00.IN,2015,74.88
BRN,SP.DYN.LE00.IN,2016,74.905
BRN,SP.DYN.LE00.IN,2017,74.943
BRN,SP.DYN.LE00.IN,2018,74.992
BRN,SP.DYN.LE00.IN,2019,75.049
BRN,SP.DYN.LE00.IN,2020,75.114
BRN,SP.DYN.LE00.IN,2021,74.869
BRN,SP.DYN.LE00.IN,2022,72.917
BRN,SP.DYN.LE00.IN,2023,75.327
BRN,SP.DYN.LE00.IN,2024,75.501
BRN,SH.XPD.CHEX.GD.ZS,2015,2.38708901
BRN,SH.XPD.CHEX.GD.ZS,2016,2.54828691
BRN,SH.XPD.CHEX.GD.ZS,2017,2.27022862
BRN,SH.XPD.CHEX.GD.ZS,2018,2.41600895
BRN,SH.XPD.CHEX.GD.ZS,2019,2.23100758
BRN,SH.XPD.CHEX.GD.ZS,2020,2.45359564
BRN,SH.XPD.CHEX.GD.ZS,2021,2.14748693
BRN,SH.XPD.CHEX.GD.ZS,2022,1.77042186
BRN,SH.XPD.CHEX.GD.ZS,2023,2.2286067
BRN,SH.DYN.MORT,2015,10.7
BRN,SH.DYN.MORT,2016,10.7
BRN,SH.DYN.MORT,2017,10.7
BRN,SH.DYN.MORT,2018,10.6
BRN,SH.DYN.MORT,2019,10.5
BRN,SH.DYN.MORT,2020,10.4
BRN,SH.DYN.MORT,2021,10.3
BRN,SH.DYN.MORT,2022,10.2
BRN,SH.DYN.MORT,2023,10.1
BRN,SH.DYN.MORT,2024,9.9
BRN,SH.DYN.MORT.FE,2015,9.9
BRN,SH.DYN.MORT.FE,2016,9.9
BRN,SH.DYN.MORT.FE,2017,9.9
BRN,SH.DYN.MORT.FE,2018,9.8
BRN,SH.DYN.MORT.FE,2019,9.7
BRN,SH.DYN.MORT.FE,2020,9.6
BRN,SH.DYN.MORT.FE,2021,9.5
BRN,SH.DYN.MORT.FE,2022,9.4
BRN,SH.DYN.MORT.FE,2023,9.3
BRN,SH.DYN.MORT.FE,2024,9.2
BRN,SH.DYN.MORT.MA,2015,11.4
BRN,SH.DYN.MORT.MA,2016,11.5
BRN,SH.DYN.MORT.MA,2017,11.5
BRN,SH.DYN.MORT.MA,2018,11.4
BRN,SH.DYN.MORT.MA,2019,11.3
BRN,SH.DYN.MORT.MA,2020,11.2
BRN,SH.DYN.MORT.MA,2021,11.0
BRN,SH.DYN.MORT.MA,2022,10.9
BRN,SH.DYN.MORT.MA,2023,10.8
BRN,SH.DYN.MORT.MA,2024,10.7
BRN,SH.STA.MMRT,2015,39.0
BRN,SH.STA.MMRT,2016,39.0
BRN,SH.STA.MMRT,2017,39.0
BRN,SH.STA.MMRT,2018,39.0
BRN,SH.STA.MMRT,2019,38.0
BRN,SH.STA.MMRT,2020,39.0
BRN,SH.STA.MMRT,2021,44.0
BRN,SH.STA.MMRT,2022,88.0
BRN,SH.STA.MMRT,2023,36.0
BRN,SH.MED.BEDS.ZS,2015,3.06
BRN,SH.MED.BEDS.ZS,2016,3.1
BRN,SH.MED.BEDS.ZS,2017,3.34
BRN,SH.MED.BEDS.ZS,2018,3.42
BRN,SH.MED.BEDS.ZS,2019,3.66
BRN,SH.MED.BEDS.ZS,2020,3.84
BRN,SH.MED.BEDS.ZS,2021,3.82
BRN,SH.MED.BEDS.ZS,2022,4.19
BRN,SH.MED.BEDS.ZS,2023,3.58
BRN,SH.MED.PHYS.ZS,2015,1.75
BRN,SH.MED.PHYS.ZS,2017,1.578
BRN,SH.MED.PHYS.ZS,2018,1.763
BRN,SH.MED.PHYS.ZS,2021,1.886
KHM,SP.DYN.LE00.IN,2015,69.398
KHM,SP.DYN.LE00.IN,2016,69.635
KHM,SP.DYN.LE00.IN,2017,69.842
KHM,SP.DYN.LE00.IN,2018,69.993
KHM,SP.DYN.LE00.IN,2019,70.127
KHM,SP.DYN.LE00.IN,2020,70.059
KHM,SP.DYN.LE00.IN,2021,69.301
KHM,SP.DYN.LE00.IN,2022,70.528
KHM,SP.DYN.LE00.IN,2023,70.668
KHM,SP.DYN.LE00.IN,2024,70.817
KHM,SH.XPD.CHEX.GD.ZS,2015,4.53898621
KHM,SH.XPD.CHEX.GD.ZS,2016,4.49053288
KHM,SH.XPD.CHEX.GD.ZS,2017,4.26933241
KHM,SH.XPD.CHEX.GD.ZS,2018,4.49707794
KHM,SH.XPD.CHEX.GD.ZS,2019,5.05801058
KHM,SH.XPD.CHEX.GD.ZS,2020,5.13031435
KHM,SH.XPD.CHEX.GD.ZS,2021,6.33888054
KHM,SH.XPD.CHEX.GD.ZS,2022,4.46856117
KHM,SH.XPD.CHEX.GD.ZS,2023,4.61706829
KHM,SH.DYN.MORT,2015,29.6
KHM,SH.DYN.MORT,2016,27.5
KHM,SH.DYN.MORT,2017,25.6
KHM,SH.DYN.MORT,2018,24.1
KHM,SH.DYN.MORT,2019,22.8
KHM,SH.DYN.MORT,2020,21.8
KHM,SH.DYN.MORT,2021,20.8
KHM,SH.DYN.MORT,2022,19.9
KHM,SH.DYN.MORT,2023,19.1
KHM,SH.DYN.MORT,2024,18.4
KHM,SH.DYN.MORT.FE,2015,26.1
KHM,SH.DYN.MORT.FE,2016,24.2
KHM,SH.DYN.MORT.FE,2017,22.6
KHM,SH.DYN.MORT.FE,2018,21.2
KHM,SH.DYN.MORT.FE,2019,20.1
KHM,SH.DYN.MORT.FE,2020,19.2
KHM,SH.DYN.MORT.FE,2021,18.3
KHM,SH.DYN.MORT.FE,2022,17.6
KHM,SH.DYN.MORT.FE,2023,16.9
KHM,SH.DYN.MORT.FE,2024,16.2
KHM,SH.DYN.MORT.MA,2015,33.0
KHM,SH.DYN.MORT.MA,2016,30.6
KHM,SH.DYN.MORT.MA,2017,28.5
KHM,SH.DYN.MORT.MA,2018,26.8
KHM,SH.DYN.MORT.MA,2019,25.3
KHM,SH.DYN.MORT.MA,2020,24.1
KHM,SH.DYN.MORT.MA,2021,23.1
KHM,SH.DYN.MORT.MA,2022,22.1
KHM,SH.DYN.MORT.MA,2023,21.2
KHM,SH.DYN.MORT.MA,2024,20.4
KHM,SH.STA.MMRT,2015,166.0
KHM,SH.STA.MMRT,2016,159.0
KHM,SH.STA.MMRT,2017,155.0
KHM,SH.STA.MMRT,2018,151.0
KHM,SH.STA.MMRT,2019,149.0
KHM,SH.STA.MMRT,2020,164.0
KHM,SH.STA.MMRT,2021,189.0
KHM,SH.STA.MMRT,2022,159.0
KHM,SH.STA.MMRT,2023,137.0
KHM,SH.STA.MMRT.NE,2021,154.0
KHM,SH.MED.BEDS.ZS,2015,0.83
KHM,SH.MED.BEDS.ZS,2018,0.73
KHM,SH.MED.PHYS.ZS,2015,0.15
KHM,SH.MED.PHYS.ZS,2016,0.197
KHM,SH.MED.PHYS.ZS,2017,0.195
KHM,SH.MED.PHYS.ZS,2018,0.211
KHM,SH.MED.PHYS.ZS,2019,0.211
IDN,SP.DYN.LE00.IN,2015,69.52
IDN,SP.DYN.LE00.IN,2016,69.733
IDN,SP.DYN.LE00.IN,2017,69.953
IDN,SP.DYN.LE00.IN,2018,70.08
IDN,SP.DYN.LE00.IN,2019,70.349
IDN,SP.DYN.LE00.IN,2020,68.817
IDN,SP.DYN.LE00.IN,2021,67.452
IDN,SP.DYN.LE00.IN,2022,70.925
IDN,SP.DYN.LE00.IN,2023,71.146
IDN,SP.DYN.LE00.IN,2024,71.288
IDN,SH.XPD.CHEX.GD.ZS,2015,2.92428517
IDN,SH.XPD.CHEX.GD.ZS,2016,3.02147198
IDN,SH.XPD.CHEX.GD.ZS,2017,2.90417194
IDN,SH.XPD.CHEX.GD.ZS,2018,2.86757827
IDN,SH.XPD.CHEX.GD.ZS,2019,2.87862897
IDN,SH.XPD.CHEX.GD.ZS,2020,3.42067289
IDN,SH.XPD.CHEX.GD.ZS,2021,3.70634937
IDN,SH.XPD.CHEX.GD.ZS,2022,2.69389749
IDN,SH.XPD.CHEX.GD.ZS,2023,2.70239949
IDN,SH.DYN.MORT,2015,26.1
IDN,SH.DYN.MORT,2016,25.0
IDN,SH.DYN.MORT,2017,23.8
IDN,SH.DYN.MORT,2018,22.8
IDN,SH.DYN.MORT,2019,21.8
IDN,SH.DYN.MORT,2020,20.8
IDN,SH.DYN.MORT,2021,19.9
IDN,SH.DYN.MORT,2022,19.1
IDN,SH.DYN.MORT,2023,18.4
IDN,SH.DYN.MORT,2024,17.7
IDN,SH.DYN.MORT.FE,2015,23.5
IDN,SH.DYN.MORT.FE,2016,22.4
IDN,SH.DYN.MORT.FE,2017,21.4
IDN,SH.DYN.MORT.FE,2018,20.4
IDN,SH.DYN.MORT.FE,2019,19.5
IDN,SH.DYN.MORT.FE,2020,18.7
IDN,SH.DYN.MORT.FE,2021,17.8
IDN,SH.DYN.MORT.FE,2022,17.1
IDN,SH.DYN.MORT.FE,2023,16.4
IDN,SH.DYN.MORT.FE,2024,15.8
IDN,SH.DYN.MORT.MA,2015,28.7
IDN,SH.DYN.MORT.MA,2016,27.4
IDN,SH.DYN.MORT.MA,2017,26.2
IDN,SH.DYN.MORT.MA,2018,25.1
IDN,SH.DYN.MORT.MA,2019,23.9
IDN,SH.DYN.MORT.MA,2020,22.9
IDN,SH.DYN.MORT.MA,2021,21.9
IDN,SH.DYN.MORT.MA,2022,21.0
IDN,SH.DYN.MORT.MA,2023,20.2
IDN,SH.DYN.MORT.MA,2024,19.4
IDN,SH.STA.MMRT,2015,190.0
IDN,SH.STA.MMRT,2016,182.0
IDN,SH.STA.MMRT,2017,173.0
IDN,SH.STA.MMRT,2018,168.0
IDN,SH.STA.MMRT,2019,161.0
IDN,SH.STA.MMRT,2020,184.0
IDN,SH.STA.MMRT,2021,226.0
IDN,SH.STA.MMRT,2022,148.0
IDN,SH.STA.MMRT,2023,140.0
IDN,SH.MED.BEDS.ZS,2015,0.95
IDN,SH.MED.BEDS.ZS,2016,0.97
IDN,SH.MED.BEDS.ZS,2017,1.02
IDN,SH.MED.BEDS.ZS,2018,1.15
IDN,SH.MED.BEDS.ZS,2019,1.16
IDN,SH.MED.BEDS.ZS,2020,1.38
IDN,SH.MED.BEDS.ZS,2021,1.34
IDN,SH.MED.BEDS.ZS,2022,1.4
IDN,SH.MED.BEDS.ZS,2023,1.37
IDN,SH.MED.PHYS.ZS,2015,0.27
IDN,SH.MED.PHYS.ZS,2017,0.373
IDN,SH.MED.PHYS.ZS,2018,0.421
IDN,SH.MED.PHYS.ZS,2019,0.462
IDN,SH.MED.PHYS.ZS,2020,0.62
IDN,SH.MED.PHYS.ZS,2021,0.688
IDN,SH.MED.PHYS.ZS,2022,0.681
IDN,SH.MED.PHYS.ZS,2023,0.524
LAO,SP.DYN.LE00.IN,2015,66.688
LAO,SP.DYN.LE00.IN,2016,67.014
LAO,SP.DYN.LE00.IN,2017,67.345
LAO,SP.DYN.LE00.IN,2018,67.594
LAO,SP.DYN.LE00.IN,2019,67.911
LAO,SP.DYN.LE00.IN,2020,68.339
LAO,SP.DYN.LE00.IN,2021,67.807
LAO,SP.DYN.LE00.IN,2022,68.715
LAO,SP.DYN.LE00.IN,2023,68.964
LAO,SP.DYN.LE00.IN,2024,69.225
LAO,SH.XPD.CHEX.GD.ZS,2015,2.45366454
LAO,SH.XPD.CHEX.GD.ZS,2016,2.36087489
LAO,SH.XPD.CHEX.GD.ZS,2017,2.52606821
LAO,SH.XPD.CHEX.GD.ZS,2018,2.24630046
LAO,SH.XPD.CHEX.GD.ZS,2019,2.60312223
LAO,SH.XPD.CHEX.GD.ZS,2020,2.05965185
LAO,SH.XPD.CHEX.GD.ZS,2021,2.74392009
LAO,SH.XPD.CHEX.GD.ZS,2022,2.01825476
LAO,SH.XPD.CHEX.GD.ZS,2023,1.32651615
LAO,SH.DYN.MORT,2015,44.4
LAO,SH.DYN.MORT,2016,42.2
LAO,SH.DYN.MORT,2017,40.2
LAO,SH.DYN.MORT,2018,38.3
LAO,SH.DYN.MORT,2019,36.5
LAO,SH.DYN.MORT,2020,34.8
LAO,SH.DYN.MORT,2021,33.2
LAO,SH.DYN.MORT,2022,31.8
LAO,SH.DYN.MORT,2023,30.5
LAO,SH.DYN.MORT,2024,29.4
LAO,SH.DYN.MORT.FE,2015,38.9
LAO,SH.DYN.MORT.FE,2016,36.9
LAO,SH.DYN.MORT.FE,2017,35.1
LAO,SH.DYN.MORT.FE,2018,33.5
LAO,SH.DYN.MORT.FE,2019,31.9
LAO,SH.DYN.MORT.FE,2020,30.4
LAO,SH.DYN.MORT.FE,2021,29.0
LAO,SH.DYN.MORT.FE,2022,27.7
LAO,SH.DYN.MORT.FE,2023,26.5
LAO,SH.DYN.MORT.FE,2024,25.6
LAO,SH.DYN.MORT.MA,2015,49.7
LAO,SH.DYN.MORT.MA,2016,47.2
LAO,SH.DYN.MORT.MA,2017,45.0
LAO,SH.DYN.MORT.MA,2018,42.9
LAO,SH.DYN.MORT.MA,2019,40.9
LAO,SH.DYN.MORT.MA,2020,39.0
LAO,SH.DYN.MORT.MA,2021,37.3
LAO,SH.DYN.MORT.MA,2022,35.7
LAO,SH.DYN.MORT.MA,2023,34.2
LAO,SH.DYN.MORT.MA,2024,32.9
LAO,SH.STA.MMRT,2015,180.0
LAO,SH.STA.MMRT,2016,165.0
LAO,SH.STA.MMRT,2017,154.0
LAO,SH.STA.MMRT,2018,145.0
LAO,SH.STA.MMRT,2019,137.0
LAO,SH.STA.MMRT,2020,132.0
LAO,SH.STA.MMRT,2021,139.0
LAO,SH.STA.MMRT,2022,120.0
LAO,SH.STA.MMRT,2023,112.0
LAO,SH.MED.BEDS.ZS,2015,1.15
LAO,SH.MED.BEDS.ZS,2016,1.21
LAO,SH.MED.BEDS.ZS,2017,1.58
LAO,SH.MED.BEDS.ZS,2018,1.46
LAO,SH.MED.BEDS.ZS,2019,1.68
LAO,SH.MED.BEDS.ZS,2020,1.27
LAO,SH.MED.BEDS.ZS,2021,1.31
LAO,SH.MED.BEDS.ZS,2022,1.29
LAO,SH.MED.BEDS.ZS,2023,1.71
LAO,SH.MED.PHYS.ZS,2015,0.4
LAO,SH.MED.PHYS.ZS,2016,0.371
LAO,SH.MED.PHYS.ZS,2017,0.44
LAO,SH.MED.PHYS.ZS,2018,0.361
LAO,SH.MED.PHYS.ZS,2019,0.363
LAO,SH.MED.PHYS.ZS,2020,0.356
LAO,SH.MED.PHYS.ZS,2021,0.325
LAO,SH.MED.PHYS.ZS,2022,0.331
MYS,SP.DYN.LE00.IN,2015,75.288
MYS,SP.DYN.LE00.IN,2016,75.371
MYS,SP.DYN.LE00.IN,2017,75.542
MYS,SP.DYN.LE00.IN,2018,75.734
MYS,SP.DYN.LE00.IN,2019,75.9
MYS,SP.DYN.LE00.IN,2020,76.057
MYS,SP.DYN.LE00.IN,2021,73.917
MYS,SP.DYN.LE00.IN,2022,75.444
MYS,SP.DYN.LE00.IN,2023,76.657
MYS,SP.DYN.LE00.IN,2024,76.821
MYS,SH.XPD.CHEX.GD.ZS,2015,3.82201481
MYS,SH.XPD.CHEX.GD.ZS,2016,3.70085335
MYS,SH.XPD.CHEX.GD.ZS,2017,3.71472311
MYS,SH.XPD.CHEX.GD.ZS,2018,3.75944281
MYS,SH.XPD.CHEX.GD.ZS,2019,3.83991051
MYS,SH.XPD.CHEX.GD.ZS,2020,4.08254337
MYS,SH.XPD.CHEX.GD.ZS,2021,4.37438345
MYS,SH.XPD.CHEX.GD.ZS,2022,3.90037823
MYS,SH.XPD.CHEX.GD.ZS,2023,3.95760036
MYS,SH.DYN.MORT,2015,8.2
MYS,SH.DYN.MORT,2016,8.2
MYS,SH.DYN.MORT,2017,8.2
MYS,SH.DYN.MORT,2018,8.2
MYS,SH.DYN.MORT,2019,8.2
MYS,SH.DYN.MORT,2020,8.2
MYS,SH.DYN.MORT,2021,8.2
MYS,SH.DYN.MORT,2022,8.2
MYS,SH.DYN.MORT,2023,8.3
MYS,SH.DYN.MORT,2024,8.3
MYS,SH.DYN.MORT.FE,2015,7.4
MYS,SH.DYN.MORT.FE,2016,7.5
MYS,SH.DYN.MORT.FE,2017,7.5
MYS,SH.DYN.MORT.FE,2018,7.5
MYS,SH.DYN.MORT.FE,2019,7.5
MYS,SH.DYN.MORT.FE,2020,7.5
MYS,SH.DYN.MORT.FE,2021,7.5
MYS,SH.DYN.MORT.FE,2022,7.5
MYS,SH.DYN.MORT.FE,2023,7.5
MYS,SH.DYN.MORT.FE,2024,7.6
MYS,SH.DYN.MORT.MA,2015,8.9
MYS,SH.DYN.MORT.MA,2016,8.9
MYS,SH.DYN.MORT.MA,2017,8.9
MYS,SH.DYN.MORT.MA,2018,8.9
MYS,SH.DYN.MORT.MA,2019,8.9
MYS,SH.DYN.MORT.MA,2020,8.9
MYS,SH.DYN.MORT.MA,2021,8.9
MYS,SH.DYN.MORT.MA,2022,8.9
MYS,SH.DYN.MORT.MA,2023,9.0
MYS,SH.DYN.MORT.MA,2024,9.0
MYS,SH.STA.MMRT,2015,30.0
MYS,SH.STA.MMRT,2016,30.0
MYS,SH.STA.MMRT,2017,29.0
MYS,SH.STA.MMRT,2018,29.0
MYS,SH.STA.MMRT,2019,28.0
MYS,SH.STA.MMRT,2020,29.0
MYS,SH.STA.MMRT,2021,52.0
MYS,SH.STA.MMRT,2022,38.0
MYS,SH.STA.MMRT,2023,26.0
MYS,SH.MED.BEDS.ZS,2015,1.86
MYS,SH.MED.BEDS.ZS,2016,1.88
MYS,SH.MED.BEDS.ZS,2017,1.89
MYS,SH.MED.BEDS.ZS,2018,1.9
MYS,SH.MED.BEDS.ZS,2019,1.9
MYS,SH.MED.BEDS.ZS,2020,1.93
MYS,SH.MED.BEDS.ZS,2021,1.97
MYS,SH.MED.BEDS.ZS,2022,1.94
MYS,SH.MED.BEDS.ZS,2023,1.96
MYS,SH.MED.PHYS.ZS,2015,1.489
MYS,SH.MED.PHYS.ZS,2016,1.576
MYS,SH.MED.PHYS.ZS,2017,1.787
MYS,SH.MED.PHYS.ZS,2018,1.858
MYS,SH.MED.PHYS.ZS,2019,2.021
MYS,SH.MED.PHYS.ZS,2020,2.183
MYS,SH.MED.PHYS.ZS,2021,2.268
MYS,SH.MED.PHYS.ZS,2022,2.29
MYS,SH.MED.PHYS.ZS,2023,2.341
MMR,SP.DYN.LE00.IN,2015,65.288
MMR,SP.DYN.LE00.IN,2016,65.64
MMR,SP.DYN.LE00.IN,2017,65.909
MMR,SP.DYN.LE00.IN,2018,66.232
MMR,SP.DYN.LE00.IN,2019,66.457
MMR,SP.DYN.LE00.IN,2020,66.612
MMR,SP.DYN.LE00.IN,2021,65.553
MMR,SP.DYN.LE00.IN,2022,66.506
MMR,SP.DYN.LE00.IN,2023,66.889
MMR,SP.DYN.LE00.IN,2024,67.095
MMR,SH.XPD.CHEX.GD.ZS,2015,5.19711542
MMR,SH.XPD.CHEX.GD.ZS,2016,4.76220942
MMR,SH.XPD.CHEX.GD.ZS,2017,4.6921258
MMR,SH.XPD.CHEX.GD.ZS,2018,4.53514671
MMR,SH.XPD.CHEX.GD.ZS,2019,3.814466
MMR,SH.XPD.CHEX.GD.ZS,2020,4.27808714
MMR,SH.XPD.CHEX.GD.ZS,2021,5.53530645
MMR,SH.XPD.CHEX.GD.ZS,2022,4.49158478
MMR,SH.XPD.CHEX.GD.ZS,2023,4.45748425
MMR,SH.DYN.MORT,2015,50.5
MMR,SH.DYN.MORT,2016,48.7
MMR,SH.DYN.MORT,2017,46.8
MMR,SH.DYN.MORT,2018,45.2
MMR,SH.DYN.MORT,2019,43.6
MMR,SH.DYN.MORT,2020,42.1
MMR,SH.DYN.MORT,2021,40.8
MMR,SH.DYN.MORT,2022,39.5
MMR,SH.DYN.MORT,2023,38.1
MMR,SH.DYN.MORT,2024,36.9
MMR,SH.DYN.MORT.FE,2015,45.4
MMR,SH.DYN.MORT.FE,2016,43.7
MMR,SH.DYN.MORT.FE,2017,42.0
MMR,SH.DYN.MORT.FE,2018,40.5
MMR,SH.DYN.MORT.FE,2019,39.1
MMR,SH.DYN.MORT.FE,2020,37.8
MMR,SH.DYN.MORT.FE,2021,36.4
MMR,SH.DYN.MORT.FE,2022,35.3
MMR,SH.DYN.MORT.FE,2023,34.2
MMR,SH.DYN.MORT.FE,2024,33.0
MMR,SH.DYN.MORT.MA,2015,55.2
MMR,SH.DYN.MORT.MA,2016,53.3
MMR,SH.DYN.MORT.MA,2017,51.4
MMR,SH.DYN.MORT.MA,2018,49.6
MMR,SH.DYN.MORT.MA,2019,47.9
MMR,SH.DYN.MORT.MA,2020,46.3
MMR,SH.DYN.MORT.MA,2021,44.8
MMR,SH.DYN.MORT.MA,2022,43.4
MMR,SH.DYN.MORT.MA,2023,42.0
MMR,SH.DYN.MORT.MA,2024,40.5
MMR,SH.STA.MMRT,2015,222.0
MMR,SH.STA.MMRT,2016,215.0
MMR,SH.STA.MMRT,2017,209.0
MMR,SH.STA.MMRT,2018,201.0
MMR,SH.STA.MMRT,2019,195.0
MMR,SH.STA.MMRT,2020,198.0
MMR,SH.STA.MMRT,2021,231.0
MMR,SH.STA.MMRT,2022,193.0
MMR,SH.STA.MMRT,2023,185.0
MMR,SH.MED.BEDS.ZS,2015,1.07
MMR,SH.MED.BEDS.ZS,2016,1.07
MMR,SH.MED.BEDS.ZS,2017,1.06
MMR,SH.MED.BEDS.ZS,2018,1.06
MMR,SH.MED.BEDS.ZS,2019,1.05
MMR,SH.MED.BEDS.ZS,2020,1.07
MMR,SH.MED.PHYS.ZS,2016,0.638
MMR,SH.MED.PHYS.ZS,2017,0.889
MMR,SH.MED.PHYS.ZS,2018,0.696
MMR,SH.MED.PHYS.ZS,2019,0.757
PHL,SP.DYN.LE00.IN,2015,69.45
PHL,SP.DYN.LE00.IN,2016,69.49
PHL,SP.DYN.LE00.IN,2017,69.966
PHL,SP.DYN.LE00.IN,2018,69.761
PHL,SP.DYN.LE00.IN,2019,69.68
PHL,SP.DYN.LE00.IN,2020,70.097
PHL,SP.DYN.LE00.IN,2021,66.675
PHL,SP.DYN.LE00.IN,2022,69.472
PHL,SP.DYN.LE00.IN,2023,69.833
PHL,SP.DYN.LE00.IN,2024,69.946
PHL,SH.XPD.CHEX.GD.ZS,2015,3.8982749
PHL,SH.XPD.CHEX.GD.ZS,2016,3.95484328
PHL,SH.XPD.CHEX.GD.ZS,2017,3.96042776
PHL,SH.XPD.CHEX.GD.ZS,2018,3.9538188
PHL,SH.XPD.CHEX.GD.ZS,2019,4.16646004
PHL,SH.XPD.CHEX.GD.ZS,2020,5.16214037
PHL,SH.XPD.CHEX.GD.ZS,2021,5.97500563
PHL,SH.XPD.CHEX.GD.ZS,2022,5.15588379
PHL,SH.XPD.CHEX.GD.ZS,2023,5.10122538
PHL,SH.DYN.MORT,2015,27.9
PHL,SH.DYN.MORT,2016,27.8
PHL,SH.DYN.MORT,2017,27.8
PHL,SH.DYN.MORT,2018,27.9
PHL,SH.DYN.MORT,2019,28.0
PHL,SH.DYN.MORT,2020,28.0
PHL,SH.DYN.MORT,2021,27.9
PHL,SH.DYN.MORT,2022,27.5
PHL,SH.DYN.MORT,2023,27.0
PHL,SH.DYN.MORT,2024,26.5
PHL,SH.DYN.MORT.FE,2015,24.9
PHL,SH.DYN.MORT.FE,2016,24.8
PHL,SH.DYN.MORT.FE,2017,24.9
PHL,SH.DYN.MORT.FE,2018,25.0
PHL,SH.DYN.MORT.FE,2019,25.1
PHL,SH.DYN.MORT.FE,2020,25.0
PHL,SH.DYN.MORT.FE,2021,24.8
PHL,SH.DYN.MORT.FE,2022,24.5
PHL,SH.DYN.MORT.FE,2023,24.1
PHL,SH.DYN.MORT.FE,2024,23.6
PHL,SH.DYN.MORT.MA,2015,30.6
PHL,SH.DYN.MORT.MA,2016,30.6
PHL,SH.DYN.MORT.MA,2017,30.7
PHL,SH.DYN.MORT.MA,2018,30.8
PHL,SH.DYN.MORT.MA,2019,30.9
PHL,SH.DYN.MORT.MA,2020,30.9
PHL,SH.DYN.MORT.MA,2021,30.7
PHL,SH.DYN.MORT.MA,2022,30.3
PHL,SH.DYN.MORT.MA,2023,29.8
PHL,SH.DYN.MORT.MA,2024,29.2
PHL,SH.STA.MMRT,2015,104.0
PHL,SH.STA.MMRT,2016,98.0
PHL,SH.STA.MMRT,2017,86.0
PHL,SH.STA.MMRT,2018,92.0
PHL,SH.STA.MMRT,2019,92.0
PHL,SH.STA.MMRT,2020,88.0
PHL,SH.STA.MMRT,2021,153.0
PHL,SH.STA.MMRT,2022,92.0
PHL,SH.STA.MMRT,2023,84.0
PHL,SH.MED.BEDS.ZS,2015,0.93
PHL,SH.MED.BEDS.ZS,2016,1.03
PHL,SH.MED.BEDS.ZS,2017,0.98
PHL,SH.MED.BEDS.ZS,2018,0.94
PHL,SH.MED.BEDS.ZS,2019,0.98
PHL,SH.MED.BEDS.ZS,2020,0.99
PHL,SH.MED.BEDS.ZS,2021,0.97
PHL,SH.MED.PHYS.ZS,2015,0.609
PHL,SH.MED.PHYS.ZS,2016,0.631
PHL,SH.MED.PHYS.ZS,2017,0.66
PHL,SH.MED.PHYS.ZS,2018,0.695
PHL,SH.MED.PHYS.ZS,2019,0.732
PHL,SH.MED.PHYS.ZS,2020,0.752
PHL,SH.MED.PHYS.ZS,2021,0.792
SGP,SP.DYN.LE00.IN,2015,82.7439024390244
SGP,SP.DYN.LE00.IN,2016,82.8463414634146
SGP,SP.DYN.LE00.IN,2017,83.0951219512195
SGP,SP.DYN.LE00.IN,2018,83.2975609756098
SGP,SP.DYN.LE00.IN,2019,83.5951219512195
SGP,SP.DYN.LE00.IN,2020,83.5439024390244
SGP,SP.DYN.LE00.IN,2021,83.0926829268293
SGP,SP.DYN.LE00.IN,2022,82.8951219512195
SGP,SP.DYN.LE00.IN,2023,83.0975609756098
SGP,SP.DYN.LE00.IN,2024,83.3463414634146
SGP,SH.XPD.CHEX.GD.ZS,2015,4.18061399
SGP,SH.XPD.CHEX.GD.ZS,2016,4.37989521
SGP,SH.XPD.CHEX.GD.ZS,2017,4.35978413
SGP,SH.XPD.CHEX.GD.ZS,2018,4.07275724
SGP,SH.XPD.CHEX.GD.ZS,2019,4.40746737
SGP,SH.XPD.CHEX.GD.ZS,2020,5.70015287
SGP,SH.XPD.CHEX.GD.ZS,2021,5.14599705
SGP,SH.XPD.CHEX.GD.ZS,2022,4.33121586
SGP,SH.XPD.CHEX.GD.ZS,2023,4.49163246
SGP,SH.DYN.MORT,2015,2.7
SGP,SH.DYN.MORT,2016,2.6
SGP,SH.DYN.MORT,2017,2.6
SGP,SH.DYN.MORT,2018,2.5
SGP,SH.DYN.MORT,2019,2.5
SGP,SH.DYN.MORT,2020,2.4
SGP,SH.DYN.MORT,2021,2.4
SGP,SH.DYN.MORT,2022,2.5
SGP,SH.DYN.MORT,2023,2.6
SGP,SH.DYN.MORT,2024,2.7
SGP,SH.DYN.MORT.FE,2015,2.5
SGP,SH.DYN.MORT.FE,2016,2.5
SGP,SH.DYN.MORT.FE,2017,2.4
SGP,SH.DYN.MORT.FE,2018,2.4
SGP,SH.DYN.MORT.FE,2019,2.3
SGP,SH.DYN.MORT.FE,2020,2.3
SGP,SH.DYN.MORT.FE,2021,2.3
SGP,SH.DYN.MORT.FE,2022,2.3
SGP,SH.DYN.MORT.FE,2023,2.4
SGP,SH.DYN.MORT.FE,2024,2.5
SGP,SH.DYN.MORT.MA,2015,2.9
SGP,SH.DYN.MORT.MA,2016,2.8
SGP,SH.DYN.MORT.MA,2017,2.8
SGP,SH.DYN.MORT.MA,2018,2.7
SGP,SH.DYN.MORT.MA,2019,2.6
SGP,SH.DYN.MORT.MA,2020,2.6
SGP,SH.DYN.MORT.MA,2021,2.6
SGP,SH.DYN.MORT.MA,2022,2.6
SGP,SH.DYN.MORT.MA,2023,2.7
SGP,SH.DYN.MORT.MA,2024,2.8
SGP,SH.STA.MMRT,2015,8.0
SGP,SH.STA.MMRT,2016,8.0
SGP,SH.STA.MMRT,2017,8.0
SGP,SH.STA.MMRT,2018,8.0
SGP,SH.STA.MMRT,2019,7.0
SGP,SH.STA.MMRT,2020,13.0
SGP,SH.STA.MMRT,2021,20.0
SGP,SH.STA.MMRT,2022,34.0
SGP,SH.STA.MMRT,2023,6.0
SGP,SH.MED.BEDS.ZS,2015,2.4
SGP,SH.MED.BEDS.ZS,2016,2.5
SGP,SH.MED.BEDS.ZS,2017,2.49
SGP,SH.MED.BEDS.ZS,2018,2.58
SGP,SH.MED.BEDS.ZS,2019,2.69
SGP,SH.MED.BEDS.ZS,2020,2.77
SGP,SH.MED.BEDS.ZS,2021,2.84
SGP,SH.MED.BEDS.ZS,2022,2.83
SGP,SH.MED.BEDS.ZS,2023,2.81
SGP,SH.MED.PHYS.ZS,2015,2.255
SGP,SH.MED.PHYS.ZS,2016,2.325
SGP,SH.MED.PHYS.ZS,2017,2.389
SGP,SH.MED.PHYS.ZS,2018,2.443
SGP,SH.MED.PHYS.ZS,2019,2.519
SGP,SH.MED.PHYS.ZS,2020,2.638
SGP,SH.MED.PHYS.ZS,2021,2.781
SGP,SH.MED.PHYS.ZS,2022,2.834
THA,SP.DYN.LE00.IN,2015,76.563
THA,SP.DYN.LE00.IN,2016,76.769
THA,SP.DYN.LE00.IN,2017,76.989
THA,SP.DYN.LE00.IN,2018,77.19
THA,SP.DYN.LE00.IN,2019,77.197
THA,SP.DYN.LE00.IN,2020,77.331
THA,SP.DYN.LE00.IN,2021,77.606
THA,SP.DYN.LE00.IN,2022,75.291
THA,SP.DYN.LE00.IN,2023,76.412
THA,SP.DYN.LE00.IN,2024,76.564
THA,SH.XPD.CHEX.GD.ZS,2015,3.8522861
THA,SH.XPD.CHEX.GD.ZS,2016,3.93900609
THA,SH.XPD.CHEX.GD.ZS,2017,3.85276842
THA,SH.XPD.CHEX.GD.ZS,2018,3.87040329
THA,SH.XPD.CHEX.GD.ZS,2019,3.78911877
THA,SH.XPD.CHEX.GD.ZS,2020,4.35724688
THA,SH.XPD.CHEX.GD.ZS,2021,5.15399981
THA,SH.XPD.CHEX.GD.ZS,2022,5.35471153
THA,SH.XPD.CHEX.GD.ZS,2023,4.53787661
THA,SH.DYN.MORT,2015,11.9
THA,SH.DYN.MORT,2016,11.5
THA,SH.DYN.MORT,2017,11.1
THA,SH.DYN.MORT,2018,10.8
THA,SH.DYN.MORT,2019,10.4
THA,SH.DYN.MORT,2020,10.1
THA,SH.DYN.MORT,2021,9.8
THA,SH.DYN.MORT,2022,9.5
THA,SH.DYN.MORT,2023,9.2
THA,SH.DYN.MORT,2024,9.0
THA,SH.DYN.MORT.FE,2015,10.5
THA,SH.DYN.MORT.FE,2016,10.2
THA,SH.DYN.MORT.FE,2017,9.9
THA,SH.DYN.MORT.FE,2018,9.6
THA,SH.DYN.MORT.FE,2019,9.3
THA,SH.DYN.MORT.FE,2020,9.0
THA,SH.DYN.MORT.FE,2021,8.7
THA,SH.DYN.MORT.FE,2022,8.5
THA,SH.DYN.MORT.FE,2023,8.3
THA,SH.DYN.MORT.FE,2024,8.0
THA,SH.DYN.MORT.MA,2015,13.1
THA,SH.DYN.MORT.MA,2016,12.7
THA,SH.DYN.MORT.MA,2017,12.3
THA,SH.DYN.MORT.MA,2018,11.9
THA,SH.DYN.MORT.MA,2019,11.5
THA,SH.DYN.MORT.MA,2020,11.2
THA,SH.DYN.MORT.MA,2021,10.8
THA,SH.DYN.MORT.MA,2022,10.5
THA,SH.DYN.MORT.MA,2023,10.2
THA,SH.DYN.MORT.MA,2024,9.9
THA,SH.STA.MMRT,2015,34.0
THA,SH.STA.MMRT,2016,34.0
THA,SH.STA.MMRT,2017,34.0
THA,SH.STA.MMRT,2018,34.0
THA,SH.STA.MMRT,2019,34.0
THA,SH.STA.MMRT,2020,36.0
THA,SH.STA.MMRT,2021,38.0
THA,SH.STA.MMRT,2022,112.0
THA,SH.STA.MMRT,2023,34.0
THA,SH.MED.BEDS.ZS,2015,2.13
THA,SH.MED.BEDS.ZS,2016,2.0
THA,SH.MED.BEDS.ZS,2017,2.12
THA,SH.MED.BEDS.ZS,2018,2.1
THA,SH.MED.BEDS.ZS,2019,2.21
THA,SH.MED.BEDS.ZS,2020,2.32
THA,SH.MED.BEDS.ZS,2021,2.34
THA,SH.MED.BEDS.ZS,2022,2.39
THA,SH.MED.BEDS.ZS,2023,2.39
THA,SH.MED.PHYS.ZS,2015,0.453
THA,SH.MED.PHYS.ZS,2016,0.433
THA,SH.MED.PHYS.ZS,2017,0.788
THA,SH.MED.PHYS.ZS,2018,0.518
THA,SH.MED.PHYS.ZS,2019,0.548
THA,SH.MED.PHYS.ZS,2020,0.509
THA,SH.MED.PHYS.ZS,2021,0.541
VNM,SP.DYN.LE00.IN,2015,73.955
VNM,SP.DYN.LE00.IN,2016,73.984
VNM,SP.DYN.LE00.IN,2017,74.026
VNM,SP.DYN.LE00.IN,2018,74.1
VNM,SP.DYN.LE00.IN,2019,74.211
VNM,SP.DYN.LE00.IN,2020,75.383
VNM,SP.DYN.LE00.IN,2021,74.145
VNM,SP.DYN.LE00.IN,2022,74.502
VNM,SP.DYN.LE00.IN,2023,74.588
VNM,SP.DYN.LE00.IN,2024,74.736
VNM,SH.XPD.CHEX.GD.ZS,2015,4.71140909
VNM,SH.XPD.CHEX.GD.ZS,2016,4.86994743
VNM,SH.XPD.CHEX.GD.ZS,2017,4.99014759
VNM,SH.XPD.CHEX.GD.ZS,2018,5.02678823
VNM,SH.XPD.CHEX.GD.ZS,2019,4.97407484
VNM,SH.XPD.CHEX.GD.ZS,2020,4.33219814
VNM,SH.XPD.CHEX.GD.ZS,2021,4.53792429
VNM,SH.XPD.CHEX.GD.ZS,2022,4.53809595
VNM,SH.XPD.CHEX.GD.ZS,2023,4.56109476
VNM,SH.DYN.MORT,2015,21.6
VNM,SH.DYN.MORT,2016,21.3
VNM,SH.DYN.MORT,2017,20.9
VNM,SH.DYN.MORT,2018,20.5
VNM,SH.DYN.MORT,2019,20.0
VNM,SH.DYN.MORT,2020,19.5
VNM,SH.DYN.MORT,2021,18.9
VNM,SH.DYN.MORT,2022,18.4
VNM,SH.DYN.MORT,2023,17.8
VNM,SH.DYN.MORT,2024,17.3
VNM,SH.DYN.MORT.FE,2015,17.6
VNM,SH.DYN.MORT.FE,2016,17.3
VNM,SH.DYN.MORT.FE,2017,17.0
VNM,SH.DYN.MORT.FE,2018,16.7
VNM,SH.DYN.MORT.FE,2019,16.3
VNM,SH.DYN.MORT.FE,2020,15.9
VNM,SH.DYN.MORT.FE,2021,15.5
VNM,SH.DYN.MORT.FE,2022,15.0
VNM,SH.DYN.MORT.FE,2023,14.5
VNM,SH.DYN.MORT.FE,2024,14.1
VNM,SH.DYN.MORT.MA,2015,25.5
VNM,SH.DYN.MORT.MA,2016,25.0
VNM,SH.DYN.MORT.MA,2017,24.6
VNM,SH.DYN.MORT.MA,2018,24.1
VNM,SH.DYN.MORT.MA,2019,23.5
VNM,SH.DYN.MORT.MA,2020,22.9
VNM,SH.DYN.MORT.MA,2021,22.2
VNM,SH.DYN.MORT.MA,2022,21.6
VNM,SH.DYN.MORT.MA,2023,20.9
VNM,SH.DYN.MORT.MA,2024,20.3
VNM,SH.STA.MMRT,2015,58.0
VNM,SH.STA.MMRT,2016,56.0
VNM,SH.STA.MMRT,2017,55.0
VNM,SH.STA.MMRT,2018,53.0
VNM,SH.STA.MMRT,2019,52.0
VNM,SH.STA.MMRT,2020,51.0
VNM,SH.STA.MMRT,2021,52.0
VNM,SH.STA.MMRT,2022,49.0
VNM,SH.STA.MMRT,2023,48.0
VNM,SH.MED.BEDS.ZS,2015,2.51
VNM,SH.MED.BEDS.ZS,2016,2.47
VNM,SH.MED.BEDS.ZS,2017,2.52
VNM,SH.MED.PHYS.ZS,2015,0.795
VNM,SH.MED.PHYS.ZS,2016,0.825
VNM,SH.MED.PHYS.ZS,2018,0.881
VNM,SH.MED.PHYS.ZS,2019,0.99
VNM,SH.MED.PHYS.ZS,2020,0.856
VNM,SH.MED.PHYS.ZS,2021,1.107
TLS,SP.DYN.LE00.IN,2015,65.326
TLS,SP.DYN.LE00.IN,2016,65.61
TLS,SP.DYN.LE00.IN,2017,65.898
TLS,SP.DYN.LE00.IN,2018,66.204
TLS,SP.DYN.LE00.IN,2019,66.496
TLS,SP.DYN.LE00.IN,2020,66.919
TLS,SP.DYN.LE00.IN,2021,66.199
TLS,SP.DYN.LE00.IN,2022,67.368
TLS,SP.DYN.LE00.IN,2023,67.689
TLS,SP.DYN.LE00.IN,2024,67.904
TLS,SH.XPD.CHEX.GD.ZS,2015,7.69146681
TLS,SH.XPD.CHEX.GD.ZS,2016,6.94250727
TLS,SH.XPD.CHEX.GD.ZS,2017,6.80442286
TLS,SH.XPD.CHEX.GD.ZS,2018,6.40227413
TLS,SH.XPD.CHEX.GD.ZS,2019,4.99218798
TLS,SH.XPD.CHEX.GD.ZS,2020,7.26445007
TLS,SH.XPD.CHEX.GD.ZS,2021,4.9192977
TLS,SH.XPD.CHEX.GD.ZS,2022,7.46371841
TLS,SH.XPD.CHEX.GD.ZS,2023,9.59779453
TLS,SH.DYN.MORT,2015,60.2
TLS,SH.DYN.MORT,2016,58.7
TLS,SH.DYN.MORT,2017,57.3
TLS,SH.DYN.MORT,2018,56.0
TLS,SH.DYN.MORT,2019,54.8
TLS,SH.DYN.MORT,2020,53.4
TLS,SH.DYN.MORT,2021,52.0
TLS,SH.DYN.MORT,2022,50.7
TLS,SH.DYN.MORT,2023,49.2
TLS,SH.DYN.MORT,2024,47.6
TLS,SH.DYN.MORT.FE,2015,55.2
TLS,SH.DYN.MORT.FE,2016,53.6
TLS,SH.DYN.MORT.FE,2017,52.4
TLS,SH.DYN.MORT.FE,2018,51.2
TLS,SH.DYN.MORT.FE,2019,50.0
TLS,SH.DYN.MORT.FE,2020,48.8
TLS,SH.DYN.MORT.FE,2021,47.5
TLS,SH.DYN.MORT.FE,2022,46.2
TLS,SH.DYN.MORT.FE,2023,44.8
TLS,SH.DYN.MORT.FE,2024,43.4
TLS,SH.DYN.MORT.MA,2015,65.0
TLS,SH.DYN.MORT.MA,2016,63.3
TLS,SH.DYN.MORT.MA,2017,61.9
TLS,SH.DYN.MORT.MA,2018,60.6
TLS,SH.DYN.MORT.MA,2019,59.3
TLS,SH.DYN.MORT.MA,2020,57.9
TLS,SH.DYN.MORT.MA,2021,56.4
TLS,SH.DYN.MORT.MA,2022,54.9
TLS,SH.DYN.MORT.MA,2023,53.3
TLS,SH.DYN.MORT.MA,2024,51.7
TLS,SH.STA.MMRT,2015,305.0
TLS,SH.STA.MMRT,2016,287.0
TLS,SH.STA.MMRT,2017,269.0
TLS,SH.STA.MMRT,2018,251.0
TLS,SH.STA.MMRT,2019,237.0
TLS,SH.STA.MMRT,2020,257.0
TLS,SH.STA.MMRT,2021,263.0
TLS,SH.STA.MMRT,2022,235.0
TLS,SH.STA.MMRT,2023,192.0
TLS,SH.STA.MMRT.NE,2016,195.0
TLS,SH.MED.BEDS.ZS,2015,0.39
TLS,SH.MED.BEDS.ZS,2017,0.42
TLS,SH.MED.BEDS.ZS,2018,0.42
TLS,SH.MED.BEDS.ZS,2019,0.41
TLS,SH.MED.BEDS.ZS,2020,0.4
TLS,SH.MED.BEDS.ZS,2021,0.39
TLS,SH.MED.BEDS.ZS,2022,0.39
TLS,SH.MED.BEDS.ZS,2023,0.38
TLS,SH.MED.PHYS.ZS,2015,0.69
TLS,SH.MED.PHYS.ZS,2017,0.745
TLS,SH.MED.PHYS.ZS,2018,0.718
TLS,SH.MED.PHYS.ZS,2019,0.764
TLS,SH.MED.PHYS.ZS,2020,0.752
